TRACE::2024-11-08.05:56:17::SCWPlatform::Trying to open the hw design at C:/Users/Shane/Documents/Classes/ECE_385/Lab_7/lab_7_2/workspace/mb_usb_hdmi_top/hw/mb_usb_hdmi_top.xsa
TRACE::2024-11-08.05:56:17::SCWPlatform::DSA given C:/Users/Shane/Documents/Classes/ECE_385/Lab_7/lab_7_2/workspace/mb_usb_hdmi_top/hw/mb_usb_hdmi_top.xsa
TRACE::2024-11-08.05:56:17::SCWPlatform::DSA absoulate path C:/Users/Shane/Documents/Classes/ECE_385/Lab_7/lab_7_2/workspace/mb_usb_hdmi_top/hw/mb_usb_hdmi_top.xsa
TRACE::2024-11-08.05:56:17::SCWPlatform::DSA directory C:/Users/Shane/Documents/Classes/ECE_385/Lab_7/lab_7_2/workspace/mb_usb_hdmi_top/hw
TRACE::2024-11-08.05:56:17::SCWPlatform:: Platform Path C:/Users/Shane/Documents/Classes/ECE_385/Lab_7/lab_7_2/workspace/mb_usb_hdmi_top/hw/mb_usb_hdmi_top.xsa
TRACE::2024-11-08.05:56:17::SCWPlatform:: Unique name xilinx:::0.0
TRACE::2024-11-08.05:56:17::SCWPlatform::Do not have an existing db opened. 
TRACE::2024-11-08.05:56:18::SCWPlatform::Opened new HwDB with name mb_usb_hdmi_top_0
TRACE::2024-11-08.05:56:18::SCWWriter::formatted JSON is {
	"platformName":	"mb_usb_hdmi_top",
	"sprVersion":	"2.0",
	"mode":	"gui",
	"dsaType":	"Fixed",
	"platformDesc":	"mb_usb_hdmi_top",
	"platHandOff":	"C:/Users/Shane/Documents/Classes/ECE_385/Lab_7/lab_7_2/mb_usb_hdmi_top.xsa",
	"platIntHandOff":	"<platformDir>/hw/mb_usb_hdmi_top.xsa",
	"deviceType":	"FPGA",
	"platIsPrebuiltAutogen":	"false",
	"platIsNoBootBsp":	"false",
	"hasFsblMakeHasChanges":	"false",
	"hasPmufwMakeHasChanges":	"false",
	"platPreBuiltFlag":	false,
	"platformSamplesDir":	""
}
TRACE::2024-11-08.05:56:18::SCWWriter::formatted JSON is {
	"platformName":	"mb_usb_hdmi_top",
	"sprVersion":	"2.0",
	"mode":	"gui",
	"dsaType":	"Fixed",
	"platformDesc":	"mb_usb_hdmi_top",
	"platHandOff":	"C:/Users/Shane/Documents/Classes/ECE_385/Lab_7/lab_7_2/mb_usb_hdmi_top.xsa",
	"platIntHandOff":	"<platformDir>/hw/mb_usb_hdmi_top.xsa",
	"deviceType":	"FPGA",
	"platIsPrebuiltAutogen":	"false",
	"platIsNoBootBsp":	"false",
	"hasFsblMakeHasChanges":	"false",
	"hasPmufwMakeHasChanges":	"false",
	"platPreBuiltFlag":	false,
	"platformSamplesDir":	"",
	"platActiveSys":	"mb_usb_hdmi_top",
	"systems":	[{
			"systemName":	"mb_usb_hdmi_top",
			"systemDesc":	"mb_usb_hdmi_top",
			"sysIsBootAutoGen":	"true",
			"systemDispName":	"mb_usb_hdmi_top"
		}]
}
TRACE::2024-11-08.05:56:18::SCWPlatform::Boot application domains not present, creating them
TRACE::2024-11-08.05:56:18::SCWPlatform::Pure FPGA device, no boot application will be created.
TRACE::2024-11-08.05:56:18::SCWWriter::formatted JSON is {
	"platformName":	"mb_usb_hdmi_top",
	"sprVersion":	"2.0",
	"mode":	"gui",
	"dsaType":	"Fixed",
	"platformDesc":	"mb_usb_hdmi_top",
	"platHandOff":	"C:/Users/Shane/Documents/Classes/ECE_385/Lab_7/lab_7_2/mb_usb_hdmi_top.xsa",
	"platIntHandOff":	"<platformDir>/hw/mb_usb_hdmi_top.xsa",
	"deviceType":	"FPGA",
	"platIsPrebuiltAutogen":	"false",
	"platIsNoBootBsp":	"false",
	"hasFsblMakeHasChanges":	"false",
	"hasPmufwMakeHasChanges":	"false",
	"platPreBuiltFlag":	false,
	"platformSamplesDir":	"",
	"platActiveSys":	"mb_usb_hdmi_top",
	"systems":	[{
			"systemName":	"mb_usb_hdmi_top",
			"systemDesc":	"mb_usb_hdmi_top",
			"sysIsBootAutoGen":	"true",
			"systemDispName":	"mb_usb_hdmi_top"
		}]
}
TRACE::2024-11-08.05:56:18::SCWWriter::formatted JSON is {
	"platformName":	"mb_usb_hdmi_top",
	"sprVersion":	"2.0",
	"mode":	"gui",
	"dsaType":	"Fixed",
	"platformDesc":	"mb_usb_hdmi_top",
	"platHandOff":	"C:/Users/Shane/Documents/Classes/ECE_385/Lab_7/lab_7_2/mb_usb_hdmi_top.xsa",
	"platIntHandOff":	"<platformDir>/hw/mb_usb_hdmi_top.xsa",
	"deviceType":	"FPGA",
	"platIsPrebuiltAutogen":	"false",
	"platIsNoBootBsp":	"false",
	"hasFsblMakeHasChanges":	"false",
	"hasPmufwMakeHasChanges":	"false",
	"platPreBuiltFlag":	false,
	"platformSamplesDir":	"",
	"platActiveSys":	"mb_usb_hdmi_top",
	"systems":	[{
			"systemName":	"mb_usb_hdmi_top",
			"systemDesc":	"mb_usb_hdmi_top",
			"sysIsBootAutoGen":	"true",
			"systemDispName":	"mb_usb_hdmi_top"
		}]
}
TRACE::2024-11-08.05:56:18::SCWPlatform::Trying to open the hw design at C:/Users/Shane/Documents/Classes/ECE_385/Lab_7/lab_7_2/workspace/mb_usb_hdmi_top/hw/mb_usb_hdmi_top.xsa
TRACE::2024-11-08.05:56:18::SCWPlatform::DSA given C:/Users/Shane/Documents/Classes/ECE_385/Lab_7/lab_7_2/workspace/mb_usb_hdmi_top/hw/mb_usb_hdmi_top.xsa
TRACE::2024-11-08.05:56:18::SCWPlatform::DSA absoulate path C:/Users/Shane/Documents/Classes/ECE_385/Lab_7/lab_7_2/workspace/mb_usb_hdmi_top/hw/mb_usb_hdmi_top.xsa
TRACE::2024-11-08.05:56:18::SCWPlatform::DSA directory C:/Users/Shane/Documents/Classes/ECE_385/Lab_7/lab_7_2/workspace/mb_usb_hdmi_top/hw
TRACE::2024-11-08.05:56:18::SCWPlatform:: Platform Path C:/Users/Shane/Documents/Classes/ECE_385/Lab_7/lab_7_2/workspace/mb_usb_hdmi_top/hw/mb_usb_hdmi_top.xsa
TRACE::2024-11-08.05:56:18::SCWPlatform:: Unique name xilinx:::0.0
TRACE::2024-11-08.05:56:18::SCWPlatform::Trying to set the existing hwdb with name mb_usb_hdmi_top_0
TRACE::2024-11-08.05:56:18::SCWPlatform::Opened existing hwdb mb_usb_hdmi_top_0
TRACE::2024-11-08.05:56:18::SCWPlatform::Found the Hw Db part of the input DSA
TRACE::2024-11-08.05:56:18::SCWPlatform::Trying to open the hw design at C:/Users/Shane/Documents/Classes/ECE_385/Lab_7/lab_7_2/workspace/mb_usb_hdmi_top/hw/mb_usb_hdmi_top.xsa
TRACE::2024-11-08.05:56:18::SCWPlatform::DSA given C:/Users/Shane/Documents/Classes/ECE_385/Lab_7/lab_7_2/workspace/mb_usb_hdmi_top/hw/mb_usb_hdmi_top.xsa
TRACE::2024-11-08.05:56:18::SCWPlatform::DSA absoulate path C:/Users/Shane/Documents/Classes/ECE_385/Lab_7/lab_7_2/workspace/mb_usb_hdmi_top/hw/mb_usb_hdmi_top.xsa
TRACE::2024-11-08.05:56:18::SCWPlatform::DSA directory C:/Users/Shane/Documents/Classes/ECE_385/Lab_7/lab_7_2/workspace/mb_usb_hdmi_top/hw
TRACE::2024-11-08.05:56:18::SCWPlatform:: Platform Path C:/Users/Shane/Documents/Classes/ECE_385/Lab_7/lab_7_2/workspace/mb_usb_hdmi_top/hw/mb_usb_hdmi_top.xsa
TRACE::2024-11-08.05:56:18::SCWPlatform:: Unique name xilinx:::0.0
TRACE::2024-11-08.05:56:18::SCWPlatform::Trying to set the existing hwdb with name mb_usb_hdmi_top_0
TRACE::2024-11-08.05:56:18::SCWPlatform::Opened existing hwdb mb_usb_hdmi_top_0
TRACE::2024-11-08.05:56:18::SCWPlatform::Found the Hw Db part of the input DSA
TRACE::2024-11-08.05:56:18::SCWDomain::checking for install qemu data   : 
TRACE::2024-11-08.05:56:18::SCWPlatform::Trying to open the hw design at C:/Users/Shane/Documents/Classes/ECE_385/Lab_7/lab_7_2/workspace/mb_usb_hdmi_top/hw/mb_usb_hdmi_top.xsa
TRACE::2024-11-08.05:56:18::SCWPlatform::DSA given C:/Users/Shane/Documents/Classes/ECE_385/Lab_7/lab_7_2/workspace/mb_usb_hdmi_top/hw/mb_usb_hdmi_top.xsa
TRACE::2024-11-08.05:56:18::SCWPlatform::DSA absoulate path C:/Users/Shane/Documents/Classes/ECE_385/Lab_7/lab_7_2/workspace/mb_usb_hdmi_top/hw/mb_usb_hdmi_top.xsa
TRACE::2024-11-08.05:56:18::SCWPlatform::DSA directory C:/Users/Shane/Documents/Classes/ECE_385/Lab_7/lab_7_2/workspace/mb_usb_hdmi_top/hw
TRACE::2024-11-08.05:56:18::SCWPlatform:: Platform Path C:/Users/Shane/Documents/Classes/ECE_385/Lab_7/lab_7_2/workspace/mb_usb_hdmi_top/hw/mb_usb_hdmi_top.xsa
TRACE::2024-11-08.05:56:18::SCWPlatform:: Unique name xilinx:::0.0
TRACE::2024-11-08.05:56:18::SCWPlatform::Trying to set the existing hwdb with name mb_usb_hdmi_top_0
TRACE::2024-11-08.05:56:18::SCWPlatform::Opened existing hwdb mb_usb_hdmi_top_0
TRACE::2024-11-08.05:56:18::SCWPlatform::Found the Hw Db part of the input DSA
TRACE::2024-11-08.05:56:18::SCWPlatform::Trying to open the hw design at C:/Users/Shane/Documents/Classes/ECE_385/Lab_7/lab_7_2/workspace/mb_usb_hdmi_top/hw/mb_usb_hdmi_top.xsa
TRACE::2024-11-08.05:56:18::SCWPlatform::DSA given C:/Users/Shane/Documents/Classes/ECE_385/Lab_7/lab_7_2/workspace/mb_usb_hdmi_top/hw/mb_usb_hdmi_top.xsa
TRACE::2024-11-08.05:56:18::SCWPlatform::DSA absoulate path C:/Users/Shane/Documents/Classes/ECE_385/Lab_7/lab_7_2/workspace/mb_usb_hdmi_top/hw/mb_usb_hdmi_top.xsa
TRACE::2024-11-08.05:56:18::SCWPlatform::DSA directory C:/Users/Shane/Documents/Classes/ECE_385/Lab_7/lab_7_2/workspace/mb_usb_hdmi_top/hw
TRACE::2024-11-08.05:56:18::SCWPlatform:: Platform Path C:/Users/Shane/Documents/Classes/ECE_385/Lab_7/lab_7_2/workspace/mb_usb_hdmi_top/hw/mb_usb_hdmi_top.xsa
TRACE::2024-11-08.05:56:18::SCWPlatform:: Unique name xilinx:::0.0
TRACE::2024-11-08.05:56:18::SCWPlatform::Trying to set the existing hwdb with name mb_usb_hdmi_top_0
TRACE::2024-11-08.05:56:18::SCWPlatform::Opened existing hwdb mb_usb_hdmi_top_0
TRACE::2024-11-08.05:56:18::SCWPlatform::Found the Hw Db part of the input DSA
TRACE::2024-11-08.05:56:18::SCWPlatform::Trying to open the hw design at C:/Users/Shane/Documents/Classes/ECE_385/Lab_7/lab_7_2/workspace/mb_usb_hdmi_top/hw/mb_usb_hdmi_top.xsa
TRACE::2024-11-08.05:56:18::SCWPlatform::DSA given C:/Users/Shane/Documents/Classes/ECE_385/Lab_7/lab_7_2/workspace/mb_usb_hdmi_top/hw/mb_usb_hdmi_top.xsa
TRACE::2024-11-08.05:56:18::SCWPlatform::DSA absoulate path C:/Users/Shane/Documents/Classes/ECE_385/Lab_7/lab_7_2/workspace/mb_usb_hdmi_top/hw/mb_usb_hdmi_top.xsa
TRACE::2024-11-08.05:56:18::SCWPlatform::DSA directory C:/Users/Shane/Documents/Classes/ECE_385/Lab_7/lab_7_2/workspace/mb_usb_hdmi_top/hw
TRACE::2024-11-08.05:56:18::SCWPlatform:: Platform Path C:/Users/Shane/Documents/Classes/ECE_385/Lab_7/lab_7_2/workspace/mb_usb_hdmi_top/hw/mb_usb_hdmi_top.xsa
TRACE::2024-11-08.05:56:18::SCWPlatform:: Unique name xilinx:::0.0
TRACE::2024-11-08.05:56:18::SCWPlatform::Trying to set the existing hwdb with name mb_usb_hdmi_top_0
TRACE::2024-11-08.05:56:18::SCWPlatform::Opened existing hwdb mb_usb_hdmi_top_0
TRACE::2024-11-08.05:56:18::SCWPlatform::Found the Hw Db part of the input DSA
TRACE::2024-11-08.05:56:18::SCWMssOS::Checking the sw design at  C:/Users/Shane/Documents/Classes/ECE_385/Lab_7/lab_7_2/workspace/mb_usb_hdmi_top/microblaze_0/standalone_microblaze_0/bsp/system.mss
TRACE::2024-11-08.05:56:18::SCWMssOS::DEBUG:  swdes dump  
TRACE::2024-11-08.05:56:18::SCWMssOS::No sw design opened at  C:/Users/Shane/Documents/Classes/ECE_385/Lab_7/lab_7_2/workspace/mb_usb_hdmi_top/microblaze_0/standalone_microblaze_0/bsp/system.mss
TRACE::2024-11-08.05:56:18::SCWMssOS::mss does not exists at C:/Users/Shane/Documents/Classes/ECE_385/Lab_7/lab_7_2/workspace/mb_usb_hdmi_top/microblaze_0/standalone_microblaze_0/bsp/system.mss
TRACE::2024-11-08.05:56:18::SCWMssOS::Creating sw design at  C:/Users/Shane/Documents/Classes/ECE_385/Lab_7/lab_7_2/workspace/mb_usb_hdmi_top/microblaze_0/standalone_microblaze_0/bsp/system.mss
TRACE::2024-11-08.05:56:18::SCWMssOS::Adding the swdes entry, created swdb C:/Users/Shane/Documents/Classes/ECE_385/Lab_7/lab_7_2/workspace/mb_usb_hdmi_top/microblaze_0/standalone_microblaze_0/bsp/system.mss with des name C:/Users/Shane/Documents/Classes/ECE_385/Lab_7/lab_7_2/workspace/mb_usb_hdmi_top/microblaze_0/standalone_microblaze_0/bsp/system.mss
TRACE::2024-11-08.05:56:18::SCWMssOS::updating the scw layer changes to swdes at   C:/Users/Shane/Documents/Classes/ECE_385/Lab_7/lab_7_2/workspace/mb_usb_hdmi_top/microblaze_0/standalone_microblaze_0/bsp/system.mss
TRACE::2024-11-08.05:56:18::SCWMssOS::Writing mss at C:/Users/Shane/Documents/Classes/ECE_385/Lab_7/lab_7_2/workspace/mb_usb_hdmi_top/microblaze_0/standalone_microblaze_0/bsp/system.mss
TRACE::2024-11-08.05:56:18::SCWMssOS::Completed writing the mss file at C:/Users/Shane/Documents/Classes/ECE_385/Lab_7/lab_7_2/workspace/mb_usb_hdmi_top/microblaze_0/standalone_microblaze_0/bsp
TRACE::2024-11-08.05:56:18::SCWMssOS::Picking up changes from newly written mss file into SCW Layer. 
TRACE::2024-11-08.05:56:18::SCWMssOS::Updated the changes from newly written mss file into SCW Layer. 
TRACE::2024-11-08.05:56:18::SCWMssOS::Completed writing the mss file at C:/Users/Shane/Documents/Classes/ECE_385/Lab_7/lab_7_2/workspace/mb_usb_hdmi_top/microblaze_0/standalone_microblaze_0/bsp
TRACE::2024-11-08.05:56:18::SCWMssOS::Forcing BSP Sources regeneration.
TRACE::2024-11-08.05:56:20::SCWMssOS::Saving the mss changes C:/Users/Shane/Documents/Classes/ECE_385/Lab_7/lab_7_2/workspace/mb_usb_hdmi_top/microblaze_0/standalone_microblaze_0/bsp/system.mss
TRACE::2024-11-08.05:56:20::SCWMssOS::Adding the swdes entry, mss present, able to open swdb C:/Users/Shane/Documents/Classes/ECE_385/Lab_7/lab_7_2/workspace/mb_usb_hdmi_top/microblaze_0/standalone_microblaze_0/bsp/system.mss with des name system
TRACE::2024-11-08.05:56:20::SCWMssOS::Writing the mss file completed C:/Users/Shane/Documents/Classes/ECE_385/Lab_7/lab_7_2/workspace/mb_usb_hdmi_top/microblaze_0/standalone_microblaze_0/bsp/system.mss
TRACE::2024-11-08.05:56:20::SCWMssOS::Commit changes completed.
TRACE::2024-11-08.05:56:20::SCWPlatform::Trying to open the hw design at C:/Users/Shane/Documents/Classes/ECE_385/Lab_7/lab_7_2/workspace/mb_usb_hdmi_top/hw/mb_usb_hdmi_top.xsa
TRACE::2024-11-08.05:56:20::SCWPlatform::DSA given C:/Users/Shane/Documents/Classes/ECE_385/Lab_7/lab_7_2/workspace/mb_usb_hdmi_top/hw/mb_usb_hdmi_top.xsa
TRACE::2024-11-08.05:56:20::SCWPlatform::DSA absoulate path C:/Users/Shane/Documents/Classes/ECE_385/Lab_7/lab_7_2/workspace/mb_usb_hdmi_top/hw/mb_usb_hdmi_top.xsa
TRACE::2024-11-08.05:56:20::SCWPlatform::DSA directory C:/Users/Shane/Documents/Classes/ECE_385/Lab_7/lab_7_2/workspace/mb_usb_hdmi_top/hw
TRACE::2024-11-08.05:56:20::SCWPlatform:: Platform Path C:/Users/Shane/Documents/Classes/ECE_385/Lab_7/lab_7_2/workspace/mb_usb_hdmi_top/hw/mb_usb_hdmi_top.xsa
TRACE::2024-11-08.05:56:20::SCWPlatform:: Unique name xilinx:::0.0
TRACE::2024-11-08.05:56:20::SCWPlatform::Trying to set the existing hwdb with name mb_usb_hdmi_top_0
TRACE::2024-11-08.05:56:20::SCWPlatform::Opened existing hwdb mb_usb_hdmi_top_0
TRACE::2024-11-08.05:56:20::SCWPlatform::Found the Hw Db part of the input DSA
TRACE::2024-11-08.05:56:20::SCWMssOS::Checking the sw design at  C:/Users/Shane/Documents/Classes/ECE_385/Lab_7/lab_7_2/workspace/mb_usb_hdmi_top/microblaze_0/standalone_microblaze_0/bsp/system.mss
TRACE::2024-11-08.05:56:20::SCWMssOS::DEBUG:  swdes dump  C:/Users/Shane/Documents/Classes/ECE_385/Lab_7/lab_7_2/workspace/mb_usb_hdmi_top/microblaze_0/standalone_microblaze_0/bsp/system.mss|system||

TRACE::2024-11-08.05:56:20::SCWMssOS::Sw design exists and opened at  C:/Users/Shane/Documents/Classes/ECE_385/Lab_7/lab_7_2/workspace/mb_usb_hdmi_top/microblaze_0/standalone_microblaze_0/bsp/system.mss
TRACE::2024-11-08.05:56:20::SCWPlatform::Trying to open the hw design at C:/Users/Shane/Documents/Classes/ECE_385/Lab_7/lab_7_2/workspace/mb_usb_hdmi_top/hw/mb_usb_hdmi_top.xsa
TRACE::2024-11-08.05:56:20::SCWPlatform::DSA given C:/Users/Shane/Documents/Classes/ECE_385/Lab_7/lab_7_2/workspace/mb_usb_hdmi_top/hw/mb_usb_hdmi_top.xsa
TRACE::2024-11-08.05:56:20::SCWPlatform::DSA absoulate path C:/Users/Shane/Documents/Classes/ECE_385/Lab_7/lab_7_2/workspace/mb_usb_hdmi_top/hw/mb_usb_hdmi_top.xsa
TRACE::2024-11-08.05:56:20::SCWPlatform::DSA directory C:/Users/Shane/Documents/Classes/ECE_385/Lab_7/lab_7_2/workspace/mb_usb_hdmi_top/hw
TRACE::2024-11-08.05:56:20::SCWPlatform:: Platform Path C:/Users/Shane/Documents/Classes/ECE_385/Lab_7/lab_7_2/workspace/mb_usb_hdmi_top/hw/mb_usb_hdmi_top.xsa
TRACE::2024-11-08.05:56:20::SCWPlatform:: Unique name xilinx:::0.0
TRACE::2024-11-08.05:56:20::SCWPlatform::Trying to set the existing hwdb with name mb_usb_hdmi_top_0
TRACE::2024-11-08.05:56:20::SCWPlatform::Opened existing hwdb mb_usb_hdmi_top_0
TRACE::2024-11-08.05:56:20::SCWPlatform::Found the Hw Db part of the input DSA
TRACE::2024-11-08.05:56:20::SCWMssOS::Checking the sw design at  C:/Users/Shane/Documents/Classes/ECE_385/Lab_7/lab_7_2/workspace/mb_usb_hdmi_top/microblaze_0/standalone_microblaze_0/bsp/system.mss
TRACE::2024-11-08.05:56:20::SCWMssOS::DEBUG:  swdes dump  C:/Users/Shane/Documents/Classes/ECE_385/Lab_7/lab_7_2/workspace/mb_usb_hdmi_top/microblaze_0/standalone_microblaze_0/bsp/system.mss|system||

TRACE::2024-11-08.05:56:20::SCWMssOS::Sw design exists and opened at  C:/Users/Shane/Documents/Classes/ECE_385/Lab_7/lab_7_2/workspace/mb_usb_hdmi_top/microblaze_0/standalone_microblaze_0/bsp/system.mss
TRACE::2024-11-08.05:56:20::SCWPlatform::Trying to open the hw design at C:/Users/Shane/Documents/Classes/ECE_385/Lab_7/lab_7_2/workspace/mb_usb_hdmi_top/hw/mb_usb_hdmi_top.xsa
TRACE::2024-11-08.05:56:20::SCWPlatform::DSA given C:/Users/Shane/Documents/Classes/ECE_385/Lab_7/lab_7_2/workspace/mb_usb_hdmi_top/hw/mb_usb_hdmi_top.xsa
TRACE::2024-11-08.05:56:20::SCWPlatform::DSA absoulate path C:/Users/Shane/Documents/Classes/ECE_385/Lab_7/lab_7_2/workspace/mb_usb_hdmi_top/hw/mb_usb_hdmi_top.xsa
TRACE::2024-11-08.05:56:20::SCWPlatform::DSA directory C:/Users/Shane/Documents/Classes/ECE_385/Lab_7/lab_7_2/workspace/mb_usb_hdmi_top/hw
TRACE::2024-11-08.05:56:20::SCWPlatform:: Platform Path C:/Users/Shane/Documents/Classes/ECE_385/Lab_7/lab_7_2/workspace/mb_usb_hdmi_top/hw/mb_usb_hdmi_top.xsa
TRACE::2024-11-08.05:56:20::SCWPlatform:: Unique name xilinx:::0.0
TRACE::2024-11-08.05:56:20::SCWPlatform::Trying to set the existing hwdb with name mb_usb_hdmi_top_0
TRACE::2024-11-08.05:56:20::SCWPlatform::Opened existing hwdb mb_usb_hdmi_top_0
TRACE::2024-11-08.05:56:20::SCWPlatform::Found the Hw Db part of the input DSA
TRACE::2024-11-08.05:56:20::SCWMssOS::Checking the sw design at  C:/Users/Shane/Documents/Classes/ECE_385/Lab_7/lab_7_2/workspace/mb_usb_hdmi_top/microblaze_0/standalone_microblaze_0/bsp/system.mss
TRACE::2024-11-08.05:56:20::SCWMssOS::DEBUG:  swdes dump  C:/Users/Shane/Documents/Classes/ECE_385/Lab_7/lab_7_2/workspace/mb_usb_hdmi_top/microblaze_0/standalone_microblaze_0/bsp/system.mss|system||

TRACE::2024-11-08.05:56:20::SCWMssOS::Sw design exists and opened at  C:/Users/Shane/Documents/Classes/ECE_385/Lab_7/lab_7_2/workspace/mb_usb_hdmi_top/microblaze_0/standalone_microblaze_0/bsp/system.mss
TRACE::2024-11-08.05:56:20::SCWWriter::formatted JSON is {
	"platformName":	"mb_usb_hdmi_top",
	"sprVersion":	"2.0",
	"mode":	"gui",
	"dsaType":	"Fixed",
	"platformDesc":	"mb_usb_hdmi_top",
	"platHandOff":	"C:/Users/Shane/Documents/Classes/ECE_385/Lab_7/lab_7_2/mb_usb_hdmi_top.xsa",
	"platIntHandOff":	"<platformDir>/hw/mb_usb_hdmi_top.xsa",
	"deviceType":	"FPGA",
	"platIsPrebuiltAutogen":	"false",
	"platIsNoBootBsp":	"false",
	"hasFsblMakeHasChanges":	"false",
	"hasPmufwMakeHasChanges":	"false",
	"platPreBuiltFlag":	false,
	"platformSamplesDir":	"",
	"platActiveSys":	"mb_usb_hdmi_top",
	"systems":	[{
			"systemName":	"mb_usb_hdmi_top",
			"systemDesc":	"mb_usb_hdmi_top",
			"sysIsBootAutoGen":	"true",
			"systemDispName":	"mb_usb_hdmi_top",
			"sysActiveDom":	"standalone_microblaze_0",
			"sysDefaultDom":	"standalone_microblaze_0",
			"domains":	[{
					"domainName":	"standalone_microblaze_0",
					"domainDispName":	"standalone_microblaze_0",
					"domainDesc":	"standalone_microblaze_0",
					"processors":	"microblaze_0",
					"os":	"standalone",
					"sdxOs":	"standalone",
					"debugEnable":	"False",
					"domRuntimes":	["cpp"],
					"swRepo":	"",
					"mssOsVer":	"8.0",
					"mssFile":	"",
					"md5Digest":	"5422c1e5be4ae93f4de8c50507402f2a",
					"compatibleApp":	"hello_world",
					"domType":	"mssDomain",
					"arch":	"32-bit",
					"appSettings":	{
						"appCompilerFlags":	"",
						"appLinkerFlags":	""
					},
					"addedLibs":	[],
					"libOptions":	{
						"libsContainingOptions":	[]
					},
					"prebuiltLibs":	{
						"prebuiltIncPath":	[],
						"prebuiltLibPath":	[]
					},
					"isolation":	{
					}
				}]
		}]
}
LOG::2024-11-08.05:56:20::SCWPlatform::Started generating the artifacts platform mb_usb_hdmi_top
TRACE::2024-11-08.05:56:20::SCWPlatform::Sanity checking of platform is completed
LOG::2024-11-08.05:56:20::SCWPlatform::Started generating the artifacts for system configuration mb_usb_hdmi_top
LOG::2024-11-08.05:56:20::SCWSystem::Checking the domain standalone_microblaze_0
LOG::2024-11-08.05:56:20::SCWSystem::Not a boot domain 
LOG::2024-11-08.05:56:20::SCWSystem::Started Processing the domain standalone_microblaze_0
TRACE::2024-11-08.05:56:20::SCWDomain::Generating domain artifcats
TRACE::2024-11-08.05:56:20::SCWMssOS::Generating standalone artifcats
TRACE::2024-11-08.05:56:20::SCWMssOS:: Copying the user libraries. 
TRACE::2024-11-08.05:56:20::SCWPlatform::Trying to open the hw design at C:/Users/Shane/Documents/Classes/ECE_385/Lab_7/lab_7_2/workspace/mb_usb_hdmi_top/hw/mb_usb_hdmi_top.xsa
TRACE::2024-11-08.05:56:20::SCWPlatform::DSA given C:/Users/Shane/Documents/Classes/ECE_385/Lab_7/lab_7_2/workspace/mb_usb_hdmi_top/hw/mb_usb_hdmi_top.xsa
TRACE::2024-11-08.05:56:20::SCWPlatform::DSA absoulate path C:/Users/Shane/Documents/Classes/ECE_385/Lab_7/lab_7_2/workspace/mb_usb_hdmi_top/hw/mb_usb_hdmi_top.xsa
TRACE::2024-11-08.05:56:20::SCWPlatform::DSA directory C:/Users/Shane/Documents/Classes/ECE_385/Lab_7/lab_7_2/workspace/mb_usb_hdmi_top/hw
TRACE::2024-11-08.05:56:20::SCWPlatform:: Platform Path C:/Users/Shane/Documents/Classes/ECE_385/Lab_7/lab_7_2/workspace/mb_usb_hdmi_top/hw/mb_usb_hdmi_top.xsa
TRACE::2024-11-08.05:56:20::SCWPlatform:: Unique name xilinx:::0.0
TRACE::2024-11-08.05:56:20::SCWPlatform::Trying to set the existing hwdb with name mb_usb_hdmi_top_0
TRACE::2024-11-08.05:56:20::SCWPlatform::Opened existing hwdb mb_usb_hdmi_top_0
TRACE::2024-11-08.05:56:20::SCWPlatform::Found the Hw Db part of the input DSA
TRACE::2024-11-08.05:56:20::SCWMssOS::Checking the sw design at  C:/Users/Shane/Documents/Classes/ECE_385/Lab_7/lab_7_2/workspace/mb_usb_hdmi_top/microblaze_0/standalone_microblaze_0/bsp/system.mss
TRACE::2024-11-08.05:56:20::SCWMssOS::DEBUG:  swdes dump  C:/Users/Shane/Documents/Classes/ECE_385/Lab_7/lab_7_2/workspace/mb_usb_hdmi_top/microblaze_0/standalone_microblaze_0/bsp/system.mss|system||

TRACE::2024-11-08.05:56:20::SCWMssOS::Sw design exists and opened at  C:/Users/Shane/Documents/Classes/ECE_385/Lab_7/lab_7_2/workspace/mb_usb_hdmi_top/microblaze_0/standalone_microblaze_0/bsp/system.mss
TRACE::2024-11-08.05:56:20::SCWMssOS::Completed writing the mss file at C:/Users/Shane/Documents/Classes/ECE_385/Lab_7/lab_7_2/workspace/mb_usb_hdmi_top/microblaze_0/standalone_microblaze_0/bsp
TRACE::2024-11-08.05:56:20::SCWMssOS::Mss edits present, copying mssfile into export location C:/Users/Shane/Documents/Classes/ECE_385/Lab_7/lab_7_2/workspace/mb_usb_hdmi_top/microblaze_0/standalone_microblaze_0/bsp/system.mss
TRACE::2024-11-08.05:56:20::SCWMssOS::bsp generated is upto date with the mss file. Skipping bsp generation.
TRACE::2024-11-08.05:56:20::SCWMssOS::BSP is already built. skipping the bsp build ... 
TRACE::2024-11-08.05:56:20::SCWDomain::Skipping the build for domain :  standalone_microblaze_0
TRACE::2024-11-08.05:56:20::SCWMssOS::skipping the bsp build ... 
TRACE::2024-11-08.05:56:20::SCWMssOS::Copying to export directory.
TRACE::2024-11-08.05:56:20::SCWMssOS:: Checking if to create the Supporting Applications
TRACE::2024-11-08.05:56:20::SCWMssOS:: No Linux domain exists, trying to generate FSBL 
LOG::2024-11-08.05:56:20::SCWSystem::Completed Processing the domain standalone_microblaze_0
LOG::2024-11-08.05:56:20::SCWSystem::Completed Processing the sysconfig mb_usb_hdmi_top
LOG::2024-11-08.05:56:20::SCWPlatform::Completed generating the artifacts for system configuration mb_usb_hdmi_top
TRACE::2024-11-08.05:56:20::SCWPlatform::Started preparing the platform 
TRACE::2024-11-08.05:56:20::SCWSystem::Writing the bif file for system config mb_usb_hdmi_top
TRACE::2024-11-08.05:56:20::SCWSystem::dir created 
TRACE::2024-11-08.05:56:20::SCWSystem::Writing the bif 
TRACE::2024-11-08.05:56:20::SCWPlatform::Started writing the spfm file 
TRACE::2024-11-08.05:56:20::SCWPlatform::Started writing the xpfm file 
TRACE::2024-11-08.05:56:20::SCWPlatform::Completed generating the platform
TRACE::2024-11-08.05:56:20::SCWMssOS::Saving the mss changes C:/Users/Shane/Documents/Classes/ECE_385/Lab_7/lab_7_2/workspace/mb_usb_hdmi_top/microblaze_0/standalone_microblaze_0/bsp/system.mss
TRACE::2024-11-08.05:56:20::SCWMssOS::Found a swdesign opened with the mssfile.
TRACE::2024-11-08.05:56:20::SCWMssOS::Completed writemss as part of save.
TRACE::2024-11-08.05:56:20::SCWMssOS::Commit changes completed.
TRACE::2024-11-08.05:56:20::SCWPlatform::Trying to open the hw design at C:/Users/Shane/Documents/Classes/ECE_385/Lab_7/lab_7_2/workspace/mb_usb_hdmi_top/hw/mb_usb_hdmi_top.xsa
TRACE::2024-11-08.05:56:20::SCWPlatform::DSA given C:/Users/Shane/Documents/Classes/ECE_385/Lab_7/lab_7_2/workspace/mb_usb_hdmi_top/hw/mb_usb_hdmi_top.xsa
TRACE::2024-11-08.05:56:20::SCWPlatform::DSA absoulate path C:/Users/Shane/Documents/Classes/ECE_385/Lab_7/lab_7_2/workspace/mb_usb_hdmi_top/hw/mb_usb_hdmi_top.xsa
TRACE::2024-11-08.05:56:20::SCWPlatform::DSA directory C:/Users/Shane/Documents/Classes/ECE_385/Lab_7/lab_7_2/workspace/mb_usb_hdmi_top/hw
TRACE::2024-11-08.05:56:20::SCWPlatform:: Platform Path C:/Users/Shane/Documents/Classes/ECE_385/Lab_7/lab_7_2/workspace/mb_usb_hdmi_top/hw/mb_usb_hdmi_top.xsa
TRACE::2024-11-08.05:56:20::SCWPlatform:: Unique name xilinx:::0.0
TRACE::2024-11-08.05:56:20::SCWPlatform::Trying to set the existing hwdb with name mb_usb_hdmi_top_0
TRACE::2024-11-08.05:56:20::SCWPlatform::Opened existing hwdb mb_usb_hdmi_top_0
TRACE::2024-11-08.05:56:20::SCWPlatform::Found the Hw Db part of the input DSA
TRACE::2024-11-08.05:56:20::SCWMssOS::Checking the sw design at  C:/Users/Shane/Documents/Classes/ECE_385/Lab_7/lab_7_2/workspace/mb_usb_hdmi_top/microblaze_0/standalone_microblaze_0/bsp/system.mss
TRACE::2024-11-08.05:56:20::SCWMssOS::DEBUG:  swdes dump  C:/Users/Shane/Documents/Classes/ECE_385/Lab_7/lab_7_2/workspace/mb_usb_hdmi_top/microblaze_0/standalone_microblaze_0/bsp/system.mss|system||

TRACE::2024-11-08.05:56:20::SCWMssOS::Sw design exists and opened at  C:/Users/Shane/Documents/Classes/ECE_385/Lab_7/lab_7_2/workspace/mb_usb_hdmi_top/microblaze_0/standalone_microblaze_0/bsp/system.mss
TRACE::2024-11-08.05:56:20::SCWPlatform::Trying to open the hw design at C:/Users/Shane/Documents/Classes/ECE_385/Lab_7/lab_7_2/workspace/mb_usb_hdmi_top/hw/mb_usb_hdmi_top.xsa
TRACE::2024-11-08.05:56:20::SCWPlatform::DSA given C:/Users/Shane/Documents/Classes/ECE_385/Lab_7/lab_7_2/workspace/mb_usb_hdmi_top/hw/mb_usb_hdmi_top.xsa
TRACE::2024-11-08.05:56:20::SCWPlatform::DSA absoulate path C:/Users/Shane/Documents/Classes/ECE_385/Lab_7/lab_7_2/workspace/mb_usb_hdmi_top/hw/mb_usb_hdmi_top.xsa
TRACE::2024-11-08.05:56:20::SCWPlatform::DSA directory C:/Users/Shane/Documents/Classes/ECE_385/Lab_7/lab_7_2/workspace/mb_usb_hdmi_top/hw
TRACE::2024-11-08.05:56:20::SCWPlatform:: Platform Path C:/Users/Shane/Documents/Classes/ECE_385/Lab_7/lab_7_2/workspace/mb_usb_hdmi_top/hw/mb_usb_hdmi_top.xsa
TRACE::2024-11-08.05:56:20::SCWPlatform:: Unique name xilinx:::0.0
TRACE::2024-11-08.05:56:20::SCWPlatform::Trying to set the existing hwdb with name mb_usb_hdmi_top_0
TRACE::2024-11-08.05:56:20::SCWPlatform::Opened existing hwdb mb_usb_hdmi_top_0
TRACE::2024-11-08.05:56:20::SCWPlatform::Found the Hw Db part of the input DSA
TRACE::2024-11-08.05:56:20::SCWMssOS::Checking the sw design at  C:/Users/Shane/Documents/Classes/ECE_385/Lab_7/lab_7_2/workspace/mb_usb_hdmi_top/microblaze_0/standalone_microblaze_0/bsp/system.mss
TRACE::2024-11-08.05:56:20::SCWMssOS::DEBUG:  swdes dump  C:/Users/Shane/Documents/Classes/ECE_385/Lab_7/lab_7_2/workspace/mb_usb_hdmi_top/microblaze_0/standalone_microblaze_0/bsp/system.mss|system||

TRACE::2024-11-08.05:56:20::SCWMssOS::Sw design exists and opened at  C:/Users/Shane/Documents/Classes/ECE_385/Lab_7/lab_7_2/workspace/mb_usb_hdmi_top/microblaze_0/standalone_microblaze_0/bsp/system.mss
TRACE::2024-11-08.05:56:20::SCWPlatform::Trying to open the hw design at C:/Users/Shane/Documents/Classes/ECE_385/Lab_7/lab_7_2/workspace/mb_usb_hdmi_top/hw/mb_usb_hdmi_top.xsa
TRACE::2024-11-08.05:56:20::SCWPlatform::DSA given C:/Users/Shane/Documents/Classes/ECE_385/Lab_7/lab_7_2/workspace/mb_usb_hdmi_top/hw/mb_usb_hdmi_top.xsa
TRACE::2024-11-08.05:56:20::SCWPlatform::DSA absoulate path C:/Users/Shane/Documents/Classes/ECE_385/Lab_7/lab_7_2/workspace/mb_usb_hdmi_top/hw/mb_usb_hdmi_top.xsa
TRACE::2024-11-08.05:56:20::SCWPlatform::DSA directory C:/Users/Shane/Documents/Classes/ECE_385/Lab_7/lab_7_2/workspace/mb_usb_hdmi_top/hw
TRACE::2024-11-08.05:56:20::SCWPlatform:: Platform Path C:/Users/Shane/Documents/Classes/ECE_385/Lab_7/lab_7_2/workspace/mb_usb_hdmi_top/hw/mb_usb_hdmi_top.xsa
TRACE::2024-11-08.05:56:20::SCWPlatform:: Unique name xilinx:::0.0
TRACE::2024-11-08.05:56:20::SCWPlatform::Trying to set the existing hwdb with name mb_usb_hdmi_top_0
TRACE::2024-11-08.05:56:20::SCWPlatform::Opened existing hwdb mb_usb_hdmi_top_0
TRACE::2024-11-08.05:56:20::SCWPlatform::Found the Hw Db part of the input DSA
TRACE::2024-11-08.05:56:20::SCWMssOS::Checking the sw design at  C:/Users/Shane/Documents/Classes/ECE_385/Lab_7/lab_7_2/workspace/mb_usb_hdmi_top/microblaze_0/standalone_microblaze_0/bsp/system.mss
TRACE::2024-11-08.05:56:20::SCWMssOS::DEBUG:  swdes dump  C:/Users/Shane/Documents/Classes/ECE_385/Lab_7/lab_7_2/workspace/mb_usb_hdmi_top/microblaze_0/standalone_microblaze_0/bsp/system.mss|system||

TRACE::2024-11-08.05:56:20::SCWMssOS::Sw design exists and opened at  C:/Users/Shane/Documents/Classes/ECE_385/Lab_7/lab_7_2/workspace/mb_usb_hdmi_top/microblaze_0/standalone_microblaze_0/bsp/system.mss
TRACE::2024-11-08.05:56:20::SCWWriter::formatted JSON is {
	"platformName":	"mb_usb_hdmi_top",
	"sprVersion":	"2.0",
	"mode":	"gui",
	"dsaType":	"Fixed",
	"platformDesc":	"mb_usb_hdmi_top",
	"platHandOff":	"C:/Users/Shane/Documents/Classes/ECE_385/Lab_7/lab_7_2/mb_usb_hdmi_top.xsa",
	"platIntHandOff":	"<platformDir>/hw/mb_usb_hdmi_top.xsa",
	"deviceType":	"FPGA",
	"platIsPrebuiltAutogen":	"false",
	"platIsNoBootBsp":	"false",
	"hasFsblMakeHasChanges":	"false",
	"hasPmufwMakeHasChanges":	"false",
	"platPreBuiltFlag":	false,
	"platformSamplesDir":	"",
	"platActiveSys":	"mb_usb_hdmi_top",
	"systems":	[{
			"systemName":	"mb_usb_hdmi_top",
			"systemDesc":	"mb_usb_hdmi_top",
			"sysIsBootAutoGen":	"true",
			"systemDispName":	"mb_usb_hdmi_top",
			"sysActiveDom":	"standalone_microblaze_0",
			"sysDefaultDom":	"standalone_microblaze_0",
			"domains":	[{
					"domainName":	"standalone_microblaze_0",
					"domainDispName":	"standalone_microblaze_0",
					"domainDesc":	"standalone_microblaze_0",
					"processors":	"microblaze_0",
					"os":	"standalone",
					"sdxOs":	"standalone",
					"debugEnable":	"False",
					"domRuntimes":	["cpp"],
					"swRepo":	"",
					"mssOsVer":	"8.0",
					"mssFile":	"",
					"md5Digest":	"5422c1e5be4ae93f4de8c50507402f2a",
					"compatibleApp":	"hello_world",
					"domType":	"mssDomain",
					"arch":	"32-bit",
					"appSettings":	{
						"appCompilerFlags":	"",
						"appLinkerFlags":	""
					},
					"addedLibs":	[],
					"libOptions":	{
						"libsContainingOptions":	[]
					},
					"prebuiltLibs":	{
						"prebuiltIncPath":	[],
						"prebuiltLibPath":	[]
					},
					"isolation":	{
					}
				}]
		}]
}
KEYINFO::2024-11-08.05:56:20::SCWPlatform::updated the xpfm file.
TRACE::2024-11-08.05:56:20::SCWPlatform::Trying to open the hw design at C:/Users/Shane/Documents/Classes/ECE_385/Lab_7/lab_7_2/workspace/mb_usb_hdmi_top/hw/mb_usb_hdmi_top.xsa
TRACE::2024-11-08.05:56:20::SCWPlatform::DSA given C:/Users/Shane/Documents/Classes/ECE_385/Lab_7/lab_7_2/workspace/mb_usb_hdmi_top/hw/mb_usb_hdmi_top.xsa
TRACE::2024-11-08.05:56:20::SCWPlatform::DSA absoulate path C:/Users/Shane/Documents/Classes/ECE_385/Lab_7/lab_7_2/workspace/mb_usb_hdmi_top/hw/mb_usb_hdmi_top.xsa
TRACE::2024-11-08.05:56:20::SCWPlatform::DSA directory C:/Users/Shane/Documents/Classes/ECE_385/Lab_7/lab_7_2/workspace/mb_usb_hdmi_top/hw
TRACE::2024-11-08.05:56:20::SCWPlatform:: Platform Path C:/Users/Shane/Documents/Classes/ECE_385/Lab_7/lab_7_2/workspace/mb_usb_hdmi_top/hw/mb_usb_hdmi_top.xsa
TRACE::2024-11-08.05:56:20::SCWPlatform:: Unique name xilinx:::0.0
TRACE::2024-11-08.05:56:20::SCWPlatform::Trying to set the existing hwdb with name mb_usb_hdmi_top_0
TRACE::2024-11-08.05:56:20::SCWPlatform::Opened existing hwdb mb_usb_hdmi_top_0
TRACE::2024-11-08.05:56:20::SCWPlatform::Found the Hw Db part of the input DSA
TRACE::2024-11-08.05:56:20::SCWMssOS::Checking the sw design at  C:/Users/Shane/Documents/Classes/ECE_385/Lab_7/lab_7_2/workspace/mb_usb_hdmi_top/microblaze_0/standalone_microblaze_0/bsp/system.mss
TRACE::2024-11-08.05:56:20::SCWMssOS::DEBUG:  swdes dump  C:/Users/Shane/Documents/Classes/ECE_385/Lab_7/lab_7_2/workspace/mb_usb_hdmi_top/microblaze_0/standalone_microblaze_0/bsp/system.mss|system||

TRACE::2024-11-08.05:56:20::SCWMssOS::Sw design exists and opened at  C:/Users/Shane/Documents/Classes/ECE_385/Lab_7/lab_7_2/workspace/mb_usb_hdmi_top/microblaze_0/standalone_microblaze_0/bsp/system.mss
TRACE::2024-11-08.05:56:20::SCWMssOS::Saving the mss changes C:/Users/Shane/Documents/Classes/ECE_385/Lab_7/lab_7_2/workspace/mb_usb_hdmi_top/microblaze_0/standalone_microblaze_0/bsp/system.mss
TRACE::2024-11-08.05:56:20::SCWMssOS::Found a swdesign opened with the mssfile.
TRACE::2024-11-08.05:56:20::SCWMssOS::Completed writemss as part of save.
TRACE::2024-11-08.05:56:20::SCWMssOS::Commit changes completed.
TRACE::2024-11-08.05:56:20::SCWPlatform::Trying to open the hw design at C:/Users/Shane/Documents/Classes/ECE_385/Lab_7/lab_7_2/workspace/mb_usb_hdmi_top/hw/mb_usb_hdmi_top.xsa
TRACE::2024-11-08.05:56:20::SCWPlatform::DSA given C:/Users/Shane/Documents/Classes/ECE_385/Lab_7/lab_7_2/workspace/mb_usb_hdmi_top/hw/mb_usb_hdmi_top.xsa
TRACE::2024-11-08.05:56:20::SCWPlatform::DSA absoulate path C:/Users/Shane/Documents/Classes/ECE_385/Lab_7/lab_7_2/workspace/mb_usb_hdmi_top/hw/mb_usb_hdmi_top.xsa
TRACE::2024-11-08.05:56:20::SCWPlatform::DSA directory C:/Users/Shane/Documents/Classes/ECE_385/Lab_7/lab_7_2/workspace/mb_usb_hdmi_top/hw
TRACE::2024-11-08.05:56:20::SCWPlatform:: Platform Path C:/Users/Shane/Documents/Classes/ECE_385/Lab_7/lab_7_2/workspace/mb_usb_hdmi_top/hw/mb_usb_hdmi_top.xsa
TRACE::2024-11-08.05:56:20::SCWPlatform:: Unique name xilinx:::0.0
TRACE::2024-11-08.05:56:20::SCWPlatform::Trying to set the existing hwdb with name mb_usb_hdmi_top_0
TRACE::2024-11-08.05:56:20::SCWPlatform::Opened existing hwdb mb_usb_hdmi_top_0
TRACE::2024-11-08.05:56:20::SCWPlatform::Found the Hw Db part of the input DSA
TRACE::2024-11-08.05:56:20::SCWMssOS::Checking the sw design at  C:/Users/Shane/Documents/Classes/ECE_385/Lab_7/lab_7_2/workspace/mb_usb_hdmi_top/microblaze_0/standalone_microblaze_0/bsp/system.mss
TRACE::2024-11-08.05:56:20::SCWMssOS::DEBUG:  swdes dump  C:/Users/Shane/Documents/Classes/ECE_385/Lab_7/lab_7_2/workspace/mb_usb_hdmi_top/microblaze_0/standalone_microblaze_0/bsp/system.mss|system||

TRACE::2024-11-08.05:56:20::SCWMssOS::Sw design exists and opened at  C:/Users/Shane/Documents/Classes/ECE_385/Lab_7/lab_7_2/workspace/mb_usb_hdmi_top/microblaze_0/standalone_microblaze_0/bsp/system.mss
TRACE::2024-11-08.05:56:20::SCWPlatform::Trying to open the hw design at C:/Users/Shane/Documents/Classes/ECE_385/Lab_7/lab_7_2/workspace/mb_usb_hdmi_top/hw/mb_usb_hdmi_top.xsa
TRACE::2024-11-08.05:56:20::SCWPlatform::DSA given C:/Users/Shane/Documents/Classes/ECE_385/Lab_7/lab_7_2/workspace/mb_usb_hdmi_top/hw/mb_usb_hdmi_top.xsa
TRACE::2024-11-08.05:56:20::SCWPlatform::DSA absoulate path C:/Users/Shane/Documents/Classes/ECE_385/Lab_7/lab_7_2/workspace/mb_usb_hdmi_top/hw/mb_usb_hdmi_top.xsa
TRACE::2024-11-08.05:56:20::SCWPlatform::DSA directory C:/Users/Shane/Documents/Classes/ECE_385/Lab_7/lab_7_2/workspace/mb_usb_hdmi_top/hw
TRACE::2024-11-08.05:56:20::SCWPlatform:: Platform Path C:/Users/Shane/Documents/Classes/ECE_385/Lab_7/lab_7_2/workspace/mb_usb_hdmi_top/hw/mb_usb_hdmi_top.xsa
TRACE::2024-11-08.05:56:20::SCWPlatform:: Unique name xilinx:::0.0
TRACE::2024-11-08.05:56:20::SCWPlatform::Trying to set the existing hwdb with name mb_usb_hdmi_top_0
TRACE::2024-11-08.05:56:20::SCWPlatform::Opened existing hwdb mb_usb_hdmi_top_0
TRACE::2024-11-08.05:56:21::SCWPlatform::Found the Hw Db part of the input DSA
TRACE::2024-11-08.05:56:21::SCWMssOS::Checking the sw design at  C:/Users/Shane/Documents/Classes/ECE_385/Lab_7/lab_7_2/workspace/mb_usb_hdmi_top/microblaze_0/standalone_microblaze_0/bsp/system.mss
TRACE::2024-11-08.05:56:21::SCWMssOS::DEBUG:  swdes dump  C:/Users/Shane/Documents/Classes/ECE_385/Lab_7/lab_7_2/workspace/mb_usb_hdmi_top/microblaze_0/standalone_microblaze_0/bsp/system.mss|system||

TRACE::2024-11-08.05:56:21::SCWMssOS::Sw design exists and opened at  C:/Users/Shane/Documents/Classes/ECE_385/Lab_7/lab_7_2/workspace/mb_usb_hdmi_top/microblaze_0/standalone_microblaze_0/bsp/system.mss
TRACE::2024-11-08.05:56:21::SCWPlatform::Trying to open the hw design at C:/Users/Shane/Documents/Classes/ECE_385/Lab_7/lab_7_2/workspace/mb_usb_hdmi_top/hw/mb_usb_hdmi_top.xsa
TRACE::2024-11-08.05:56:21::SCWPlatform::DSA given C:/Users/Shane/Documents/Classes/ECE_385/Lab_7/lab_7_2/workspace/mb_usb_hdmi_top/hw/mb_usb_hdmi_top.xsa
TRACE::2024-11-08.05:56:21::SCWPlatform::DSA absoulate path C:/Users/Shane/Documents/Classes/ECE_385/Lab_7/lab_7_2/workspace/mb_usb_hdmi_top/hw/mb_usb_hdmi_top.xsa
TRACE::2024-11-08.05:56:21::SCWPlatform::DSA directory C:/Users/Shane/Documents/Classes/ECE_385/Lab_7/lab_7_2/workspace/mb_usb_hdmi_top/hw
TRACE::2024-11-08.05:56:21::SCWPlatform:: Platform Path C:/Users/Shane/Documents/Classes/ECE_385/Lab_7/lab_7_2/workspace/mb_usb_hdmi_top/hw/mb_usb_hdmi_top.xsa
TRACE::2024-11-08.05:56:21::SCWPlatform:: Unique name xilinx:::0.0
TRACE::2024-11-08.05:56:21::SCWPlatform::Trying to set the existing hwdb with name mb_usb_hdmi_top_0
TRACE::2024-11-08.05:56:21::SCWPlatform::Opened existing hwdb mb_usb_hdmi_top_0
TRACE::2024-11-08.05:56:21::SCWPlatform::Found the Hw Db part of the input DSA
TRACE::2024-11-08.05:56:21::SCWMssOS::Checking the sw design at  C:/Users/Shane/Documents/Classes/ECE_385/Lab_7/lab_7_2/workspace/mb_usb_hdmi_top/microblaze_0/standalone_microblaze_0/bsp/system.mss
TRACE::2024-11-08.05:56:21::SCWMssOS::DEBUG:  swdes dump  C:/Users/Shane/Documents/Classes/ECE_385/Lab_7/lab_7_2/workspace/mb_usb_hdmi_top/microblaze_0/standalone_microblaze_0/bsp/system.mss|system||

TRACE::2024-11-08.05:56:21::SCWMssOS::Sw design exists and opened at  C:/Users/Shane/Documents/Classes/ECE_385/Lab_7/lab_7_2/workspace/mb_usb_hdmi_top/microblaze_0/standalone_microblaze_0/bsp/system.mss
TRACE::2024-11-08.05:56:21::SCWWriter::formatted JSON is {
	"platformName":	"mb_usb_hdmi_top",
	"sprVersion":	"2.0",
	"mode":	"gui",
	"dsaType":	"Fixed",
	"platformDesc":	"mb_usb_hdmi_top",
	"platHandOff":	"C:/Users/Shane/Documents/Classes/ECE_385/Lab_7/lab_7_2/mb_usb_hdmi_top.xsa",
	"platIntHandOff":	"<platformDir>/hw/mb_usb_hdmi_top.xsa",
	"deviceType":	"FPGA",
	"platIsPrebuiltAutogen":	"false",
	"platIsNoBootBsp":	"false",
	"hasFsblMakeHasChanges":	"false",
	"hasPmufwMakeHasChanges":	"false",
	"platPreBuiltFlag":	false,
	"platformSamplesDir":	"",
	"platActiveSys":	"mb_usb_hdmi_top",
	"systems":	[{
			"systemName":	"mb_usb_hdmi_top",
			"systemDesc":	"mb_usb_hdmi_top",
			"sysIsBootAutoGen":	"true",
			"systemDispName":	"mb_usb_hdmi_top",
			"sysActiveDom":	"standalone_microblaze_0",
			"sysDefaultDom":	"standalone_microblaze_0",
			"domains":	[{
					"domainName":	"standalone_microblaze_0",
					"domainDispName":	"standalone_microblaze_0",
					"domainDesc":	"standalone_microblaze_0",
					"processors":	"microblaze_0",
					"os":	"standalone",
					"sdxOs":	"standalone",
					"debugEnable":	"False",
					"domRuntimes":	["cpp"],
					"swRepo":	"",
					"mssOsVer":	"8.0",
					"mssFile":	"",
					"md5Digest":	"5422c1e5be4ae93f4de8c50507402f2a",
					"compatibleApp":	"hello_world",
					"domType":	"mssDomain",
					"arch":	"32-bit",
					"appSettings":	{
						"appCompilerFlags":	"",
						"appLinkerFlags":	""
					},
					"addedLibs":	[],
					"libOptions":	{
						"libsContainingOptions":	[]
					},
					"prebuiltLibs":	{
						"prebuiltIncPath":	[],
						"prebuiltLibPath":	[]
					},
					"isolation":	{
					}
				}]
		}]
}
TRACE::2024-11-08.05:56:21::SCWPlatform::Trying to open the hw design at C:/Users/Shane/Documents/Classes/ECE_385/Lab_7/lab_7_2/workspace/mb_usb_hdmi_top/hw/mb_usb_hdmi_top.xsa
TRACE::2024-11-08.05:56:21::SCWPlatform::DSA given C:/Users/Shane/Documents/Classes/ECE_385/Lab_7/lab_7_2/workspace/mb_usb_hdmi_top/hw/mb_usb_hdmi_top.xsa
TRACE::2024-11-08.05:56:21::SCWPlatform::DSA absoulate path C:/Users/Shane/Documents/Classes/ECE_385/Lab_7/lab_7_2/workspace/mb_usb_hdmi_top/hw/mb_usb_hdmi_top.xsa
TRACE::2024-11-08.05:56:21::SCWPlatform::DSA directory C:/Users/Shane/Documents/Classes/ECE_385/Lab_7/lab_7_2/workspace/mb_usb_hdmi_top/hw
TRACE::2024-11-08.05:56:21::SCWPlatform:: Platform Path C:/Users/Shane/Documents/Classes/ECE_385/Lab_7/lab_7_2/workspace/mb_usb_hdmi_top/hw/mb_usb_hdmi_top.xsa
TRACE::2024-11-08.05:56:21::SCWPlatform:: Unique name xilinx:::0.0
TRACE::2024-11-08.05:56:21::SCWPlatform::Trying to set the existing hwdb with name mb_usb_hdmi_top_0
TRACE::2024-11-08.05:56:21::SCWPlatform::Opened existing hwdb mb_usb_hdmi_top_0
TRACE::2024-11-08.05:56:21::SCWPlatform::Found the Hw Db part of the input DSA
TRACE::2024-11-08.05:56:21::SCWMssOS::Checking the sw design at  C:/Users/Shane/Documents/Classes/ECE_385/Lab_7/lab_7_2/workspace/mb_usb_hdmi_top/microblaze_0/standalone_microblaze_0/bsp/system.mss
TRACE::2024-11-08.05:56:21::SCWMssOS::DEBUG:  swdes dump  C:/Users/Shane/Documents/Classes/ECE_385/Lab_7/lab_7_2/workspace/mb_usb_hdmi_top/microblaze_0/standalone_microblaze_0/bsp/system.mss|system||

TRACE::2024-11-08.05:56:21::SCWMssOS::Sw design exists and opened at  C:/Users/Shane/Documents/Classes/ECE_385/Lab_7/lab_7_2/workspace/mb_usb_hdmi_top/microblaze_0/standalone_microblaze_0/bsp/system.mss
TRACE::2024-11-08.05:56:21::SCWPlatform::Trying to open the hw design at C:/Users/Shane/Documents/Classes/ECE_385/Lab_7/lab_7_2/workspace/mb_usb_hdmi_top/hw/mb_usb_hdmi_top.xsa
TRACE::2024-11-08.05:56:21::SCWPlatform::DSA given C:/Users/Shane/Documents/Classes/ECE_385/Lab_7/lab_7_2/workspace/mb_usb_hdmi_top/hw/mb_usb_hdmi_top.xsa
TRACE::2024-11-08.05:56:21::SCWPlatform::DSA absoulate path C:/Users/Shane/Documents/Classes/ECE_385/Lab_7/lab_7_2/workspace/mb_usb_hdmi_top/hw/mb_usb_hdmi_top.xsa
TRACE::2024-11-08.05:56:21::SCWPlatform::DSA directory C:/Users/Shane/Documents/Classes/ECE_385/Lab_7/lab_7_2/workspace/mb_usb_hdmi_top/hw
TRACE::2024-11-08.05:56:21::SCWPlatform:: Platform Path C:/Users/Shane/Documents/Classes/ECE_385/Lab_7/lab_7_2/workspace/mb_usb_hdmi_top/hw/mb_usb_hdmi_top.xsa
TRACE::2024-11-08.05:56:21::SCWPlatform:: Unique name xilinx:::0.0
TRACE::2024-11-08.05:56:21::SCWPlatform::Trying to set the existing hwdb with name mb_usb_hdmi_top_0
TRACE::2024-11-08.05:56:21::SCWPlatform::Opened existing hwdb mb_usb_hdmi_top_0
TRACE::2024-11-08.05:56:21::SCWPlatform::Found the Hw Db part of the input DSA
TRACE::2024-11-08.05:56:21::SCWMssOS::Checking the sw design at  C:/Users/Shane/Documents/Classes/ECE_385/Lab_7/lab_7_2/workspace/mb_usb_hdmi_top/microblaze_0/standalone_microblaze_0/bsp/system.mss
TRACE::2024-11-08.05:56:21::SCWMssOS::DEBUG:  swdes dump  C:/Users/Shane/Documents/Classes/ECE_385/Lab_7/lab_7_2/workspace/mb_usb_hdmi_top/microblaze_0/standalone_microblaze_0/bsp/system.mss|system||

TRACE::2024-11-08.05:56:21::SCWMssOS::Sw design exists and opened at  C:/Users/Shane/Documents/Classes/ECE_385/Lab_7/lab_7_2/workspace/mb_usb_hdmi_top/microblaze_0/standalone_microblaze_0/bsp/system.mss
TRACE::2024-11-08.05:56:21::SCWMssOS::Saving the mss changes C:/Users/Shane/Documents/Classes/ECE_385/Lab_7/lab_7_2/workspace/mb_usb_hdmi_top/microblaze_0/standalone_microblaze_0/bsp/system.mss
TRACE::2024-11-08.05:56:21::SCWMssOS::Found a swdesign opened with the mssfile.
TRACE::2024-11-08.05:56:21::SCWMssOS::Completed writemss as part of save.
TRACE::2024-11-08.05:56:21::SCWMssOS::Commit changes completed.
TRACE::2024-11-08.05:56:21::SCWPlatform::Trying to open the hw design at C:/Users/Shane/Documents/Classes/ECE_385/Lab_7/lab_7_2/workspace/mb_usb_hdmi_top/hw/mb_usb_hdmi_top.xsa
TRACE::2024-11-08.05:56:21::SCWPlatform::DSA given C:/Users/Shane/Documents/Classes/ECE_385/Lab_7/lab_7_2/workspace/mb_usb_hdmi_top/hw/mb_usb_hdmi_top.xsa
TRACE::2024-11-08.05:56:21::SCWPlatform::DSA absoulate path C:/Users/Shane/Documents/Classes/ECE_385/Lab_7/lab_7_2/workspace/mb_usb_hdmi_top/hw/mb_usb_hdmi_top.xsa
TRACE::2024-11-08.05:56:21::SCWPlatform::DSA directory C:/Users/Shane/Documents/Classes/ECE_385/Lab_7/lab_7_2/workspace/mb_usb_hdmi_top/hw
TRACE::2024-11-08.05:56:21::SCWPlatform:: Platform Path C:/Users/Shane/Documents/Classes/ECE_385/Lab_7/lab_7_2/workspace/mb_usb_hdmi_top/hw/mb_usb_hdmi_top.xsa
TRACE::2024-11-08.05:56:21::SCWPlatform:: Unique name xilinx:::0.0
TRACE::2024-11-08.05:56:21::SCWPlatform::Trying to set the existing hwdb with name mb_usb_hdmi_top_0
TRACE::2024-11-08.05:56:21::SCWPlatform::Opened existing hwdb mb_usb_hdmi_top_0
TRACE::2024-11-08.05:56:21::SCWPlatform::Found the Hw Db part of the input DSA
TRACE::2024-11-08.05:56:21::SCWMssOS::Checking the sw design at  C:/Users/Shane/Documents/Classes/ECE_385/Lab_7/lab_7_2/workspace/mb_usb_hdmi_top/microblaze_0/standalone_microblaze_0/bsp/system.mss
TRACE::2024-11-08.05:56:21::SCWMssOS::DEBUG:  swdes dump  C:/Users/Shane/Documents/Classes/ECE_385/Lab_7/lab_7_2/workspace/mb_usb_hdmi_top/microblaze_0/standalone_microblaze_0/bsp/system.mss|system||

TRACE::2024-11-08.05:56:21::SCWMssOS::Sw design exists and opened at  C:/Users/Shane/Documents/Classes/ECE_385/Lab_7/lab_7_2/workspace/mb_usb_hdmi_top/microblaze_0/standalone_microblaze_0/bsp/system.mss
TRACE::2024-11-08.05:56:21::SCWPlatform::Trying to open the hw design at C:/Users/Shane/Documents/Classes/ECE_385/Lab_7/lab_7_2/workspace/mb_usb_hdmi_top/hw/mb_usb_hdmi_top.xsa
TRACE::2024-11-08.05:56:21::SCWPlatform::DSA given C:/Users/Shane/Documents/Classes/ECE_385/Lab_7/lab_7_2/workspace/mb_usb_hdmi_top/hw/mb_usb_hdmi_top.xsa
TRACE::2024-11-08.05:56:21::SCWPlatform::DSA absoulate path C:/Users/Shane/Documents/Classes/ECE_385/Lab_7/lab_7_2/workspace/mb_usb_hdmi_top/hw/mb_usb_hdmi_top.xsa
TRACE::2024-11-08.05:56:21::SCWPlatform::DSA directory C:/Users/Shane/Documents/Classes/ECE_385/Lab_7/lab_7_2/workspace/mb_usb_hdmi_top/hw
TRACE::2024-11-08.05:56:21::SCWPlatform:: Platform Path C:/Users/Shane/Documents/Classes/ECE_385/Lab_7/lab_7_2/workspace/mb_usb_hdmi_top/hw/mb_usb_hdmi_top.xsa
TRACE::2024-11-08.05:56:21::SCWPlatform:: Unique name xilinx:::0.0
TRACE::2024-11-08.05:56:21::SCWPlatform::Trying to set the existing hwdb with name mb_usb_hdmi_top_0
TRACE::2024-11-08.05:56:21::SCWPlatform::Opened existing hwdb mb_usb_hdmi_top_0
TRACE::2024-11-08.05:56:21::SCWPlatform::Found the Hw Db part of the input DSA
TRACE::2024-11-08.05:56:21::SCWMssOS::Checking the sw design at  C:/Users/Shane/Documents/Classes/ECE_385/Lab_7/lab_7_2/workspace/mb_usb_hdmi_top/microblaze_0/standalone_microblaze_0/bsp/system.mss
TRACE::2024-11-08.05:56:21::SCWMssOS::DEBUG:  swdes dump  C:/Users/Shane/Documents/Classes/ECE_385/Lab_7/lab_7_2/workspace/mb_usb_hdmi_top/microblaze_0/standalone_microblaze_0/bsp/system.mss|system||

TRACE::2024-11-08.05:56:21::SCWMssOS::Sw design exists and opened at  C:/Users/Shane/Documents/Classes/ECE_385/Lab_7/lab_7_2/workspace/mb_usb_hdmi_top/microblaze_0/standalone_microblaze_0/bsp/system.mss
TRACE::2024-11-08.05:56:21::SCWPlatform::Trying to open the hw design at C:/Users/Shane/Documents/Classes/ECE_385/Lab_7/lab_7_2/workspace/mb_usb_hdmi_top/hw/mb_usb_hdmi_top.xsa
TRACE::2024-11-08.05:56:21::SCWPlatform::DSA given C:/Users/Shane/Documents/Classes/ECE_385/Lab_7/lab_7_2/workspace/mb_usb_hdmi_top/hw/mb_usb_hdmi_top.xsa
TRACE::2024-11-08.05:56:21::SCWPlatform::DSA absoulate path C:/Users/Shane/Documents/Classes/ECE_385/Lab_7/lab_7_2/workspace/mb_usb_hdmi_top/hw/mb_usb_hdmi_top.xsa
TRACE::2024-11-08.05:56:21::SCWPlatform::DSA directory C:/Users/Shane/Documents/Classes/ECE_385/Lab_7/lab_7_2/workspace/mb_usb_hdmi_top/hw
TRACE::2024-11-08.05:56:21::SCWPlatform:: Platform Path C:/Users/Shane/Documents/Classes/ECE_385/Lab_7/lab_7_2/workspace/mb_usb_hdmi_top/hw/mb_usb_hdmi_top.xsa
TRACE::2024-11-08.05:56:21::SCWPlatform:: Unique name xilinx:::0.0
TRACE::2024-11-08.05:56:21::SCWPlatform::Trying to set the existing hwdb with name mb_usb_hdmi_top_0
TRACE::2024-11-08.05:56:21::SCWPlatform::Opened existing hwdb mb_usb_hdmi_top_0
TRACE::2024-11-08.05:56:21::SCWPlatform::Found the Hw Db part of the input DSA
TRACE::2024-11-08.05:56:21::SCWMssOS::Checking the sw design at  C:/Users/Shane/Documents/Classes/ECE_385/Lab_7/lab_7_2/workspace/mb_usb_hdmi_top/microblaze_0/standalone_microblaze_0/bsp/system.mss
TRACE::2024-11-08.05:56:21::SCWMssOS::DEBUG:  swdes dump  C:/Users/Shane/Documents/Classes/ECE_385/Lab_7/lab_7_2/workspace/mb_usb_hdmi_top/microblaze_0/standalone_microblaze_0/bsp/system.mss|system||

TRACE::2024-11-08.05:56:21::SCWMssOS::Sw design exists and opened at  C:/Users/Shane/Documents/Classes/ECE_385/Lab_7/lab_7_2/workspace/mb_usb_hdmi_top/microblaze_0/standalone_microblaze_0/bsp/system.mss
TRACE::2024-11-08.05:56:21::SCWWriter::formatted JSON is {
	"platformName":	"mb_usb_hdmi_top",
	"sprVersion":	"2.0",
	"mode":	"gui",
	"dsaType":	"Fixed",
	"platformDesc":	"mb_usb_hdmi_top",
	"platHandOff":	"C:/Users/Shane/Documents/Classes/ECE_385/Lab_7/lab_7_2/mb_usb_hdmi_top.xsa",
	"platIntHandOff":	"<platformDir>/hw/mb_usb_hdmi_top.xsa",
	"deviceType":	"FPGA",
	"platIsPrebuiltAutogen":	"false",
	"platIsNoBootBsp":	"false",
	"hasFsblMakeHasChanges":	"false",
	"hasPmufwMakeHasChanges":	"false",
	"platPreBuiltFlag":	false,
	"platformSamplesDir":	"",
	"platActiveSys":	"mb_usb_hdmi_top",
	"systems":	[{
			"systemName":	"mb_usb_hdmi_top",
			"systemDesc":	"mb_usb_hdmi_top",
			"sysIsBootAutoGen":	"true",
			"systemDispName":	"mb_usb_hdmi_top",
			"sysActiveDom":	"standalone_microblaze_0",
			"sysDefaultDom":	"standalone_microblaze_0",
			"domains":	[{
					"domainName":	"standalone_microblaze_0",
					"domainDispName":	"standalone_microblaze_0",
					"domainDesc":	"standalone_microblaze_0",
					"processors":	"microblaze_0",
					"os":	"standalone",
					"sdxOs":	"standalone",
					"debugEnable":	"False",
					"domRuntimes":	["cpp"],
					"swRepo":	"",
					"mssOsVer":	"8.0",
					"mssFile":	"",
					"md5Digest":	"5422c1e5be4ae93f4de8c50507402f2a",
					"compatibleApp":	"hello_world",
					"domType":	"mssDomain",
					"arch":	"32-bit",
					"appSettings":	{
						"appCompilerFlags":	"",
						"appLinkerFlags":	""
					},
					"addedLibs":	[],
					"libOptions":	{
						"libsContainingOptions":	[]
					},
					"prebuiltLibs":	{
						"prebuiltIncPath":	[],
						"prebuiltLibPath":	[]
					},
					"isolation":	{
					}
				}]
		}]
}
LOG::2024-11-08.05:56:21::SCWPlatform::Started generating the artifacts platform mb_usb_hdmi_top
TRACE::2024-11-08.05:56:21::SCWPlatform::Sanity checking of platform is completed
LOG::2024-11-08.05:56:21::SCWPlatform::Started generating the artifacts for system configuration mb_usb_hdmi_top
LOG::2024-11-08.05:56:21::SCWSystem::Started Processing the domain standalone_microblaze_0
TRACE::2024-11-08.05:56:21::SCWDomain::Generating domain artifcats
TRACE::2024-11-08.05:56:21::SCWMssOS::Generating standalone artifcats
TRACE::2024-11-08.05:56:21::SCWMssOS:: Copying the user libraries. 
TRACE::2024-11-08.05:56:21::SCWPlatform::Trying to open the hw design at C:/Users/Shane/Documents/Classes/ECE_385/Lab_7/lab_7_2/workspace/mb_usb_hdmi_top/hw/mb_usb_hdmi_top.xsa
TRACE::2024-11-08.05:56:21::SCWPlatform::DSA given C:/Users/Shane/Documents/Classes/ECE_385/Lab_7/lab_7_2/workspace/mb_usb_hdmi_top/hw/mb_usb_hdmi_top.xsa
TRACE::2024-11-08.05:56:21::SCWPlatform::DSA absoulate path C:/Users/Shane/Documents/Classes/ECE_385/Lab_7/lab_7_2/workspace/mb_usb_hdmi_top/hw/mb_usb_hdmi_top.xsa
TRACE::2024-11-08.05:56:21::SCWPlatform::DSA directory C:/Users/Shane/Documents/Classes/ECE_385/Lab_7/lab_7_2/workspace/mb_usb_hdmi_top/hw
TRACE::2024-11-08.05:56:21::SCWPlatform:: Platform Path C:/Users/Shane/Documents/Classes/ECE_385/Lab_7/lab_7_2/workspace/mb_usb_hdmi_top/hw/mb_usb_hdmi_top.xsa
TRACE::2024-11-08.05:56:21::SCWPlatform:: Unique name xilinx:::0.0
TRACE::2024-11-08.05:56:21::SCWPlatform::Trying to set the existing hwdb with name mb_usb_hdmi_top_0
TRACE::2024-11-08.05:56:21::SCWPlatform::Opened existing hwdb mb_usb_hdmi_top_0
TRACE::2024-11-08.05:56:21::SCWPlatform::Found the Hw Db part of the input DSA
TRACE::2024-11-08.05:56:21::SCWMssOS::Checking the sw design at  C:/Users/Shane/Documents/Classes/ECE_385/Lab_7/lab_7_2/workspace/mb_usb_hdmi_top/microblaze_0/standalone_microblaze_0/bsp/system.mss
TRACE::2024-11-08.05:56:21::SCWMssOS::DEBUG:  swdes dump  C:/Users/Shane/Documents/Classes/ECE_385/Lab_7/lab_7_2/workspace/mb_usb_hdmi_top/microblaze_0/standalone_microblaze_0/bsp/system.mss|system||

TRACE::2024-11-08.05:56:21::SCWMssOS::Sw design exists and opened at  C:/Users/Shane/Documents/Classes/ECE_385/Lab_7/lab_7_2/workspace/mb_usb_hdmi_top/microblaze_0/standalone_microblaze_0/bsp/system.mss
TRACE::2024-11-08.05:56:21::SCWMssOS::Completed writing the mss file at C:/Users/Shane/Documents/Classes/ECE_385/Lab_7/lab_7_2/workspace/mb_usb_hdmi_top/microblaze_0/standalone_microblaze_0/bsp
TRACE::2024-11-08.05:56:21::SCWMssOS::Mss edits present, copying mssfile into export location C:/Users/Shane/Documents/Classes/ECE_385/Lab_7/lab_7_2/workspace/mb_usb_hdmi_top/microblaze_0/standalone_microblaze_0/bsp/system.mss
TRACE::2024-11-08.05:56:21::SCWMssOS::bsp generated is upto date with the mss file. Skipping bsp generation.
TRACE::2024-11-08.05:56:21::SCWMssOS::BSP is already built. skipping the bsp build ... 
TRACE::2024-11-08.05:56:21::SCWDomain::Building the domain as part of full build :  standalone_microblaze_0
TRACE::2024-11-08.05:56:21::SCWMssOS::skipping the bsp build ... 
TRACE::2024-11-08.05:56:21::SCWMssOS::Copying to export directory.
TRACE::2024-11-08.05:56:21::SCWMssOS:: Checking if to create the Supporting Applications
TRACE::2024-11-08.05:56:21::SCWMssOS:: No Linux domain exists, trying to generate FSBL 
LOG::2024-11-08.05:56:21::SCWSystem::Completed Processing the domain standalone_microblaze_0
LOG::2024-11-08.05:56:21::SCWSystem::Completed Processing the sysconfig mb_usb_hdmi_top
LOG::2024-11-08.05:56:21::SCWPlatform::Completed generating the artifacts for system configuration mb_usb_hdmi_top
TRACE::2024-11-08.05:56:21::SCWPlatform::Started preparing the platform 
TRACE::2024-11-08.05:56:21::SCWSystem::Writing the bif file for system config mb_usb_hdmi_top
TRACE::2024-11-08.05:56:21::SCWSystem::dir created 
TRACE::2024-11-08.05:56:21::SCWSystem::Writing the bif 
TRACE::2024-11-08.05:56:21::SCWPlatform::Started writing the spfm file 
TRACE::2024-11-08.05:56:21::SCWPlatform::Started writing the xpfm file 
TRACE::2024-11-08.05:56:21::SCWPlatform::Completed generating the platform
TRACE::2024-11-08.05:56:21::SCWMssOS::Saving the mss changes C:/Users/Shane/Documents/Classes/ECE_385/Lab_7/lab_7_2/workspace/mb_usb_hdmi_top/microblaze_0/standalone_microblaze_0/bsp/system.mss
TRACE::2024-11-08.05:56:21::SCWMssOS::Found a swdesign opened with the mssfile.
TRACE::2024-11-08.05:56:21::SCWMssOS::Completed writemss as part of save.
TRACE::2024-11-08.05:56:21::SCWMssOS::Commit changes completed.
TRACE::2024-11-08.05:56:21::SCWPlatform::Trying to open the hw design at C:/Users/Shane/Documents/Classes/ECE_385/Lab_7/lab_7_2/workspace/mb_usb_hdmi_top/hw/mb_usb_hdmi_top.xsa
TRACE::2024-11-08.05:56:21::SCWPlatform::DSA given C:/Users/Shane/Documents/Classes/ECE_385/Lab_7/lab_7_2/workspace/mb_usb_hdmi_top/hw/mb_usb_hdmi_top.xsa
TRACE::2024-11-08.05:56:21::SCWPlatform::DSA absoulate path C:/Users/Shane/Documents/Classes/ECE_385/Lab_7/lab_7_2/workspace/mb_usb_hdmi_top/hw/mb_usb_hdmi_top.xsa
TRACE::2024-11-08.05:56:21::SCWPlatform::DSA directory C:/Users/Shane/Documents/Classes/ECE_385/Lab_7/lab_7_2/workspace/mb_usb_hdmi_top/hw
TRACE::2024-11-08.05:56:21::SCWPlatform:: Platform Path C:/Users/Shane/Documents/Classes/ECE_385/Lab_7/lab_7_2/workspace/mb_usb_hdmi_top/hw/mb_usb_hdmi_top.xsa
TRACE::2024-11-08.05:56:21::SCWPlatform:: Unique name xilinx:::0.0
TRACE::2024-11-08.05:56:21::SCWPlatform::Trying to set the existing hwdb with name mb_usb_hdmi_top_0
TRACE::2024-11-08.05:56:21::SCWPlatform::Opened existing hwdb mb_usb_hdmi_top_0
TRACE::2024-11-08.05:56:21::SCWPlatform::Found the Hw Db part of the input DSA
TRACE::2024-11-08.05:56:21::SCWMssOS::Checking the sw design at  C:/Users/Shane/Documents/Classes/ECE_385/Lab_7/lab_7_2/workspace/mb_usb_hdmi_top/microblaze_0/standalone_microblaze_0/bsp/system.mss
TRACE::2024-11-08.05:56:21::SCWMssOS::DEBUG:  swdes dump  C:/Users/Shane/Documents/Classes/ECE_385/Lab_7/lab_7_2/workspace/mb_usb_hdmi_top/microblaze_0/standalone_microblaze_0/bsp/system.mss|system||

TRACE::2024-11-08.05:56:21::SCWMssOS::Sw design exists and opened at  C:/Users/Shane/Documents/Classes/ECE_385/Lab_7/lab_7_2/workspace/mb_usb_hdmi_top/microblaze_0/standalone_microblaze_0/bsp/system.mss
TRACE::2024-11-08.05:56:21::SCWPlatform::Trying to open the hw design at C:/Users/Shane/Documents/Classes/ECE_385/Lab_7/lab_7_2/workspace/mb_usb_hdmi_top/hw/mb_usb_hdmi_top.xsa
TRACE::2024-11-08.05:56:21::SCWPlatform::DSA given C:/Users/Shane/Documents/Classes/ECE_385/Lab_7/lab_7_2/workspace/mb_usb_hdmi_top/hw/mb_usb_hdmi_top.xsa
TRACE::2024-11-08.05:56:21::SCWPlatform::DSA absoulate path C:/Users/Shane/Documents/Classes/ECE_385/Lab_7/lab_7_2/workspace/mb_usb_hdmi_top/hw/mb_usb_hdmi_top.xsa
TRACE::2024-11-08.05:56:21::SCWPlatform::DSA directory C:/Users/Shane/Documents/Classes/ECE_385/Lab_7/lab_7_2/workspace/mb_usb_hdmi_top/hw
TRACE::2024-11-08.05:56:21::SCWPlatform:: Platform Path C:/Users/Shane/Documents/Classes/ECE_385/Lab_7/lab_7_2/workspace/mb_usb_hdmi_top/hw/mb_usb_hdmi_top.xsa
TRACE::2024-11-08.05:56:21::SCWPlatform:: Unique name xilinx:::0.0
TRACE::2024-11-08.05:56:21::SCWPlatform::Trying to set the existing hwdb with name mb_usb_hdmi_top_0
TRACE::2024-11-08.05:56:21::SCWPlatform::Opened existing hwdb mb_usb_hdmi_top_0
TRACE::2024-11-08.05:56:21::SCWPlatform::Found the Hw Db part of the input DSA
TRACE::2024-11-08.05:56:21::SCWMssOS::Checking the sw design at  C:/Users/Shane/Documents/Classes/ECE_385/Lab_7/lab_7_2/workspace/mb_usb_hdmi_top/microblaze_0/standalone_microblaze_0/bsp/system.mss
TRACE::2024-11-08.05:56:21::SCWMssOS::DEBUG:  swdes dump  C:/Users/Shane/Documents/Classes/ECE_385/Lab_7/lab_7_2/workspace/mb_usb_hdmi_top/microblaze_0/standalone_microblaze_0/bsp/system.mss|system||

TRACE::2024-11-08.05:56:21::SCWMssOS::Sw design exists and opened at  C:/Users/Shane/Documents/Classes/ECE_385/Lab_7/lab_7_2/workspace/mb_usb_hdmi_top/microblaze_0/standalone_microblaze_0/bsp/system.mss
TRACE::2024-11-08.05:56:21::SCWPlatform::Trying to open the hw design at C:/Users/Shane/Documents/Classes/ECE_385/Lab_7/lab_7_2/workspace/mb_usb_hdmi_top/hw/mb_usb_hdmi_top.xsa
TRACE::2024-11-08.05:56:21::SCWPlatform::DSA given C:/Users/Shane/Documents/Classes/ECE_385/Lab_7/lab_7_2/workspace/mb_usb_hdmi_top/hw/mb_usb_hdmi_top.xsa
TRACE::2024-11-08.05:56:21::SCWPlatform::DSA absoulate path C:/Users/Shane/Documents/Classes/ECE_385/Lab_7/lab_7_2/workspace/mb_usb_hdmi_top/hw/mb_usb_hdmi_top.xsa
TRACE::2024-11-08.05:56:21::SCWPlatform::DSA directory C:/Users/Shane/Documents/Classes/ECE_385/Lab_7/lab_7_2/workspace/mb_usb_hdmi_top/hw
TRACE::2024-11-08.05:56:21::SCWPlatform:: Platform Path C:/Users/Shane/Documents/Classes/ECE_385/Lab_7/lab_7_2/workspace/mb_usb_hdmi_top/hw/mb_usb_hdmi_top.xsa
TRACE::2024-11-08.05:56:21::SCWPlatform:: Unique name xilinx:::0.0
TRACE::2024-11-08.05:56:21::SCWPlatform::Trying to set the existing hwdb with name mb_usb_hdmi_top_0
TRACE::2024-11-08.05:56:21::SCWPlatform::Opened existing hwdb mb_usb_hdmi_top_0
TRACE::2024-11-08.05:56:21::SCWPlatform::Found the Hw Db part of the input DSA
TRACE::2024-11-08.05:56:21::SCWMssOS::Checking the sw design at  C:/Users/Shane/Documents/Classes/ECE_385/Lab_7/lab_7_2/workspace/mb_usb_hdmi_top/microblaze_0/standalone_microblaze_0/bsp/system.mss
TRACE::2024-11-08.05:56:21::SCWMssOS::DEBUG:  swdes dump  C:/Users/Shane/Documents/Classes/ECE_385/Lab_7/lab_7_2/workspace/mb_usb_hdmi_top/microblaze_0/standalone_microblaze_0/bsp/system.mss|system||

TRACE::2024-11-08.05:56:21::SCWMssOS::Sw design exists and opened at  C:/Users/Shane/Documents/Classes/ECE_385/Lab_7/lab_7_2/workspace/mb_usb_hdmi_top/microblaze_0/standalone_microblaze_0/bsp/system.mss
TRACE::2024-11-08.05:56:21::SCWWriter::formatted JSON is {
	"platformName":	"mb_usb_hdmi_top",
	"sprVersion":	"2.0",
	"mode":	"gui",
	"dsaType":	"Fixed",
	"platformDesc":	"mb_usb_hdmi_top",
	"platHandOff":	"C:/Users/Shane/Documents/Classes/ECE_385/Lab_7/lab_7_2/mb_usb_hdmi_top.xsa",
	"platIntHandOff":	"<platformDir>/hw/mb_usb_hdmi_top.xsa",
	"deviceType":	"FPGA",
	"platIsPrebuiltAutogen":	"false",
	"platIsNoBootBsp":	"false",
	"hasFsblMakeHasChanges":	"false",
	"hasPmufwMakeHasChanges":	"false",
	"platPreBuiltFlag":	false,
	"platformSamplesDir":	"",
	"platActiveSys":	"mb_usb_hdmi_top",
	"systems":	[{
			"systemName":	"mb_usb_hdmi_top",
			"systemDesc":	"mb_usb_hdmi_top",
			"sysIsBootAutoGen":	"true",
			"systemDispName":	"mb_usb_hdmi_top",
			"sysActiveDom":	"standalone_microblaze_0",
			"sysDefaultDom":	"standalone_microblaze_0",
			"domains":	[{
					"domainName":	"standalone_microblaze_0",
					"domainDispName":	"standalone_microblaze_0",
					"domainDesc":	"standalone_microblaze_0",
					"processors":	"microblaze_0",
					"os":	"standalone",
					"sdxOs":	"standalone",
					"debugEnable":	"False",
					"domRuntimes":	["cpp"],
					"swRepo":	"",
					"mssOsVer":	"8.0",
					"mssFile":	"",
					"md5Digest":	"5422c1e5be4ae93f4de8c50507402f2a",
					"compatibleApp":	"hello_world",
					"domType":	"mssDomain",
					"arch":	"32-bit",
					"appSettings":	{
						"appCompilerFlags":	"",
						"appLinkerFlags":	""
					},
					"addedLibs":	[],
					"libOptions":	{
						"libsContainingOptions":	[]
					},
					"prebuiltLibs":	{
						"prebuiltIncPath":	[],
						"prebuiltLibPath":	[]
					},
					"isolation":	{
					}
				}]
		}]
}
KEYINFO::2024-11-08.05:56:21::SCWPlatform::updated the xpfm file.
LOG::2024-11-08.05:57:51::SCWPlatform::Started generating the artifacts platform mb_usb_hdmi_top
TRACE::2024-11-08.05:57:51::SCWPlatform::Sanity checking of platform is completed
LOG::2024-11-08.05:57:51::SCWPlatform::Started generating the artifacts for system configuration mb_usb_hdmi_top
LOG::2024-11-08.05:57:51::SCWSystem::Checking the domain standalone_microblaze_0
LOG::2024-11-08.05:57:51::SCWSystem::Not a boot domain 
LOG::2024-11-08.05:57:51::SCWSystem::Started Processing the domain standalone_microblaze_0
TRACE::2024-11-08.05:57:51::SCWDomain::Generating domain artifcats
TRACE::2024-11-08.05:57:51::SCWMssOS::Generating standalone artifcats
TRACE::2024-11-08.05:57:51::SCWMssOS:: Copying the user libraries. 
TRACE::2024-11-08.05:57:51::SCWPlatform::Trying to open the hw design at C:/Users/Shane/Documents/Classes/ECE_385/Lab_7/lab_7_2/workspace/mb_usb_hdmi_top/hw/mb_usb_hdmi_top.xsa
TRACE::2024-11-08.05:57:51::SCWPlatform::DSA given C:/Users/Shane/Documents/Classes/ECE_385/Lab_7/lab_7_2/workspace/mb_usb_hdmi_top/hw/mb_usb_hdmi_top.xsa
TRACE::2024-11-08.05:57:51::SCWPlatform::DSA absoulate path C:/Users/Shane/Documents/Classes/ECE_385/Lab_7/lab_7_2/workspace/mb_usb_hdmi_top/hw/mb_usb_hdmi_top.xsa
TRACE::2024-11-08.05:57:51::SCWPlatform::DSA directory C:/Users/Shane/Documents/Classes/ECE_385/Lab_7/lab_7_2/workspace/mb_usb_hdmi_top/hw
TRACE::2024-11-08.05:57:52::SCWPlatform:: Platform Path C:/Users/Shane/Documents/Classes/ECE_385/Lab_7/lab_7_2/workspace/mb_usb_hdmi_top/hw/mb_usb_hdmi_top.xsa
TRACE::2024-11-08.05:57:52::SCWPlatform:: Unique name xilinx:::0.0
TRACE::2024-11-08.05:57:52::SCWPlatform::Trying to set the existing hwdb with name mb_usb_hdmi_top_0
TRACE::2024-11-08.05:57:52::SCWPlatform::Opened existing hwdb mb_usb_hdmi_top_0
TRACE::2024-11-08.05:57:52::SCWPlatform::Found the Hw Db part of the input DSA
TRACE::2024-11-08.05:57:52::SCWMssOS::Checking the sw design at  C:/Users/Shane/Documents/Classes/ECE_385/Lab_7/lab_7_2/workspace/mb_usb_hdmi_top/microblaze_0/standalone_microblaze_0/bsp/system.mss
TRACE::2024-11-08.05:57:52::SCWMssOS::DEBUG:  swdes dump  C:/Users/Shane/Documents/Classes/ECE_385/Lab_7/lab_7_2/workspace/mb_usb_hdmi_top/microblaze_0/standalone_microblaze_0/bsp/system.mss|system||

TRACE::2024-11-08.05:57:52::SCWMssOS::Sw design exists and opened at  C:/Users/Shane/Documents/Classes/ECE_385/Lab_7/lab_7_2/workspace/mb_usb_hdmi_top/microblaze_0/standalone_microblaze_0/bsp/system.mss
TRACE::2024-11-08.05:57:52::SCWMssOS::Completed writing the mss file at C:/Users/Shane/Documents/Classes/ECE_385/Lab_7/lab_7_2/workspace/mb_usb_hdmi_top/microblaze_0/standalone_microblaze_0/bsp
TRACE::2024-11-08.05:57:52::SCWMssOS::Mss edits present, copying mssfile into export location C:/Users/Shane/Documents/Classes/ECE_385/Lab_7/lab_7_2/workspace/mb_usb_hdmi_top/microblaze_0/standalone_microblaze_0/bsp/system.mss
TRACE::2024-11-08.05:57:52::SCWMssOS::bsp generated is upto date with the mss file. Skipping bsp generation.
TRACE::2024-11-08.05:57:52::SCWMssOS::BSP is already built. skipping the bsp build ... 
TRACE::2024-11-08.05:57:52::SCWDomain::Building the domain as part of full build :  standalone_microblaze_0
TRACE::2024-11-08.05:57:52::SCWMssOS::doing bsp build ... 
TRACE::2024-11-08.05:57:52::SCWMssOS::System Command Ran  C: & cd  C:/Users/Shane/Documents/Classes/ECE_385/Lab_7/lab_7_2/workspace/mb_usb_hdmi_top/microblaze_0/standalone_microblaze_0/bsp & make 
TRACE::2024-11-08.05:57:52::SCWMssOS::make --no-print-directory seq_libs

TRACE::2024-11-08.05:57:52::SCWMssOS::'Finished building libraries sequentially.'

TRACE::2024-11-08.05:57:52::SCWMssOS::make -j 6 --no-print-directory par_libs

TRACE::2024-11-08.05:57:52::SCWMssOS::"Running Make include in microblaze_0/libsrc/bram_v4_8/src"

TRACE::2024-11-08.05:57:52::SCWMssOS::make -C microblaze_0/libsrc/bram_v4_8/src -s include  "SHELL=CMD" "COMPILER=mb-gcc" "ASSEMBLER=mb-as" "ARCHIVER=mb-ar" "COMPILE
TRACE::2024-11-08.05:57:52::SCWMssOS::R_FLAGS=  -O2 -c -mcpu=v11.0 -mlittle-endian -mno-xl-reorder -mno-xl-soft-mul -mxl-barrel-shift -mxl-pattern-compare" "EXTRA_CO
TRACE::2024-11-08.05:57:52::SCWMssOS::MPILER_FLAGS=-g -ffunction-sections -fdata-sections -Wall -Wextra -fno-tree-loop-distribute-patterns"

TRACE::2024-11-08.05:57:52::SCWMssOS::"Running Make include in microblaze_0/libsrc/cpu_v2_16/src"

TRACE::2024-11-08.05:57:52::SCWMssOS::make -C microblaze_0/libsrc/cpu_v2_16/src -s include  "SHELL=CMD" "COMPILER=mb-gcc" "ASSEMBLER=mb-as" "ARCHIVER=mb-ar" "COMPILE
TRACE::2024-11-08.05:57:52::SCWMssOS::R_FLAGS=  -O2 -c -mcpu=v11.0 -mlittle-endian -mno-xl-reorder -mno-xl-soft-mul -mxl-barrel-shift -mxl-pattern-compare" "EXTRA_CO
TRACE::2024-11-08.05:57:52::SCWMssOS::MPILER_FLAGS=-g -ffunction-sections -fdata-sections -Wall -Wextra -fno-tree-loop-distribute-patterns"

TRACE::2024-11-08.05:57:52::SCWMssOS::"Running Make include in microblaze_0/libsrc/intc_v3_15/src"

TRACE::2024-11-08.05:57:52::SCWMssOS::make -C microblaze_0/libsrc/intc_v3_15/src -s include  "SHELL=CMD" "COMPILER=mb-gcc" "ASSEMBLER=mb-as" "ARCHIVER=mb-ar" "COMPIL
TRACE::2024-11-08.05:57:52::SCWMssOS::ER_FLAGS=  -O2 -c -mcpu=v11.0 -mlittle-endian -mno-xl-reorder -mno-xl-soft-mul -mxl-barrel-shift -mxl-pattern-compare" "EXTRA_C
TRACE::2024-11-08.05:57:52::SCWMssOS::OMPILER_FLAGS=-g -ffunction-sections -fdata-sections -Wall -Wextra -fno-tree-loop-distribute-patterns"

TRACE::2024-11-08.05:57:52::SCWMssOS::"Running Make include in microblaze_0/libsrc/standalone_v8_0/src"

TRACE::2024-11-08.05:57:52::SCWMssOS::make -C microblaze_0/libsrc/standalone_v8_0/src -s include  "SHELL=CMD" "COMPILER=mb-gcc" "ASSEMBLER=mb-as" "ARCHIVER=mb-ar" "C
TRACE::2024-11-08.05:57:52::SCWMssOS::OMPILER_FLAGS=  -O2 -c -mcpu=v11.0 -mlittle-endian -mno-xl-reorder -mno-xl-soft-mul -mxl-barrel-shift -mxl-pattern-compare" "EX
TRACE::2024-11-08.05:57:52::SCWMssOS::TRA_COMPILER_FLAGS=-g -ffunction-sections -fdata-sections -Wall -Wextra -fno-tree-loop-distribute-patterns"

TRACE::2024-11-08.05:57:52::SCWMssOS::"Running Make include in microblaze_0/libsrc/uartlite_v3_7/src"

TRACE::2024-11-08.05:57:52::SCWMssOS::make -C microblaze_0/libsrc/uartlite_v3_7/src -s include  "SHELL=CMD" "COMPILER=mb-gcc" "ASSEMBLER=mb-as" "ARCHIVER=mb-ar" "COM
TRACE::2024-11-08.05:57:52::SCWMssOS::PILER_FLAGS=  -O2 -c -mcpu=v11.0 -mlittle-endian -mno-xl-reorder -mno-xl-soft-mul -mxl-barrel-shift -mxl-pattern-compare" "EXTR
TRACE::2024-11-08.05:57:52::SCWMssOS::A_COMPILER_FLAGS=-g -ffunction-sections -fdata-sections -Wall -Wextra -fno-tree-loop-distribute-patterns"

TRACE::2024-11-08.05:57:52::SCWMssOS::"Running Make libs in microblaze_0/libsrc/bram_v4_8/src"

TRACE::2024-11-08.05:57:53::SCWMssOS::make -C microblaze_0/libsrc/bram_v4_8/src -s libs  "SHELL=CMD" "COMPILER=mb-gcc" "ASSEMBLER=mb-as" "ARCHIVER=mb-ar" "COMPILER_F
TRACE::2024-11-08.05:57:53::SCWMssOS::LAGS=  -O2 -c -mcpu=v11.0 -mlittle-endian -mno-xl-reorder -mno-xl-soft-mul -mxl-barrel-shift -mxl-pattern-compare" "EXTRA_COMPI
TRACE::2024-11-08.05:57:53::SCWMssOS::LER_FLAGS=-g -ffunction-sections -fdata-sections -Wall -Wextra -fno-tree-loop-distribute-patterns"

TRACE::2024-11-08.05:57:53::SCWMssOS::"Running Make libs in microblaze_0/libsrc/cpu_v2_16/src"

TRACE::2024-11-08.05:57:53::SCWMssOS::make -C microblaze_0/libsrc/cpu_v2_16/src -s libs  "SHELL=CMD" "COMPILER=mb-gcc" "ASSEMBLER=mb-as" "ARCHIVER=mb-ar" "COMPILER_F
TRACE::2024-11-08.05:57:53::SCWMssOS::LAGS=  -O2 -c -mcpu=v11.0 -mlittle-endian -mno-xl-reorder -mno-xl-soft-mul -mxl-barrel-shift -mxl-pattern-compare" "EXTRA_COMPI
TRACE::2024-11-08.05:57:53::SCWMssOS::LER_FLAGS=-g -ffunction-sections -fdata-sections -Wall -Wextra -fno-tree-loop-distribute-patterns"

TRACE::2024-11-08.05:57:53::SCWMssOS::"Running Make libs in microblaze_0/libsrc/intc_v3_15/src"

TRACE::2024-11-08.05:57:53::SCWMssOS::make -C microblaze_0/libsrc/intc_v3_15/src -s libs  "SHELL=CMD" "COMPILER=mb-gcc" "ASSEMBLER=mb-as" "ARCHIVER=mb-ar" "COMPILER_
TRACE::2024-11-08.05:57:53::SCWMssOS::FLAGS=  -O2 -c -mcpu=v11.0 -mlittle-endian -mno-xl-reorder -mno-xl-soft-mul -mxl-barrel-shift -mxl-pattern-compare" "EXTRA_COMP
TRACE::2024-11-08.05:57:53::SCWMssOS::ILER_FLAGS=-g -ffunction-sections -fdata-sections -Wall -Wextra -fno-tree-loop-distribute-patterns"

TRACE::2024-11-08.05:57:53::SCWMssOS::"Running Make libs in microblaze_0/libsrc/standalone_v8_0/src"

TRACE::2024-11-08.05:57:53::SCWMssOS::make -C microblaze_0/libsrc/standalone_v8_0/src -s libs  "SHELL=CMD" "COMPILER=mb-gcc" "ASSEMBLER=mb-as" "ARCHIVER=mb-ar" "COMP
TRACE::2024-11-08.05:57:53::SCWMssOS::ILER_FLAGS=  -O2 -c -mcpu=v11.0 -mlittle-endian -mno-xl-reorder -mno-xl-soft-mul -mxl-barrel-shift -mxl-pattern-compare" "EXTRA
TRACE::2024-11-08.05:57:53::SCWMssOS::_COMPILER_FLAGS=-g -ffunction-sections -fdata-sections -Wall -Wextra -fno-tree-loop-distribute-patterns"

TRACE::2024-11-08.05:57:53::SCWMssOS::"Running Make libs in microblaze_0/libsrc/uartlite_v3_7/src"

TRACE::2024-11-08.05:57:53::SCWMssOS::make -C microblaze_0/libsrc/uartlite_v3_7/src -s libs  "SHELL=CMD" "COMPILER=mb-gcc" "ASSEMBLER=mb-as" "ARCHIVER=mb-ar" "COMPIL
TRACE::2024-11-08.05:57:53::SCWMssOS::ER_FLAGS=  -O2 -c -mcpu=v11.0 -mlittle-endian -mno-xl-reorder -mno-xl-soft-mul -mxl-barrel-shift -mxl-pattern-compare" "EXTRA_C
TRACE::2024-11-08.05:57:53::SCWMssOS::OMPILER_FLAGS=-g -ffunction-sections -fdata-sections -Wall -Wextra -fno-tree-loop-distribute-patterns"

TRACE::2024-11-08.05:57:55::SCWMssOS::"DEBUG NON_LTO_OBJECTS is ../../../lib/microblaze_interrupt_handler.o"

TRACE::2024-11-08.05:57:55::SCWMssOS::'Finished building libraries parallelly.'

TRACE::2024-11-08.05:57:55::SCWMssOS::make --no-print-directory archive

TRACE::2024-11-08.05:57:55::SCWMssOS::mb-ar -r  microblaze_0/lib/libxil.a microblaze_0/lib/_exit.o microblaze_0/lib/errno.o microblaze_0/lib/fcntl.o microblaze_0/lib
TRACE::2024-11-08.05:57:55::SCWMssOS::/hw_exception_handler.o microblaze_0/lib/inbyte.o microblaze_0/lib/microblaze_disable_dcache.o microblaze_0/lib/microblaze_disa
TRACE::2024-11-08.05:57:55::SCWMssOS::ble_exceptions.o microblaze_0/lib/microblaze_disable_icache.o microblaze_0/lib/microblaze_disable_interrupts.o microblaze_0/lib
TRACE::2024-11-08.05:57:55::SCWMssOS::/microblaze_enable_dcache.o microblaze_0/lib/microblaze_enable_exceptions.o microblaze_0/lib/microblaze_enable_icache.o microbl
TRACE::2024-11-08.05:57:55::SCWMssOS::aze_0/lib/microblaze_enable_interrupts.o microblaze_0/lib/microblaze_exception_handler.o microblaze_0/lib/microblaze_flush_cach
TRACE::2024-11-08.05:57:55::SCWMssOS::e_ext.o microblaze_0/lib/microblaze_flush_cache_ext_range.o microblaze_0/lib/microblaze_flush_dcache.o microblaze_0/lib/microbl
TRACE::2024-11-08.05:57:55::SCWMssOS::aze_flush_dcache_range.o microblaze_0/lib/microblaze_init_dcache_range.o microblaze_0/lib/microblaze_init_icache_range.o microb
TRACE::2024-11-08.05:57:55::SCWMssOS::laze_0/lib/microblaze_interrupt_handler.o microblaze_0/lib/microblaze_interrupts_g.o microblaze_0/lib/microblaze_invalidate_cac
TRACE::2024-11-08.05:57:55::SCWMssOS::he_ext.o microblaze_0/lib/microblaze_invalidate_cache_ext_range.o microblaze_0/lib/microblaze_invalidate_dcache.o microblaze_0/
TRACE::2024-11-08.05:57:55::SCWMssOS::lib/microblaze_invalidate_dcache_range.o microblaze_0/lib/microblaze_invalidate_icache.o microblaze_0/lib/microblaze_invalidate
TRACE::2024-11-08.05:57:55::SCWMssOS::_icache_range.o microblaze_0/lib/microblaze_scrub.o microblaze_0/lib/microblaze_selftest.o microblaze_0/lib/microblaze_sleep.o 
TRACE::2024-11-08.05:57:55::SCWMssOS::microblaze_0/lib/microblaze_update_dcache.o microblaze_0/lib/microblaze_update_icache.o microblaze_0/lib/outbyte.o microblaze_0
TRACE::2024-11-08.05:57:55::SCWMssOS::/lib/print.o microblaze_0/lib/pvr.o microblaze_0/lib/xbram.o microblaze_0/lib/xbram_g.o microblaze_0/lib/xbram_intr.o microblaz
TRACE::2024-11-08.05:57:55::SCWMssOS::e_0/lib/xbram_selftest.o microblaze_0/lib/xbram_sinit.o microblaze_0/lib/xil_assert.o microblaze_0/lib/xil_cache.o microblaze_0
TRACE::2024-11-08.05:57:55::SCWMssOS::/lib/xil_clocking.o microblaze_0/lib/xil_exception.o microblaze_0/lib/xil_mem.o microblaze_0/lib/xil_misc_psreset_api.o microbl
TRACE::2024-11-08.05:57:55::SCWMssOS::aze_0/lib/xil_printf.o microblaze_0/lib/xil_sleepcommon.o microblaze_0/lib/xil_testcache.o microblaze_0/lib/xil_testio.o microb
TRACE::2024-11-08.05:57:55::SCWMssOS::laze_0/lib/xil_testmem.o microblaze_0/lib/xil_util.o microblaze_0/lib/xintc.o microblaze_0/lib/xintc_g.o microblaze_0/lib/xintc
TRACE::2024-11-08.05:57:55::SCWMssOS::_intr.o microblaze_0/lib/xintc_l.o microblaze_0/lib/xintc_options.o microblaze_0/lib/xintc_selftest.o microblaze_0/lib/xinterru
TRACE::2024-11-08.05:57:55::SCWMssOS::pt_wrap.o microblaze_0/lib/xio.o microblaze_0/lib/xplatform_info.o microblaze_0/lib/xuartlite.o microblaze_0/lib/xuartlite_g.o 
TRACE::2024-11-08.05:57:55::SCWMssOS::microblaze_0/lib/xuartlite_intr.o microblaze_0/lib/xuartlite_l.o microblaze_0/lib/xuartlite_selftest.o microblaze_0/lib/xuartli
TRACE::2024-11-08.05:57:55::SCWMssOS::te_sinit.o microblaze_0/lib/xuartlite_stats.o

TRACE::2024-11-08.05:57:56::SCWMssOS::'Finished building libraries'

TRACE::2024-11-08.05:57:56::SCWMssOS::Copying to export directory.
TRACE::2024-11-08.05:57:56::SCWMssOS:: Checking if to create the Supporting Applications
TRACE::2024-11-08.05:57:56::SCWMssOS:: No Linux domain exists, trying to generate FSBL 
LOG::2024-11-08.05:57:56::SCWSystem::Completed Processing the domain standalone_microblaze_0
LOG::2024-11-08.05:57:56::SCWSystem::Completed Processing the sysconfig mb_usb_hdmi_top
LOG::2024-11-08.05:57:56::SCWPlatform::Completed generating the artifacts for system configuration mb_usb_hdmi_top
TRACE::2024-11-08.05:57:56::SCWPlatform::Started preparing the platform 
TRACE::2024-11-08.05:57:56::SCWSystem::Writing the bif file for system config mb_usb_hdmi_top
TRACE::2024-11-08.05:57:56::SCWSystem::dir created 
TRACE::2024-11-08.05:57:56::SCWSystem::Writing the bif 
TRACE::2024-11-08.05:57:56::SCWPlatform::Started writing the spfm file 
TRACE::2024-11-08.05:57:56::SCWPlatform::Started writing the xpfm file 
TRACE::2024-11-08.05:57:56::SCWPlatform::Completed generating the platform
TRACE::2024-11-08.05:57:56::SCWMssOS::Saving the mss changes C:/Users/Shane/Documents/Classes/ECE_385/Lab_7/lab_7_2/workspace/mb_usb_hdmi_top/microblaze_0/standalone_microblaze_0/bsp/system.mss
TRACE::2024-11-08.05:57:56::SCWMssOS::Found a swdesign opened with the mssfile.
TRACE::2024-11-08.05:57:56::SCWMssOS::Completed writemss as part of save.
TRACE::2024-11-08.05:57:56::SCWMssOS::Commit changes completed.
TRACE::2024-11-08.05:57:56::SCWPlatform::Trying to open the hw design at C:/Users/Shane/Documents/Classes/ECE_385/Lab_7/lab_7_2/workspace/mb_usb_hdmi_top/hw/mb_usb_hdmi_top.xsa
TRACE::2024-11-08.05:57:56::SCWPlatform::DSA given C:/Users/Shane/Documents/Classes/ECE_385/Lab_7/lab_7_2/workspace/mb_usb_hdmi_top/hw/mb_usb_hdmi_top.xsa
TRACE::2024-11-08.05:57:56::SCWPlatform::DSA absoulate path C:/Users/Shane/Documents/Classes/ECE_385/Lab_7/lab_7_2/workspace/mb_usb_hdmi_top/hw/mb_usb_hdmi_top.xsa
TRACE::2024-11-08.05:57:56::SCWPlatform::DSA directory C:/Users/Shane/Documents/Classes/ECE_385/Lab_7/lab_7_2/workspace/mb_usb_hdmi_top/hw
TRACE::2024-11-08.05:57:56::SCWPlatform:: Platform Path C:/Users/Shane/Documents/Classes/ECE_385/Lab_7/lab_7_2/workspace/mb_usb_hdmi_top/hw/mb_usb_hdmi_top.xsa
TRACE::2024-11-08.05:57:56::SCWPlatform:: Unique name xilinx:::0.0
TRACE::2024-11-08.05:57:56::SCWPlatform::Trying to set the existing hwdb with name mb_usb_hdmi_top_0
TRACE::2024-11-08.05:57:56::SCWPlatform::Opened existing hwdb mb_usb_hdmi_top_0
TRACE::2024-11-08.05:57:56::SCWPlatform::Found the Hw Db part of the input DSA
TRACE::2024-11-08.05:57:56::SCWMssOS::Checking the sw design at  C:/Users/Shane/Documents/Classes/ECE_385/Lab_7/lab_7_2/workspace/mb_usb_hdmi_top/microblaze_0/standalone_microblaze_0/bsp/system.mss
TRACE::2024-11-08.05:57:56::SCWMssOS::DEBUG:  swdes dump  C:/Users/Shane/Documents/Classes/ECE_385/Lab_7/lab_7_2/workspace/mb_usb_hdmi_top/microblaze_0/standalone_microblaze_0/bsp/system.mss|system||

TRACE::2024-11-08.05:57:56::SCWMssOS::Sw design exists and opened at  C:/Users/Shane/Documents/Classes/ECE_385/Lab_7/lab_7_2/workspace/mb_usb_hdmi_top/microblaze_0/standalone_microblaze_0/bsp/system.mss
TRACE::2024-11-08.05:57:56::SCWPlatform::Trying to open the hw design at C:/Users/Shane/Documents/Classes/ECE_385/Lab_7/lab_7_2/workspace/mb_usb_hdmi_top/hw/mb_usb_hdmi_top.xsa
TRACE::2024-11-08.05:57:56::SCWPlatform::DSA given C:/Users/Shane/Documents/Classes/ECE_385/Lab_7/lab_7_2/workspace/mb_usb_hdmi_top/hw/mb_usb_hdmi_top.xsa
TRACE::2024-11-08.05:57:56::SCWPlatform::DSA absoulate path C:/Users/Shane/Documents/Classes/ECE_385/Lab_7/lab_7_2/workspace/mb_usb_hdmi_top/hw/mb_usb_hdmi_top.xsa
TRACE::2024-11-08.05:57:56::SCWPlatform::DSA directory C:/Users/Shane/Documents/Classes/ECE_385/Lab_7/lab_7_2/workspace/mb_usb_hdmi_top/hw
TRACE::2024-11-08.05:57:56::SCWPlatform:: Platform Path C:/Users/Shane/Documents/Classes/ECE_385/Lab_7/lab_7_2/workspace/mb_usb_hdmi_top/hw/mb_usb_hdmi_top.xsa
TRACE::2024-11-08.05:57:56::SCWPlatform:: Unique name xilinx:::0.0
TRACE::2024-11-08.05:57:56::SCWPlatform::Trying to set the existing hwdb with name mb_usb_hdmi_top_0
TRACE::2024-11-08.05:57:56::SCWPlatform::Opened existing hwdb mb_usb_hdmi_top_0
TRACE::2024-11-08.05:57:56::SCWPlatform::Found the Hw Db part of the input DSA
TRACE::2024-11-08.05:57:56::SCWMssOS::Checking the sw design at  C:/Users/Shane/Documents/Classes/ECE_385/Lab_7/lab_7_2/workspace/mb_usb_hdmi_top/microblaze_0/standalone_microblaze_0/bsp/system.mss
TRACE::2024-11-08.05:57:56::SCWMssOS::DEBUG:  swdes dump  C:/Users/Shane/Documents/Classes/ECE_385/Lab_7/lab_7_2/workspace/mb_usb_hdmi_top/microblaze_0/standalone_microblaze_0/bsp/system.mss|system||

TRACE::2024-11-08.05:57:56::SCWMssOS::Sw design exists and opened at  C:/Users/Shane/Documents/Classes/ECE_385/Lab_7/lab_7_2/workspace/mb_usb_hdmi_top/microblaze_0/standalone_microblaze_0/bsp/system.mss
TRACE::2024-11-08.05:57:56::SCWPlatform::Trying to open the hw design at C:/Users/Shane/Documents/Classes/ECE_385/Lab_7/lab_7_2/workspace/mb_usb_hdmi_top/hw/mb_usb_hdmi_top.xsa
TRACE::2024-11-08.05:57:56::SCWPlatform::DSA given C:/Users/Shane/Documents/Classes/ECE_385/Lab_7/lab_7_2/workspace/mb_usb_hdmi_top/hw/mb_usb_hdmi_top.xsa
TRACE::2024-11-08.05:57:56::SCWPlatform::DSA absoulate path C:/Users/Shane/Documents/Classes/ECE_385/Lab_7/lab_7_2/workspace/mb_usb_hdmi_top/hw/mb_usb_hdmi_top.xsa
TRACE::2024-11-08.05:57:56::SCWPlatform::DSA directory C:/Users/Shane/Documents/Classes/ECE_385/Lab_7/lab_7_2/workspace/mb_usb_hdmi_top/hw
TRACE::2024-11-08.05:57:56::SCWPlatform:: Platform Path C:/Users/Shane/Documents/Classes/ECE_385/Lab_7/lab_7_2/workspace/mb_usb_hdmi_top/hw/mb_usb_hdmi_top.xsa
TRACE::2024-11-08.05:57:56::SCWPlatform:: Unique name xilinx:::0.0
TRACE::2024-11-08.05:57:56::SCWPlatform::Trying to set the existing hwdb with name mb_usb_hdmi_top_0
TRACE::2024-11-08.05:57:56::SCWPlatform::Opened existing hwdb mb_usb_hdmi_top_0
TRACE::2024-11-08.05:57:56::SCWPlatform::Found the Hw Db part of the input DSA
TRACE::2024-11-08.05:57:56::SCWMssOS::Checking the sw design at  C:/Users/Shane/Documents/Classes/ECE_385/Lab_7/lab_7_2/workspace/mb_usb_hdmi_top/microblaze_0/standalone_microblaze_0/bsp/system.mss
TRACE::2024-11-08.05:57:56::SCWMssOS::DEBUG:  swdes dump  C:/Users/Shane/Documents/Classes/ECE_385/Lab_7/lab_7_2/workspace/mb_usb_hdmi_top/microblaze_0/standalone_microblaze_0/bsp/system.mss|system||

TRACE::2024-11-08.05:57:56::SCWMssOS::Sw design exists and opened at  C:/Users/Shane/Documents/Classes/ECE_385/Lab_7/lab_7_2/workspace/mb_usb_hdmi_top/microblaze_0/standalone_microblaze_0/bsp/system.mss
TRACE::2024-11-08.05:57:56::SCWWriter::formatted JSON is {
	"platformName":	"mb_usb_hdmi_top",
	"sprVersion":	"2.0",
	"mode":	"gui",
	"dsaType":	"Fixed",
	"platformDesc":	"mb_usb_hdmi_top",
	"platHandOff":	"C:/Users/Shane/Documents/Classes/ECE_385/Lab_7/lab_7_2/mb_usb_hdmi_top.xsa",
	"platIntHandOff":	"<platformDir>/hw/mb_usb_hdmi_top.xsa",
	"deviceType":	"FPGA",
	"platIsPrebuiltAutogen":	"false",
	"platIsNoBootBsp":	"false",
	"hasFsblMakeHasChanges":	"false",
	"hasPmufwMakeHasChanges":	"false",
	"platPreBuiltFlag":	false,
	"platformSamplesDir":	"",
	"platActiveSys":	"mb_usb_hdmi_top",
	"systems":	[{
			"systemName":	"mb_usb_hdmi_top",
			"systemDesc":	"mb_usb_hdmi_top",
			"sysIsBootAutoGen":	"true",
			"systemDispName":	"mb_usb_hdmi_top",
			"sysActiveDom":	"standalone_microblaze_0",
			"sysDefaultDom":	"standalone_microblaze_0",
			"domains":	[{
					"domainName":	"standalone_microblaze_0",
					"domainDispName":	"standalone_microblaze_0",
					"domainDesc":	"standalone_microblaze_0",
					"processors":	"microblaze_0",
					"os":	"standalone",
					"sdxOs":	"standalone",
					"debugEnable":	"False",
					"domRuntimes":	["cpp"],
					"swRepo":	"",
					"mssOsVer":	"8.0",
					"mssFile":	"",
					"md5Digest":	"5422c1e5be4ae93f4de8c50507402f2a",
					"compatibleApp":	"hello_world",
					"domType":	"mssDomain",
					"arch":	"32-bit",
					"appSettings":	{
						"appCompilerFlags":	"",
						"appLinkerFlags":	""
					},
					"addedLibs":	[],
					"libOptions":	{
						"libsContainingOptions":	[]
					},
					"prebuiltLibs":	{
						"prebuiltIncPath":	[],
						"prebuiltLibPath":	[]
					},
					"isolation":	{
					}
				}]
		}]
}
KEYINFO::2024-11-08.05:57:56::SCWPlatform::updated the xpfm file.
TRACE::2024-11-08.05:57:56::SCWPlatform::Trying to open the hw design at C:/Users/Shane/Documents/Classes/ECE_385/Lab_7/lab_7_2/workspace/mb_usb_hdmi_top/hw/mb_usb_hdmi_top.xsa
TRACE::2024-11-08.05:57:56::SCWPlatform::DSA given C:/Users/Shane/Documents/Classes/ECE_385/Lab_7/lab_7_2/workspace/mb_usb_hdmi_top/hw/mb_usb_hdmi_top.xsa
TRACE::2024-11-08.05:57:56::SCWPlatform::DSA absoulate path C:/Users/Shane/Documents/Classes/ECE_385/Lab_7/lab_7_2/workspace/mb_usb_hdmi_top/hw/mb_usb_hdmi_top.xsa
TRACE::2024-11-08.05:57:56::SCWPlatform::DSA directory C:/Users/Shane/Documents/Classes/ECE_385/Lab_7/lab_7_2/workspace/mb_usb_hdmi_top/hw
TRACE::2024-11-08.05:57:56::SCWPlatform:: Platform Path C:/Users/Shane/Documents/Classes/ECE_385/Lab_7/lab_7_2/workspace/mb_usb_hdmi_top/hw/mb_usb_hdmi_top.xsa
TRACE::2024-11-08.05:57:56::SCWPlatform:: Unique name xilinx:::0.0
TRACE::2024-11-08.05:57:56::SCWPlatform::Trying to set the existing hwdb with name mb_usb_hdmi_top_0
TRACE::2024-11-08.05:57:56::SCWPlatform::Opened existing hwdb mb_usb_hdmi_top_0
TRACE::2024-11-08.05:57:56::SCWPlatform::Found the Hw Db part of the input DSA
TRACE::2024-11-08.05:57:56::SCWMssOS::Checking the sw design at  C:/Users/Shane/Documents/Classes/ECE_385/Lab_7/lab_7_2/workspace/mb_usb_hdmi_top/microblaze_0/standalone_microblaze_0/bsp/system.mss
TRACE::2024-11-08.05:57:56::SCWMssOS::DEBUG:  swdes dump  C:/Users/Shane/Documents/Classes/ECE_385/Lab_7/lab_7_2/workspace/mb_usb_hdmi_top/microblaze_0/standalone_microblaze_0/bsp/system.mss|system||

TRACE::2024-11-08.05:57:56::SCWMssOS::Sw design exists and opened at  C:/Users/Shane/Documents/Classes/ECE_385/Lab_7/lab_7_2/workspace/mb_usb_hdmi_top/microblaze_0/standalone_microblaze_0/bsp/system.mss
TRACE::2024-11-08.06:13:04::SCWMssOS::cleaning the bsp 
TRACE::2024-11-08.06:13:04::SCWMssOS::System Command Ran  C: & cd  C:/Users/Shane/Documents/Classes/ECE_385/Lab_7/lab_7_2/workspace/mb_usb_hdmi_top/microblaze_0/standalone_microblaze_0/bsp & make clean 
TRACE::2024-11-08.06:13:04::SCWMssOS::make -C microblaze_0/libsrc/bram_v4_8/src -s clean 

TRACE::2024-11-08.06:13:04::SCWMssOS::make -C microblaze_0/libsrc/cpu_v2_16/src -s clean 

TRACE::2024-11-08.06:13:04::SCWMssOS::make -C microblaze_0/libsrc/intc_v3_15/src -s clean 

TRACE::2024-11-08.06:13:04::SCWMssOS::make -C microblaze_0/libsrc/standalone_v8_0/src -s clean 

TRACE::2024-11-08.06:13:05::SCWMssOS::make -C microblaze_0/libsrc/uartlite_v3_7/src -s clean 

TRACE::2024-11-08.06:13:05::SCWMssOS::rm -f microblaze_0/lib/libxil.a

LOG::2024-11-08.06:13:12::SCWPlatform::Started generating the artifacts platform mb_usb_hdmi_top
TRACE::2024-11-08.06:13:12::SCWPlatform::Sanity checking of platform is completed
LOG::2024-11-08.06:13:12::SCWPlatform::Started generating the artifacts for system configuration mb_usb_hdmi_top
LOG::2024-11-08.06:13:12::SCWSystem::Checking the domain standalone_microblaze_0
LOG::2024-11-08.06:13:12::SCWSystem::Not a boot domain 
LOG::2024-11-08.06:13:12::SCWSystem::Started Processing the domain standalone_microblaze_0
TRACE::2024-11-08.06:13:12::SCWDomain::Generating domain artifcats
TRACE::2024-11-08.06:13:12::SCWMssOS::Generating standalone artifcats
TRACE::2024-11-08.06:13:12::SCWMssOS:: Copying the user libraries. 
TRACE::2024-11-08.06:13:12::SCWPlatform::Trying to open the hw design at C:/Users/Shane/Documents/Classes/ECE_385/Lab_7/lab_7_2/workspace/mb_usb_hdmi_top/hw/mb_usb_hdmi_top.xsa
TRACE::2024-11-08.06:13:12::SCWPlatform::DSA given C:/Users/Shane/Documents/Classes/ECE_385/Lab_7/lab_7_2/workspace/mb_usb_hdmi_top/hw/mb_usb_hdmi_top.xsa
TRACE::2024-11-08.06:13:12::SCWPlatform::DSA absoulate path C:/Users/Shane/Documents/Classes/ECE_385/Lab_7/lab_7_2/workspace/mb_usb_hdmi_top/hw/mb_usb_hdmi_top.xsa
TRACE::2024-11-08.06:13:12::SCWPlatform::DSA directory C:/Users/Shane/Documents/Classes/ECE_385/Lab_7/lab_7_2/workspace/mb_usb_hdmi_top/hw
TRACE::2024-11-08.06:13:12::SCWPlatform:: Platform Path C:/Users/Shane/Documents/Classes/ECE_385/Lab_7/lab_7_2/workspace/mb_usb_hdmi_top/hw/mb_usb_hdmi_top.xsa
TRACE::2024-11-08.06:13:12::SCWPlatform:: Unique name xilinx:::0.0
TRACE::2024-11-08.06:13:12::SCWPlatform::Trying to set the existing hwdb with name mb_usb_hdmi_top_0
TRACE::2024-11-08.06:13:12::SCWPlatform::Opened existing hwdb mb_usb_hdmi_top_0
TRACE::2024-11-08.06:13:12::SCWPlatform::Found the Hw Db part of the input DSA
TRACE::2024-11-08.06:13:12::SCWMssOS::Checking the sw design at  C:/Users/Shane/Documents/Classes/ECE_385/Lab_7/lab_7_2/workspace/mb_usb_hdmi_top/microblaze_0/standalone_microblaze_0/bsp/system.mss
TRACE::2024-11-08.06:13:12::SCWMssOS::DEBUG:  swdes dump  C:/Users/Shane/Documents/Classes/ECE_385/Lab_7/lab_7_2/workspace/mb_usb_hdmi_top/microblaze_0/standalone_microblaze_0/bsp/system.mss|system||

TRACE::2024-11-08.06:13:12::SCWMssOS::Sw design exists and opened at  C:/Users/Shane/Documents/Classes/ECE_385/Lab_7/lab_7_2/workspace/mb_usb_hdmi_top/microblaze_0/standalone_microblaze_0/bsp/system.mss
TRACE::2024-11-08.06:13:12::SCWMssOS::Completed writing the mss file at C:/Users/Shane/Documents/Classes/ECE_385/Lab_7/lab_7_2/workspace/mb_usb_hdmi_top/microblaze_0/standalone_microblaze_0/bsp
TRACE::2024-11-08.06:13:12::SCWMssOS::Mss edits present, copying mssfile into export location C:/Users/Shane/Documents/Classes/ECE_385/Lab_7/lab_7_2/workspace/mb_usb_hdmi_top/microblaze_0/standalone_microblaze_0/bsp/system.mss
TRACE::2024-11-08.06:13:12::SCWMssOS::bsp generated is upto date with the mss file. Skipping bsp generation.
TRACE::2024-11-08.06:13:12::SCWMssOS::BSP is already built. skipping the bsp build ... 
TRACE::2024-11-08.06:13:12::SCWDomain::Building the domain as part of full build :  standalone_microblaze_0
TRACE::2024-11-08.06:13:12::SCWMssOS::doing bsp build ... 
TRACE::2024-11-08.06:13:12::SCWMssOS::System Command Ran  C: & cd  C:/Users/Shane/Documents/Classes/ECE_385/Lab_7/lab_7_2/workspace/mb_usb_hdmi_top/microblaze_0/standalone_microblaze_0/bsp & make 
TRACE::2024-11-08.06:13:12::SCWMssOS::make --no-print-directory seq_libs

TRACE::2024-11-08.06:13:12::SCWMssOS::'Finished building libraries sequentially.'

TRACE::2024-11-08.06:13:12::SCWMssOS::make -j 6 --no-print-directory par_libs

TRACE::2024-11-08.06:13:12::SCWMssOS::"Running Make include in microblaze_0/libsrc/bram_v4_8/src"

TRACE::2024-11-08.06:13:13::SCWMssOS::make -C microblaze_0/libsrc/bram_v4_8/src -s include  "SHELL=CMD" "COMPILER=mb-gcc" "ASSEMBLER=mb-as" "ARCHIVER=mb-ar" "COMPILE
TRACE::2024-11-08.06:13:13::SCWMssOS::R_FLAGS=  -O2 -c -mcpu=v11.0 -mlittle-endian -mno-xl-reorder -mno-xl-soft-mul -mxl-barrel-shift -mxl-pattern-compare" "EXTRA_CO
TRACE::2024-11-08.06:13:13::SCWMssOS::MPILER_FLAGS=-g -ffunction-sections -fdata-sections -Wall -Wextra -fno-tree-loop-distribute-patterns"

TRACE::2024-11-08.06:13:13::SCWMssOS::"Running Make include in microblaze_0/libsrc/cpu_v2_16/src"

TRACE::2024-11-08.06:13:13::SCWMssOS::make -C microblaze_0/libsrc/cpu_v2_16/src -s include  "SHELL=CMD" "COMPILER=mb-gcc" "ASSEMBLER=mb-as" "ARCHIVER=mb-ar" "COMPILE
TRACE::2024-11-08.06:13:13::SCWMssOS::R_FLAGS=  -O2 -c -mcpu=v11.0 -mlittle-endian -mno-xl-reorder -mno-xl-soft-mul -mxl-barrel-shift -mxl-pattern-compare" "EXTRA_CO
TRACE::2024-11-08.06:13:13::SCWMssOS::MPILER_FLAGS=-g -ffunction-sections -fdata-sections -Wall -Wextra -fno-tree-loop-distribute-patterns"

TRACE::2024-11-08.06:13:13::SCWMssOS::"Running Make include in microblaze_0/libsrc/intc_v3_15/src"

TRACE::2024-11-08.06:13:13::SCWMssOS::make -C microblaze_0/libsrc/intc_v3_15/src -s include  "SHELL=CMD" "COMPILER=mb-gcc" "ASSEMBLER=mb-as" "ARCHIVER=mb-ar" "COMPIL
TRACE::2024-11-08.06:13:13::SCWMssOS::ER_FLAGS=  -O2 -c -mcpu=v11.0 -mlittle-endian -mno-xl-reorder -mno-xl-soft-mul -mxl-barrel-shift -mxl-pattern-compare" "EXTRA_C
TRACE::2024-11-08.06:13:13::SCWMssOS::OMPILER_FLAGS=-g -ffunction-sections -fdata-sections -Wall -Wextra -fno-tree-loop-distribute-patterns"

TRACE::2024-11-08.06:13:13::SCWMssOS::"Running Make include in microblaze_0/libsrc/standalone_v8_0/src"

TRACE::2024-11-08.06:13:13::SCWMssOS::make -C microblaze_0/libsrc/standalone_v8_0/src -s include  "SHELL=CMD" "COMPILER=mb-gcc" "ASSEMBLER=mb-as" "ARCHIVER=mb-ar" "C
TRACE::2024-11-08.06:13:13::SCWMssOS::OMPILER_FLAGS=  -O2 -c -mcpu=v11.0 -mlittle-endian -mno-xl-reorder -mno-xl-soft-mul -mxl-barrel-shift -mxl-pattern-compare" "EX
TRACE::2024-11-08.06:13:13::SCWMssOS::TRA_COMPILER_FLAGS=-g -ffunction-sections -fdata-sections -Wall -Wextra -fno-tree-loop-distribute-patterns"

TRACE::2024-11-08.06:13:13::SCWMssOS::"Running Make include in microblaze_0/libsrc/uartlite_v3_7/src"

TRACE::2024-11-08.06:13:13::SCWMssOS::make -C microblaze_0/libsrc/uartlite_v3_7/src -s include  "SHELL=CMD" "COMPILER=mb-gcc" "ASSEMBLER=mb-as" "ARCHIVER=mb-ar" "COM
TRACE::2024-11-08.06:13:13::SCWMssOS::PILER_FLAGS=  -O2 -c -mcpu=v11.0 -mlittle-endian -mno-xl-reorder -mno-xl-soft-mul -mxl-barrel-shift -mxl-pattern-compare" "EXTR
TRACE::2024-11-08.06:13:13::SCWMssOS::A_COMPILER_FLAGS=-g -ffunction-sections -fdata-sections -Wall -Wextra -fno-tree-loop-distribute-patterns"

TRACE::2024-11-08.06:13:13::SCWMssOS::"Running Make libs in microblaze_0/libsrc/bram_v4_8/src"

TRACE::2024-11-08.06:13:13::SCWMssOS::make -C microblaze_0/libsrc/bram_v4_8/src -s libs  "SHELL=CMD" "COMPILER=mb-gcc" "ASSEMBLER=mb-as" "ARCHIVER=mb-ar" "COMPILER_F
TRACE::2024-11-08.06:13:13::SCWMssOS::LAGS=  -O2 -c -mcpu=v11.0 -mlittle-endian -mno-xl-reorder -mno-xl-soft-mul -mxl-barrel-shift -mxl-pattern-compare" "EXTRA_COMPI
TRACE::2024-11-08.06:13:13::SCWMssOS::LER_FLAGS=-g -ffunction-sections -fdata-sections -Wall -Wextra -fno-tree-loop-distribute-patterns"

TRACE::2024-11-08.06:13:13::SCWMssOS::"Running Make libs in microblaze_0/libsrc/cpu_v2_16/src"

TRACE::2024-11-08.06:13:13::SCWMssOS::make -C microblaze_0/libsrc/cpu_v2_16/src -s libs  "SHELL=CMD" "COMPILER=mb-gcc" "ASSEMBLER=mb-as" "ARCHIVER=mb-ar" "COMPILER_F
TRACE::2024-11-08.06:13:13::SCWMssOS::LAGS=  -O2 -c -mcpu=v11.0 -mlittle-endian -mno-xl-reorder -mno-xl-soft-mul -mxl-barrel-shift -mxl-pattern-compare" "EXTRA_COMPI
TRACE::2024-11-08.06:13:13::SCWMssOS::LER_FLAGS=-g -ffunction-sections -fdata-sections -Wall -Wextra -fno-tree-loop-distribute-patterns"

TRACE::2024-11-08.06:13:13::SCWMssOS::"Running Make libs in microblaze_0/libsrc/intc_v3_15/src"

TRACE::2024-11-08.06:13:13::SCWMssOS::make -C microblaze_0/libsrc/intc_v3_15/src -s libs  "SHELL=CMD" "COMPILER=mb-gcc" "ASSEMBLER=mb-as" "ARCHIVER=mb-ar" "COMPILER_
TRACE::2024-11-08.06:13:13::SCWMssOS::FLAGS=  -O2 -c -mcpu=v11.0 -mlittle-endian -mno-xl-reorder -mno-xl-soft-mul -mxl-barrel-shift -mxl-pattern-compare" "EXTRA_COMP
TRACE::2024-11-08.06:13:13::SCWMssOS::ILER_FLAGS=-g -ffunction-sections -fdata-sections -Wall -Wextra -fno-tree-loop-distribute-patterns"

TRACE::2024-11-08.06:13:14::SCWMssOS::"Running Make libs in microblaze_0/libsrc/standalone_v8_0/src"

TRACE::2024-11-08.06:13:14::SCWMssOS::make -C microblaze_0/libsrc/standalone_v8_0/src -s libs  "SHELL=CMD" "COMPILER=mb-gcc" "ASSEMBLER=mb-as" "ARCHIVER=mb-ar" "COMP
TRACE::2024-11-08.06:13:14::SCWMssOS::ILER_FLAGS=  -O2 -c -mcpu=v11.0 -mlittle-endian -mno-xl-reorder -mno-xl-soft-mul -mxl-barrel-shift -mxl-pattern-compare" "EXTRA
TRACE::2024-11-08.06:13:14::SCWMssOS::_COMPILER_FLAGS=-g -ffunction-sections -fdata-sections -Wall -Wextra -fno-tree-loop-distribute-patterns"

TRACE::2024-11-08.06:13:14::SCWMssOS::"Running Make libs in microblaze_0/libsrc/uartlite_v3_7/src"

TRACE::2024-11-08.06:13:14::SCWMssOS::make -C microblaze_0/libsrc/uartlite_v3_7/src -s libs  "SHELL=CMD" "COMPILER=mb-gcc" "ASSEMBLER=mb-as" "ARCHIVER=mb-ar" "COMPIL
TRACE::2024-11-08.06:13:14::SCWMssOS::ER_FLAGS=  -O2 -c -mcpu=v11.0 -mlittle-endian -mno-xl-reorder -mno-xl-soft-mul -mxl-barrel-shift -mxl-pattern-compare" "EXTRA_C
TRACE::2024-11-08.06:13:14::SCWMssOS::OMPILER_FLAGS=-g -ffunction-sections -fdata-sections -Wall -Wextra -fno-tree-loop-distribute-patterns"

TRACE::2024-11-08.06:13:15::SCWMssOS::"DEBUG NON_LTO_OBJECTS is ../../../lib/microblaze_interrupt_handler.o"

TRACE::2024-11-08.06:13:16::SCWMssOS::'Finished building libraries parallelly.'

TRACE::2024-11-08.06:13:16::SCWMssOS::make --no-print-directory archive

TRACE::2024-11-08.06:13:16::SCWMssOS::mb-ar -r  microblaze_0/lib/libxil.a microblaze_0/lib/_exit.o microblaze_0/lib/errno.o microblaze_0/lib/fcntl.o microblaze_0/lib
TRACE::2024-11-08.06:13:16::SCWMssOS::/hw_exception_handler.o microblaze_0/lib/inbyte.o microblaze_0/lib/microblaze_disable_dcache.o microblaze_0/lib/microblaze_disa
TRACE::2024-11-08.06:13:16::SCWMssOS::ble_exceptions.o microblaze_0/lib/microblaze_disable_icache.o microblaze_0/lib/microblaze_disable_interrupts.o microblaze_0/lib
TRACE::2024-11-08.06:13:16::SCWMssOS::/microblaze_enable_dcache.o microblaze_0/lib/microblaze_enable_exceptions.o microblaze_0/lib/microblaze_enable_icache.o microbl
TRACE::2024-11-08.06:13:16::SCWMssOS::aze_0/lib/microblaze_enable_interrupts.o microblaze_0/lib/microblaze_exception_handler.o microblaze_0/lib/microblaze_flush_cach
TRACE::2024-11-08.06:13:16::SCWMssOS::e_ext.o microblaze_0/lib/microblaze_flush_cache_ext_range.o microblaze_0/lib/microblaze_flush_dcache.o microblaze_0/lib/microbl
TRACE::2024-11-08.06:13:16::SCWMssOS::aze_flush_dcache_range.o microblaze_0/lib/microblaze_init_dcache_range.o microblaze_0/lib/microblaze_init_icache_range.o microb
TRACE::2024-11-08.06:13:16::SCWMssOS::laze_0/lib/microblaze_interrupt_handler.o microblaze_0/lib/microblaze_interrupts_g.o microblaze_0/lib/microblaze_invalidate_cac
TRACE::2024-11-08.06:13:16::SCWMssOS::he_ext.o microblaze_0/lib/microblaze_invalidate_cache_ext_range.o microblaze_0/lib/microblaze_invalidate_dcache.o microblaze_0/
TRACE::2024-11-08.06:13:16::SCWMssOS::lib/microblaze_invalidate_dcache_range.o microblaze_0/lib/microblaze_invalidate_icache.o microblaze_0/lib/microblaze_invalidate
TRACE::2024-11-08.06:13:16::SCWMssOS::_icache_range.o microblaze_0/lib/microblaze_scrub.o microblaze_0/lib/microblaze_selftest.o microblaze_0/lib/microblaze_sleep.o 
TRACE::2024-11-08.06:13:16::SCWMssOS::microblaze_0/lib/microblaze_update_dcache.o microblaze_0/lib/microblaze_update_icache.o microblaze_0/lib/outbyte.o microblaze_0
TRACE::2024-11-08.06:13:16::SCWMssOS::/lib/print.o microblaze_0/lib/pvr.o microblaze_0/lib/xbram.o microblaze_0/lib/xbram_g.o microblaze_0/lib/xbram_intr.o microblaz
TRACE::2024-11-08.06:13:16::SCWMssOS::e_0/lib/xbram_selftest.o microblaze_0/lib/xbram_sinit.o microblaze_0/lib/xil_assert.o microblaze_0/lib/xil_cache.o microblaze_0
TRACE::2024-11-08.06:13:16::SCWMssOS::/lib/xil_clocking.o microblaze_0/lib/xil_exception.o microblaze_0/lib/xil_mem.o microblaze_0/lib/xil_misc_psreset_api.o microbl
TRACE::2024-11-08.06:13:16::SCWMssOS::aze_0/lib/xil_printf.o microblaze_0/lib/xil_sleepcommon.o microblaze_0/lib/xil_testcache.o microblaze_0/lib/xil_testio.o microb
TRACE::2024-11-08.06:13:16::SCWMssOS::laze_0/lib/xil_testmem.o microblaze_0/lib/xil_util.o microblaze_0/lib/xintc.o microblaze_0/lib/xintc_g.o microblaze_0/lib/xintc
TRACE::2024-11-08.06:13:16::SCWMssOS::_intr.o microblaze_0/lib/xintc_l.o microblaze_0/lib/xintc_options.o microblaze_0/lib/xintc_selftest.o microblaze_0/lib/xinterru
TRACE::2024-11-08.06:13:16::SCWMssOS::pt_wrap.o microblaze_0/lib/xio.o microblaze_0/lib/xplatform_info.o microblaze_0/lib/xuartlite.o microblaze_0/lib/xuartlite_g.o 
TRACE::2024-11-08.06:13:16::SCWMssOS::microblaze_0/lib/xuartlite_intr.o microblaze_0/lib/xuartlite_l.o microblaze_0/lib/xuartlite_selftest.o microblaze_0/lib/xuartli
TRACE::2024-11-08.06:13:16::SCWMssOS::te_sinit.o microblaze_0/lib/xuartlite_stats.o

TRACE::2024-11-08.06:13:16::SCWMssOS::'Finished building libraries'

TRACE::2024-11-08.06:13:16::SCWMssOS::Copying to export directory.
TRACE::2024-11-08.06:13:16::SCWMssOS:: Checking if to create the Supporting Applications
TRACE::2024-11-08.06:13:16::SCWMssOS:: No Linux domain exists, trying to generate FSBL 
LOG::2024-11-08.06:13:16::SCWSystem::Completed Processing the domain standalone_microblaze_0
LOG::2024-11-08.06:13:16::SCWSystem::Completed Processing the sysconfig mb_usb_hdmi_top
LOG::2024-11-08.06:13:16::SCWPlatform::Completed generating the artifacts for system configuration mb_usb_hdmi_top
TRACE::2024-11-08.06:13:16::SCWPlatform::Started preparing the platform 
TRACE::2024-11-08.06:13:16::SCWSystem::Writing the bif file for system config mb_usb_hdmi_top
TRACE::2024-11-08.06:13:16::SCWSystem::dir created 
TRACE::2024-11-08.06:13:16::SCWSystem::Writing the bif 
TRACE::2024-11-08.06:13:16::SCWPlatform::Started writing the spfm file 
TRACE::2024-11-08.06:13:16::SCWPlatform::Started writing the xpfm file 
TRACE::2024-11-08.06:13:16::SCWPlatform::Completed generating the platform
TRACE::2024-11-08.06:13:16::SCWMssOS::Saving the mss changes C:/Users/Shane/Documents/Classes/ECE_385/Lab_7/lab_7_2/workspace/mb_usb_hdmi_top/microblaze_0/standalone_microblaze_0/bsp/system.mss
TRACE::2024-11-08.06:13:16::SCWMssOS::Found a swdesign opened with the mssfile.
TRACE::2024-11-08.06:13:16::SCWMssOS::Completed writemss as part of save.
TRACE::2024-11-08.06:13:16::SCWMssOS::Commit changes completed.
TRACE::2024-11-08.06:13:16::SCWPlatform::Trying to open the hw design at C:/Users/Shane/Documents/Classes/ECE_385/Lab_7/lab_7_2/workspace/mb_usb_hdmi_top/hw/mb_usb_hdmi_top.xsa
TRACE::2024-11-08.06:13:16::SCWPlatform::DSA given C:/Users/Shane/Documents/Classes/ECE_385/Lab_7/lab_7_2/workspace/mb_usb_hdmi_top/hw/mb_usb_hdmi_top.xsa
TRACE::2024-11-08.06:13:16::SCWPlatform::DSA absoulate path C:/Users/Shane/Documents/Classes/ECE_385/Lab_7/lab_7_2/workspace/mb_usb_hdmi_top/hw/mb_usb_hdmi_top.xsa
TRACE::2024-11-08.06:13:16::SCWPlatform::DSA directory C:/Users/Shane/Documents/Classes/ECE_385/Lab_7/lab_7_2/workspace/mb_usb_hdmi_top/hw
TRACE::2024-11-08.06:13:16::SCWPlatform:: Platform Path C:/Users/Shane/Documents/Classes/ECE_385/Lab_7/lab_7_2/workspace/mb_usb_hdmi_top/hw/mb_usb_hdmi_top.xsa
TRACE::2024-11-08.06:13:16::SCWPlatform:: Unique name xilinx:::0.0
TRACE::2024-11-08.06:13:16::SCWPlatform::Trying to set the existing hwdb with name mb_usb_hdmi_top_0
TRACE::2024-11-08.06:13:16::SCWPlatform::Opened existing hwdb mb_usb_hdmi_top_0
TRACE::2024-11-08.06:13:16::SCWPlatform::Found the Hw Db part of the input DSA
TRACE::2024-11-08.06:13:16::SCWMssOS::Checking the sw design at  C:/Users/Shane/Documents/Classes/ECE_385/Lab_7/lab_7_2/workspace/mb_usb_hdmi_top/microblaze_0/standalone_microblaze_0/bsp/system.mss
TRACE::2024-11-08.06:13:16::SCWMssOS::DEBUG:  swdes dump  C:/Users/Shane/Documents/Classes/ECE_385/Lab_7/lab_7_2/workspace/mb_usb_hdmi_top/microblaze_0/standalone_microblaze_0/bsp/system.mss|system||

TRACE::2024-11-08.06:13:16::SCWMssOS::Sw design exists and opened at  C:/Users/Shane/Documents/Classes/ECE_385/Lab_7/lab_7_2/workspace/mb_usb_hdmi_top/microblaze_0/standalone_microblaze_0/bsp/system.mss
TRACE::2024-11-08.06:13:16::SCWPlatform::Trying to open the hw design at C:/Users/Shane/Documents/Classes/ECE_385/Lab_7/lab_7_2/workspace/mb_usb_hdmi_top/hw/mb_usb_hdmi_top.xsa
TRACE::2024-11-08.06:13:16::SCWPlatform::DSA given C:/Users/Shane/Documents/Classes/ECE_385/Lab_7/lab_7_2/workspace/mb_usb_hdmi_top/hw/mb_usb_hdmi_top.xsa
TRACE::2024-11-08.06:13:16::SCWPlatform::DSA absoulate path C:/Users/Shane/Documents/Classes/ECE_385/Lab_7/lab_7_2/workspace/mb_usb_hdmi_top/hw/mb_usb_hdmi_top.xsa
TRACE::2024-11-08.06:13:16::SCWPlatform::DSA directory C:/Users/Shane/Documents/Classes/ECE_385/Lab_7/lab_7_2/workspace/mb_usb_hdmi_top/hw
TRACE::2024-11-08.06:13:16::SCWPlatform:: Platform Path C:/Users/Shane/Documents/Classes/ECE_385/Lab_7/lab_7_2/workspace/mb_usb_hdmi_top/hw/mb_usb_hdmi_top.xsa
TRACE::2024-11-08.06:13:16::SCWPlatform:: Unique name xilinx:::0.0
TRACE::2024-11-08.06:13:16::SCWPlatform::Trying to set the existing hwdb with name mb_usb_hdmi_top_0
TRACE::2024-11-08.06:13:16::SCWPlatform::Opened existing hwdb mb_usb_hdmi_top_0
TRACE::2024-11-08.06:13:16::SCWPlatform::Found the Hw Db part of the input DSA
TRACE::2024-11-08.06:13:16::SCWMssOS::Checking the sw design at  C:/Users/Shane/Documents/Classes/ECE_385/Lab_7/lab_7_2/workspace/mb_usb_hdmi_top/microblaze_0/standalone_microblaze_0/bsp/system.mss
TRACE::2024-11-08.06:13:16::SCWMssOS::DEBUG:  swdes dump  C:/Users/Shane/Documents/Classes/ECE_385/Lab_7/lab_7_2/workspace/mb_usb_hdmi_top/microblaze_0/standalone_microblaze_0/bsp/system.mss|system||

TRACE::2024-11-08.06:13:16::SCWMssOS::Sw design exists and opened at  C:/Users/Shane/Documents/Classes/ECE_385/Lab_7/lab_7_2/workspace/mb_usb_hdmi_top/microblaze_0/standalone_microblaze_0/bsp/system.mss
TRACE::2024-11-08.06:13:16::SCWPlatform::Trying to open the hw design at C:/Users/Shane/Documents/Classes/ECE_385/Lab_7/lab_7_2/workspace/mb_usb_hdmi_top/hw/mb_usb_hdmi_top.xsa
TRACE::2024-11-08.06:13:16::SCWPlatform::DSA given C:/Users/Shane/Documents/Classes/ECE_385/Lab_7/lab_7_2/workspace/mb_usb_hdmi_top/hw/mb_usb_hdmi_top.xsa
TRACE::2024-11-08.06:13:16::SCWPlatform::DSA absoulate path C:/Users/Shane/Documents/Classes/ECE_385/Lab_7/lab_7_2/workspace/mb_usb_hdmi_top/hw/mb_usb_hdmi_top.xsa
TRACE::2024-11-08.06:13:16::SCWPlatform::DSA directory C:/Users/Shane/Documents/Classes/ECE_385/Lab_7/lab_7_2/workspace/mb_usb_hdmi_top/hw
TRACE::2024-11-08.06:13:16::SCWPlatform:: Platform Path C:/Users/Shane/Documents/Classes/ECE_385/Lab_7/lab_7_2/workspace/mb_usb_hdmi_top/hw/mb_usb_hdmi_top.xsa
TRACE::2024-11-08.06:13:16::SCWPlatform:: Unique name xilinx:::0.0
TRACE::2024-11-08.06:13:16::SCWPlatform::Trying to set the existing hwdb with name mb_usb_hdmi_top_0
TRACE::2024-11-08.06:13:16::SCWPlatform::Opened existing hwdb mb_usb_hdmi_top_0
TRACE::2024-11-08.06:13:16::SCWPlatform::Found the Hw Db part of the input DSA
TRACE::2024-11-08.06:13:16::SCWMssOS::Checking the sw design at  C:/Users/Shane/Documents/Classes/ECE_385/Lab_7/lab_7_2/workspace/mb_usb_hdmi_top/microblaze_0/standalone_microblaze_0/bsp/system.mss
TRACE::2024-11-08.06:13:16::SCWMssOS::DEBUG:  swdes dump  C:/Users/Shane/Documents/Classes/ECE_385/Lab_7/lab_7_2/workspace/mb_usb_hdmi_top/microblaze_0/standalone_microblaze_0/bsp/system.mss|system||

TRACE::2024-11-08.06:13:16::SCWMssOS::Sw design exists and opened at  C:/Users/Shane/Documents/Classes/ECE_385/Lab_7/lab_7_2/workspace/mb_usb_hdmi_top/microblaze_0/standalone_microblaze_0/bsp/system.mss
TRACE::2024-11-08.06:13:16::SCWWriter::formatted JSON is {
	"platformName":	"mb_usb_hdmi_top",
	"sprVersion":	"2.0",
	"mode":	"gui",
	"dsaType":	"Fixed",
	"platformDesc":	"mb_usb_hdmi_top",
	"platHandOff":	"C:/Users/Shane/Documents/Classes/ECE_385/Lab_7/lab_7_2/mb_usb_hdmi_top.xsa",
	"platIntHandOff":	"<platformDir>/hw/mb_usb_hdmi_top.xsa",
	"deviceType":	"FPGA",
	"platIsPrebuiltAutogen":	"false",
	"platIsNoBootBsp":	"false",
	"hasFsblMakeHasChanges":	"false",
	"hasPmufwMakeHasChanges":	"false",
	"platPreBuiltFlag":	false,
	"platformSamplesDir":	"",
	"platActiveSys":	"mb_usb_hdmi_top",
	"systems":	[{
			"systemName":	"mb_usb_hdmi_top",
			"systemDesc":	"mb_usb_hdmi_top",
			"sysIsBootAutoGen":	"true",
			"systemDispName":	"mb_usb_hdmi_top",
			"sysActiveDom":	"standalone_microblaze_0",
			"sysDefaultDom":	"standalone_microblaze_0",
			"domains":	[{
					"domainName":	"standalone_microblaze_0",
					"domainDispName":	"standalone_microblaze_0",
					"domainDesc":	"standalone_microblaze_0",
					"processors":	"microblaze_0",
					"os":	"standalone",
					"sdxOs":	"standalone",
					"debugEnable":	"False",
					"domRuntimes":	["cpp"],
					"swRepo":	"",
					"mssOsVer":	"8.0",
					"mssFile":	"",
					"md5Digest":	"5422c1e5be4ae93f4de8c50507402f2a",
					"compatibleApp":	"hello_world",
					"domType":	"mssDomain",
					"arch":	"32-bit",
					"appSettings":	{
						"appCompilerFlags":	"",
						"appLinkerFlags":	""
					},
					"addedLibs":	[],
					"libOptions":	{
						"libsContainingOptions":	[]
					},
					"prebuiltLibs":	{
						"prebuiltIncPath":	[],
						"prebuiltLibPath":	[]
					},
					"isolation":	{
					}
				}]
		}]
}
KEYINFO::2024-11-08.06:13:16::SCWPlatform::updated the xpfm file.
TRACE::2024-11-08.06:13:16::SCWPlatform::Trying to open the hw design at C:/Users/Shane/Documents/Classes/ECE_385/Lab_7/lab_7_2/workspace/mb_usb_hdmi_top/hw/mb_usb_hdmi_top.xsa
TRACE::2024-11-08.06:13:16::SCWPlatform::DSA given C:/Users/Shane/Documents/Classes/ECE_385/Lab_7/lab_7_2/workspace/mb_usb_hdmi_top/hw/mb_usb_hdmi_top.xsa
TRACE::2024-11-08.06:13:16::SCWPlatform::DSA absoulate path C:/Users/Shane/Documents/Classes/ECE_385/Lab_7/lab_7_2/workspace/mb_usb_hdmi_top/hw/mb_usb_hdmi_top.xsa
TRACE::2024-11-08.06:13:16::SCWPlatform::DSA directory C:/Users/Shane/Documents/Classes/ECE_385/Lab_7/lab_7_2/workspace/mb_usb_hdmi_top/hw
TRACE::2024-11-08.06:13:16::SCWPlatform:: Platform Path C:/Users/Shane/Documents/Classes/ECE_385/Lab_7/lab_7_2/workspace/mb_usb_hdmi_top/hw/mb_usb_hdmi_top.xsa
TRACE::2024-11-08.06:13:16::SCWPlatform:: Unique name xilinx:::0.0
TRACE::2024-11-08.06:13:16::SCWPlatform::Trying to set the existing hwdb with name mb_usb_hdmi_top_0
TRACE::2024-11-08.06:13:16::SCWPlatform::Opened existing hwdb mb_usb_hdmi_top_0
TRACE::2024-11-08.06:13:16::SCWPlatform::Found the Hw Db part of the input DSA
TRACE::2024-11-08.06:13:16::SCWMssOS::Checking the sw design at  C:/Users/Shane/Documents/Classes/ECE_385/Lab_7/lab_7_2/workspace/mb_usb_hdmi_top/microblaze_0/standalone_microblaze_0/bsp/system.mss
TRACE::2024-11-08.06:13:16::SCWMssOS::DEBUG:  swdes dump  C:/Users/Shane/Documents/Classes/ECE_385/Lab_7/lab_7_2/workspace/mb_usb_hdmi_top/microblaze_0/standalone_microblaze_0/bsp/system.mss|system||

TRACE::2024-11-08.06:13:16::SCWMssOS::Sw design exists and opened at  C:/Users/Shane/Documents/Classes/ECE_385/Lab_7/lab_7_2/workspace/mb_usb_hdmi_top/microblaze_0/standalone_microblaze_0/bsp/system.mss
TRACE::2024-11-08.07:12:53::SCWPlatform::Clearing the existing platform
TRACE::2024-11-08.07:12:53::SCWSystem::Clearing the existing sysconfig
TRACE::2024-11-08.07:12:53::SCWMssOS::Removing the swdes entry for  C:/Users/Shane/Documents/Classes/ECE_385/Lab_7/lab_7_2/workspace/mb_usb_hdmi_top/microblaze_0/standalone_microblaze_0/bsp/system.mss
TRACE::2024-11-08.07:12:53::SCWSystem::Clearing the domains completed.
TRACE::2024-11-08.07:12:53::SCWPlatform::Clearing the opened hw db.
TRACE::2024-11-08.07:12:53::SCWPlatform::DSA given C:/Users/Shane/Documents/Classes/ECE_385/Lab_7/lab_7_2/workspace/mb_usb_hdmi_top/hw/mb_usb_hdmi_top.xsa
TRACE::2024-11-08.07:12:53::SCWPlatform::DSA absoulate path C:/Users/Shane/Documents/Classes/ECE_385/Lab_7/lab_7_2/workspace/mb_usb_hdmi_top/hw/mb_usb_hdmi_top.xsa
TRACE::2024-11-08.07:12:53::SCWPlatform:: Platform location is C:/Users/Shane/Documents/Classes/ECE_385/Lab_7/lab_7_2/workspace/mb_usb_hdmi_top/hw
TRACE::2024-11-08.07:12:53::SCWPlatform:: Platform Path C:/Users/Shane/Documents/Classes/ECE_385/Lab_7/lab_7_2/workspace/mb_usb_hdmi_top/hw/mb_usb_hdmi_top.xsa
TRACE::2024-11-08.07:12:53::SCWPlatform:: Unique name xilinx:::0.0
TRACE::2024-11-08.07:12:53::SCWPlatform::Removing the HwDB with name C:/Users/Shane/Documents/Classes/ECE_385/Lab_7/lab_7_2/workspace/mb_usb_hdmi_top/hw/mb_usb_hdmi_top.xsa
TRACE::2024-11-08.07:12:53::SCWPlatform::Trying to open the hw design at C:/Users/Shane/Documents/Classes/ECE_385/Lab_7/lab_7_2/workspace/mb_usb_hdmi_top/hw/mb_usb_hdmi_top.xsa
TRACE::2024-11-08.07:12:53::SCWPlatform::DSA given C:/Users/Shane/Documents/Classes/ECE_385/Lab_7/lab_7_2/workspace/mb_usb_hdmi_top/hw/mb_usb_hdmi_top.xsa
TRACE::2024-11-08.07:12:53::SCWPlatform::DSA absoulate path C:/Users/Shane/Documents/Classes/ECE_385/Lab_7/lab_7_2/workspace/mb_usb_hdmi_top/hw/mb_usb_hdmi_top.xsa
TRACE::2024-11-08.07:12:53::SCWPlatform::DSA directory C:/Users/Shane/Documents/Classes/ECE_385/Lab_7/lab_7_2/workspace/mb_usb_hdmi_top/hw
TRACE::2024-11-08.07:12:53::SCWPlatform:: Platform Path C:/Users/Shane/Documents/Classes/ECE_385/Lab_7/lab_7_2/workspace/mb_usb_hdmi_top/hw/mb_usb_hdmi_top.xsa
TRACE::2024-11-08.07:12:53::SCWPlatform:: Unique name xilinx:::0.0
TRACE::2024-11-08.07:12:53::SCWPlatform::Do not have an existing db opened. 
TRACE::2024-11-08.07:12:53::SCWPlatform::Opened new HwDB with name mb_usb_hdmi_top_2
TRACE::2024-11-08.07:12:53::SCWReader::Active system found as  mb_usb_hdmi_top
TRACE::2024-11-08.07:12:53::SCWReader::Handling sysconfig mb_usb_hdmi_top
TRACE::2024-11-08.07:12:53::SCWDomain::checking for install qemu data   : 
TRACE::2024-11-08.07:12:53::SCWPlatform::Trying to open the hw design at C:/Users/Shane/Documents/Classes/ECE_385/Lab_7/lab_7_2/workspace/mb_usb_hdmi_top/hw/mb_usb_hdmi_top.xsa
TRACE::2024-11-08.07:12:53::SCWPlatform::DSA given C:/Users/Shane/Documents/Classes/ECE_385/Lab_7/lab_7_2/workspace/mb_usb_hdmi_top/hw/mb_usb_hdmi_top.xsa
TRACE::2024-11-08.07:12:53::SCWPlatform::DSA absoulate path C:/Users/Shane/Documents/Classes/ECE_385/Lab_7/lab_7_2/workspace/mb_usb_hdmi_top/hw/mb_usb_hdmi_top.xsa
TRACE::2024-11-08.07:12:53::SCWPlatform::DSA directory C:/Users/Shane/Documents/Classes/ECE_385/Lab_7/lab_7_2/workspace/mb_usb_hdmi_top/hw
TRACE::2024-11-08.07:12:53::SCWPlatform:: Platform Path C:/Users/Shane/Documents/Classes/ECE_385/Lab_7/lab_7_2/workspace/mb_usb_hdmi_top/hw/mb_usb_hdmi_top.xsa
TRACE::2024-11-08.07:12:53::SCWPlatform:: Unique name xilinx:::0.0
TRACE::2024-11-08.07:12:53::SCWPlatform::Trying to set the existing hwdb with name mb_usb_hdmi_top_2
TRACE::2024-11-08.07:12:53::SCWPlatform::Opened existing hwdb mb_usb_hdmi_top_2
TRACE::2024-11-08.07:12:53::SCWPlatform::Found the Hw Db part of the input DSA
TRACE::2024-11-08.07:12:53::SCWPlatform::Trying to open the hw design at C:/Users/Shane/Documents/Classes/ECE_385/Lab_7/lab_7_2/workspace/mb_usb_hdmi_top/hw/mb_usb_hdmi_top.xsa
TRACE::2024-11-08.07:12:53::SCWPlatform::DSA given C:/Users/Shane/Documents/Classes/ECE_385/Lab_7/lab_7_2/workspace/mb_usb_hdmi_top/hw/mb_usb_hdmi_top.xsa
TRACE::2024-11-08.07:12:53::SCWPlatform::DSA absoulate path C:/Users/Shane/Documents/Classes/ECE_385/Lab_7/lab_7_2/workspace/mb_usb_hdmi_top/hw/mb_usb_hdmi_top.xsa
TRACE::2024-11-08.07:12:53::SCWPlatform::DSA directory C:/Users/Shane/Documents/Classes/ECE_385/Lab_7/lab_7_2/workspace/mb_usb_hdmi_top/hw
TRACE::2024-11-08.07:12:53::SCWPlatform:: Platform Path C:/Users/Shane/Documents/Classes/ECE_385/Lab_7/lab_7_2/workspace/mb_usb_hdmi_top/hw/mb_usb_hdmi_top.xsa
TRACE::2024-11-08.07:12:53::SCWPlatform:: Unique name xilinx:::0.0
TRACE::2024-11-08.07:12:53::SCWPlatform::Trying to set the existing hwdb with name mb_usb_hdmi_top_2
TRACE::2024-11-08.07:12:53::SCWPlatform::Opened existing hwdb mb_usb_hdmi_top_2
TRACE::2024-11-08.07:12:53::SCWPlatform::Found the Hw Db part of the input DSA
TRACE::2024-11-08.07:12:53::SCWPlatform::Trying to open the hw design at C:/Users/Shane/Documents/Classes/ECE_385/Lab_7/lab_7_2/workspace/mb_usb_hdmi_top/hw/mb_usb_hdmi_top.xsa
TRACE::2024-11-08.07:12:53::SCWPlatform::DSA given C:/Users/Shane/Documents/Classes/ECE_385/Lab_7/lab_7_2/workspace/mb_usb_hdmi_top/hw/mb_usb_hdmi_top.xsa
TRACE::2024-11-08.07:12:53::SCWPlatform::DSA absoulate path C:/Users/Shane/Documents/Classes/ECE_385/Lab_7/lab_7_2/workspace/mb_usb_hdmi_top/hw/mb_usb_hdmi_top.xsa
TRACE::2024-11-08.07:12:53::SCWPlatform::DSA directory C:/Users/Shane/Documents/Classes/ECE_385/Lab_7/lab_7_2/workspace/mb_usb_hdmi_top/hw
TRACE::2024-11-08.07:12:53::SCWPlatform:: Platform Path C:/Users/Shane/Documents/Classes/ECE_385/Lab_7/lab_7_2/workspace/mb_usb_hdmi_top/hw/mb_usb_hdmi_top.xsa
TRACE::2024-11-08.07:12:53::SCWPlatform:: Unique name xilinx:::0.0
TRACE::2024-11-08.07:12:53::SCWPlatform::Trying to set the existing hwdb with name mb_usb_hdmi_top_2
TRACE::2024-11-08.07:12:53::SCWPlatform::Opened existing hwdb mb_usb_hdmi_top_2
TRACE::2024-11-08.07:12:53::SCWPlatform::Found the Hw Db part of the input DSA
TRACE::2024-11-08.07:12:53::SCWPlatform::Trying to open the hw design at C:/Users/Shane/Documents/Classes/ECE_385/Lab_7/lab_7_2/workspace/mb_usb_hdmi_top/hw/mb_usb_hdmi_top.xsa
TRACE::2024-11-08.07:12:53::SCWPlatform::DSA given C:/Users/Shane/Documents/Classes/ECE_385/Lab_7/lab_7_2/workspace/mb_usb_hdmi_top/hw/mb_usb_hdmi_top.xsa
TRACE::2024-11-08.07:12:53::SCWPlatform::DSA absoulate path C:/Users/Shane/Documents/Classes/ECE_385/Lab_7/lab_7_2/workspace/mb_usb_hdmi_top/hw/mb_usb_hdmi_top.xsa
TRACE::2024-11-08.07:12:53::SCWPlatform::DSA directory C:/Users/Shane/Documents/Classes/ECE_385/Lab_7/lab_7_2/workspace/mb_usb_hdmi_top/hw
TRACE::2024-11-08.07:12:53::SCWPlatform:: Platform Path C:/Users/Shane/Documents/Classes/ECE_385/Lab_7/lab_7_2/workspace/mb_usb_hdmi_top/hw/mb_usb_hdmi_top.xsa
TRACE::2024-11-08.07:12:53::SCWPlatform:: Unique name xilinx:::0.0
TRACE::2024-11-08.07:12:53::SCWPlatform::Trying to set the existing hwdb with name mb_usb_hdmi_top_2
TRACE::2024-11-08.07:12:53::SCWPlatform::Opened existing hwdb mb_usb_hdmi_top_2
TRACE::2024-11-08.07:12:53::SCWPlatform::Found the Hw Db part of the input DSA
TRACE::2024-11-08.07:12:53::SCWMssOS::Checking the sw design at  C:/Users/Shane/Documents/Classes/ECE_385/Lab_7/lab_7_2/workspace/mb_usb_hdmi_top/microblaze_0/standalone_microblaze_0/bsp/system.mss
TRACE::2024-11-08.07:12:53::SCWMssOS::DEBUG:  swdes dump  
TRACE::2024-11-08.07:12:53::SCWMssOS::No sw design opened at  C:/Users/Shane/Documents/Classes/ECE_385/Lab_7/lab_7_2/workspace/mb_usb_hdmi_top/microblaze_0/standalone_microblaze_0/bsp/system.mss
TRACE::2024-11-08.07:12:53::SCWMssOS::mss exists loading the mss file  C:/Users/Shane/Documents/Classes/ECE_385/Lab_7/lab_7_2/workspace/mb_usb_hdmi_top/microblaze_0/standalone_microblaze_0/bsp/system.mss
TRACE::2024-11-08.07:12:53::SCWMssOS::Opened the sw design from mss  C:/Users/Shane/Documents/Classes/ECE_385/Lab_7/lab_7_2/workspace/mb_usb_hdmi_top/microblaze_0/standalone_microblaze_0/bsp/system.mss
TRACE::2024-11-08.07:12:53::SCWMssOS::Adding the swdes entry C:/Users/Shane/Documents/Classes/ECE_385/Lab_7/lab_7_2/workspace/mb_usb_hdmi_top/microblaze_0/standalone_microblaze_0/bsp/system.mss with des name system
TRACE::2024-11-08.07:12:53::SCWMssOS::updating the scw layer about changes
TRACE::2024-11-08.07:12:53::SCWMssOS::Opened the sw design.  C:/Users/Shane/Documents/Classes/ECE_385/Lab_7/lab_7_2/workspace/mb_usb_hdmi_top/microblaze_0/standalone_microblaze_0/bsp/system.mss
TRACE::2024-11-08.07:12:53::SCWMssOS::Saving the mss changes C:/Users/Shane/Documents/Classes/ECE_385/Lab_7/lab_7_2/workspace/mb_usb_hdmi_top/microblaze_0/standalone_microblaze_0/bsp/system.mss
TRACE::2024-11-08.07:12:53::SCWMssOS::Found a swdesign opened with the mssfile.
TRACE::2024-11-08.07:12:53::SCWMssOS::Completed writemss as part of save.
TRACE::2024-11-08.07:12:53::SCWMssOS::Commit changes completed.
TRACE::2024-11-08.07:12:53::SCWReader::Adding prebuilt librarypaths as   
TRACE::2024-11-08.07:12:53::SCWReader::Adding prebuilt incpaths  as   
TRACE::2024-11-08.07:12:53::SCWPlatform::Trying to open the hw design at C:/Users/Shane/Documents/Classes/ECE_385/Lab_7/lab_7_2/workspace/mb_usb_hdmi_top/hw/mb_usb_hdmi_top.xsa
TRACE::2024-11-08.07:12:53::SCWPlatform::DSA given C:/Users/Shane/Documents/Classes/ECE_385/Lab_7/lab_7_2/workspace/mb_usb_hdmi_top/hw/mb_usb_hdmi_top.xsa
TRACE::2024-11-08.07:12:53::SCWPlatform::DSA absoulate path C:/Users/Shane/Documents/Classes/ECE_385/Lab_7/lab_7_2/workspace/mb_usb_hdmi_top/hw/mb_usb_hdmi_top.xsa
TRACE::2024-11-08.07:12:53::SCWPlatform::DSA directory C:/Users/Shane/Documents/Classes/ECE_385/Lab_7/lab_7_2/workspace/mb_usb_hdmi_top/hw
TRACE::2024-11-08.07:12:53::SCWPlatform:: Platform Path C:/Users/Shane/Documents/Classes/ECE_385/Lab_7/lab_7_2/workspace/mb_usb_hdmi_top/hw/mb_usb_hdmi_top.xsa
TRACE::2024-11-08.07:12:53::SCWPlatform:: Unique name xilinx:::0.0
TRACE::2024-11-08.07:12:53::SCWPlatform::Trying to set the existing hwdb with name mb_usb_hdmi_top_2
TRACE::2024-11-08.07:12:53::SCWPlatform::Opened existing hwdb mb_usb_hdmi_top_2
TRACE::2024-11-08.07:12:53::SCWPlatform::Found the Hw Db part of the input DSA
TRACE::2024-11-08.07:12:53::SCWMssOS::Checking the sw design at  C:/Users/Shane/Documents/Classes/ECE_385/Lab_7/lab_7_2/workspace/mb_usb_hdmi_top/microblaze_0/standalone_microblaze_0/bsp/system.mss
TRACE::2024-11-08.07:12:53::SCWMssOS::DEBUG:  swdes dump  C:/Users/Shane/Documents/Classes/ECE_385/Lab_7/lab_7_2/workspace/mb_usb_hdmi_top/microblaze_0/standalone_microblaze_0/bsp/system.mss|system||

TRACE::2024-11-08.07:12:53::SCWMssOS::Sw design exists and opened at  C:/Users/Shane/Documents/Classes/ECE_385/Lab_7/lab_7_2/workspace/mb_usb_hdmi_top/microblaze_0/standalone_microblaze_0/bsp/system.mss
TRACE::2024-11-08.07:12:53::SCWReader::No isolation master present  
TRACE::2024-11-08.07:13:07::SCWPlatform::DSA given C:/Users/Shane/Documents/Classes/ECE_385/Lab_7/lab_7_2/workspace/mb_usb_hdmi_top/tempdsa/mb_usb_hdmi_top.xsa
TRACE::2024-11-08.07:13:07::SCWPlatform::DSA absoulate path C:/Users/Shane/Documents/Classes/ECE_385/Lab_7/lab_7_2/workspace/mb_usb_hdmi_top/tempdsa/mb_usb_hdmi_top.xsa
TRACE::2024-11-08.07:13:07::SCWPlatform:: Platform location is C:/Users/Shane/Documents/Classes/ECE_385/Lab_7/lab_7_2/workspace/mb_usb_hdmi_top/tempdsa
TRACE::2024-11-08.07:13:07::SCWPlatform:: Platform Path C:/Users/Shane/Documents/Classes/ECE_385/Lab_7/lab_7_2/workspace/mb_usb_hdmi_top/tempdsa/mb_usb_hdmi_top.xsa
TRACE::2024-11-08.07:13:07::SCWPlatform:: Unique name xilinx:::0.0
TRACE::2024-11-08.07:13:07::SCWPlatform::Found the Hw Db part of the input DSA
TRACE::2024-11-08.07:13:07::SCWMssOS::Doing hw sync for the mss in domain: standalone_microblaze_0
TRACE::2024-11-08.07:13:07::SCWPlatform::Trying to open the hw design at C:/Users/Shane/Documents/Classes/ECE_385/Lab_7/lab_7_2/workspace/mb_usb_hdmi_top/hw/mb_usb_hdmi_top.xsa
TRACE::2024-11-08.07:13:07::SCWPlatform::DSA given C:/Users/Shane/Documents/Classes/ECE_385/Lab_7/lab_7_2/workspace/mb_usb_hdmi_top/hw/mb_usb_hdmi_top.xsa
TRACE::2024-11-08.07:13:07::SCWPlatform::DSA absoulate path C:/Users/Shane/Documents/Classes/ECE_385/Lab_7/lab_7_2/workspace/mb_usb_hdmi_top/hw/mb_usb_hdmi_top.xsa
TRACE::2024-11-08.07:13:07::SCWPlatform::DSA directory C:/Users/Shane/Documents/Classes/ECE_385/Lab_7/lab_7_2/workspace/mb_usb_hdmi_top/hw
TRACE::2024-11-08.07:13:07::SCWPlatform:: Platform Path C:/Users/Shane/Documents/Classes/ECE_385/Lab_7/lab_7_2/workspace/mb_usb_hdmi_top/hw/mb_usb_hdmi_top.xsa
TRACE::2024-11-08.07:13:07::SCWPlatform:: Unique name xilinx:::0.0
TRACE::2024-11-08.07:13:07::SCWPlatform::Trying to set the existing hwdb with name mb_usb_hdmi_top_2
TRACE::2024-11-08.07:13:07::SCWPlatform::Opened existing hwdb mb_usb_hdmi_top_2
TRACE::2024-11-08.07:13:07::SCWPlatform::Found the Hw Db part of the input DSA
TRACE::2024-11-08.07:13:07::SCWPlatform::Trying to open the hw design at C:/Users/Shane/Documents/Classes/ECE_385/Lab_7/lab_7_2/workspace/mb_usb_hdmi_top/hw/mb_usb_hdmi_top.xsa
TRACE::2024-11-08.07:13:07::SCWPlatform::DSA given C:/Users/Shane/Documents/Classes/ECE_385/Lab_7/lab_7_2/workspace/mb_usb_hdmi_top/hw/mb_usb_hdmi_top.xsa
TRACE::2024-11-08.07:13:07::SCWPlatform::DSA absoulate path C:/Users/Shane/Documents/Classes/ECE_385/Lab_7/lab_7_2/workspace/mb_usb_hdmi_top/hw/mb_usb_hdmi_top.xsa
TRACE::2024-11-08.07:13:07::SCWPlatform::DSA directory C:/Users/Shane/Documents/Classes/ECE_385/Lab_7/lab_7_2/workspace/mb_usb_hdmi_top/hw
TRACE::2024-11-08.07:13:07::SCWPlatform:: Platform Path C:/Users/Shane/Documents/Classes/ECE_385/Lab_7/lab_7_2/workspace/mb_usb_hdmi_top/hw/mb_usb_hdmi_top.xsa
TRACE::2024-11-08.07:13:07::SCWPlatform:: Unique name xilinx:::0.0
TRACE::2024-11-08.07:13:07::SCWPlatform::Trying to set the existing hwdb with name mb_usb_hdmi_top_2
TRACE::2024-11-08.07:13:07::SCWPlatform::Opened existing hwdb mb_usb_hdmi_top_2
TRACE::2024-11-08.07:13:07::SCWPlatform::Found the Hw Db part of the input DSA
TRACE::2024-11-08.07:13:07::SCWMssOS::Checking the sw design at  C:/Users/Shane/Documents/Classes/ECE_385/Lab_7/lab_7_2/workspace/mb_usb_hdmi_top/microblaze_0/standalone_microblaze_0/bsp/system.mss
TRACE::2024-11-08.07:13:07::SCWMssOS::DEBUG:  swdes dump  C:/Users/Shane/Documents/Classes/ECE_385/Lab_7/lab_7_2/workspace/mb_usb_hdmi_top/microblaze_0/standalone_microblaze_0/bsp/system.mss|system||

TRACE::2024-11-08.07:13:07::SCWMssOS::Sw design exists and opened at  C:/Users/Shane/Documents/Classes/ECE_385/Lab_7/lab_7_2/workspace/mb_usb_hdmi_top/microblaze_0/standalone_microblaze_0/bsp/system.mss
TRACE::2024-11-08.07:13:07::SCWPlatform::Trying to open the hw design at C:/Users/Shane/Documents/Classes/ECE_385/Lab_7/lab_7_2/workspace/mb_usb_hdmi_top/tempdsa/mb_usb_hdmi_top.xsa
TRACE::2024-11-08.07:13:07::SCWPlatform::DSA given C:/Users/Shane/Documents/Classes/ECE_385/Lab_7/lab_7_2/workspace/mb_usb_hdmi_top/tempdsa/mb_usb_hdmi_top.xsa
TRACE::2024-11-08.07:13:07::SCWPlatform::DSA absoulate path C:/Users/Shane/Documents/Classes/ECE_385/Lab_7/lab_7_2/workspace/mb_usb_hdmi_top/tempdsa/mb_usb_hdmi_top.xsa
TRACE::2024-11-08.07:13:07::SCWPlatform::DSA directory C:/Users/Shane/Documents/Classes/ECE_385/Lab_7/lab_7_2/workspace/mb_usb_hdmi_top/tempdsa
TRACE::2024-11-08.07:13:07::SCWPlatform:: Platform Path C:/Users/Shane/Documents/Classes/ECE_385/Lab_7/lab_7_2/workspace/mb_usb_hdmi_top/tempdsa/mb_usb_hdmi_top.xsa
TRACE::2024-11-08.07:13:07::SCWPlatform:: Unique name xilinx:::0.0
TRACE::2024-11-08.07:13:07::SCWPlatform::update - Opened existing hwdb mb_usb_hdmi_top_3
TRACE::2024-11-08.07:13:07::SCWPlatform::Found the Hw Db part of the input DSA
TRACE::2024-11-08.07:13:07::SCWMssOS::Saving the mss changes C:/Users/Shane/Documents/Classes/ECE_385/Lab_7/lab_7_2/workspace/mb_usb_hdmi_top/microblaze_0/standalone_microblaze_0/bsp/system.mss
TRACE::2024-11-08.07:13:07::SCWMssOS::Found a swdesign opened with the mssfile.
TRACE::2024-11-08.07:13:07::SCWMssOS::Completed writemss as part of save.
TRACE::2024-11-08.07:13:07::SCWMssOS::Commit changes completed.
TRACE::2024-11-08.07:13:07::SCWMssOS::Completed hw sync for the mss in domain: standalone_microblaze_0
TRACE::2024-11-08.07:13:07::SCWMssOS::Removing the swdes entry for  C:/Users/Shane/Documents/Classes/ECE_385/Lab_7/lab_7_2/workspace/mb_usb_hdmi_top/microblaze_0/standalone_microblaze_0/bsp/system.mss
TRACE::2024-11-08.07:13:07::SCWPlatform::Trying to open the hw design at C:/Users/Shane/Documents/Classes/ECE_385/Lab_7/lab_7_2/workspace/mb_usb_hdmi_top/hw/mb_usb_hdmi_top.xsa
TRACE::2024-11-08.07:13:07::SCWPlatform::DSA given C:/Users/Shane/Documents/Classes/ECE_385/Lab_7/lab_7_2/workspace/mb_usb_hdmi_top/hw/mb_usb_hdmi_top.xsa
TRACE::2024-11-08.07:13:07::SCWPlatform::DSA absoulate path C:/Users/Shane/Documents/Classes/ECE_385/Lab_7/lab_7_2/workspace/mb_usb_hdmi_top/hw/mb_usb_hdmi_top.xsa
TRACE::2024-11-08.07:13:07::SCWPlatform::DSA directory C:/Users/Shane/Documents/Classes/ECE_385/Lab_7/lab_7_2/workspace/mb_usb_hdmi_top/hw
TRACE::2024-11-08.07:13:07::SCWPlatform:: Platform Path C:/Users/Shane/Documents/Classes/ECE_385/Lab_7/lab_7_2/workspace/mb_usb_hdmi_top/hw/mb_usb_hdmi_top.xsa
TRACE::2024-11-08.07:13:07::SCWPlatform:: Unique name xilinx:::0.0
TRACE::2024-11-08.07:13:07::SCWPlatform::Do not have an existing db opened. 
TRACE::2024-11-08.07:13:08::SCWPlatform::Opened new HwDB with name mb_usb_hdmi_top_4
TRACE::2024-11-08.07:13:08::SCWMssOS::Saving the mss changes C:/Users/Shane/Documents/Classes/ECE_385/Lab_7/lab_7_2/workspace/mb_usb_hdmi_top/microblaze_0/standalone_microblaze_0/bsp/system.mss
TRACE::2024-11-08.07:13:08::SCWMssOS::Adding the swdes entry, mss present, able to open swdb C:/Users/Shane/Documents/Classes/ECE_385/Lab_7/lab_7_2/workspace/mb_usb_hdmi_top/microblaze_0/standalone_microblaze_0/bsp/system.mss with des name system
TRACE::2024-11-08.07:13:08::SCWMssOS::Writing the mss file completed C:/Users/Shane/Documents/Classes/ECE_385/Lab_7/lab_7_2/workspace/mb_usb_hdmi_top/microblaze_0/standalone_microblaze_0/bsp/system.mss
TRACE::2024-11-08.07:13:08::SCWMssOS::Commit changes completed.
TRACE::2024-11-08.07:13:08::SCWPlatform::Trying to open the hw design at C:/Users/Shane/Documents/Classes/ECE_385/Lab_7/lab_7_2/workspace/mb_usb_hdmi_top/hw/mb_usb_hdmi_top.xsa
TRACE::2024-11-08.07:13:08::SCWPlatform::DSA given C:/Users/Shane/Documents/Classes/ECE_385/Lab_7/lab_7_2/workspace/mb_usb_hdmi_top/hw/mb_usb_hdmi_top.xsa
TRACE::2024-11-08.07:13:08::SCWPlatform::DSA absoulate path C:/Users/Shane/Documents/Classes/ECE_385/Lab_7/lab_7_2/workspace/mb_usb_hdmi_top/hw/mb_usb_hdmi_top.xsa
TRACE::2024-11-08.07:13:08::SCWPlatform::DSA directory C:/Users/Shane/Documents/Classes/ECE_385/Lab_7/lab_7_2/workspace/mb_usb_hdmi_top/hw
TRACE::2024-11-08.07:13:08::SCWPlatform:: Platform Path C:/Users/Shane/Documents/Classes/ECE_385/Lab_7/lab_7_2/workspace/mb_usb_hdmi_top/hw/mb_usb_hdmi_top.xsa
TRACE::2024-11-08.07:13:08::SCWPlatform:: Unique name xilinx:::0.0
TRACE::2024-11-08.07:13:08::SCWPlatform::Trying to set the existing hwdb with name mb_usb_hdmi_top_4
TRACE::2024-11-08.07:13:08::SCWPlatform::Opened existing hwdb mb_usb_hdmi_top_4
TRACE::2024-11-08.07:13:08::SCWPlatform::Found the Hw Db part of the input DSA
TRACE::2024-11-08.07:13:08::SCWMssOS::Checking the sw design at  C:/Users/Shane/Documents/Classes/ECE_385/Lab_7/lab_7_2/workspace/mb_usb_hdmi_top/microblaze_0/standalone_microblaze_0/bsp/system.mss
TRACE::2024-11-08.07:13:08::SCWMssOS::DEBUG:  swdes dump  C:/Users/Shane/Documents/Classes/ECE_385/Lab_7/lab_7_2/workspace/mb_usb_hdmi_top/microblaze_0/standalone_microblaze_0/bsp/system.mss|system||

TRACE::2024-11-08.07:13:08::SCWMssOS::Sw design exists and opened at  C:/Users/Shane/Documents/Classes/ECE_385/Lab_7/lab_7_2/workspace/mb_usb_hdmi_top/microblaze_0/standalone_microblaze_0/bsp/system.mss
TRACE::2024-11-08.07:13:08::SCWWriter::formatted JSON is {
	"platformName":	"mb_usb_hdmi_top",
	"sprVersion":	"2.0",
	"mode":	"gui",
	"dsaType":	"Fixed",
	"platformDesc":	"mb_usb_hdmi_top",
	"platHandOff":	"C:/Users/Shane/Documents/Classes/ECE_385/Lab_7/lab_7_2/mb_usb_hdmi_top.xsa",
	"platIntHandOff":	"<platformDir>/hw/mb_usb_hdmi_top.xsa",
	"deviceType":	"FPGA",
	"platIsPrebuiltAutogen":	"false",
	"platIsNoBootBsp":	"false",
	"hasFsblMakeHasChanges":	"false",
	"hasPmufwMakeHasChanges":	"false",
	"platPreBuiltFlag":	false,
	"platformSamplesDir":	"",
	"platActiveSys":	"mb_usb_hdmi_top",
	"systems":	[{
			"systemName":	"mb_usb_hdmi_top",
			"systemDesc":	"mb_usb_hdmi_top",
			"sysIsBootAutoGen":	"true",
			"systemDispName":	"mb_usb_hdmi_top",
			"sysActiveDom":	"standalone_microblaze_0",
			"sysDefaultDom":	"standalone_microblaze_0",
			"domains":	[{
					"domainName":	"standalone_microblaze_0",
					"domainDispName":	"standalone_microblaze_0",
					"domainDesc":	"standalone_microblaze_0",
					"processors":	"microblaze_0",
					"os":	"standalone",
					"sdxOs":	"standalone",
					"debugEnable":	"False",
					"domRuntimes":	["cpp"],
					"swRepo":	"",
					"mssOsVer":	"8.0",
					"mssFile":	"",
					"md5Digest":	"5422c1e5be4ae93f4de8c50507402f2a1",
					"compatibleApp":	"",
					"domType":	"mssDomain",
					"arch":	"32-bit",
					"appSettings":	{
						"appCompilerFlags":	"",
						"appLinkerFlags":	""
					},
					"addedLibs":	[],
					"libOptions":	{
						"libsContainingOptions":	[]
					},
					"prebuiltLibs":	{
						"prebuiltIncPath":	[],
						"prebuiltLibPath":	[]
					},
					"isolation":	{
					}
				}]
		}]
}
TRACE::2024-11-08.07:13:17::SCWMssOS::cleaning the bsp 
TRACE::2024-11-08.07:13:17::SCWMssOS::System Command Ran  C: & cd  C:/Users/Shane/Documents/Classes/ECE_385/Lab_7/lab_7_2/workspace/mb_usb_hdmi_top/microblaze_0/standalone_microblaze_0/bsp & make clean 
TRACE::2024-11-08.07:13:18::SCWMssOS::make -C microblaze_0/libsrc/bram_v4_8/src -s clean 

TRACE::2024-11-08.07:13:19::SCWMssOS::make -C microblaze_0/libsrc/cpu_v2_16/src -s clean 

TRACE::2024-11-08.07:13:19::SCWMssOS::make -C microblaze_0/libsrc/intc_v3_15/src -s clean 

TRACE::2024-11-08.07:13:19::SCWMssOS::make -C microblaze_0/libsrc/standalone_v8_0/src -s clean 

TRACE::2024-11-08.07:13:19::SCWMssOS::make -C microblaze_0/libsrc/uartlite_v3_7/src -s clean 

TRACE::2024-11-08.07:13:19::SCWMssOS::rm -f microblaze_0/lib/libxil.a

LOG::2024-11-08.07:13:27::SCWPlatform::Started generating the artifacts platform mb_usb_hdmi_top
TRACE::2024-11-08.07:13:27::SCWPlatform::Sanity checking of platform is completed
LOG::2024-11-08.07:13:27::SCWPlatform::Started generating the artifacts for system configuration mb_usb_hdmi_top
LOG::2024-11-08.07:13:27::SCWSystem::Checking the domain standalone_microblaze_0
LOG::2024-11-08.07:13:27::SCWSystem::Not a boot domain 
LOG::2024-11-08.07:13:27::SCWSystem::Started Processing the domain standalone_microblaze_0
TRACE::2024-11-08.07:13:27::SCWDomain::Generating domain artifcats
TRACE::2024-11-08.07:13:27::SCWMssOS::Generating standalone artifcats
TRACE::2024-11-08.07:13:27::SCWMssOS:: Copying the user libraries. 
TRACE::2024-11-08.07:13:27::SCWPlatform::Trying to open the hw design at C:/Users/Shane/Documents/Classes/ECE_385/Lab_7/lab_7_2/workspace/mb_usb_hdmi_top/hw/mb_usb_hdmi_top.xsa
TRACE::2024-11-08.07:13:27::SCWPlatform::DSA given C:/Users/Shane/Documents/Classes/ECE_385/Lab_7/lab_7_2/workspace/mb_usb_hdmi_top/hw/mb_usb_hdmi_top.xsa
TRACE::2024-11-08.07:13:27::SCWPlatform::DSA absoulate path C:/Users/Shane/Documents/Classes/ECE_385/Lab_7/lab_7_2/workspace/mb_usb_hdmi_top/hw/mb_usb_hdmi_top.xsa
TRACE::2024-11-08.07:13:27::SCWPlatform::DSA directory C:/Users/Shane/Documents/Classes/ECE_385/Lab_7/lab_7_2/workspace/mb_usb_hdmi_top/hw
TRACE::2024-11-08.07:13:27::SCWPlatform:: Platform Path C:/Users/Shane/Documents/Classes/ECE_385/Lab_7/lab_7_2/workspace/mb_usb_hdmi_top/hw/mb_usb_hdmi_top.xsa
TRACE::2024-11-08.07:13:27::SCWPlatform:: Unique name xilinx:::0.0
TRACE::2024-11-08.07:13:27::SCWPlatform::Trying to set the existing hwdb with name mb_usb_hdmi_top_4
TRACE::2024-11-08.07:13:27::SCWPlatform::Opened existing hwdb mb_usb_hdmi_top_4
TRACE::2024-11-08.07:13:27::SCWPlatform::Found the Hw Db part of the input DSA
TRACE::2024-11-08.07:13:27::SCWMssOS::Checking the sw design at  C:/Users/Shane/Documents/Classes/ECE_385/Lab_7/lab_7_2/workspace/mb_usb_hdmi_top/microblaze_0/standalone_microblaze_0/bsp/system.mss
TRACE::2024-11-08.07:13:27::SCWMssOS::DEBUG:  swdes dump  C:/Users/Shane/Documents/Classes/ECE_385/Lab_7/lab_7_2/workspace/mb_usb_hdmi_top/microblaze_0/standalone_microblaze_0/bsp/system.mss|system||

TRACE::2024-11-08.07:13:27::SCWMssOS::Sw design exists and opened at  C:/Users/Shane/Documents/Classes/ECE_385/Lab_7/lab_7_2/workspace/mb_usb_hdmi_top/microblaze_0/standalone_microblaze_0/bsp/system.mss
TRACE::2024-11-08.07:13:27::SCWMssOS::Completed writing the mss file at C:/Users/Shane/Documents/Classes/ECE_385/Lab_7/lab_7_2/workspace/mb_usb_hdmi_top/microblaze_0/standalone_microblaze_0/bsp
TRACE::2024-11-08.07:13:27::SCWMssOS::Mss edits present, copying mssfile into export location C:/Users/Shane/Documents/Classes/ECE_385/Lab_7/lab_7_2/workspace/mb_usb_hdmi_top/microblaze_0/standalone_microblaze_0/bsp/system.mss
TRACE::2024-11-08.07:13:27::SCWMssOS::bsp generated is stale removing and regenerating. 
TRACE::2024-11-08.07:13:30::SCWMssOS::doing bsp build ... 
TRACE::2024-11-08.07:13:30::SCWMssOS::System Command Ran  C: & cd  C:/Users/Shane/Documents/Classes/ECE_385/Lab_7/lab_7_2/workspace/mb_usb_hdmi_top/microblaze_0/standalone_microblaze_0/bsp & make 
TRACE::2024-11-08.07:13:30::SCWMssOS::make --no-print-directory seq_libs

TRACE::2024-11-08.07:13:30::SCWMssOS::'Finished building libraries sequentially.'

TRACE::2024-11-08.07:13:30::SCWMssOS::make -j 6 --no-print-directory par_libs

TRACE::2024-11-08.07:13:30::SCWMssOS::"Running Make include in microblaze_0/libsrc/bram_v4_8/src"

TRACE::2024-11-08.07:13:30::SCWMssOS::make -C microblaze_0/libsrc/bram_v4_8/src -s include  "SHELL=CMD" "COMPILER=mb-gcc" "ASSEMBLER=mb-as" "ARCHIVER=mb-ar" "COMPILE
TRACE::2024-11-08.07:13:30::SCWMssOS::R_FLAGS=  -O2 -c -mcpu=v11.0 -mlittle-endian -mno-xl-reorder -mno-xl-soft-mul -mxl-barrel-shift -mxl-pattern-compare" "EXTRA_CO
TRACE::2024-11-08.07:13:30::SCWMssOS::MPILER_FLAGS=-g -ffunction-sections -fdata-sections -Wall -Wextra -fno-tree-loop-distribute-patterns"

TRACE::2024-11-08.07:13:30::SCWMssOS::"Running Make include in microblaze_0/libsrc/cpu_v2_16/src"

TRACE::2024-11-08.07:13:30::SCWMssOS::make -C microblaze_0/libsrc/cpu_v2_16/src -s include  "SHELL=CMD" "COMPILER=mb-gcc" "ASSEMBLER=mb-as" "ARCHIVER=mb-ar" "COMPILE
TRACE::2024-11-08.07:13:30::SCWMssOS::R_FLAGS=  -O2 -c -mcpu=v11.0 -mlittle-endian -mno-xl-reorder -mno-xl-soft-mul -mxl-barrel-shift -mxl-pattern-compare" "EXTRA_CO
TRACE::2024-11-08.07:13:30::SCWMssOS::MPILER_FLAGS=-g -ffunction-sections -fdata-sections -Wall -Wextra -fno-tree-loop-distribute-patterns"

TRACE::2024-11-08.07:13:30::SCWMssOS::"Running Make include in microblaze_0/libsrc/intc_v3_15/src"

TRACE::2024-11-08.07:13:30::SCWMssOS::make -C microblaze_0/libsrc/intc_v3_15/src -s include  "SHELL=CMD" "COMPILER=mb-gcc" "ASSEMBLER=mb-as" "ARCHIVER=mb-ar" "COMPIL
TRACE::2024-11-08.07:13:30::SCWMssOS::ER_FLAGS=  -O2 -c -mcpu=v11.0 -mlittle-endian -mno-xl-reorder -mno-xl-soft-mul -mxl-barrel-shift -mxl-pattern-compare" "EXTRA_C
TRACE::2024-11-08.07:13:30::SCWMssOS::OMPILER_FLAGS=-g -ffunction-sections -fdata-sections -Wall -Wextra -fno-tree-loop-distribute-patterns"

TRACE::2024-11-08.07:13:30::SCWMssOS::"Running Make include in microblaze_0/libsrc/standalone_v8_0/src"

TRACE::2024-11-08.07:13:30::SCWMssOS::make -C microblaze_0/libsrc/standalone_v8_0/src -s include  "SHELL=CMD" "COMPILER=mb-gcc" "ASSEMBLER=mb-as" "ARCHIVER=mb-ar" "C
TRACE::2024-11-08.07:13:30::SCWMssOS::OMPILER_FLAGS=  -O2 -c -mcpu=v11.0 -mlittle-endian -mno-xl-reorder -mno-xl-soft-mul -mxl-barrel-shift -mxl-pattern-compare" "EX
TRACE::2024-11-08.07:13:30::SCWMssOS::TRA_COMPILER_FLAGS=-g -ffunction-sections -fdata-sections -Wall -Wextra -fno-tree-loop-distribute-patterns"

TRACE::2024-11-08.07:13:30::SCWMssOS::"Running Make include in microblaze_0/libsrc/uartlite_v3_7/src"

TRACE::2024-11-08.07:13:30::SCWMssOS::make -C microblaze_0/libsrc/uartlite_v3_7/src -s include  "SHELL=CMD" "COMPILER=mb-gcc" "ASSEMBLER=mb-as" "ARCHIVER=mb-ar" "COM
TRACE::2024-11-08.07:13:30::SCWMssOS::PILER_FLAGS=  -O2 -c -mcpu=v11.0 -mlittle-endian -mno-xl-reorder -mno-xl-soft-mul -mxl-barrel-shift -mxl-pattern-compare" "EXTR
TRACE::2024-11-08.07:13:30::SCWMssOS::A_COMPILER_FLAGS=-g -ffunction-sections -fdata-sections -Wall -Wextra -fno-tree-loop-distribute-patterns"

TRACE::2024-11-08.07:13:31::SCWMssOS::"Running Make libs in microblaze_0/libsrc/bram_v4_8/src"

TRACE::2024-11-08.07:13:31::SCWMssOS::make -C microblaze_0/libsrc/bram_v4_8/src -s libs  "SHELL=CMD" "COMPILER=mb-gcc" "ASSEMBLER=mb-as" "ARCHIVER=mb-ar" "COMPILER_F
TRACE::2024-11-08.07:13:31::SCWMssOS::LAGS=  -O2 -c -mcpu=v11.0 -mlittle-endian -mno-xl-reorder -mno-xl-soft-mul -mxl-barrel-shift -mxl-pattern-compare" "EXTRA_COMPI
TRACE::2024-11-08.07:13:31::SCWMssOS::LER_FLAGS=-g -ffunction-sections -fdata-sections -Wall -Wextra -fno-tree-loop-distribute-patterns"

TRACE::2024-11-08.07:13:31::SCWMssOS::"Running Make libs in microblaze_0/libsrc/cpu_v2_16/src"

TRACE::2024-11-08.07:13:31::SCWMssOS::make -C microblaze_0/libsrc/cpu_v2_16/src -s libs  "SHELL=CMD" "COMPILER=mb-gcc" "ASSEMBLER=mb-as" "ARCHIVER=mb-ar" "COMPILER_F
TRACE::2024-11-08.07:13:31::SCWMssOS::LAGS=  -O2 -c -mcpu=v11.0 -mlittle-endian -mno-xl-reorder -mno-xl-soft-mul -mxl-barrel-shift -mxl-pattern-compare" "EXTRA_COMPI
TRACE::2024-11-08.07:13:31::SCWMssOS::LER_FLAGS=-g -ffunction-sections -fdata-sections -Wall -Wextra -fno-tree-loop-distribute-patterns"

TRACE::2024-11-08.07:13:31::SCWMssOS::"Running Make libs in microblaze_0/libsrc/intc_v3_15/src"

TRACE::2024-11-08.07:13:31::SCWMssOS::make -C microblaze_0/libsrc/intc_v3_15/src -s libs  "SHELL=CMD" "COMPILER=mb-gcc" "ASSEMBLER=mb-as" "ARCHIVER=mb-ar" "COMPILER_
TRACE::2024-11-08.07:13:31::SCWMssOS::FLAGS=  -O2 -c -mcpu=v11.0 -mlittle-endian -mno-xl-reorder -mno-xl-soft-mul -mxl-barrel-shift -mxl-pattern-compare" "EXTRA_COMP
TRACE::2024-11-08.07:13:31::SCWMssOS::ILER_FLAGS=-g -ffunction-sections -fdata-sections -Wall -Wextra -fno-tree-loop-distribute-patterns"

TRACE::2024-11-08.07:13:31::SCWMssOS::"Running Make libs in microblaze_0/libsrc/standalone_v8_0/src"

TRACE::2024-11-08.07:13:31::SCWMssOS::make -C microblaze_0/libsrc/standalone_v8_0/src -s libs  "SHELL=CMD" "COMPILER=mb-gcc" "ASSEMBLER=mb-as" "ARCHIVER=mb-ar" "COMP
TRACE::2024-11-08.07:13:31::SCWMssOS::ILER_FLAGS=  -O2 -c -mcpu=v11.0 -mlittle-endian -mno-xl-reorder -mno-xl-soft-mul -mxl-barrel-shift -mxl-pattern-compare" "EXTRA
TRACE::2024-11-08.07:13:31::SCWMssOS::_COMPILER_FLAGS=-g -ffunction-sections -fdata-sections -Wall -Wextra -fno-tree-loop-distribute-patterns"

TRACE::2024-11-08.07:13:31::SCWMssOS::"Running Make libs in microblaze_0/libsrc/uartlite_v3_7/src"

TRACE::2024-11-08.07:13:31::SCWMssOS::make -C microblaze_0/libsrc/uartlite_v3_7/src -s libs  "SHELL=CMD" "COMPILER=mb-gcc" "ASSEMBLER=mb-as" "ARCHIVER=mb-ar" "COMPIL
TRACE::2024-11-08.07:13:31::SCWMssOS::ER_FLAGS=  -O2 -c -mcpu=v11.0 -mlittle-endian -mno-xl-reorder -mno-xl-soft-mul -mxl-barrel-shift -mxl-pattern-compare" "EXTRA_C
TRACE::2024-11-08.07:13:31::SCWMssOS::OMPILER_FLAGS=-g -ffunction-sections -fdata-sections -Wall -Wextra -fno-tree-loop-distribute-patterns"

TRACE::2024-11-08.07:13:34::SCWMssOS::"DEBUG NON_LTO_OBJECTS is ../../../lib/microblaze_interrupt_handler.o"

TRACE::2024-11-08.07:13:34::SCWMssOS::'Finished building libraries parallelly.'

TRACE::2024-11-08.07:13:34::SCWMssOS::make --no-print-directory archive

TRACE::2024-11-08.07:13:34::SCWMssOS::mb-ar -r  microblaze_0/lib/libxil.a microblaze_0/lib/_exit.o microblaze_0/lib/errno.o microblaze_0/lib/fcntl.o microblaze_0/lib
TRACE::2024-11-08.07:13:34::SCWMssOS::/hw_exception_handler.o microblaze_0/lib/inbyte.o microblaze_0/lib/microblaze_disable_dcache.o microblaze_0/lib/microblaze_disa
TRACE::2024-11-08.07:13:34::SCWMssOS::ble_exceptions.o microblaze_0/lib/microblaze_disable_icache.o microblaze_0/lib/microblaze_disable_interrupts.o microblaze_0/lib
TRACE::2024-11-08.07:13:34::SCWMssOS::/microblaze_enable_dcache.o microblaze_0/lib/microblaze_enable_exceptions.o microblaze_0/lib/microblaze_enable_icache.o microbl
TRACE::2024-11-08.07:13:34::SCWMssOS::aze_0/lib/microblaze_enable_interrupts.o microblaze_0/lib/microblaze_exception_handler.o microblaze_0/lib/microblaze_flush_cach
TRACE::2024-11-08.07:13:34::SCWMssOS::e_ext.o microblaze_0/lib/microblaze_flush_cache_ext_range.o microblaze_0/lib/microblaze_flush_dcache.o microblaze_0/lib/microbl
TRACE::2024-11-08.07:13:34::SCWMssOS::aze_flush_dcache_range.o microblaze_0/lib/microblaze_init_dcache_range.o microblaze_0/lib/microblaze_init_icache_range.o microb
TRACE::2024-11-08.07:13:34::SCWMssOS::laze_0/lib/microblaze_interrupt_handler.o microblaze_0/lib/microblaze_interrupts_g.o microblaze_0/lib/microblaze_invalidate_cac
TRACE::2024-11-08.07:13:34::SCWMssOS::he_ext.o microblaze_0/lib/microblaze_invalidate_cache_ext_range.o microblaze_0/lib/microblaze_invalidate_dcache.o microblaze_0/
TRACE::2024-11-08.07:13:34::SCWMssOS::lib/microblaze_invalidate_dcache_range.o microblaze_0/lib/microblaze_invalidate_icache.o microblaze_0/lib/microblaze_invalidate
TRACE::2024-11-08.07:13:34::SCWMssOS::_icache_range.o microblaze_0/lib/microblaze_scrub.o microblaze_0/lib/microblaze_selftest.o microblaze_0/lib/microblaze_sleep.o 
TRACE::2024-11-08.07:13:34::SCWMssOS::microblaze_0/lib/microblaze_update_dcache.o microblaze_0/lib/microblaze_update_icache.o microblaze_0/lib/outbyte.o microblaze_0
TRACE::2024-11-08.07:13:34::SCWMssOS::/lib/print.o microblaze_0/lib/pvr.o microblaze_0/lib/xbram.o microblaze_0/lib/xbram_g.o microblaze_0/lib/xbram_intr.o microblaz
TRACE::2024-11-08.07:13:34::SCWMssOS::e_0/lib/xbram_selftest.o microblaze_0/lib/xbram_sinit.o microblaze_0/lib/xil_assert.o microblaze_0/lib/xil_cache.o microblaze_0
TRACE::2024-11-08.07:13:34::SCWMssOS::/lib/xil_clocking.o microblaze_0/lib/xil_exception.o microblaze_0/lib/xil_mem.o microblaze_0/lib/xil_misc_psreset_api.o microbl
TRACE::2024-11-08.07:13:34::SCWMssOS::aze_0/lib/xil_printf.o microblaze_0/lib/xil_sleepcommon.o microblaze_0/lib/xil_testcache.o microblaze_0/lib/xil_testio.o microb
TRACE::2024-11-08.07:13:34::SCWMssOS::laze_0/lib/xil_testmem.o microblaze_0/lib/xil_util.o microblaze_0/lib/xintc.o microblaze_0/lib/xintc_g.o microblaze_0/lib/xintc
TRACE::2024-11-08.07:13:34::SCWMssOS::_intr.o microblaze_0/lib/xintc_l.o microblaze_0/lib/xintc_options.o microblaze_0/lib/xintc_selftest.o microblaze_0/lib/xinterru
TRACE::2024-11-08.07:13:34::SCWMssOS::pt_wrap.o microblaze_0/lib/xio.o microblaze_0/lib/xplatform_info.o microblaze_0/lib/xuartlite.o microblaze_0/lib/xuartlite_g.o 
TRACE::2024-11-08.07:13:34::SCWMssOS::microblaze_0/lib/xuartlite_intr.o microblaze_0/lib/xuartlite_l.o microblaze_0/lib/xuartlite_selftest.o microblaze_0/lib/xuartli
TRACE::2024-11-08.07:13:34::SCWMssOS::te_sinit.o microblaze_0/lib/xuartlite_stats.o

TRACE::2024-11-08.07:13:34::SCWMssOS::'Finished building libraries'

TRACE::2024-11-08.07:13:35::SCWMssOS:: Checking if to create the Supporting Applications
TRACE::2024-11-08.07:13:35::SCWMssOS:: No Linux domain exists, trying to generate FSBL 
LOG::2024-11-08.07:13:35::SCWSystem::Completed Processing the domain standalone_microblaze_0
LOG::2024-11-08.07:13:35::SCWSystem::Completed Processing the sysconfig mb_usb_hdmi_top
LOG::2024-11-08.07:13:35::SCWPlatform::Completed generating the artifacts for system configuration mb_usb_hdmi_top
TRACE::2024-11-08.07:13:35::SCWPlatform::Started preparing the platform 
TRACE::2024-11-08.07:13:35::SCWSystem::Writing the bif file for system config mb_usb_hdmi_top
TRACE::2024-11-08.07:13:35::SCWSystem::dir created 
TRACE::2024-11-08.07:13:35::SCWSystem::Writing the bif 
TRACE::2024-11-08.07:13:35::SCWPlatform::Started writing the spfm file 
TRACE::2024-11-08.07:13:35::SCWPlatform::Started writing the xpfm file 
TRACE::2024-11-08.07:13:35::SCWPlatform::Completed generating the platform
TRACE::2024-11-08.07:13:35::SCWMssOS::Saving the mss changes C:/Users/Shane/Documents/Classes/ECE_385/Lab_7/lab_7_2/workspace/mb_usb_hdmi_top/microblaze_0/standalone_microblaze_0/bsp/system.mss
TRACE::2024-11-08.07:13:35::SCWMssOS::Adding the swdes entry, mss present, able to open swdb C:/Users/Shane/Documents/Classes/ECE_385/Lab_7/lab_7_2/workspace/mb_usb_hdmi_top/microblaze_0/standalone_microblaze_0/bsp/system.mss with des name system
TRACE::2024-11-08.07:13:35::SCWMssOS::Writing the mss file completed C:/Users/Shane/Documents/Classes/ECE_385/Lab_7/lab_7_2/workspace/mb_usb_hdmi_top/microblaze_0/standalone_microblaze_0/bsp/system.mss
TRACE::2024-11-08.07:13:35::SCWMssOS::Commit changes completed.
TRACE::2024-11-08.07:13:35::SCWPlatform::Trying to open the hw design at C:/Users/Shane/Documents/Classes/ECE_385/Lab_7/lab_7_2/workspace/mb_usb_hdmi_top/hw/mb_usb_hdmi_top.xsa
TRACE::2024-11-08.07:13:35::SCWPlatform::DSA given C:/Users/Shane/Documents/Classes/ECE_385/Lab_7/lab_7_2/workspace/mb_usb_hdmi_top/hw/mb_usb_hdmi_top.xsa
TRACE::2024-11-08.07:13:35::SCWPlatform::DSA absoulate path C:/Users/Shane/Documents/Classes/ECE_385/Lab_7/lab_7_2/workspace/mb_usb_hdmi_top/hw/mb_usb_hdmi_top.xsa
TRACE::2024-11-08.07:13:35::SCWPlatform::DSA directory C:/Users/Shane/Documents/Classes/ECE_385/Lab_7/lab_7_2/workspace/mb_usb_hdmi_top/hw
TRACE::2024-11-08.07:13:35::SCWPlatform:: Platform Path C:/Users/Shane/Documents/Classes/ECE_385/Lab_7/lab_7_2/workspace/mb_usb_hdmi_top/hw/mb_usb_hdmi_top.xsa
TRACE::2024-11-08.07:13:35::SCWPlatform:: Unique name xilinx:::0.0
TRACE::2024-11-08.07:13:35::SCWPlatform::Trying to set the existing hwdb with name mb_usb_hdmi_top_4
TRACE::2024-11-08.07:13:35::SCWPlatform::Opened existing hwdb mb_usb_hdmi_top_4
TRACE::2024-11-08.07:13:35::SCWPlatform::Found the Hw Db part of the input DSA
TRACE::2024-11-08.07:13:35::SCWMssOS::Checking the sw design at  C:/Users/Shane/Documents/Classes/ECE_385/Lab_7/lab_7_2/workspace/mb_usb_hdmi_top/microblaze_0/standalone_microblaze_0/bsp/system.mss
TRACE::2024-11-08.07:13:35::SCWMssOS::DEBUG:  swdes dump  C:/Users/Shane/Documents/Classes/ECE_385/Lab_7/lab_7_2/workspace/mb_usb_hdmi_top/microblaze_0/standalone_microblaze_0/bsp/system.mss|system||

TRACE::2024-11-08.07:13:35::SCWMssOS::Sw design exists and opened at  C:/Users/Shane/Documents/Classes/ECE_385/Lab_7/lab_7_2/workspace/mb_usb_hdmi_top/microblaze_0/standalone_microblaze_0/bsp/system.mss
TRACE::2024-11-08.07:13:35::SCWWriter::formatted JSON is {
	"platformName":	"mb_usb_hdmi_top",
	"sprVersion":	"2.0",
	"mode":	"gui",
	"dsaType":	"Fixed",
	"platformDesc":	"mb_usb_hdmi_top",
	"platHandOff":	"C:/Users/Shane/Documents/Classes/ECE_385/Lab_7/lab_7_2/mb_usb_hdmi_top.xsa",
	"platIntHandOff":	"<platformDir>/hw/mb_usb_hdmi_top.xsa",
	"deviceType":	"FPGA",
	"platIsPrebuiltAutogen":	"false",
	"platIsNoBootBsp":	"false",
	"hasFsblMakeHasChanges":	"false",
	"hasPmufwMakeHasChanges":	"false",
	"platPreBuiltFlag":	false,
	"platformSamplesDir":	"",
	"platActiveSys":	"mb_usb_hdmi_top",
	"systems":	[{
			"systemName":	"mb_usb_hdmi_top",
			"systemDesc":	"mb_usb_hdmi_top",
			"sysIsBootAutoGen":	"true",
			"systemDispName":	"mb_usb_hdmi_top",
			"sysActiveDom":	"standalone_microblaze_0",
			"sysDefaultDom":	"standalone_microblaze_0",
			"domains":	[{
					"domainName":	"standalone_microblaze_0",
					"domainDispName":	"standalone_microblaze_0",
					"domainDesc":	"standalone_microblaze_0",
					"processors":	"microblaze_0",
					"os":	"standalone",
					"sdxOs":	"standalone",
					"debugEnable":	"False",
					"domRuntimes":	["cpp"],
					"swRepo":	"",
					"mssOsVer":	"8.0",
					"mssFile":	"",
					"md5Digest":	"5422c1e5be4ae93f4de8c50507402f2a",
					"compatibleApp":	"",
					"domType":	"mssDomain",
					"arch":	"32-bit",
					"appSettings":	{
						"appCompilerFlags":	"",
						"appLinkerFlags":	""
					},
					"addedLibs":	[],
					"libOptions":	{
						"libsContainingOptions":	[]
					},
					"prebuiltLibs":	{
						"prebuiltIncPath":	[],
						"prebuiltLibPath":	[]
					},
					"isolation":	{
					}
				}]
		}]
}
KEYINFO::2024-11-08.07:13:35::SCWPlatform::updated the xpfm file.
TRACE::2024-11-08.07:13:35::SCWPlatform::Trying to open the hw design at C:/Users/Shane/Documents/Classes/ECE_385/Lab_7/lab_7_2/workspace/mb_usb_hdmi_top/hw/mb_usb_hdmi_top.xsa
TRACE::2024-11-08.07:13:35::SCWPlatform::DSA given C:/Users/Shane/Documents/Classes/ECE_385/Lab_7/lab_7_2/workspace/mb_usb_hdmi_top/hw/mb_usb_hdmi_top.xsa
TRACE::2024-11-08.07:13:35::SCWPlatform::DSA absoulate path C:/Users/Shane/Documents/Classes/ECE_385/Lab_7/lab_7_2/workspace/mb_usb_hdmi_top/hw/mb_usb_hdmi_top.xsa
TRACE::2024-11-08.07:13:35::SCWPlatform::DSA directory C:/Users/Shane/Documents/Classes/ECE_385/Lab_7/lab_7_2/workspace/mb_usb_hdmi_top/hw
TRACE::2024-11-08.07:13:35::SCWPlatform:: Platform Path C:/Users/Shane/Documents/Classes/ECE_385/Lab_7/lab_7_2/workspace/mb_usb_hdmi_top/hw/mb_usb_hdmi_top.xsa
TRACE::2024-11-08.07:13:35::SCWPlatform:: Unique name xilinx:::0.0
TRACE::2024-11-08.07:13:35::SCWPlatform::Trying to set the existing hwdb with name mb_usb_hdmi_top_4
TRACE::2024-11-08.07:13:35::SCWPlatform::Opened existing hwdb mb_usb_hdmi_top_4
TRACE::2024-11-08.07:13:35::SCWPlatform::Found the Hw Db part of the input DSA
TRACE::2024-11-08.07:13:35::SCWMssOS::Checking the sw design at  C:/Users/Shane/Documents/Classes/ECE_385/Lab_7/lab_7_2/workspace/mb_usb_hdmi_top/microblaze_0/standalone_microblaze_0/bsp/system.mss
TRACE::2024-11-08.07:13:35::SCWMssOS::DEBUG:  swdes dump  C:/Users/Shane/Documents/Classes/ECE_385/Lab_7/lab_7_2/workspace/mb_usb_hdmi_top/microblaze_0/standalone_microblaze_0/bsp/system.mss|system||

TRACE::2024-11-08.07:13:35::SCWMssOS::Sw design exists and opened at  C:/Users/Shane/Documents/Classes/ECE_385/Lab_7/lab_7_2/workspace/mb_usb_hdmi_top/microblaze_0/standalone_microblaze_0/bsp/system.mss
TRACE::2024-11-08.07:16:02::SCWMssOS::cleaning the bsp 
TRACE::2024-11-08.07:16:02::SCWMssOS::System Command Ran  C: & cd  C:/Users/Shane/Documents/Classes/ECE_385/Lab_7/lab_7_2/workspace/mb_usb_hdmi_top/microblaze_0/standalone_microblaze_0/bsp & make clean 
TRACE::2024-11-08.07:16:02::SCWMssOS::make -C microblaze_0/libsrc/bram_v4_8/src -s clean 

TRACE::2024-11-08.07:16:02::SCWMssOS::make -C microblaze_0/libsrc/cpu_v2_16/src -s clean 

TRACE::2024-11-08.07:16:02::SCWMssOS::make -C microblaze_0/libsrc/intc_v3_15/src -s clean 

TRACE::2024-11-08.07:16:02::SCWMssOS::make -C microblaze_0/libsrc/standalone_v8_0/src -s clean 

TRACE::2024-11-08.07:16:03::SCWMssOS::make -C microblaze_0/libsrc/uartlite_v3_7/src -s clean 

TRACE::2024-11-08.07:16:03::SCWMssOS::rm -f microblaze_0/lib/libxil.a

LOG::2024-11-08.07:16:11::SCWPlatform::Started generating the artifacts platform mb_usb_hdmi_top
TRACE::2024-11-08.07:16:11::SCWPlatform::Sanity checking of platform is completed
LOG::2024-11-08.07:16:11::SCWPlatform::Started generating the artifacts for system configuration mb_usb_hdmi_top
LOG::2024-11-08.07:16:11::SCWSystem::Checking the domain standalone_microblaze_0
LOG::2024-11-08.07:16:11::SCWSystem::Not a boot domain 
LOG::2024-11-08.07:16:11::SCWSystem::Started Processing the domain standalone_microblaze_0
TRACE::2024-11-08.07:16:11::SCWDomain::Generating domain artifcats
TRACE::2024-11-08.07:16:11::SCWMssOS::Generating standalone artifcats
TRACE::2024-11-08.07:16:11::SCWMssOS:: Copying the user libraries. 
TRACE::2024-11-08.07:16:11::SCWPlatform::Trying to open the hw design at C:/Users/Shane/Documents/Classes/ECE_385/Lab_7/lab_7_2/workspace/mb_usb_hdmi_top/hw/mb_usb_hdmi_top.xsa
TRACE::2024-11-08.07:16:11::SCWPlatform::DSA given C:/Users/Shane/Documents/Classes/ECE_385/Lab_7/lab_7_2/workspace/mb_usb_hdmi_top/hw/mb_usb_hdmi_top.xsa
TRACE::2024-11-08.07:16:11::SCWPlatform::DSA absoulate path C:/Users/Shane/Documents/Classes/ECE_385/Lab_7/lab_7_2/workspace/mb_usb_hdmi_top/hw/mb_usb_hdmi_top.xsa
TRACE::2024-11-08.07:16:11::SCWPlatform::DSA directory C:/Users/Shane/Documents/Classes/ECE_385/Lab_7/lab_7_2/workspace/mb_usb_hdmi_top/hw
TRACE::2024-11-08.07:16:11::SCWPlatform:: Platform Path C:/Users/Shane/Documents/Classes/ECE_385/Lab_7/lab_7_2/workspace/mb_usb_hdmi_top/hw/mb_usb_hdmi_top.xsa
TRACE::2024-11-08.07:16:11::SCWPlatform:: Unique name xilinx:::0.0
TRACE::2024-11-08.07:16:11::SCWPlatform::Trying to set the existing hwdb with name mb_usb_hdmi_top_4
TRACE::2024-11-08.07:16:11::SCWPlatform::Opened existing hwdb mb_usb_hdmi_top_4
TRACE::2024-11-08.07:16:11::SCWPlatform::Found the Hw Db part of the input DSA
TRACE::2024-11-08.07:16:11::SCWMssOS::Checking the sw design at  C:/Users/Shane/Documents/Classes/ECE_385/Lab_7/lab_7_2/workspace/mb_usb_hdmi_top/microblaze_0/standalone_microblaze_0/bsp/system.mss
TRACE::2024-11-08.07:16:11::SCWMssOS::DEBUG:  swdes dump  C:/Users/Shane/Documents/Classes/ECE_385/Lab_7/lab_7_2/workspace/mb_usb_hdmi_top/microblaze_0/standalone_microblaze_0/bsp/system.mss|system||

TRACE::2024-11-08.07:16:11::SCWMssOS::Sw design exists and opened at  C:/Users/Shane/Documents/Classes/ECE_385/Lab_7/lab_7_2/workspace/mb_usb_hdmi_top/microblaze_0/standalone_microblaze_0/bsp/system.mss
TRACE::2024-11-08.07:16:11::SCWMssOS::Completed writing the mss file at C:/Users/Shane/Documents/Classes/ECE_385/Lab_7/lab_7_2/workspace/mb_usb_hdmi_top/microblaze_0/standalone_microblaze_0/bsp
TRACE::2024-11-08.07:16:11::SCWMssOS::Mss edits present, copying mssfile into export location C:/Users/Shane/Documents/Classes/ECE_385/Lab_7/lab_7_2/workspace/mb_usb_hdmi_top/microblaze_0/standalone_microblaze_0/bsp/system.mss
TRACE::2024-11-08.07:16:11::SCWMssOS::bsp generated is upto date with the mss file. Skipping bsp generation.
TRACE::2024-11-08.07:16:11::SCWMssOS::BSP is already built. skipping the bsp build ... 
TRACE::2024-11-08.07:16:11::SCWDomain::Building the domain as part of full build :  standalone_microblaze_0
TRACE::2024-11-08.07:16:11::SCWMssOS::doing bsp build ... 
TRACE::2024-11-08.07:16:11::SCWMssOS::System Command Ran  C: & cd  C:/Users/Shane/Documents/Classes/ECE_385/Lab_7/lab_7_2/workspace/mb_usb_hdmi_top/microblaze_0/standalone_microblaze_0/bsp & make 
TRACE::2024-11-08.07:16:11::SCWMssOS::make --no-print-directory seq_libs

TRACE::2024-11-08.07:16:11::SCWMssOS::'Finished building libraries sequentially.'

TRACE::2024-11-08.07:16:11::SCWMssOS::make -j 6 --no-print-directory par_libs

TRACE::2024-11-08.07:16:11::SCWMssOS::"Running Make include in microblaze_0/libsrc/bram_v4_8/src"

TRACE::2024-11-08.07:16:11::SCWMssOS::make -C microblaze_0/libsrc/bram_v4_8/src -s include  "SHELL=CMD" "COMPILER=mb-gcc" "ASSEMBLER=mb-as" "ARCHIVER=mb-ar" "COMPILE
TRACE::2024-11-08.07:16:11::SCWMssOS::R_FLAGS=  -O2 -c -mcpu=v11.0 -mlittle-endian -mno-xl-reorder -mno-xl-soft-mul -mxl-barrel-shift -mxl-pattern-compare" "EXTRA_CO
TRACE::2024-11-08.07:16:11::SCWMssOS::MPILER_FLAGS=-g -ffunction-sections -fdata-sections -Wall -Wextra -fno-tree-loop-distribute-patterns"

TRACE::2024-11-08.07:16:11::SCWMssOS::"Running Make include in microblaze_0/libsrc/cpu_v2_16/src"

TRACE::2024-11-08.07:16:11::SCWMssOS::make -C microblaze_0/libsrc/cpu_v2_16/src -s include  "SHELL=CMD" "COMPILER=mb-gcc" "ASSEMBLER=mb-as" "ARCHIVER=mb-ar" "COMPILE
TRACE::2024-11-08.07:16:11::SCWMssOS::R_FLAGS=  -O2 -c -mcpu=v11.0 -mlittle-endian -mno-xl-reorder -mno-xl-soft-mul -mxl-barrel-shift -mxl-pattern-compare" "EXTRA_CO
TRACE::2024-11-08.07:16:11::SCWMssOS::MPILER_FLAGS=-g -ffunction-sections -fdata-sections -Wall -Wextra -fno-tree-loop-distribute-patterns"

TRACE::2024-11-08.07:16:11::SCWMssOS::"Running Make include in microblaze_0/libsrc/intc_v3_15/src"

TRACE::2024-11-08.07:16:11::SCWMssOS::make -C microblaze_0/libsrc/intc_v3_15/src -s include  "SHELL=CMD" "COMPILER=mb-gcc" "ASSEMBLER=mb-as" "ARCHIVER=mb-ar" "COMPIL
TRACE::2024-11-08.07:16:11::SCWMssOS::ER_FLAGS=  -O2 -c -mcpu=v11.0 -mlittle-endian -mno-xl-reorder -mno-xl-soft-mul -mxl-barrel-shift -mxl-pattern-compare" "EXTRA_C
TRACE::2024-11-08.07:16:11::SCWMssOS::OMPILER_FLAGS=-g -ffunction-sections -fdata-sections -Wall -Wextra -fno-tree-loop-distribute-patterns"

TRACE::2024-11-08.07:16:11::SCWMssOS::"Running Make include in microblaze_0/libsrc/standalone_v8_0/src"

TRACE::2024-11-08.07:16:11::SCWMssOS::make -C microblaze_0/libsrc/standalone_v8_0/src -s include  "SHELL=CMD" "COMPILER=mb-gcc" "ASSEMBLER=mb-as" "ARCHIVER=mb-ar" "C
TRACE::2024-11-08.07:16:11::SCWMssOS::OMPILER_FLAGS=  -O2 -c -mcpu=v11.0 -mlittle-endian -mno-xl-reorder -mno-xl-soft-mul -mxl-barrel-shift -mxl-pattern-compare" "EX
TRACE::2024-11-08.07:16:11::SCWMssOS::TRA_COMPILER_FLAGS=-g -ffunction-sections -fdata-sections -Wall -Wextra -fno-tree-loop-distribute-patterns"

TRACE::2024-11-08.07:16:11::SCWMssOS::"Running Make include in microblaze_0/libsrc/uartlite_v3_7/src"

TRACE::2024-11-08.07:16:11::SCWMssOS::make -C microblaze_0/libsrc/uartlite_v3_7/src -s include  "SHELL=CMD" "COMPILER=mb-gcc" "ASSEMBLER=mb-as" "ARCHIVER=mb-ar" "COM
TRACE::2024-11-08.07:16:11::SCWMssOS::PILER_FLAGS=  -O2 -c -mcpu=v11.0 -mlittle-endian -mno-xl-reorder -mno-xl-soft-mul -mxl-barrel-shift -mxl-pattern-compare" "EXTR
TRACE::2024-11-08.07:16:11::SCWMssOS::A_COMPILER_FLAGS=-g -ffunction-sections -fdata-sections -Wall -Wextra -fno-tree-loop-distribute-patterns"

TRACE::2024-11-08.07:16:11::SCWMssOS::"Running Make libs in microblaze_0/libsrc/bram_v4_8/src"

TRACE::2024-11-08.07:16:12::SCWMssOS::make -C microblaze_0/libsrc/bram_v4_8/src -s libs  "SHELL=CMD" "COMPILER=mb-gcc" "ASSEMBLER=mb-as" "ARCHIVER=mb-ar" "COMPILER_F
TRACE::2024-11-08.07:16:12::SCWMssOS::LAGS=  -O2 -c -mcpu=v11.0 -mlittle-endian -mno-xl-reorder -mno-xl-soft-mul -mxl-barrel-shift -mxl-pattern-compare" "EXTRA_COMPI
TRACE::2024-11-08.07:16:12::SCWMssOS::LER_FLAGS=-g -ffunction-sections -fdata-sections -Wall -Wextra -fno-tree-loop-distribute-patterns"

TRACE::2024-11-08.07:16:12::SCWMssOS::"Running Make libs in microblaze_0/libsrc/cpu_v2_16/src"

TRACE::2024-11-08.07:16:12::SCWMssOS::make -C microblaze_0/libsrc/cpu_v2_16/src -s libs  "SHELL=CMD" "COMPILER=mb-gcc" "ASSEMBLER=mb-as" "ARCHIVER=mb-ar" "COMPILER_F
TRACE::2024-11-08.07:16:12::SCWMssOS::LAGS=  -O2 -c -mcpu=v11.0 -mlittle-endian -mno-xl-reorder -mno-xl-soft-mul -mxl-barrel-shift -mxl-pattern-compare" "EXTRA_COMPI
TRACE::2024-11-08.07:16:12::SCWMssOS::LER_FLAGS=-g -ffunction-sections -fdata-sections -Wall -Wextra -fno-tree-loop-distribute-patterns"

TRACE::2024-11-08.07:16:12::SCWMssOS::"Running Make libs in microblaze_0/libsrc/intc_v3_15/src"

TRACE::2024-11-08.07:16:12::SCWMssOS::make -C microblaze_0/libsrc/intc_v3_15/src -s libs  "SHELL=CMD" "COMPILER=mb-gcc" "ASSEMBLER=mb-as" "ARCHIVER=mb-ar" "COMPILER_
TRACE::2024-11-08.07:16:12::SCWMssOS::FLAGS=  -O2 -c -mcpu=v11.0 -mlittle-endian -mno-xl-reorder -mno-xl-soft-mul -mxl-barrel-shift -mxl-pattern-compare" "EXTRA_COMP
TRACE::2024-11-08.07:16:12::SCWMssOS::ILER_FLAGS=-g -ffunction-sections -fdata-sections -Wall -Wextra -fno-tree-loop-distribute-patterns"

TRACE::2024-11-08.07:16:12::SCWMssOS::"Running Make libs in microblaze_0/libsrc/standalone_v8_0/src"

TRACE::2024-11-08.07:16:12::SCWMssOS::make -C microblaze_0/libsrc/standalone_v8_0/src -s libs  "SHELL=CMD" "COMPILER=mb-gcc" "ASSEMBLER=mb-as" "ARCHIVER=mb-ar" "COMP
TRACE::2024-11-08.07:16:12::SCWMssOS::ILER_FLAGS=  -O2 -c -mcpu=v11.0 -mlittle-endian -mno-xl-reorder -mno-xl-soft-mul -mxl-barrel-shift -mxl-pattern-compare" "EXTRA
TRACE::2024-11-08.07:16:12::SCWMssOS::_COMPILER_FLAGS=-g -ffunction-sections -fdata-sections -Wall -Wextra -fno-tree-loop-distribute-patterns"

TRACE::2024-11-08.07:16:12::SCWMssOS::"Running Make libs in microblaze_0/libsrc/uartlite_v3_7/src"

TRACE::2024-11-08.07:16:12::SCWMssOS::make -C microblaze_0/libsrc/uartlite_v3_7/src -s libs  "SHELL=CMD" "COMPILER=mb-gcc" "ASSEMBLER=mb-as" "ARCHIVER=mb-ar" "COMPIL
TRACE::2024-11-08.07:16:12::SCWMssOS::ER_FLAGS=  -O2 -c -mcpu=v11.0 -mlittle-endian -mno-xl-reorder -mno-xl-soft-mul -mxl-barrel-shift -mxl-pattern-compare" "EXTRA_C
TRACE::2024-11-08.07:16:12::SCWMssOS::OMPILER_FLAGS=-g -ffunction-sections -fdata-sections -Wall -Wextra -fno-tree-loop-distribute-patterns"

TRACE::2024-11-08.07:16:14::SCWMssOS::"DEBUG NON_LTO_OBJECTS is ../../../lib/microblaze_interrupt_handler.o"

TRACE::2024-11-08.07:16:14::SCWMssOS::'Finished building libraries parallelly.'

TRACE::2024-11-08.07:16:14::SCWMssOS::make --no-print-directory archive

TRACE::2024-11-08.07:16:14::SCWMssOS::mb-ar -r  microblaze_0/lib/libxil.a microblaze_0/lib/_exit.o microblaze_0/lib/errno.o microblaze_0/lib/fcntl.o microblaze_0/lib
TRACE::2024-11-08.07:16:14::SCWMssOS::/hw_exception_handler.o microblaze_0/lib/inbyte.o microblaze_0/lib/microblaze_disable_dcache.o microblaze_0/lib/microblaze_disa
TRACE::2024-11-08.07:16:14::SCWMssOS::ble_exceptions.o microblaze_0/lib/microblaze_disable_icache.o microblaze_0/lib/microblaze_disable_interrupts.o microblaze_0/lib
TRACE::2024-11-08.07:16:14::SCWMssOS::/microblaze_enable_dcache.o microblaze_0/lib/microblaze_enable_exceptions.o microblaze_0/lib/microblaze_enable_icache.o microbl
TRACE::2024-11-08.07:16:14::SCWMssOS::aze_0/lib/microblaze_enable_interrupts.o microblaze_0/lib/microblaze_exception_handler.o microblaze_0/lib/microblaze_flush_cach
TRACE::2024-11-08.07:16:14::SCWMssOS::e_ext.o microblaze_0/lib/microblaze_flush_cache_ext_range.o microblaze_0/lib/microblaze_flush_dcache.o microblaze_0/lib/microbl
TRACE::2024-11-08.07:16:14::SCWMssOS::aze_flush_dcache_range.o microblaze_0/lib/microblaze_init_dcache_range.o microblaze_0/lib/microblaze_init_icache_range.o microb
TRACE::2024-11-08.07:16:14::SCWMssOS::laze_0/lib/microblaze_interrupt_handler.o microblaze_0/lib/microblaze_interrupts_g.o microblaze_0/lib/microblaze_invalidate_cac
TRACE::2024-11-08.07:16:14::SCWMssOS::he_ext.o microblaze_0/lib/microblaze_invalidate_cache_ext_range.o microblaze_0/lib/microblaze_invalidate_dcache.o microblaze_0/
TRACE::2024-11-08.07:16:14::SCWMssOS::lib/microblaze_invalidate_dcache_range.o microblaze_0/lib/microblaze_invalidate_icache.o microblaze_0/lib/microblaze_invalidate
TRACE::2024-11-08.07:16:14::SCWMssOS::_icache_range.o microblaze_0/lib/microblaze_scrub.o microblaze_0/lib/microblaze_selftest.o microblaze_0/lib/microblaze_sleep.o 
TRACE::2024-11-08.07:16:14::SCWMssOS::microblaze_0/lib/microblaze_update_dcache.o microblaze_0/lib/microblaze_update_icache.o microblaze_0/lib/outbyte.o microblaze_0
TRACE::2024-11-08.07:16:14::SCWMssOS::/lib/print.o microblaze_0/lib/pvr.o microblaze_0/lib/xbram.o microblaze_0/lib/xbram_g.o microblaze_0/lib/xbram_intr.o microblaz
TRACE::2024-11-08.07:16:14::SCWMssOS::e_0/lib/xbram_selftest.o microblaze_0/lib/xbram_sinit.o microblaze_0/lib/xil_assert.o microblaze_0/lib/xil_cache.o microblaze_0
TRACE::2024-11-08.07:16:14::SCWMssOS::/lib/xil_clocking.o microblaze_0/lib/xil_exception.o microblaze_0/lib/xil_mem.o microblaze_0/lib/xil_misc_psreset_api.o microbl
TRACE::2024-11-08.07:16:14::SCWMssOS::aze_0/lib/xil_printf.o microblaze_0/lib/xil_sleepcommon.o microblaze_0/lib/xil_testcache.o microblaze_0/lib/xil_testio.o microb
TRACE::2024-11-08.07:16:14::SCWMssOS::laze_0/lib/xil_testmem.o microblaze_0/lib/xil_util.o microblaze_0/lib/xintc.o microblaze_0/lib/xintc_g.o microblaze_0/lib/xintc
TRACE::2024-11-08.07:16:14::SCWMssOS::_intr.o microblaze_0/lib/xintc_l.o microblaze_0/lib/xintc_options.o microblaze_0/lib/xintc_selftest.o microblaze_0/lib/xinterru
TRACE::2024-11-08.07:16:14::SCWMssOS::pt_wrap.o microblaze_0/lib/xio.o microblaze_0/lib/xplatform_info.o microblaze_0/lib/xuartlite.o microblaze_0/lib/xuartlite_g.o 
TRACE::2024-11-08.07:16:14::SCWMssOS::microblaze_0/lib/xuartlite_intr.o microblaze_0/lib/xuartlite_l.o microblaze_0/lib/xuartlite_selftest.o microblaze_0/lib/xuartli
TRACE::2024-11-08.07:16:14::SCWMssOS::te_sinit.o microblaze_0/lib/xuartlite_stats.o

TRACE::2024-11-08.07:16:14::SCWMssOS::'Finished building libraries'

TRACE::2024-11-08.07:16:15::SCWMssOS::Copying to export directory.
TRACE::2024-11-08.07:16:15::SCWMssOS:: Checking if to create the Supporting Applications
TRACE::2024-11-08.07:16:15::SCWMssOS:: No Linux domain exists, trying to generate FSBL 
LOG::2024-11-08.07:16:15::SCWSystem::Completed Processing the domain standalone_microblaze_0
LOG::2024-11-08.07:16:15::SCWSystem::Completed Processing the sysconfig mb_usb_hdmi_top
LOG::2024-11-08.07:16:15::SCWPlatform::Completed generating the artifacts for system configuration mb_usb_hdmi_top
TRACE::2024-11-08.07:16:15::SCWPlatform::Started preparing the platform 
TRACE::2024-11-08.07:16:15::SCWSystem::Writing the bif file for system config mb_usb_hdmi_top
TRACE::2024-11-08.07:16:15::SCWSystem::dir created 
TRACE::2024-11-08.07:16:15::SCWSystem::Writing the bif 
TRACE::2024-11-08.07:16:15::SCWPlatform::Started writing the spfm file 
TRACE::2024-11-08.07:16:15::SCWPlatform::Started writing the xpfm file 
TRACE::2024-11-08.07:16:15::SCWPlatform::Completed generating the platform
TRACE::2024-11-08.07:16:15::SCWMssOS::Saving the mss changes C:/Users/Shane/Documents/Classes/ECE_385/Lab_7/lab_7_2/workspace/mb_usb_hdmi_top/microblaze_0/standalone_microblaze_0/bsp/system.mss
TRACE::2024-11-08.07:16:15::SCWMssOS::Found a swdesign opened with the mssfile.
TRACE::2024-11-08.07:16:15::SCWMssOS::Completed writemss as part of save.
TRACE::2024-11-08.07:16:15::SCWMssOS::Commit changes completed.
TRACE::2024-11-08.07:16:15::SCWPlatform::Trying to open the hw design at C:/Users/Shane/Documents/Classes/ECE_385/Lab_7/lab_7_2/workspace/mb_usb_hdmi_top/hw/mb_usb_hdmi_top.xsa
TRACE::2024-11-08.07:16:15::SCWPlatform::DSA given C:/Users/Shane/Documents/Classes/ECE_385/Lab_7/lab_7_2/workspace/mb_usb_hdmi_top/hw/mb_usb_hdmi_top.xsa
TRACE::2024-11-08.07:16:15::SCWPlatform::DSA absoulate path C:/Users/Shane/Documents/Classes/ECE_385/Lab_7/lab_7_2/workspace/mb_usb_hdmi_top/hw/mb_usb_hdmi_top.xsa
TRACE::2024-11-08.07:16:15::SCWPlatform::DSA directory C:/Users/Shane/Documents/Classes/ECE_385/Lab_7/lab_7_2/workspace/mb_usb_hdmi_top/hw
TRACE::2024-11-08.07:16:15::SCWPlatform:: Platform Path C:/Users/Shane/Documents/Classes/ECE_385/Lab_7/lab_7_2/workspace/mb_usb_hdmi_top/hw/mb_usb_hdmi_top.xsa
TRACE::2024-11-08.07:16:15::SCWPlatform:: Unique name xilinx:::0.0
TRACE::2024-11-08.07:16:15::SCWPlatform::Trying to set the existing hwdb with name mb_usb_hdmi_top_4
TRACE::2024-11-08.07:16:15::SCWPlatform::Opened existing hwdb mb_usb_hdmi_top_4
TRACE::2024-11-08.07:16:15::SCWPlatform::Found the Hw Db part of the input DSA
TRACE::2024-11-08.07:16:15::SCWMssOS::Checking the sw design at  C:/Users/Shane/Documents/Classes/ECE_385/Lab_7/lab_7_2/workspace/mb_usb_hdmi_top/microblaze_0/standalone_microblaze_0/bsp/system.mss
TRACE::2024-11-08.07:16:15::SCWMssOS::DEBUG:  swdes dump  C:/Users/Shane/Documents/Classes/ECE_385/Lab_7/lab_7_2/workspace/mb_usb_hdmi_top/microblaze_0/standalone_microblaze_0/bsp/system.mss|system||

TRACE::2024-11-08.07:16:15::SCWMssOS::Sw design exists and opened at  C:/Users/Shane/Documents/Classes/ECE_385/Lab_7/lab_7_2/workspace/mb_usb_hdmi_top/microblaze_0/standalone_microblaze_0/bsp/system.mss
TRACE::2024-11-08.07:16:15::SCWWriter::formatted JSON is {
	"platformName":	"mb_usb_hdmi_top",
	"sprVersion":	"2.0",
	"mode":	"gui",
	"dsaType":	"Fixed",
	"platformDesc":	"mb_usb_hdmi_top",
	"platHandOff":	"C:/Users/Shane/Documents/Classes/ECE_385/Lab_7/lab_7_2/mb_usb_hdmi_top.xsa",
	"platIntHandOff":	"<platformDir>/hw/mb_usb_hdmi_top.xsa",
	"deviceType":	"FPGA",
	"platIsPrebuiltAutogen":	"false",
	"platIsNoBootBsp":	"false",
	"hasFsblMakeHasChanges":	"false",
	"hasPmufwMakeHasChanges":	"false",
	"platPreBuiltFlag":	false,
	"platformSamplesDir":	"",
	"platActiveSys":	"mb_usb_hdmi_top",
	"systems":	[{
			"systemName":	"mb_usb_hdmi_top",
			"systemDesc":	"mb_usb_hdmi_top",
			"sysIsBootAutoGen":	"true",
			"systemDispName":	"mb_usb_hdmi_top",
			"sysActiveDom":	"standalone_microblaze_0",
			"sysDefaultDom":	"standalone_microblaze_0",
			"domains":	[{
					"domainName":	"standalone_microblaze_0",
					"domainDispName":	"standalone_microblaze_0",
					"domainDesc":	"standalone_microblaze_0",
					"processors":	"microblaze_0",
					"os":	"standalone",
					"sdxOs":	"standalone",
					"debugEnable":	"False",
					"domRuntimes":	["cpp"],
					"swRepo":	"",
					"mssOsVer":	"8.0",
					"mssFile":	"",
					"md5Digest":	"5422c1e5be4ae93f4de8c50507402f2a",
					"compatibleApp":	"",
					"domType":	"mssDomain",
					"arch":	"32-bit",
					"appSettings":	{
						"appCompilerFlags":	"",
						"appLinkerFlags":	""
					},
					"addedLibs":	[],
					"libOptions":	{
						"libsContainingOptions":	[]
					},
					"prebuiltLibs":	{
						"prebuiltIncPath":	[],
						"prebuiltLibPath":	[]
					},
					"isolation":	{
					}
				}]
		}]
}
KEYINFO::2024-11-08.07:16:15::SCWPlatform::updated the xpfm file.
TRACE::2024-11-08.07:16:15::SCWPlatform::Trying to open the hw design at C:/Users/Shane/Documents/Classes/ECE_385/Lab_7/lab_7_2/workspace/mb_usb_hdmi_top/hw/mb_usb_hdmi_top.xsa
TRACE::2024-11-08.07:16:15::SCWPlatform::DSA given C:/Users/Shane/Documents/Classes/ECE_385/Lab_7/lab_7_2/workspace/mb_usb_hdmi_top/hw/mb_usb_hdmi_top.xsa
TRACE::2024-11-08.07:16:15::SCWPlatform::DSA absoulate path C:/Users/Shane/Documents/Classes/ECE_385/Lab_7/lab_7_2/workspace/mb_usb_hdmi_top/hw/mb_usb_hdmi_top.xsa
TRACE::2024-11-08.07:16:15::SCWPlatform::DSA directory C:/Users/Shane/Documents/Classes/ECE_385/Lab_7/lab_7_2/workspace/mb_usb_hdmi_top/hw
TRACE::2024-11-08.07:16:15::SCWPlatform:: Platform Path C:/Users/Shane/Documents/Classes/ECE_385/Lab_7/lab_7_2/workspace/mb_usb_hdmi_top/hw/mb_usb_hdmi_top.xsa
TRACE::2024-11-08.07:16:15::SCWPlatform:: Unique name xilinx:::0.0
TRACE::2024-11-08.07:16:15::SCWPlatform::Trying to set the existing hwdb with name mb_usb_hdmi_top_4
TRACE::2024-11-08.07:16:15::SCWPlatform::Opened existing hwdb mb_usb_hdmi_top_4
TRACE::2024-11-08.07:16:15::SCWPlatform::Found the Hw Db part of the input DSA
TRACE::2024-11-08.07:16:15::SCWMssOS::Checking the sw design at  C:/Users/Shane/Documents/Classes/ECE_385/Lab_7/lab_7_2/workspace/mb_usb_hdmi_top/microblaze_0/standalone_microblaze_0/bsp/system.mss
TRACE::2024-11-08.07:16:15::SCWMssOS::DEBUG:  swdes dump  C:/Users/Shane/Documents/Classes/ECE_385/Lab_7/lab_7_2/workspace/mb_usb_hdmi_top/microblaze_0/standalone_microblaze_0/bsp/system.mss|system||

TRACE::2024-11-08.07:16:15::SCWMssOS::Sw design exists and opened at  C:/Users/Shane/Documents/Classes/ECE_385/Lab_7/lab_7_2/workspace/mb_usb_hdmi_top/microblaze_0/standalone_microblaze_0/bsp/system.mss
TRACE::2024-11-08.07:16:27::SCWMssOS::cleaning the bsp 
TRACE::2024-11-08.07:16:27::SCWMssOS::System Command Ran  C: & cd  C:/Users/Shane/Documents/Classes/ECE_385/Lab_7/lab_7_2/workspace/mb_usb_hdmi_top/microblaze_0/standalone_microblaze_0/bsp & make clean 
TRACE::2024-11-08.07:16:27::SCWMssOS::make -C microblaze_0/libsrc/bram_v4_8/src -s clean 

TRACE::2024-11-08.07:16:27::SCWMssOS::make -C microblaze_0/libsrc/cpu_v2_16/src -s clean 

TRACE::2024-11-08.07:16:27::SCWMssOS::make -C microblaze_0/libsrc/intc_v3_15/src -s clean 

TRACE::2024-11-08.07:16:27::SCWMssOS::make -C microblaze_0/libsrc/standalone_v8_0/src -s clean 

TRACE::2024-11-08.07:16:28::SCWMssOS::make -C microblaze_0/libsrc/uartlite_v3_7/src -s clean 

TRACE::2024-11-08.07:16:28::SCWMssOS::rm -f microblaze_0/lib/libxil.a

LOG::2024-11-08.07:16:41::SCWPlatform::Started generating the artifacts platform mb_usb_hdmi_top
TRACE::2024-11-08.07:16:41::SCWPlatform::Sanity checking of platform is completed
LOG::2024-11-08.07:16:41::SCWPlatform::Started generating the artifacts for system configuration mb_usb_hdmi_top
LOG::2024-11-08.07:16:41::SCWSystem::Checking the domain standalone_microblaze_0
LOG::2024-11-08.07:16:41::SCWSystem::Not a boot domain 
LOG::2024-11-08.07:16:41::SCWSystem::Started Processing the domain standalone_microblaze_0
TRACE::2024-11-08.07:16:41::SCWDomain::Generating domain artifcats
TRACE::2024-11-08.07:16:41::SCWMssOS::Generating standalone artifcats
TRACE::2024-11-08.07:16:41::SCWMssOS:: Copying the user libraries. 
TRACE::2024-11-08.07:16:41::SCWPlatform::Trying to open the hw design at C:/Users/Shane/Documents/Classes/ECE_385/Lab_7/lab_7_2/workspace/mb_usb_hdmi_top/hw/mb_usb_hdmi_top.xsa
TRACE::2024-11-08.07:16:41::SCWPlatform::DSA given C:/Users/Shane/Documents/Classes/ECE_385/Lab_7/lab_7_2/workspace/mb_usb_hdmi_top/hw/mb_usb_hdmi_top.xsa
TRACE::2024-11-08.07:16:41::SCWPlatform::DSA absoulate path C:/Users/Shane/Documents/Classes/ECE_385/Lab_7/lab_7_2/workspace/mb_usb_hdmi_top/hw/mb_usb_hdmi_top.xsa
TRACE::2024-11-08.07:16:41::SCWPlatform::DSA directory C:/Users/Shane/Documents/Classes/ECE_385/Lab_7/lab_7_2/workspace/mb_usb_hdmi_top/hw
TRACE::2024-11-08.07:16:41::SCWPlatform:: Platform Path C:/Users/Shane/Documents/Classes/ECE_385/Lab_7/lab_7_2/workspace/mb_usb_hdmi_top/hw/mb_usb_hdmi_top.xsa
TRACE::2024-11-08.07:16:41::SCWPlatform:: Unique name xilinx:::0.0
TRACE::2024-11-08.07:16:41::SCWPlatform::Trying to set the existing hwdb with name mb_usb_hdmi_top_4
TRACE::2024-11-08.07:16:41::SCWPlatform::Opened existing hwdb mb_usb_hdmi_top_4
TRACE::2024-11-08.07:16:41::SCWPlatform::Found the Hw Db part of the input DSA
TRACE::2024-11-08.07:16:41::SCWMssOS::Checking the sw design at  C:/Users/Shane/Documents/Classes/ECE_385/Lab_7/lab_7_2/workspace/mb_usb_hdmi_top/microblaze_0/standalone_microblaze_0/bsp/system.mss
TRACE::2024-11-08.07:16:41::SCWMssOS::DEBUG:  swdes dump  C:/Users/Shane/Documents/Classes/ECE_385/Lab_7/lab_7_2/workspace/mb_usb_hdmi_top/microblaze_0/standalone_microblaze_0/bsp/system.mss|system||

TRACE::2024-11-08.07:16:41::SCWMssOS::Sw design exists and opened at  C:/Users/Shane/Documents/Classes/ECE_385/Lab_7/lab_7_2/workspace/mb_usb_hdmi_top/microblaze_0/standalone_microblaze_0/bsp/system.mss
TRACE::2024-11-08.07:16:41::SCWMssOS::Completed writing the mss file at C:/Users/Shane/Documents/Classes/ECE_385/Lab_7/lab_7_2/workspace/mb_usb_hdmi_top/microblaze_0/standalone_microblaze_0/bsp
TRACE::2024-11-08.07:16:41::SCWMssOS::Mss edits present, copying mssfile into export location C:/Users/Shane/Documents/Classes/ECE_385/Lab_7/lab_7_2/workspace/mb_usb_hdmi_top/microblaze_0/standalone_microblaze_0/bsp/system.mss
TRACE::2024-11-08.07:16:41::SCWMssOS::bsp generated is upto date with the mss file. Skipping bsp generation.
TRACE::2024-11-08.07:16:41::SCWMssOS::BSP is already built. skipping the bsp build ... 
TRACE::2024-11-08.07:16:41::SCWDomain::Building the domain as part of full build :  standalone_microblaze_0
TRACE::2024-11-08.07:16:41::SCWMssOS::doing bsp build ... 
TRACE::2024-11-08.07:16:41::SCWMssOS::System Command Ran  C: & cd  C:/Users/Shane/Documents/Classes/ECE_385/Lab_7/lab_7_2/workspace/mb_usb_hdmi_top/microblaze_0/standalone_microblaze_0/bsp & make 
TRACE::2024-11-08.07:16:41::SCWMssOS::make --no-print-directory seq_libs

TRACE::2024-11-08.07:16:41::SCWMssOS::'Finished building libraries sequentially.'

TRACE::2024-11-08.07:16:41::SCWMssOS::make -j 6 --no-print-directory par_libs

TRACE::2024-11-08.07:16:42::SCWMssOS::"Running Make include in microblaze_0/libsrc/bram_v4_8/src"

TRACE::2024-11-08.07:16:42::SCWMssOS::make -C microblaze_0/libsrc/bram_v4_8/src -s include  "SHELL=CMD" "COMPILER=mb-gcc" "ASSEMBLER=mb-as" "ARCHIVER=mb-ar" "COMPILE
TRACE::2024-11-08.07:16:42::SCWMssOS::R_FLAGS=  -O2 -c -mcpu=v11.0 -mlittle-endian -mno-xl-reorder -mno-xl-soft-mul -mxl-barrel-shift -mxl-pattern-compare" "EXTRA_CO
TRACE::2024-11-08.07:16:42::SCWMssOS::MPILER_FLAGS=-g -ffunction-sections -fdata-sections -Wall -Wextra -fno-tree-loop-distribute-patterns"

TRACE::2024-11-08.07:16:42::SCWMssOS::"Running Make include in microblaze_0/libsrc/cpu_v2_16/src"

TRACE::2024-11-08.07:16:42::SCWMssOS::make -C microblaze_0/libsrc/cpu_v2_16/src -s include  "SHELL=CMD" "COMPILER=mb-gcc" "ASSEMBLER=mb-as" "ARCHIVER=mb-ar" "COMPILE
TRACE::2024-11-08.07:16:42::SCWMssOS::R_FLAGS=  -O2 -c -mcpu=v11.0 -mlittle-endian -mno-xl-reorder -mno-xl-soft-mul -mxl-barrel-shift -mxl-pattern-compare" "EXTRA_CO
TRACE::2024-11-08.07:16:42::SCWMssOS::MPILER_FLAGS=-g -ffunction-sections -fdata-sections -Wall -Wextra -fno-tree-loop-distribute-patterns"

TRACE::2024-11-08.07:16:42::SCWMssOS::"Running Make include in microblaze_0/libsrc/intc_v3_15/src"

TRACE::2024-11-08.07:16:42::SCWMssOS::make -C microblaze_0/libsrc/intc_v3_15/src -s include  "SHELL=CMD" "COMPILER=mb-gcc" "ASSEMBLER=mb-as" "ARCHIVER=mb-ar" "COMPIL
TRACE::2024-11-08.07:16:42::SCWMssOS::ER_FLAGS=  -O2 -c -mcpu=v11.0 -mlittle-endian -mno-xl-reorder -mno-xl-soft-mul -mxl-barrel-shift -mxl-pattern-compare" "EXTRA_C
TRACE::2024-11-08.07:16:42::SCWMssOS::OMPILER_FLAGS=-g -ffunction-sections -fdata-sections -Wall -Wextra -fno-tree-loop-distribute-patterns"

TRACE::2024-11-08.07:16:42::SCWMssOS::"Running Make include in microblaze_0/libsrc/standalone_v8_0/src"

TRACE::2024-11-08.07:16:42::SCWMssOS::make -C microblaze_0/libsrc/standalone_v8_0/src -s include  "SHELL=CMD" "COMPILER=mb-gcc" "ASSEMBLER=mb-as" "ARCHIVER=mb-ar" "C
TRACE::2024-11-08.07:16:42::SCWMssOS::OMPILER_FLAGS=  -O2 -c -mcpu=v11.0 -mlittle-endian -mno-xl-reorder -mno-xl-soft-mul -mxl-barrel-shift -mxl-pattern-compare" "EX
TRACE::2024-11-08.07:16:42::SCWMssOS::TRA_COMPILER_FLAGS=-g -ffunction-sections -fdata-sections -Wall -Wextra -fno-tree-loop-distribute-patterns"

TRACE::2024-11-08.07:16:42::SCWMssOS::"Running Make include in microblaze_0/libsrc/uartlite_v3_7/src"

TRACE::2024-11-08.07:16:42::SCWMssOS::make -C microblaze_0/libsrc/uartlite_v3_7/src -s include  "SHELL=CMD" "COMPILER=mb-gcc" "ASSEMBLER=mb-as" "ARCHIVER=mb-ar" "COM
TRACE::2024-11-08.07:16:42::SCWMssOS::PILER_FLAGS=  -O2 -c -mcpu=v11.0 -mlittle-endian -mno-xl-reorder -mno-xl-soft-mul -mxl-barrel-shift -mxl-pattern-compare" "EXTR
TRACE::2024-11-08.07:16:42::SCWMssOS::A_COMPILER_FLAGS=-g -ffunction-sections -fdata-sections -Wall -Wextra -fno-tree-loop-distribute-patterns"

TRACE::2024-11-08.07:16:42::SCWMssOS::"Running Make libs in microblaze_0/libsrc/bram_v4_8/src"

TRACE::2024-11-08.07:16:42::SCWMssOS::make -C microblaze_0/libsrc/bram_v4_8/src -s libs  "SHELL=CMD" "COMPILER=mb-gcc" "ASSEMBLER=mb-as" "ARCHIVER=mb-ar" "COMPILER_F
TRACE::2024-11-08.07:16:42::SCWMssOS::LAGS=  -O2 -c -mcpu=v11.0 -mlittle-endian -mno-xl-reorder -mno-xl-soft-mul -mxl-barrel-shift -mxl-pattern-compare" "EXTRA_COMPI
TRACE::2024-11-08.07:16:42::SCWMssOS::LER_FLAGS=-g -ffunction-sections -fdata-sections -Wall -Wextra -fno-tree-loop-distribute-patterns"

TRACE::2024-11-08.07:16:42::SCWMssOS::"Running Make libs in microblaze_0/libsrc/cpu_v2_16/src"

TRACE::2024-11-08.07:16:42::SCWMssOS::make -C microblaze_0/libsrc/cpu_v2_16/src -s libs  "SHELL=CMD" "COMPILER=mb-gcc" "ASSEMBLER=mb-as" "ARCHIVER=mb-ar" "COMPILER_F
TRACE::2024-11-08.07:16:42::SCWMssOS::LAGS=  -O2 -c -mcpu=v11.0 -mlittle-endian -mno-xl-reorder -mno-xl-soft-mul -mxl-barrel-shift -mxl-pattern-compare" "EXTRA_COMPI
TRACE::2024-11-08.07:16:42::SCWMssOS::LER_FLAGS=-g -ffunction-sections -fdata-sections -Wall -Wextra -fno-tree-loop-distribute-patterns"

TRACE::2024-11-08.07:16:42::SCWMssOS::"Running Make libs in microblaze_0/libsrc/intc_v3_15/src"

TRACE::2024-11-08.07:16:42::SCWMssOS::make -C microblaze_0/libsrc/intc_v3_15/src -s libs  "SHELL=CMD" "COMPILER=mb-gcc" "ASSEMBLER=mb-as" "ARCHIVER=mb-ar" "COMPILER_
TRACE::2024-11-08.07:16:42::SCWMssOS::FLAGS=  -O2 -c -mcpu=v11.0 -mlittle-endian -mno-xl-reorder -mno-xl-soft-mul -mxl-barrel-shift -mxl-pattern-compare" "EXTRA_COMP
TRACE::2024-11-08.07:16:42::SCWMssOS::ILER_FLAGS=-g -ffunction-sections -fdata-sections -Wall -Wextra -fno-tree-loop-distribute-patterns"

TRACE::2024-11-08.07:16:42::SCWMssOS::"Running Make libs in microblaze_0/libsrc/standalone_v8_0/src"

TRACE::2024-11-08.07:16:42::SCWMssOS::make -C microblaze_0/libsrc/standalone_v8_0/src -s libs  "SHELL=CMD" "COMPILER=mb-gcc" "ASSEMBLER=mb-as" "ARCHIVER=mb-ar" "COMP
TRACE::2024-11-08.07:16:42::SCWMssOS::ILER_FLAGS=  -O2 -c -mcpu=v11.0 -mlittle-endian -mno-xl-reorder -mno-xl-soft-mul -mxl-barrel-shift -mxl-pattern-compare" "EXTRA
TRACE::2024-11-08.07:16:42::SCWMssOS::_COMPILER_FLAGS=-g -ffunction-sections -fdata-sections -Wall -Wextra -fno-tree-loop-distribute-patterns"

TRACE::2024-11-08.07:16:42::SCWMssOS::"Running Make libs in microblaze_0/libsrc/uartlite_v3_7/src"

TRACE::2024-11-08.07:16:42::SCWMssOS::make -C microblaze_0/libsrc/uartlite_v3_7/src -s libs  "SHELL=CMD" "COMPILER=mb-gcc" "ASSEMBLER=mb-as" "ARCHIVER=mb-ar" "COMPIL
TRACE::2024-11-08.07:16:42::SCWMssOS::ER_FLAGS=  -O2 -c -mcpu=v11.0 -mlittle-endian -mno-xl-reorder -mno-xl-soft-mul -mxl-barrel-shift -mxl-pattern-compare" "EXTRA_C
TRACE::2024-11-08.07:16:42::SCWMssOS::OMPILER_FLAGS=-g -ffunction-sections -fdata-sections -Wall -Wextra -fno-tree-loop-distribute-patterns"

TRACE::2024-11-08.07:16:44::SCWMssOS::"DEBUG NON_LTO_OBJECTS is ../../../lib/microblaze_interrupt_handler.o"

TRACE::2024-11-08.07:16:45::SCWMssOS::'Finished building libraries parallelly.'

TRACE::2024-11-08.07:16:45::SCWMssOS::make --no-print-directory archive

TRACE::2024-11-08.07:16:45::SCWMssOS::mb-ar -r  microblaze_0/lib/libxil.a microblaze_0/lib/_exit.o microblaze_0/lib/errno.o microblaze_0/lib/fcntl.o microblaze_0/lib
TRACE::2024-11-08.07:16:45::SCWMssOS::/hw_exception_handler.o microblaze_0/lib/inbyte.o microblaze_0/lib/microblaze_disable_dcache.o microblaze_0/lib/microblaze_disa
TRACE::2024-11-08.07:16:45::SCWMssOS::ble_exceptions.o microblaze_0/lib/microblaze_disable_icache.o microblaze_0/lib/microblaze_disable_interrupts.o microblaze_0/lib
TRACE::2024-11-08.07:16:45::SCWMssOS::/microblaze_enable_dcache.o microblaze_0/lib/microblaze_enable_exceptions.o microblaze_0/lib/microblaze_enable_icache.o microbl
TRACE::2024-11-08.07:16:45::SCWMssOS::aze_0/lib/microblaze_enable_interrupts.o microblaze_0/lib/microblaze_exception_handler.o microblaze_0/lib/microblaze_flush_cach
TRACE::2024-11-08.07:16:45::SCWMssOS::e_ext.o microblaze_0/lib/microblaze_flush_cache_ext_range.o microblaze_0/lib/microblaze_flush_dcache.o microblaze_0/lib/microbl
TRACE::2024-11-08.07:16:45::SCWMssOS::aze_flush_dcache_range.o microblaze_0/lib/microblaze_init_dcache_range.o microblaze_0/lib/microblaze_init_icache_range.o microb
TRACE::2024-11-08.07:16:45::SCWMssOS::laze_0/lib/microblaze_interrupt_handler.o microblaze_0/lib/microblaze_interrupts_g.o microblaze_0/lib/microblaze_invalidate_cac
TRACE::2024-11-08.07:16:45::SCWMssOS::he_ext.o microblaze_0/lib/microblaze_invalidate_cache_ext_range.o microblaze_0/lib/microblaze_invalidate_dcache.o microblaze_0/
TRACE::2024-11-08.07:16:45::SCWMssOS::lib/microblaze_invalidate_dcache_range.o microblaze_0/lib/microblaze_invalidate_icache.o microblaze_0/lib/microblaze_invalidate
TRACE::2024-11-08.07:16:45::SCWMssOS::_icache_range.o microblaze_0/lib/microblaze_scrub.o microblaze_0/lib/microblaze_selftest.o microblaze_0/lib/microblaze_sleep.o 
TRACE::2024-11-08.07:16:45::SCWMssOS::microblaze_0/lib/microblaze_update_dcache.o microblaze_0/lib/microblaze_update_icache.o microblaze_0/lib/outbyte.o microblaze_0
TRACE::2024-11-08.07:16:45::SCWMssOS::/lib/print.o microblaze_0/lib/pvr.o microblaze_0/lib/xbram.o microblaze_0/lib/xbram_g.o microblaze_0/lib/xbram_intr.o microblaz
TRACE::2024-11-08.07:16:45::SCWMssOS::e_0/lib/xbram_selftest.o microblaze_0/lib/xbram_sinit.o microblaze_0/lib/xil_assert.o microblaze_0/lib/xil_cache.o microblaze_0
TRACE::2024-11-08.07:16:45::SCWMssOS::/lib/xil_clocking.o microblaze_0/lib/xil_exception.o microblaze_0/lib/xil_mem.o microblaze_0/lib/xil_misc_psreset_api.o microbl
TRACE::2024-11-08.07:16:45::SCWMssOS::aze_0/lib/xil_printf.o microblaze_0/lib/xil_sleepcommon.o microblaze_0/lib/xil_testcache.o microblaze_0/lib/xil_testio.o microb
TRACE::2024-11-08.07:16:45::SCWMssOS::laze_0/lib/xil_testmem.o microblaze_0/lib/xil_util.o microblaze_0/lib/xintc.o microblaze_0/lib/xintc_g.o microblaze_0/lib/xintc
TRACE::2024-11-08.07:16:45::SCWMssOS::_intr.o microblaze_0/lib/xintc_l.o microblaze_0/lib/xintc_options.o microblaze_0/lib/xintc_selftest.o microblaze_0/lib/xinterru
TRACE::2024-11-08.07:16:45::SCWMssOS::pt_wrap.o microblaze_0/lib/xio.o microblaze_0/lib/xplatform_info.o microblaze_0/lib/xuartlite.o microblaze_0/lib/xuartlite_g.o 
TRACE::2024-11-08.07:16:45::SCWMssOS::microblaze_0/lib/xuartlite_intr.o microblaze_0/lib/xuartlite_l.o microblaze_0/lib/xuartlite_selftest.o microblaze_0/lib/xuartli
TRACE::2024-11-08.07:16:45::SCWMssOS::te_sinit.o microblaze_0/lib/xuartlite_stats.o

TRACE::2024-11-08.07:16:45::SCWMssOS::'Finished building libraries'

TRACE::2024-11-08.07:16:45::SCWMssOS::Copying to export directory.
TRACE::2024-11-08.07:16:45::SCWMssOS:: Checking if to create the Supporting Applications
TRACE::2024-11-08.07:16:45::SCWMssOS:: No Linux domain exists, trying to generate FSBL 
LOG::2024-11-08.07:16:45::SCWSystem::Completed Processing the domain standalone_microblaze_0
LOG::2024-11-08.07:16:45::SCWSystem::Completed Processing the sysconfig mb_usb_hdmi_top
LOG::2024-11-08.07:16:45::SCWPlatform::Completed generating the artifacts for system configuration mb_usb_hdmi_top
TRACE::2024-11-08.07:16:45::SCWPlatform::Started preparing the platform 
TRACE::2024-11-08.07:16:45::SCWSystem::Writing the bif file for system config mb_usb_hdmi_top
TRACE::2024-11-08.07:16:45::SCWSystem::dir created 
TRACE::2024-11-08.07:16:45::SCWSystem::Writing the bif 
TRACE::2024-11-08.07:16:45::SCWPlatform::Started writing the spfm file 
TRACE::2024-11-08.07:16:45::SCWPlatform::Started writing the xpfm file 
TRACE::2024-11-08.07:16:45::SCWPlatform::Completed generating the platform
TRACE::2024-11-08.07:16:45::SCWMssOS::Saving the mss changes C:/Users/Shane/Documents/Classes/ECE_385/Lab_7/lab_7_2/workspace/mb_usb_hdmi_top/microblaze_0/standalone_microblaze_0/bsp/system.mss
TRACE::2024-11-08.07:16:45::SCWMssOS::Found a swdesign opened with the mssfile.
TRACE::2024-11-08.07:16:45::SCWMssOS::Completed writemss as part of save.
TRACE::2024-11-08.07:16:45::SCWMssOS::Commit changes completed.
TRACE::2024-11-08.07:16:45::SCWPlatform::Trying to open the hw design at C:/Users/Shane/Documents/Classes/ECE_385/Lab_7/lab_7_2/workspace/mb_usb_hdmi_top/hw/mb_usb_hdmi_top.xsa
TRACE::2024-11-08.07:16:45::SCWPlatform::DSA given C:/Users/Shane/Documents/Classes/ECE_385/Lab_7/lab_7_2/workspace/mb_usb_hdmi_top/hw/mb_usb_hdmi_top.xsa
TRACE::2024-11-08.07:16:45::SCWPlatform::DSA absoulate path C:/Users/Shane/Documents/Classes/ECE_385/Lab_7/lab_7_2/workspace/mb_usb_hdmi_top/hw/mb_usb_hdmi_top.xsa
TRACE::2024-11-08.07:16:45::SCWPlatform::DSA directory C:/Users/Shane/Documents/Classes/ECE_385/Lab_7/lab_7_2/workspace/mb_usb_hdmi_top/hw
TRACE::2024-11-08.07:16:45::SCWPlatform:: Platform Path C:/Users/Shane/Documents/Classes/ECE_385/Lab_7/lab_7_2/workspace/mb_usb_hdmi_top/hw/mb_usb_hdmi_top.xsa
TRACE::2024-11-08.07:16:45::SCWPlatform:: Unique name xilinx:::0.0
TRACE::2024-11-08.07:16:45::SCWPlatform::Trying to set the existing hwdb with name mb_usb_hdmi_top_4
TRACE::2024-11-08.07:16:45::SCWPlatform::Opened existing hwdb mb_usb_hdmi_top_4
TRACE::2024-11-08.07:16:45::SCWPlatform::Found the Hw Db part of the input DSA
TRACE::2024-11-08.07:16:45::SCWMssOS::Checking the sw design at  C:/Users/Shane/Documents/Classes/ECE_385/Lab_7/lab_7_2/workspace/mb_usb_hdmi_top/microblaze_0/standalone_microblaze_0/bsp/system.mss
TRACE::2024-11-08.07:16:45::SCWMssOS::DEBUG:  swdes dump  C:/Users/Shane/Documents/Classes/ECE_385/Lab_7/lab_7_2/workspace/mb_usb_hdmi_top/microblaze_0/standalone_microblaze_0/bsp/system.mss|system||

TRACE::2024-11-08.07:16:45::SCWMssOS::Sw design exists and opened at  C:/Users/Shane/Documents/Classes/ECE_385/Lab_7/lab_7_2/workspace/mb_usb_hdmi_top/microblaze_0/standalone_microblaze_0/bsp/system.mss
TRACE::2024-11-08.07:16:45::SCWWriter::formatted JSON is {
	"platformName":	"mb_usb_hdmi_top",
	"sprVersion":	"2.0",
	"mode":	"gui",
	"dsaType":	"Fixed",
	"platformDesc":	"mb_usb_hdmi_top",
	"platHandOff":	"C:/Users/Shane/Documents/Classes/ECE_385/Lab_7/lab_7_2/mb_usb_hdmi_top.xsa",
	"platIntHandOff":	"<platformDir>/hw/mb_usb_hdmi_top.xsa",
	"deviceType":	"FPGA",
	"platIsPrebuiltAutogen":	"false",
	"platIsNoBootBsp":	"false",
	"hasFsblMakeHasChanges":	"false",
	"hasPmufwMakeHasChanges":	"false",
	"platPreBuiltFlag":	false,
	"platformSamplesDir":	"",
	"platActiveSys":	"mb_usb_hdmi_top",
	"systems":	[{
			"systemName":	"mb_usb_hdmi_top",
			"systemDesc":	"mb_usb_hdmi_top",
			"sysIsBootAutoGen":	"true",
			"systemDispName":	"mb_usb_hdmi_top",
			"sysActiveDom":	"standalone_microblaze_0",
			"sysDefaultDom":	"standalone_microblaze_0",
			"domains":	[{
					"domainName":	"standalone_microblaze_0",
					"domainDispName":	"standalone_microblaze_0",
					"domainDesc":	"standalone_microblaze_0",
					"processors":	"microblaze_0",
					"os":	"standalone",
					"sdxOs":	"standalone",
					"debugEnable":	"False",
					"domRuntimes":	["cpp"],
					"swRepo":	"",
					"mssOsVer":	"8.0",
					"mssFile":	"",
					"md5Digest":	"5422c1e5be4ae93f4de8c50507402f2a",
					"compatibleApp":	"",
					"domType":	"mssDomain",
					"arch":	"32-bit",
					"appSettings":	{
						"appCompilerFlags":	"",
						"appLinkerFlags":	""
					},
					"addedLibs":	[],
					"libOptions":	{
						"libsContainingOptions":	[]
					},
					"prebuiltLibs":	{
						"prebuiltIncPath":	[],
						"prebuiltLibPath":	[]
					},
					"isolation":	{
					}
				}]
		}]
}
KEYINFO::2024-11-08.07:16:45::SCWPlatform::updated the xpfm file.
TRACE::2024-11-08.07:16:45::SCWPlatform::Trying to open the hw design at C:/Users/Shane/Documents/Classes/ECE_385/Lab_7/lab_7_2/workspace/mb_usb_hdmi_top/hw/mb_usb_hdmi_top.xsa
TRACE::2024-11-08.07:16:45::SCWPlatform::DSA given C:/Users/Shane/Documents/Classes/ECE_385/Lab_7/lab_7_2/workspace/mb_usb_hdmi_top/hw/mb_usb_hdmi_top.xsa
TRACE::2024-11-08.07:16:45::SCWPlatform::DSA absoulate path C:/Users/Shane/Documents/Classes/ECE_385/Lab_7/lab_7_2/workspace/mb_usb_hdmi_top/hw/mb_usb_hdmi_top.xsa
TRACE::2024-11-08.07:16:45::SCWPlatform::DSA directory C:/Users/Shane/Documents/Classes/ECE_385/Lab_7/lab_7_2/workspace/mb_usb_hdmi_top/hw
TRACE::2024-11-08.07:16:45::SCWPlatform:: Platform Path C:/Users/Shane/Documents/Classes/ECE_385/Lab_7/lab_7_2/workspace/mb_usb_hdmi_top/hw/mb_usb_hdmi_top.xsa
TRACE::2024-11-08.07:16:45::SCWPlatform:: Unique name xilinx:::0.0
TRACE::2024-11-08.07:16:45::SCWPlatform::Trying to set the existing hwdb with name mb_usb_hdmi_top_4
TRACE::2024-11-08.07:16:45::SCWPlatform::Opened existing hwdb mb_usb_hdmi_top_4
TRACE::2024-11-08.07:16:45::SCWPlatform::Found the Hw Db part of the input DSA
TRACE::2024-11-08.07:16:45::SCWMssOS::Checking the sw design at  C:/Users/Shane/Documents/Classes/ECE_385/Lab_7/lab_7_2/workspace/mb_usb_hdmi_top/microblaze_0/standalone_microblaze_0/bsp/system.mss
TRACE::2024-11-08.07:16:45::SCWMssOS::DEBUG:  swdes dump  C:/Users/Shane/Documents/Classes/ECE_385/Lab_7/lab_7_2/workspace/mb_usb_hdmi_top/microblaze_0/standalone_microblaze_0/bsp/system.mss|system||

TRACE::2024-11-08.07:16:45::SCWMssOS::Sw design exists and opened at  C:/Users/Shane/Documents/Classes/ECE_385/Lab_7/lab_7_2/workspace/mb_usb_hdmi_top/microblaze_0/standalone_microblaze_0/bsp/system.mss
TRACE::2024-11-08.09:27:36::SCWMssOS::cleaning the bsp 
TRACE::2024-11-08.09:27:36::SCWMssOS::System Command Ran  C: & cd  C:/Users/Shane/Documents/Classes/ECE_385/Lab_7/lab_7_2/workspace/mb_usb_hdmi_top/microblaze_0/standalone_microblaze_0/bsp & make clean 
TRACE::2024-11-08.09:27:36::SCWMssOS::make -C microblaze_0/libsrc/bram_v4_8/src -s clean 

TRACE::2024-11-08.09:27:37::SCWMssOS::make -C microblaze_0/libsrc/cpu_v2_16/src -s clean 

TRACE::2024-11-08.09:27:37::SCWMssOS::make -C microblaze_0/libsrc/intc_v3_15/src -s clean 

TRACE::2024-11-08.09:27:37::SCWMssOS::make -C microblaze_0/libsrc/standalone_v8_0/src -s clean 

TRACE::2024-11-08.09:27:38::SCWMssOS::make -C microblaze_0/libsrc/uartlite_v3_7/src -s clean 

TRACE::2024-11-08.09:27:38::SCWMssOS::rm -f microblaze_0/lib/libxil.a

LOG::2024-11-08.09:27:45::SCWPlatform::Started generating the artifacts platform mb_usb_hdmi_top
TRACE::2024-11-08.09:27:45::SCWPlatform::Sanity checking of platform is completed
LOG::2024-11-08.09:27:45::SCWPlatform::Started generating the artifacts for system configuration mb_usb_hdmi_top
LOG::2024-11-08.09:27:45::SCWSystem::Checking the domain standalone_microblaze_0
LOG::2024-11-08.09:27:45::SCWSystem::Not a boot domain 
LOG::2024-11-08.09:27:45::SCWSystem::Started Processing the domain standalone_microblaze_0
TRACE::2024-11-08.09:27:45::SCWDomain::Generating domain artifcats
TRACE::2024-11-08.09:27:45::SCWMssOS::Generating standalone artifcats
TRACE::2024-11-08.09:27:45::SCWMssOS:: Copying the user libraries. 
TRACE::2024-11-08.09:27:45::SCWPlatform::Trying to open the hw design at C:/Users/Shane/Documents/Classes/ECE_385/Lab_7/lab_7_2/workspace/mb_usb_hdmi_top/hw/mb_usb_hdmi_top.xsa
TRACE::2024-11-08.09:27:45::SCWPlatform::DSA given C:/Users/Shane/Documents/Classes/ECE_385/Lab_7/lab_7_2/workspace/mb_usb_hdmi_top/hw/mb_usb_hdmi_top.xsa
TRACE::2024-11-08.09:27:45::SCWPlatform::DSA absoulate path C:/Users/Shane/Documents/Classes/ECE_385/Lab_7/lab_7_2/workspace/mb_usb_hdmi_top/hw/mb_usb_hdmi_top.xsa
TRACE::2024-11-08.09:27:45::SCWPlatform::DSA directory C:/Users/Shane/Documents/Classes/ECE_385/Lab_7/lab_7_2/workspace/mb_usb_hdmi_top/hw
TRACE::2024-11-08.09:27:45::SCWPlatform:: Platform Path C:/Users/Shane/Documents/Classes/ECE_385/Lab_7/lab_7_2/workspace/mb_usb_hdmi_top/hw/mb_usb_hdmi_top.xsa
TRACE::2024-11-08.09:27:45::SCWPlatform:: Unique name xilinx:::0.0
TRACE::2024-11-08.09:27:45::SCWPlatform::Trying to set the existing hwdb with name mb_usb_hdmi_top_4
TRACE::2024-11-08.09:27:45::SCWPlatform::Opened existing hwdb mb_usb_hdmi_top_4
TRACE::2024-11-08.09:27:45::SCWPlatform::Found the Hw Db part of the input DSA
TRACE::2024-11-08.09:27:45::SCWMssOS::Checking the sw design at  C:/Users/Shane/Documents/Classes/ECE_385/Lab_7/lab_7_2/workspace/mb_usb_hdmi_top/microblaze_0/standalone_microblaze_0/bsp/system.mss
TRACE::2024-11-08.09:27:45::SCWMssOS::DEBUG:  swdes dump  C:/Users/Shane/Documents/Classes/ECE_385/Lab_7/lab_7_2/workspace/mb_usb_hdmi_top/microblaze_0/standalone_microblaze_0/bsp/system.mss|system||

TRACE::2024-11-08.09:27:45::SCWMssOS::Sw design exists and opened at  C:/Users/Shane/Documents/Classes/ECE_385/Lab_7/lab_7_2/workspace/mb_usb_hdmi_top/microblaze_0/standalone_microblaze_0/bsp/system.mss
TRACE::2024-11-08.09:27:45::SCWMssOS::Completed writing the mss file at C:/Users/Shane/Documents/Classes/ECE_385/Lab_7/lab_7_2/workspace/mb_usb_hdmi_top/microblaze_0/standalone_microblaze_0/bsp
TRACE::2024-11-08.09:27:45::SCWMssOS::Mss edits present, copying mssfile into export location C:/Users/Shane/Documents/Classes/ECE_385/Lab_7/lab_7_2/workspace/mb_usb_hdmi_top/microblaze_0/standalone_microblaze_0/bsp/system.mss
TRACE::2024-11-08.09:27:45::SCWMssOS::bsp generated is upto date with the mss file. Skipping bsp generation.
TRACE::2024-11-08.09:27:45::SCWMssOS::BSP is already built. skipping the bsp build ... 
TRACE::2024-11-08.09:27:45::SCWDomain::Building the domain as part of full build :  standalone_microblaze_0
TRACE::2024-11-08.09:27:45::SCWMssOS::doing bsp build ... 
TRACE::2024-11-08.09:27:45::SCWMssOS::System Command Ran  C: & cd  C:/Users/Shane/Documents/Classes/ECE_385/Lab_7/lab_7_2/workspace/mb_usb_hdmi_top/microblaze_0/standalone_microblaze_0/bsp & make 
TRACE::2024-11-08.09:27:45::SCWMssOS::make --no-print-directory seq_libs

TRACE::2024-11-08.09:27:45::SCWMssOS::'Finished building libraries sequentially.'

TRACE::2024-11-08.09:27:45::SCWMssOS::make -j 6 --no-print-directory par_libs

TRACE::2024-11-08.09:27:45::SCWMssOS::"Running Make include in microblaze_0/libsrc/bram_v4_8/src"

TRACE::2024-11-08.09:27:45::SCWMssOS::make -C microblaze_0/libsrc/bram_v4_8/src -s include  "SHELL=CMD" "COMPILER=mb-gcc" "ASSEMBLER=mb-as" "ARCHIVER=mb-ar" "COMPILE
TRACE::2024-11-08.09:27:45::SCWMssOS::R_FLAGS=  -O2 -c -mcpu=v11.0 -mlittle-endian -mno-xl-reorder -mno-xl-soft-mul -mxl-barrel-shift -mxl-pattern-compare" "EXTRA_CO
TRACE::2024-11-08.09:27:45::SCWMssOS::MPILER_FLAGS=-g -ffunction-sections -fdata-sections -Wall -Wextra -fno-tree-loop-distribute-patterns"

TRACE::2024-11-08.09:27:45::SCWMssOS::"Running Make include in microblaze_0/libsrc/cpu_v2_16/src"

TRACE::2024-11-08.09:27:45::SCWMssOS::make -C microblaze_0/libsrc/cpu_v2_16/src -s include  "SHELL=CMD" "COMPILER=mb-gcc" "ASSEMBLER=mb-as" "ARCHIVER=mb-ar" "COMPILE
TRACE::2024-11-08.09:27:45::SCWMssOS::R_FLAGS=  -O2 -c -mcpu=v11.0 -mlittle-endian -mno-xl-reorder -mno-xl-soft-mul -mxl-barrel-shift -mxl-pattern-compare" "EXTRA_CO
TRACE::2024-11-08.09:27:45::SCWMssOS::MPILER_FLAGS=-g -ffunction-sections -fdata-sections -Wall -Wextra -fno-tree-loop-distribute-patterns"

TRACE::2024-11-08.09:27:45::SCWMssOS::"Running Make include in microblaze_0/libsrc/intc_v3_15/src"

TRACE::2024-11-08.09:27:45::SCWMssOS::make -C microblaze_0/libsrc/intc_v3_15/src -s include  "SHELL=CMD" "COMPILER=mb-gcc" "ASSEMBLER=mb-as" "ARCHIVER=mb-ar" "COMPIL
TRACE::2024-11-08.09:27:45::SCWMssOS::ER_FLAGS=  -O2 -c -mcpu=v11.0 -mlittle-endian -mno-xl-reorder -mno-xl-soft-mul -mxl-barrel-shift -mxl-pattern-compare" "EXTRA_C
TRACE::2024-11-08.09:27:45::SCWMssOS::OMPILER_FLAGS=-g -ffunction-sections -fdata-sections -Wall -Wextra -fno-tree-loop-distribute-patterns"

TRACE::2024-11-08.09:27:45::SCWMssOS::"Running Make include in microblaze_0/libsrc/standalone_v8_0/src"

TRACE::2024-11-08.09:27:45::SCWMssOS::make -C microblaze_0/libsrc/standalone_v8_0/src -s include  "SHELL=CMD" "COMPILER=mb-gcc" "ASSEMBLER=mb-as" "ARCHIVER=mb-ar" "C
TRACE::2024-11-08.09:27:45::SCWMssOS::OMPILER_FLAGS=  -O2 -c -mcpu=v11.0 -mlittle-endian -mno-xl-reorder -mno-xl-soft-mul -mxl-barrel-shift -mxl-pattern-compare" "EX
TRACE::2024-11-08.09:27:45::SCWMssOS::TRA_COMPILER_FLAGS=-g -ffunction-sections -fdata-sections -Wall -Wextra -fno-tree-loop-distribute-patterns"

TRACE::2024-11-08.09:27:45::SCWMssOS::"Running Make include in microblaze_0/libsrc/uartlite_v3_7/src"

TRACE::2024-11-08.09:27:45::SCWMssOS::make -C microblaze_0/libsrc/uartlite_v3_7/src -s include  "SHELL=CMD" "COMPILER=mb-gcc" "ASSEMBLER=mb-as" "ARCHIVER=mb-ar" "COM
TRACE::2024-11-08.09:27:45::SCWMssOS::PILER_FLAGS=  -O2 -c -mcpu=v11.0 -mlittle-endian -mno-xl-reorder -mno-xl-soft-mul -mxl-barrel-shift -mxl-pattern-compare" "EXTR
TRACE::2024-11-08.09:27:45::SCWMssOS::A_COMPILER_FLAGS=-g -ffunction-sections -fdata-sections -Wall -Wextra -fno-tree-loop-distribute-patterns"

TRACE::2024-11-08.09:27:46::SCWMssOS::"Running Make libs in microblaze_0/libsrc/bram_v4_8/src"

TRACE::2024-11-08.09:27:46::SCWMssOS::make -C microblaze_0/libsrc/bram_v4_8/src -s libs  "SHELL=CMD" "COMPILER=mb-gcc" "ASSEMBLER=mb-as" "ARCHIVER=mb-ar" "COMPILER_F
TRACE::2024-11-08.09:27:46::SCWMssOS::LAGS=  -O2 -c -mcpu=v11.0 -mlittle-endian -mno-xl-reorder -mno-xl-soft-mul -mxl-barrel-shift -mxl-pattern-compare" "EXTRA_COMPI
TRACE::2024-11-08.09:27:46::SCWMssOS::LER_FLAGS=-g -ffunction-sections -fdata-sections -Wall -Wextra -fno-tree-loop-distribute-patterns"

TRACE::2024-11-08.09:27:46::SCWMssOS::"Running Make libs in microblaze_0/libsrc/cpu_v2_16/src"

TRACE::2024-11-08.09:27:46::SCWMssOS::make -C microblaze_0/libsrc/cpu_v2_16/src -s libs  "SHELL=CMD" "COMPILER=mb-gcc" "ASSEMBLER=mb-as" "ARCHIVER=mb-ar" "COMPILER_F
TRACE::2024-11-08.09:27:46::SCWMssOS::LAGS=  -O2 -c -mcpu=v11.0 -mlittle-endian -mno-xl-reorder -mno-xl-soft-mul -mxl-barrel-shift -mxl-pattern-compare" "EXTRA_COMPI
TRACE::2024-11-08.09:27:46::SCWMssOS::LER_FLAGS=-g -ffunction-sections -fdata-sections -Wall -Wextra -fno-tree-loop-distribute-patterns"

TRACE::2024-11-08.09:27:46::SCWMssOS::"Running Make libs in microblaze_0/libsrc/intc_v3_15/src"

TRACE::2024-11-08.09:27:46::SCWMssOS::make -C microblaze_0/libsrc/intc_v3_15/src -s libs  "SHELL=CMD" "COMPILER=mb-gcc" "ASSEMBLER=mb-as" "ARCHIVER=mb-ar" "COMPILER_
TRACE::2024-11-08.09:27:46::SCWMssOS::FLAGS=  -O2 -c -mcpu=v11.0 -mlittle-endian -mno-xl-reorder -mno-xl-soft-mul -mxl-barrel-shift -mxl-pattern-compare" "EXTRA_COMP
TRACE::2024-11-08.09:27:46::SCWMssOS::ILER_FLAGS=-g -ffunction-sections -fdata-sections -Wall -Wextra -fno-tree-loop-distribute-patterns"

TRACE::2024-11-08.09:27:46::SCWMssOS::"Running Make libs in microblaze_0/libsrc/standalone_v8_0/src"

TRACE::2024-11-08.09:27:46::SCWMssOS::make -C microblaze_0/libsrc/standalone_v8_0/src -s libs  "SHELL=CMD" "COMPILER=mb-gcc" "ASSEMBLER=mb-as" "ARCHIVER=mb-ar" "COMP
TRACE::2024-11-08.09:27:46::SCWMssOS::ILER_FLAGS=  -O2 -c -mcpu=v11.0 -mlittle-endian -mno-xl-reorder -mno-xl-soft-mul -mxl-barrel-shift -mxl-pattern-compare" "EXTRA
TRACE::2024-11-08.09:27:46::SCWMssOS::_COMPILER_FLAGS=-g -ffunction-sections -fdata-sections -Wall -Wextra -fno-tree-loop-distribute-patterns"

TRACE::2024-11-08.09:27:46::SCWMssOS::"Running Make libs in microblaze_0/libsrc/uartlite_v3_7/src"

TRACE::2024-11-08.09:27:46::SCWMssOS::make -C microblaze_0/libsrc/uartlite_v3_7/src -s libs  "SHELL=CMD" "COMPILER=mb-gcc" "ASSEMBLER=mb-as" "ARCHIVER=mb-ar" "COMPIL
TRACE::2024-11-08.09:27:46::SCWMssOS::ER_FLAGS=  -O2 -c -mcpu=v11.0 -mlittle-endian -mno-xl-reorder -mno-xl-soft-mul -mxl-barrel-shift -mxl-pattern-compare" "EXTRA_C
TRACE::2024-11-08.09:27:46::SCWMssOS::OMPILER_FLAGS=-g -ffunction-sections -fdata-sections -Wall -Wextra -fno-tree-loop-distribute-patterns"

TRACE::2024-11-08.09:27:51::SCWMssOS::"DEBUG NON_LTO_OBJECTS is ../../../lib/microblaze_interrupt_handler.o"

TRACE::2024-11-08.09:27:51::SCWMssOS::'Finished building libraries parallelly.'

TRACE::2024-11-08.09:27:51::SCWMssOS::make --no-print-directory archive

TRACE::2024-11-08.09:27:51::SCWMssOS::mb-ar -r  microblaze_0/lib/libxil.a microblaze_0/lib/_exit.o microblaze_0/lib/errno.o microblaze_0/lib/fcntl.o microblaze_0/lib
TRACE::2024-11-08.09:27:51::SCWMssOS::/hw_exception_handler.o microblaze_0/lib/inbyte.o microblaze_0/lib/microblaze_disable_dcache.o microblaze_0/lib/microblaze_disa
TRACE::2024-11-08.09:27:51::SCWMssOS::ble_exceptions.o microblaze_0/lib/microblaze_disable_icache.o microblaze_0/lib/microblaze_disable_interrupts.o microblaze_0/lib
TRACE::2024-11-08.09:27:51::SCWMssOS::/microblaze_enable_dcache.o microblaze_0/lib/microblaze_enable_exceptions.o microblaze_0/lib/microblaze_enable_icache.o microbl
TRACE::2024-11-08.09:27:51::SCWMssOS::aze_0/lib/microblaze_enable_interrupts.o microblaze_0/lib/microblaze_exception_handler.o microblaze_0/lib/microblaze_flush_cach
TRACE::2024-11-08.09:27:51::SCWMssOS::e_ext.o microblaze_0/lib/microblaze_flush_cache_ext_range.o microblaze_0/lib/microblaze_flush_dcache.o microblaze_0/lib/microbl
TRACE::2024-11-08.09:27:51::SCWMssOS::aze_flush_dcache_range.o microblaze_0/lib/microblaze_init_dcache_range.o microblaze_0/lib/microblaze_init_icache_range.o microb
TRACE::2024-11-08.09:27:51::SCWMssOS::laze_0/lib/microblaze_interrupt_handler.o microblaze_0/lib/microblaze_interrupts_g.o microblaze_0/lib/microblaze_invalidate_cac
TRACE::2024-11-08.09:27:51::SCWMssOS::he_ext.o microblaze_0/lib/microblaze_invalidate_cache_ext_range.o microblaze_0/lib/microblaze_invalidate_dcache.o microblaze_0/
TRACE::2024-11-08.09:27:51::SCWMssOS::lib/microblaze_invalidate_dcache_range.o microblaze_0/lib/microblaze_invalidate_icache.o microblaze_0/lib/microblaze_invalidate
TRACE::2024-11-08.09:27:51::SCWMssOS::_icache_range.o microblaze_0/lib/microblaze_scrub.o microblaze_0/lib/microblaze_selftest.o microblaze_0/lib/microblaze_sleep.o 
TRACE::2024-11-08.09:27:51::SCWMssOS::microblaze_0/lib/microblaze_update_dcache.o microblaze_0/lib/microblaze_update_icache.o microblaze_0/lib/outbyte.o microblaze_0
TRACE::2024-11-08.09:27:51::SCWMssOS::/lib/print.o microblaze_0/lib/pvr.o microblaze_0/lib/xbram.o microblaze_0/lib/xbram_g.o microblaze_0/lib/xbram_intr.o microblaz
TRACE::2024-11-08.09:27:51::SCWMssOS::e_0/lib/xbram_selftest.o microblaze_0/lib/xbram_sinit.o microblaze_0/lib/xil_assert.o microblaze_0/lib/xil_cache.o microblaze_0
TRACE::2024-11-08.09:27:51::SCWMssOS::/lib/xil_clocking.o microblaze_0/lib/xil_exception.o microblaze_0/lib/xil_mem.o microblaze_0/lib/xil_misc_psreset_api.o microbl
TRACE::2024-11-08.09:27:51::SCWMssOS::aze_0/lib/xil_printf.o microblaze_0/lib/xil_sleepcommon.o microblaze_0/lib/xil_testcache.o microblaze_0/lib/xil_testio.o microb
TRACE::2024-11-08.09:27:51::SCWMssOS::laze_0/lib/xil_testmem.o microblaze_0/lib/xil_util.o microblaze_0/lib/xintc.o microblaze_0/lib/xintc_g.o microblaze_0/lib/xintc
TRACE::2024-11-08.09:27:51::SCWMssOS::_intr.o microblaze_0/lib/xintc_l.o microblaze_0/lib/xintc_options.o microblaze_0/lib/xintc_selftest.o microblaze_0/lib/xinterru
TRACE::2024-11-08.09:27:51::SCWMssOS::pt_wrap.o microblaze_0/lib/xio.o microblaze_0/lib/xplatform_info.o microblaze_0/lib/xuartlite.o microblaze_0/lib/xuartlite_g.o 
TRACE::2024-11-08.09:27:51::SCWMssOS::microblaze_0/lib/xuartlite_intr.o microblaze_0/lib/xuartlite_l.o microblaze_0/lib/xuartlite_selftest.o microblaze_0/lib/xuartli
TRACE::2024-11-08.09:27:51::SCWMssOS::te_sinit.o microblaze_0/lib/xuartlite_stats.o

TRACE::2024-11-08.09:27:52::SCWMssOS::'Finished building libraries'

TRACE::2024-11-08.09:27:52::SCWMssOS::Copying to export directory.
TRACE::2024-11-08.09:27:52::SCWMssOS:: Checking if to create the Supporting Applications
TRACE::2024-11-08.09:27:52::SCWMssOS:: No Linux domain exists, trying to generate FSBL 
LOG::2024-11-08.09:27:52::SCWSystem::Completed Processing the domain standalone_microblaze_0
LOG::2024-11-08.09:27:52::SCWSystem::Completed Processing the sysconfig mb_usb_hdmi_top
LOG::2024-11-08.09:27:52::SCWPlatform::Completed generating the artifacts for system configuration mb_usb_hdmi_top
TRACE::2024-11-08.09:27:52::SCWPlatform::Started preparing the platform 
TRACE::2024-11-08.09:27:52::SCWSystem::Writing the bif file for system config mb_usb_hdmi_top
TRACE::2024-11-08.09:27:52::SCWSystem::dir created 
TRACE::2024-11-08.09:27:52::SCWSystem::Writing the bif 
TRACE::2024-11-08.09:27:52::SCWPlatform::Started writing the spfm file 
TRACE::2024-11-08.09:27:52::SCWPlatform::Started writing the xpfm file 
TRACE::2024-11-08.09:27:52::SCWPlatform::Completed generating the platform
TRACE::2024-11-08.09:27:52::SCWMssOS::Saving the mss changes C:/Users/Shane/Documents/Classes/ECE_385/Lab_7/lab_7_2/workspace/mb_usb_hdmi_top/microblaze_0/standalone_microblaze_0/bsp/system.mss
TRACE::2024-11-08.09:27:52::SCWMssOS::Found a swdesign opened with the mssfile.
TRACE::2024-11-08.09:27:52::SCWMssOS::Completed writemss as part of save.
TRACE::2024-11-08.09:27:52::SCWMssOS::Commit changes completed.
TRACE::2024-11-08.09:27:52::SCWPlatform::Trying to open the hw design at C:/Users/Shane/Documents/Classes/ECE_385/Lab_7/lab_7_2/workspace/mb_usb_hdmi_top/hw/mb_usb_hdmi_top.xsa
TRACE::2024-11-08.09:27:52::SCWPlatform::DSA given C:/Users/Shane/Documents/Classes/ECE_385/Lab_7/lab_7_2/workspace/mb_usb_hdmi_top/hw/mb_usb_hdmi_top.xsa
TRACE::2024-11-08.09:27:52::SCWPlatform::DSA absoulate path C:/Users/Shane/Documents/Classes/ECE_385/Lab_7/lab_7_2/workspace/mb_usb_hdmi_top/hw/mb_usb_hdmi_top.xsa
TRACE::2024-11-08.09:27:52::SCWPlatform::DSA directory C:/Users/Shane/Documents/Classes/ECE_385/Lab_7/lab_7_2/workspace/mb_usb_hdmi_top/hw
TRACE::2024-11-08.09:27:52::SCWPlatform:: Platform Path C:/Users/Shane/Documents/Classes/ECE_385/Lab_7/lab_7_2/workspace/mb_usb_hdmi_top/hw/mb_usb_hdmi_top.xsa
TRACE::2024-11-08.09:27:52::SCWPlatform:: Unique name xilinx:::0.0
TRACE::2024-11-08.09:27:52::SCWPlatform::Trying to set the existing hwdb with name mb_usb_hdmi_top_4
TRACE::2024-11-08.09:27:52::SCWPlatform::Opened existing hwdb mb_usb_hdmi_top_4
TRACE::2024-11-08.09:27:52::SCWPlatform::Found the Hw Db part of the input DSA
TRACE::2024-11-08.09:27:52::SCWMssOS::Checking the sw design at  C:/Users/Shane/Documents/Classes/ECE_385/Lab_7/lab_7_2/workspace/mb_usb_hdmi_top/microblaze_0/standalone_microblaze_0/bsp/system.mss
TRACE::2024-11-08.09:27:52::SCWMssOS::DEBUG:  swdes dump  C:/Users/Shane/Documents/Classes/ECE_385/Lab_7/lab_7_2/workspace/mb_usb_hdmi_top/microblaze_0/standalone_microblaze_0/bsp/system.mss|system||

TRACE::2024-11-08.09:27:52::SCWMssOS::Sw design exists and opened at  C:/Users/Shane/Documents/Classes/ECE_385/Lab_7/lab_7_2/workspace/mb_usb_hdmi_top/microblaze_0/standalone_microblaze_0/bsp/system.mss
TRACE::2024-11-08.09:27:52::SCWWriter::formatted JSON is {
	"platformName":	"mb_usb_hdmi_top",
	"sprVersion":	"2.0",
	"mode":	"gui",
	"dsaType":	"Fixed",
	"platformDesc":	"mb_usb_hdmi_top",
	"platHandOff":	"C:/Users/Shane/Documents/Classes/ECE_385/Lab_7/lab_7_2/mb_usb_hdmi_top.xsa",
	"platIntHandOff":	"<platformDir>/hw/mb_usb_hdmi_top.xsa",
	"deviceType":	"FPGA",
	"platIsPrebuiltAutogen":	"false",
	"platIsNoBootBsp":	"false",
	"hasFsblMakeHasChanges":	"false",
	"hasPmufwMakeHasChanges":	"false",
	"platPreBuiltFlag":	false,
	"platformSamplesDir":	"",
	"platActiveSys":	"mb_usb_hdmi_top",
	"systems":	[{
			"systemName":	"mb_usb_hdmi_top",
			"systemDesc":	"mb_usb_hdmi_top",
			"sysIsBootAutoGen":	"true",
			"systemDispName":	"mb_usb_hdmi_top",
			"sysActiveDom":	"standalone_microblaze_0",
			"sysDefaultDom":	"standalone_microblaze_0",
			"domains":	[{
					"domainName":	"standalone_microblaze_0",
					"domainDispName":	"standalone_microblaze_0",
					"domainDesc":	"standalone_microblaze_0",
					"processors":	"microblaze_0",
					"os":	"standalone",
					"sdxOs":	"standalone",
					"debugEnable":	"False",
					"domRuntimes":	["cpp"],
					"swRepo":	"",
					"mssOsVer":	"8.0",
					"mssFile":	"",
					"md5Digest":	"5422c1e5be4ae93f4de8c50507402f2a",
					"compatibleApp":	"",
					"domType":	"mssDomain",
					"arch":	"32-bit",
					"appSettings":	{
						"appCompilerFlags":	"",
						"appLinkerFlags":	""
					},
					"addedLibs":	[],
					"libOptions":	{
						"libsContainingOptions":	[]
					},
					"prebuiltLibs":	{
						"prebuiltIncPath":	[],
						"prebuiltLibPath":	[]
					},
					"isolation":	{
					}
				}]
		}]
}
KEYINFO::2024-11-08.09:27:52::SCWPlatform::updated the xpfm file.
TRACE::2024-11-08.09:27:52::SCWPlatform::Trying to open the hw design at C:/Users/Shane/Documents/Classes/ECE_385/Lab_7/lab_7_2/workspace/mb_usb_hdmi_top/hw/mb_usb_hdmi_top.xsa
TRACE::2024-11-08.09:27:52::SCWPlatform::DSA given C:/Users/Shane/Documents/Classes/ECE_385/Lab_7/lab_7_2/workspace/mb_usb_hdmi_top/hw/mb_usb_hdmi_top.xsa
TRACE::2024-11-08.09:27:52::SCWPlatform::DSA absoulate path C:/Users/Shane/Documents/Classes/ECE_385/Lab_7/lab_7_2/workspace/mb_usb_hdmi_top/hw/mb_usb_hdmi_top.xsa
TRACE::2024-11-08.09:27:52::SCWPlatform::DSA directory C:/Users/Shane/Documents/Classes/ECE_385/Lab_7/lab_7_2/workspace/mb_usb_hdmi_top/hw
TRACE::2024-11-08.09:27:52::SCWPlatform:: Platform Path C:/Users/Shane/Documents/Classes/ECE_385/Lab_7/lab_7_2/workspace/mb_usb_hdmi_top/hw/mb_usb_hdmi_top.xsa
TRACE::2024-11-08.09:27:52::SCWPlatform:: Unique name xilinx:::0.0
TRACE::2024-11-08.09:27:52::SCWPlatform::Trying to set the existing hwdb with name mb_usb_hdmi_top_4
TRACE::2024-11-08.09:27:52::SCWPlatform::Opened existing hwdb mb_usb_hdmi_top_4
TRACE::2024-11-08.09:27:52::SCWPlatform::Found the Hw Db part of the input DSA
TRACE::2024-11-08.09:27:52::SCWMssOS::Checking the sw design at  C:/Users/Shane/Documents/Classes/ECE_385/Lab_7/lab_7_2/workspace/mb_usb_hdmi_top/microblaze_0/standalone_microblaze_0/bsp/system.mss
TRACE::2024-11-08.09:27:52::SCWMssOS::DEBUG:  swdes dump  C:/Users/Shane/Documents/Classes/ECE_385/Lab_7/lab_7_2/workspace/mb_usb_hdmi_top/microblaze_0/standalone_microblaze_0/bsp/system.mss|system||

TRACE::2024-11-08.09:27:52::SCWMssOS::Sw design exists and opened at  C:/Users/Shane/Documents/Classes/ECE_385/Lab_7/lab_7_2/workspace/mb_usb_hdmi_top/microblaze_0/standalone_microblaze_0/bsp/system.mss
TRACE::2024-11-08.10:08:15::SCWMssOS::cleaning the bsp 
TRACE::2024-11-08.10:08:15::SCWMssOS::System Command Ran  C: & cd  C:/Users/Shane/Documents/Classes/ECE_385/Lab_7/lab_7_2/workspace/mb_usb_hdmi_top/microblaze_0/standalone_microblaze_0/bsp & make clean 
TRACE::2024-11-08.10:08:15::SCWMssOS::make -C microblaze_0/libsrc/bram_v4_8/src -s clean 

TRACE::2024-11-08.10:08:15::SCWMssOS::make -C microblaze_0/libsrc/cpu_v2_16/src -s clean 

TRACE::2024-11-08.10:08:15::SCWMssOS::make -C microblaze_0/libsrc/intc_v3_15/src -s clean 

TRACE::2024-11-08.10:08:15::SCWMssOS::make -C microblaze_0/libsrc/standalone_v8_0/src -s clean 

TRACE::2024-11-08.10:08:15::SCWMssOS::make -C microblaze_0/libsrc/uartlite_v3_7/src -s clean 

TRACE::2024-11-08.10:08:15::SCWMssOS::rm -f microblaze_0/lib/libxil.a

LOG::2024-11-08.10:08:21::SCWPlatform::Started generating the artifacts platform mb_usb_hdmi_top
TRACE::2024-11-08.10:08:21::SCWPlatform::Sanity checking of platform is completed
LOG::2024-11-08.10:08:21::SCWPlatform::Started generating the artifacts for system configuration mb_usb_hdmi_top
LOG::2024-11-08.10:08:21::SCWSystem::Checking the domain standalone_microblaze_0
LOG::2024-11-08.10:08:21::SCWSystem::Not a boot domain 
LOG::2024-11-08.10:08:21::SCWSystem::Started Processing the domain standalone_microblaze_0
TRACE::2024-11-08.10:08:21::SCWDomain::Generating domain artifcats
TRACE::2024-11-08.10:08:21::SCWMssOS::Generating standalone artifcats
TRACE::2024-11-08.10:08:21::SCWMssOS:: Copying the user libraries. 
TRACE::2024-11-08.10:08:21::SCWPlatform::Trying to open the hw design at C:/Users/Shane/Documents/Classes/ECE_385/Lab_7/lab_7_2/workspace/mb_usb_hdmi_top/hw/mb_usb_hdmi_top.xsa
TRACE::2024-11-08.10:08:21::SCWPlatform::DSA given C:/Users/Shane/Documents/Classes/ECE_385/Lab_7/lab_7_2/workspace/mb_usb_hdmi_top/hw/mb_usb_hdmi_top.xsa
TRACE::2024-11-08.10:08:21::SCWPlatform::DSA absoulate path C:/Users/Shane/Documents/Classes/ECE_385/Lab_7/lab_7_2/workspace/mb_usb_hdmi_top/hw/mb_usb_hdmi_top.xsa
TRACE::2024-11-08.10:08:21::SCWPlatform::DSA directory C:/Users/Shane/Documents/Classes/ECE_385/Lab_7/lab_7_2/workspace/mb_usb_hdmi_top/hw
TRACE::2024-11-08.10:08:21::SCWPlatform:: Platform Path C:/Users/Shane/Documents/Classes/ECE_385/Lab_7/lab_7_2/workspace/mb_usb_hdmi_top/hw/mb_usb_hdmi_top.xsa
TRACE::2024-11-08.10:08:21::SCWPlatform:: Unique name xilinx:::0.0
TRACE::2024-11-08.10:08:21::SCWPlatform::Trying to set the existing hwdb with name mb_usb_hdmi_top_4
TRACE::2024-11-08.10:08:21::SCWPlatform::Opened existing hwdb mb_usb_hdmi_top_4
TRACE::2024-11-08.10:08:21::SCWPlatform::Found the Hw Db part of the input DSA
TRACE::2024-11-08.10:08:21::SCWMssOS::Checking the sw design at  C:/Users/Shane/Documents/Classes/ECE_385/Lab_7/lab_7_2/workspace/mb_usb_hdmi_top/microblaze_0/standalone_microblaze_0/bsp/system.mss
TRACE::2024-11-08.10:08:21::SCWMssOS::DEBUG:  swdes dump  C:/Users/Shane/Documents/Classes/ECE_385/Lab_7/lab_7_2/workspace/mb_usb_hdmi_top/microblaze_0/standalone_microblaze_0/bsp/system.mss|system||

TRACE::2024-11-08.10:08:21::SCWMssOS::Sw design exists and opened at  C:/Users/Shane/Documents/Classes/ECE_385/Lab_7/lab_7_2/workspace/mb_usb_hdmi_top/microblaze_0/standalone_microblaze_0/bsp/system.mss
TRACE::2024-11-08.10:08:21::SCWMssOS::Completed writing the mss file at C:/Users/Shane/Documents/Classes/ECE_385/Lab_7/lab_7_2/workspace/mb_usb_hdmi_top/microblaze_0/standalone_microblaze_0/bsp
TRACE::2024-11-08.10:08:21::SCWMssOS::Mss edits present, copying mssfile into export location C:/Users/Shane/Documents/Classes/ECE_385/Lab_7/lab_7_2/workspace/mb_usb_hdmi_top/microblaze_0/standalone_microblaze_0/bsp/system.mss
TRACE::2024-11-08.10:08:21::SCWMssOS::bsp generated is upto date with the mss file. Skipping bsp generation.
TRACE::2024-11-08.10:08:21::SCWMssOS::BSP is already built. skipping the bsp build ... 
TRACE::2024-11-08.10:08:21::SCWDomain::Building the domain as part of full build :  standalone_microblaze_0
TRACE::2024-11-08.10:08:21::SCWMssOS::doing bsp build ... 
TRACE::2024-11-08.10:08:21::SCWMssOS::System Command Ran  C: & cd  C:/Users/Shane/Documents/Classes/ECE_385/Lab_7/lab_7_2/workspace/mb_usb_hdmi_top/microblaze_0/standalone_microblaze_0/bsp & make 
TRACE::2024-11-08.10:08:21::SCWMssOS::make --no-print-directory seq_libs

TRACE::2024-11-08.10:08:21::SCWMssOS::'Finished building libraries sequentially.'

TRACE::2024-11-08.10:08:21::SCWMssOS::make -j 6 --no-print-directory par_libs

TRACE::2024-11-08.10:08:21::SCWMssOS::"Running Make include in microblaze_0/libsrc/bram_v4_8/src"

TRACE::2024-11-08.10:08:22::SCWMssOS::make -C microblaze_0/libsrc/bram_v4_8/src -s include  "SHELL=CMD" "COMPILER=mb-gcc" "ASSEMBLER=mb-as" "ARCHIVER=mb-ar" "COMPILE
TRACE::2024-11-08.10:08:22::SCWMssOS::R_FLAGS=  -O2 -c -mcpu=v11.0 -mlittle-endian -mno-xl-reorder -mno-xl-soft-mul -mxl-barrel-shift -mxl-pattern-compare" "EXTRA_CO
TRACE::2024-11-08.10:08:22::SCWMssOS::MPILER_FLAGS=-g -ffunction-sections -fdata-sections -Wall -Wextra -fno-tree-loop-distribute-patterns"

TRACE::2024-11-08.10:08:22::SCWMssOS::"Running Make include in microblaze_0/libsrc/cpu_v2_16/src"

TRACE::2024-11-08.10:08:22::SCWMssOS::make -C microblaze_0/libsrc/cpu_v2_16/src -s include  "SHELL=CMD" "COMPILER=mb-gcc" "ASSEMBLER=mb-as" "ARCHIVER=mb-ar" "COMPILE
TRACE::2024-11-08.10:08:22::SCWMssOS::R_FLAGS=  -O2 -c -mcpu=v11.0 -mlittle-endian -mno-xl-reorder -mno-xl-soft-mul -mxl-barrel-shift -mxl-pattern-compare" "EXTRA_CO
TRACE::2024-11-08.10:08:22::SCWMssOS::MPILER_FLAGS=-g -ffunction-sections -fdata-sections -Wall -Wextra -fno-tree-loop-distribute-patterns"

TRACE::2024-11-08.10:08:22::SCWMssOS::"Running Make include in microblaze_0/libsrc/intc_v3_15/src"

TRACE::2024-11-08.10:08:22::SCWMssOS::make -C microblaze_0/libsrc/intc_v3_15/src -s include  "SHELL=CMD" "COMPILER=mb-gcc" "ASSEMBLER=mb-as" "ARCHIVER=mb-ar" "COMPIL
TRACE::2024-11-08.10:08:22::SCWMssOS::ER_FLAGS=  -O2 -c -mcpu=v11.0 -mlittle-endian -mno-xl-reorder -mno-xl-soft-mul -mxl-barrel-shift -mxl-pattern-compare" "EXTRA_C
TRACE::2024-11-08.10:08:22::SCWMssOS::OMPILER_FLAGS=-g -ffunction-sections -fdata-sections -Wall -Wextra -fno-tree-loop-distribute-patterns"

TRACE::2024-11-08.10:08:22::SCWMssOS::"Running Make include in microblaze_0/libsrc/standalone_v8_0/src"

TRACE::2024-11-08.10:08:22::SCWMssOS::make -C microblaze_0/libsrc/standalone_v8_0/src -s include  "SHELL=CMD" "COMPILER=mb-gcc" "ASSEMBLER=mb-as" "ARCHIVER=mb-ar" "C
TRACE::2024-11-08.10:08:22::SCWMssOS::OMPILER_FLAGS=  -O2 -c -mcpu=v11.0 -mlittle-endian -mno-xl-reorder -mno-xl-soft-mul -mxl-barrel-shift -mxl-pattern-compare" "EX
TRACE::2024-11-08.10:08:22::SCWMssOS::TRA_COMPILER_FLAGS=-g -ffunction-sections -fdata-sections -Wall -Wextra -fno-tree-loop-distribute-patterns"

TRACE::2024-11-08.10:08:22::SCWMssOS::"Running Make include in microblaze_0/libsrc/uartlite_v3_7/src"

TRACE::2024-11-08.10:08:22::SCWMssOS::make -C microblaze_0/libsrc/uartlite_v3_7/src -s include  "SHELL=CMD" "COMPILER=mb-gcc" "ASSEMBLER=mb-as" "ARCHIVER=mb-ar" "COM
TRACE::2024-11-08.10:08:22::SCWMssOS::PILER_FLAGS=  -O2 -c -mcpu=v11.0 -mlittle-endian -mno-xl-reorder -mno-xl-soft-mul -mxl-barrel-shift -mxl-pattern-compare" "EXTR
TRACE::2024-11-08.10:08:22::SCWMssOS::A_COMPILER_FLAGS=-g -ffunction-sections -fdata-sections -Wall -Wextra -fno-tree-loop-distribute-patterns"

TRACE::2024-11-08.10:08:22::SCWMssOS::"Running Make libs in microblaze_0/libsrc/bram_v4_8/src"

TRACE::2024-11-08.10:08:22::SCWMssOS::make -C microblaze_0/libsrc/bram_v4_8/src -s libs  "SHELL=CMD" "COMPILER=mb-gcc" "ASSEMBLER=mb-as" "ARCHIVER=mb-ar" "COMPILER_F
TRACE::2024-11-08.10:08:22::SCWMssOS::LAGS=  -O2 -c -mcpu=v11.0 -mlittle-endian -mno-xl-reorder -mno-xl-soft-mul -mxl-barrel-shift -mxl-pattern-compare" "EXTRA_COMPI
TRACE::2024-11-08.10:08:22::SCWMssOS::LER_FLAGS=-g -ffunction-sections -fdata-sections -Wall -Wextra -fno-tree-loop-distribute-patterns"

TRACE::2024-11-08.10:08:22::SCWMssOS::"Running Make libs in microblaze_0/libsrc/cpu_v2_16/src"

TRACE::2024-11-08.10:08:22::SCWMssOS::make -C microblaze_0/libsrc/cpu_v2_16/src -s libs  "SHELL=CMD" "COMPILER=mb-gcc" "ASSEMBLER=mb-as" "ARCHIVER=mb-ar" "COMPILER_F
TRACE::2024-11-08.10:08:22::SCWMssOS::LAGS=  -O2 -c -mcpu=v11.0 -mlittle-endian -mno-xl-reorder -mno-xl-soft-mul -mxl-barrel-shift -mxl-pattern-compare" "EXTRA_COMPI
TRACE::2024-11-08.10:08:22::SCWMssOS::LER_FLAGS=-g -ffunction-sections -fdata-sections -Wall -Wextra -fno-tree-loop-distribute-patterns"

TRACE::2024-11-08.10:08:22::SCWMssOS::"Running Make libs in microblaze_0/libsrc/intc_v3_15/src"

TRACE::2024-11-08.10:08:22::SCWMssOS::make -C microblaze_0/libsrc/intc_v3_15/src -s libs  "SHELL=CMD" "COMPILER=mb-gcc" "ASSEMBLER=mb-as" "ARCHIVER=mb-ar" "COMPILER_
TRACE::2024-11-08.10:08:22::SCWMssOS::FLAGS=  -O2 -c -mcpu=v11.0 -mlittle-endian -mno-xl-reorder -mno-xl-soft-mul -mxl-barrel-shift -mxl-pattern-compare" "EXTRA_COMP
TRACE::2024-11-08.10:08:22::SCWMssOS::ILER_FLAGS=-g -ffunction-sections -fdata-sections -Wall -Wextra -fno-tree-loop-distribute-patterns"

TRACE::2024-11-08.10:08:22::SCWMssOS::"Running Make libs in microblaze_0/libsrc/standalone_v8_0/src"

TRACE::2024-11-08.10:08:22::SCWMssOS::make -C microblaze_0/libsrc/standalone_v8_0/src -s libs  "SHELL=CMD" "COMPILER=mb-gcc" "ASSEMBLER=mb-as" "ARCHIVER=mb-ar" "COMP
TRACE::2024-11-08.10:08:22::SCWMssOS::ILER_FLAGS=  -O2 -c -mcpu=v11.0 -mlittle-endian -mno-xl-reorder -mno-xl-soft-mul -mxl-barrel-shift -mxl-pattern-compare" "EXTRA
TRACE::2024-11-08.10:08:22::SCWMssOS::_COMPILER_FLAGS=-g -ffunction-sections -fdata-sections -Wall -Wextra -fno-tree-loop-distribute-patterns"

TRACE::2024-11-08.10:08:22::SCWMssOS::"Running Make libs in microblaze_0/libsrc/uartlite_v3_7/src"

TRACE::2024-11-08.10:08:22::SCWMssOS::make -C microblaze_0/libsrc/uartlite_v3_7/src -s libs  "SHELL=CMD" "COMPILER=mb-gcc" "ASSEMBLER=mb-as" "ARCHIVER=mb-ar" "COMPIL
TRACE::2024-11-08.10:08:22::SCWMssOS::ER_FLAGS=  -O2 -c -mcpu=v11.0 -mlittle-endian -mno-xl-reorder -mno-xl-soft-mul -mxl-barrel-shift -mxl-pattern-compare" "EXTRA_C
TRACE::2024-11-08.10:08:22::SCWMssOS::OMPILER_FLAGS=-g -ffunction-sections -fdata-sections -Wall -Wextra -fno-tree-loop-distribute-patterns"

TRACE::2024-11-08.10:08:25::SCWMssOS::"DEBUG NON_LTO_OBJECTS is ../../../lib/microblaze_interrupt_handler.o"

TRACE::2024-11-08.10:08:25::SCWMssOS::'Finished building libraries parallelly.'

TRACE::2024-11-08.10:08:25::SCWMssOS::make --no-print-directory archive

TRACE::2024-11-08.10:08:25::SCWMssOS::mb-ar -r  microblaze_0/lib/libxil.a microblaze_0/lib/_exit.o microblaze_0/lib/errno.o microblaze_0/lib/fcntl.o microblaze_0/lib
TRACE::2024-11-08.10:08:25::SCWMssOS::/hw_exception_handler.o microblaze_0/lib/inbyte.o microblaze_0/lib/microblaze_disable_dcache.o microblaze_0/lib/microblaze_disa
TRACE::2024-11-08.10:08:25::SCWMssOS::ble_exceptions.o microblaze_0/lib/microblaze_disable_icache.o microblaze_0/lib/microblaze_disable_interrupts.o microblaze_0/lib
TRACE::2024-11-08.10:08:25::SCWMssOS::/microblaze_enable_dcache.o microblaze_0/lib/microblaze_enable_exceptions.o microblaze_0/lib/microblaze_enable_icache.o microbl
TRACE::2024-11-08.10:08:25::SCWMssOS::aze_0/lib/microblaze_enable_interrupts.o microblaze_0/lib/microblaze_exception_handler.o microblaze_0/lib/microblaze_flush_cach
TRACE::2024-11-08.10:08:25::SCWMssOS::e_ext.o microblaze_0/lib/microblaze_flush_cache_ext_range.o microblaze_0/lib/microblaze_flush_dcache.o microblaze_0/lib/microbl
TRACE::2024-11-08.10:08:25::SCWMssOS::aze_flush_dcache_range.o microblaze_0/lib/microblaze_init_dcache_range.o microblaze_0/lib/microblaze_init_icache_range.o microb
TRACE::2024-11-08.10:08:25::SCWMssOS::laze_0/lib/microblaze_interrupt_handler.o microblaze_0/lib/microblaze_interrupts_g.o microblaze_0/lib/microblaze_invalidate_cac
TRACE::2024-11-08.10:08:25::SCWMssOS::he_ext.o microblaze_0/lib/microblaze_invalidate_cache_ext_range.o microblaze_0/lib/microblaze_invalidate_dcache.o microblaze_0/
TRACE::2024-11-08.10:08:25::SCWMssOS::lib/microblaze_invalidate_dcache_range.o microblaze_0/lib/microblaze_invalidate_icache.o microblaze_0/lib/microblaze_invalidate
TRACE::2024-11-08.10:08:25::SCWMssOS::_icache_range.o microblaze_0/lib/microblaze_scrub.o microblaze_0/lib/microblaze_selftest.o microblaze_0/lib/microblaze_sleep.o 
TRACE::2024-11-08.10:08:25::SCWMssOS::microblaze_0/lib/microblaze_update_dcache.o microblaze_0/lib/microblaze_update_icache.o microblaze_0/lib/outbyte.o microblaze_0
TRACE::2024-11-08.10:08:25::SCWMssOS::/lib/print.o microblaze_0/lib/pvr.o microblaze_0/lib/xbram.o microblaze_0/lib/xbram_g.o microblaze_0/lib/xbram_intr.o microblaz
TRACE::2024-11-08.10:08:25::SCWMssOS::e_0/lib/xbram_selftest.o microblaze_0/lib/xbram_sinit.o microblaze_0/lib/xil_assert.o microblaze_0/lib/xil_cache.o microblaze_0
TRACE::2024-11-08.10:08:25::SCWMssOS::/lib/xil_clocking.o microblaze_0/lib/xil_exception.o microblaze_0/lib/xil_mem.o microblaze_0/lib/xil_misc_psreset_api.o microbl
TRACE::2024-11-08.10:08:25::SCWMssOS::aze_0/lib/xil_printf.o microblaze_0/lib/xil_sleepcommon.o microblaze_0/lib/xil_testcache.o microblaze_0/lib/xil_testio.o microb
TRACE::2024-11-08.10:08:25::SCWMssOS::laze_0/lib/xil_testmem.o microblaze_0/lib/xil_util.o microblaze_0/lib/xintc.o microblaze_0/lib/xintc_g.o microblaze_0/lib/xintc
TRACE::2024-11-08.10:08:25::SCWMssOS::_intr.o microblaze_0/lib/xintc_l.o microblaze_0/lib/xintc_options.o microblaze_0/lib/xintc_selftest.o microblaze_0/lib/xinterru
TRACE::2024-11-08.10:08:25::SCWMssOS::pt_wrap.o microblaze_0/lib/xio.o microblaze_0/lib/xplatform_info.o microblaze_0/lib/xuartlite.o microblaze_0/lib/xuartlite_g.o 
TRACE::2024-11-08.10:08:25::SCWMssOS::microblaze_0/lib/xuartlite_intr.o microblaze_0/lib/xuartlite_l.o microblaze_0/lib/xuartlite_selftest.o microblaze_0/lib/xuartli
TRACE::2024-11-08.10:08:25::SCWMssOS::te_sinit.o microblaze_0/lib/xuartlite_stats.o

TRACE::2024-11-08.10:08:25::SCWMssOS::'Finished building libraries'

TRACE::2024-11-08.10:08:25::SCWMssOS::Copying to export directory.
TRACE::2024-11-08.10:08:25::SCWMssOS:: Checking if to create the Supporting Applications
TRACE::2024-11-08.10:08:25::SCWMssOS:: No Linux domain exists, trying to generate FSBL 
LOG::2024-11-08.10:08:25::SCWSystem::Completed Processing the domain standalone_microblaze_0
LOG::2024-11-08.10:08:25::SCWSystem::Completed Processing the sysconfig mb_usb_hdmi_top
LOG::2024-11-08.10:08:25::SCWPlatform::Completed generating the artifacts for system configuration mb_usb_hdmi_top
TRACE::2024-11-08.10:08:25::SCWPlatform::Started preparing the platform 
TRACE::2024-11-08.10:08:25::SCWSystem::Writing the bif file for system config mb_usb_hdmi_top
TRACE::2024-11-08.10:08:25::SCWSystem::dir created 
TRACE::2024-11-08.10:08:25::SCWSystem::Writing the bif 
TRACE::2024-11-08.10:08:25::SCWPlatform::Started writing the spfm file 
TRACE::2024-11-08.10:08:25::SCWPlatform::Started writing the xpfm file 
TRACE::2024-11-08.10:08:25::SCWPlatform::Completed generating the platform
TRACE::2024-11-08.10:08:25::SCWMssOS::Saving the mss changes C:/Users/Shane/Documents/Classes/ECE_385/Lab_7/lab_7_2/workspace/mb_usb_hdmi_top/microblaze_0/standalone_microblaze_0/bsp/system.mss
TRACE::2024-11-08.10:08:25::SCWMssOS::Found a swdesign opened with the mssfile.
TRACE::2024-11-08.10:08:25::SCWMssOS::Completed writemss as part of save.
TRACE::2024-11-08.10:08:25::SCWMssOS::Commit changes completed.
TRACE::2024-11-08.10:08:25::SCWPlatform::Trying to open the hw design at C:/Users/Shane/Documents/Classes/ECE_385/Lab_7/lab_7_2/workspace/mb_usb_hdmi_top/hw/mb_usb_hdmi_top.xsa
TRACE::2024-11-08.10:08:25::SCWPlatform::DSA given C:/Users/Shane/Documents/Classes/ECE_385/Lab_7/lab_7_2/workspace/mb_usb_hdmi_top/hw/mb_usb_hdmi_top.xsa
TRACE::2024-11-08.10:08:25::SCWPlatform::DSA absoulate path C:/Users/Shane/Documents/Classes/ECE_385/Lab_7/lab_7_2/workspace/mb_usb_hdmi_top/hw/mb_usb_hdmi_top.xsa
TRACE::2024-11-08.10:08:25::SCWPlatform::DSA directory C:/Users/Shane/Documents/Classes/ECE_385/Lab_7/lab_7_2/workspace/mb_usb_hdmi_top/hw
TRACE::2024-11-08.10:08:25::SCWPlatform:: Platform Path C:/Users/Shane/Documents/Classes/ECE_385/Lab_7/lab_7_2/workspace/mb_usb_hdmi_top/hw/mb_usb_hdmi_top.xsa
TRACE::2024-11-08.10:08:25::SCWPlatform:: Unique name xilinx:::0.0
TRACE::2024-11-08.10:08:25::SCWPlatform::Trying to set the existing hwdb with name mb_usb_hdmi_top_4
TRACE::2024-11-08.10:08:25::SCWPlatform::Opened existing hwdb mb_usb_hdmi_top_4
TRACE::2024-11-08.10:08:25::SCWPlatform::Found the Hw Db part of the input DSA
TRACE::2024-11-08.10:08:25::SCWMssOS::Checking the sw design at  C:/Users/Shane/Documents/Classes/ECE_385/Lab_7/lab_7_2/workspace/mb_usb_hdmi_top/microblaze_0/standalone_microblaze_0/bsp/system.mss
TRACE::2024-11-08.10:08:25::SCWMssOS::DEBUG:  swdes dump  C:/Users/Shane/Documents/Classes/ECE_385/Lab_7/lab_7_2/workspace/mb_usb_hdmi_top/microblaze_0/standalone_microblaze_0/bsp/system.mss|system||

TRACE::2024-11-08.10:08:25::SCWMssOS::Sw design exists and opened at  C:/Users/Shane/Documents/Classes/ECE_385/Lab_7/lab_7_2/workspace/mb_usb_hdmi_top/microblaze_0/standalone_microblaze_0/bsp/system.mss
TRACE::2024-11-08.10:08:25::SCWWriter::formatted JSON is {
	"platformName":	"mb_usb_hdmi_top",
	"sprVersion":	"2.0",
	"mode":	"gui",
	"dsaType":	"Fixed",
	"platformDesc":	"mb_usb_hdmi_top",
	"platHandOff":	"C:/Users/Shane/Documents/Classes/ECE_385/Lab_7/lab_7_2/mb_usb_hdmi_top.xsa",
	"platIntHandOff":	"<platformDir>/hw/mb_usb_hdmi_top.xsa",
	"deviceType":	"FPGA",
	"platIsPrebuiltAutogen":	"false",
	"platIsNoBootBsp":	"false",
	"hasFsblMakeHasChanges":	"false",
	"hasPmufwMakeHasChanges":	"false",
	"platPreBuiltFlag":	false,
	"platformSamplesDir":	"",
	"platActiveSys":	"mb_usb_hdmi_top",
	"systems":	[{
			"systemName":	"mb_usb_hdmi_top",
			"systemDesc":	"mb_usb_hdmi_top",
			"sysIsBootAutoGen":	"true",
			"systemDispName":	"mb_usb_hdmi_top",
			"sysActiveDom":	"standalone_microblaze_0",
			"sysDefaultDom":	"standalone_microblaze_0",
			"domains":	[{
					"domainName":	"standalone_microblaze_0",
					"domainDispName":	"standalone_microblaze_0",
					"domainDesc":	"standalone_microblaze_0",
					"processors":	"microblaze_0",
					"os":	"standalone",
					"sdxOs":	"standalone",
					"debugEnable":	"False",
					"domRuntimes":	["cpp"],
					"swRepo":	"",
					"mssOsVer":	"8.0",
					"mssFile":	"",
					"md5Digest":	"5422c1e5be4ae93f4de8c50507402f2a",
					"compatibleApp":	"",
					"domType":	"mssDomain",
					"arch":	"32-bit",
					"appSettings":	{
						"appCompilerFlags":	"",
						"appLinkerFlags":	""
					},
					"addedLibs":	[],
					"libOptions":	{
						"libsContainingOptions":	[]
					},
					"prebuiltLibs":	{
						"prebuiltIncPath":	[],
						"prebuiltLibPath":	[]
					},
					"isolation":	{
					}
				}]
		}]
}
KEYINFO::2024-11-08.10:08:25::SCWPlatform::updated the xpfm file.
TRACE::2024-11-08.10:08:25::SCWPlatform::Trying to open the hw design at C:/Users/Shane/Documents/Classes/ECE_385/Lab_7/lab_7_2/workspace/mb_usb_hdmi_top/hw/mb_usb_hdmi_top.xsa
TRACE::2024-11-08.10:08:25::SCWPlatform::DSA given C:/Users/Shane/Documents/Classes/ECE_385/Lab_7/lab_7_2/workspace/mb_usb_hdmi_top/hw/mb_usb_hdmi_top.xsa
TRACE::2024-11-08.10:08:25::SCWPlatform::DSA absoulate path C:/Users/Shane/Documents/Classes/ECE_385/Lab_7/lab_7_2/workspace/mb_usb_hdmi_top/hw/mb_usb_hdmi_top.xsa
TRACE::2024-11-08.10:08:25::SCWPlatform::DSA directory C:/Users/Shane/Documents/Classes/ECE_385/Lab_7/lab_7_2/workspace/mb_usb_hdmi_top/hw
TRACE::2024-11-08.10:08:25::SCWPlatform:: Platform Path C:/Users/Shane/Documents/Classes/ECE_385/Lab_7/lab_7_2/workspace/mb_usb_hdmi_top/hw/mb_usb_hdmi_top.xsa
TRACE::2024-11-08.10:08:25::SCWPlatform:: Unique name xilinx:::0.0
TRACE::2024-11-08.10:08:25::SCWPlatform::Trying to set the existing hwdb with name mb_usb_hdmi_top_4
TRACE::2024-11-08.10:08:25::SCWPlatform::Opened existing hwdb mb_usb_hdmi_top_4
TRACE::2024-11-08.10:08:25::SCWPlatform::Found the Hw Db part of the input DSA
TRACE::2024-11-08.10:08:25::SCWMssOS::Checking the sw design at  C:/Users/Shane/Documents/Classes/ECE_385/Lab_7/lab_7_2/workspace/mb_usb_hdmi_top/microblaze_0/standalone_microblaze_0/bsp/system.mss
TRACE::2024-11-08.10:08:25::SCWMssOS::DEBUG:  swdes dump  C:/Users/Shane/Documents/Classes/ECE_385/Lab_7/lab_7_2/workspace/mb_usb_hdmi_top/microblaze_0/standalone_microblaze_0/bsp/system.mss|system||

TRACE::2024-11-08.10:08:25::SCWMssOS::Sw design exists and opened at  C:/Users/Shane/Documents/Classes/ECE_385/Lab_7/lab_7_2/workspace/mb_usb_hdmi_top/microblaze_0/standalone_microblaze_0/bsp/system.mss
