#-----------------------------------------------------------
# Vivado v2022.2 (64-bit)
# SW Build 3671981 on Fri Oct 14 05:00:03 MDT 2022
# IP Build 3669848 on Fri Oct 14 08:30:02 MDT 2022
# Start of session at: Fri Nov  1 05:19:10 2024
# Process ID: 1028
# Current directory: C:/Users/Shane/Documents/Classes/ECE_385/Lab_7/lab_7_v2
# Command line: vivado.exe -gui_launcher_event rodinguilauncherevent34888 C:\Users\Shane\Documents\Classes\ECE_385\Lab_7\lab_7_v2\lab_7_v2.xpr
# Log file: C:/Users/Shane/Documents/Classes/ECE_385/Lab_7/lab_7_v2/vivado.log
# Journal file: C:/Users/Shane/Documents/Classes/ECE_385/Lab_7/lab_7_v2\vivado.jou
# Running On: HP, OS: Windows, CPU Frequency: 3418 MHz, CPU Physical cores: 4, Host memory: 16917 MB
#-----------------------------------------------------------
start_gui
open_project C:/Users/Shane/Documents/Classes/ECE_385/Lab_7/lab_7_v2/lab_7_v2.xpr
WARNING: [filemgmt 56-3] IPUserFilesDir: Could not find the directory 'C:/Users/Shane/Documents/Classes/ECE_385/Lab_7/lab_7_v2/lab_7_v2.ip_user_files'.
Scanning sources...
Finished scanning sources
INFO: [IP_Flow 19-234] Refreshing IP repositories
INFO: [IP_Flow 19-1700] Loaded user IP repository 'c:/Users/Shane/Documents/Classes/ECE_385/Lab_7/lab_7_ash/ip_repo'.
INFO: [IP_Flow 19-2313] Loaded Vivado IP repository 'C:/Xilinx/Vivado/2022.2/data/ip'.
WARNING: [Board 49-26] cannot add Board Part xilinx.com:ac701:part0:1.4 available at C:/Xilinx/Vivado/2022.2/data/xhub/boards/XilinxBoardStore/boards/Xilinx/ac701/1.4/board.xml as part xc7a200tfbg676-2 specified in board_part file is either invalid or not available
WARNING: [Board 49-26] cannot add Board Part xilinx.com:k26c:part0:1.2 available at C:/Xilinx/Vivado/2022.2/data/xhub/boards/XilinxBoardStore/boards/Xilinx/k26c/1.2/board.xml as part xck26-sfvc784-2lv-c specified in board_part file is either invalid or not available
WARNING: [Board 49-26] cannot add Board Part xilinx.com:k26c:part0:1.3 available at C:/Xilinx/Vivado/2022.2/data/xhub/boards/XilinxBoardStore/boards/Xilinx/k26c/1.3/board.xml as part xck26-sfvc784-2lv-c specified in board_part file is either invalid or not available
WARNING: [Board 49-26] cannot add Board Part xilinx.com:k26c:part0:1.4 available at C:/Xilinx/Vivado/2022.2/data/xhub/boards/XilinxBoardStore/boards/Xilinx/k26c/1.4/board.xml as part xck26-sfvc784-2lv-c specified in board_part file is either invalid or not available
WARNING: [Board 49-26] cannot add Board Part xilinx.com:k26i:part0:1.2 available at C:/Xilinx/Vivado/2022.2/data/xhub/boards/XilinxBoardStore/boards/Xilinx/k26i/1.2/board.xml as part xck26-sfvc784-2lvi-i specified in board_part file is either invalid or not available
WARNING: [Board 49-26] cannot add Board Part xilinx.com:k26i:part0:1.3 available at C:/Xilinx/Vivado/2022.2/data/xhub/boards/XilinxBoardStore/boards/Xilinx/k26i/1.3/board.xml as part xck26-sfvc784-2lvi-i specified in board_part file is either invalid or not available
WARNING: [Board 49-26] cannot add Board Part xilinx.com:k26i:part0:1.4 available at C:/Xilinx/Vivado/2022.2/data/xhub/boards/XilinxBoardStore/boards/Xilinx/k26i/1.4/board.xml as part xck26-sfvc784-2lvi-i specified in board_part file is either invalid or not available
WARNING: [Board 49-26] cannot add Board Part xilinx.com:kc705:part0:1.6 available at C:/Xilinx/Vivado/2022.2/data/xhub/boards/XilinxBoardStore/boards/Xilinx/kc705/1.6/board.xml as part xc7k325tffg900-2 specified in board_part file is either invalid or not available
WARNING: [Board 49-26] cannot add Board Part xilinx.com:kcu105:part0:1.6 available at C:/Xilinx/Vivado/2022.2/data/xhub/boards/XilinxBoardStore/boards/Xilinx/kcu105/1.6/board.xml as part xcku040-ffva1156-2-e specified in board_part file is either invalid or not available
WARNING: [Board 49-26] cannot add Board Part xilinx.com:kcu105:part0:1.7 available at C:/Xilinx/Vivado/2022.2/data/xhub/boards/XilinxBoardStore/boards/Xilinx/kcu105/1.7/board.xml as part xcku040-ffva1156-2-e specified in board_part file is either invalid or not available
WARNING: [Board 49-26] cannot add Board Part xilinx.com:kcu116:part0:1.4 available at C:/Xilinx/Vivado/2022.2/data/xhub/boards/XilinxBoardStore/boards/Xilinx/kcu116/1.4/board.xml as part xcku5p-ffvb676-2-e specified in board_part file is either invalid or not available
WARNING: [Board 49-26] cannot add Board Part xilinx.com:kcu116:part0:1.5 available at C:/Xilinx/Vivado/2022.2/data/xhub/boards/XilinxBoardStore/boards/Xilinx/kcu116/1.5/board.xml as part xcku5p-ffvb676-2-e specified in board_part file is either invalid or not available
WARNING: [Board 49-26] cannot add Board Part xilinx.com:kcu1500:part0:1.2 available at C:/Xilinx/Vivado/2022.2/data/xhub/boards/XilinxBoardStore/boards/Xilinx/kcu1500/1.2/board.xml as part xcku115-flvb2104-2-e specified in board_part file is either invalid or not available
WARNING: [Board 49-26] cannot add Board Part xilinx.com:kr260_som:part0:1.0 available at C:/Xilinx/Vivado/2022.2/data/xhub/boards/XilinxBoardStore/boards/Xilinx/kr260_som/1.0/board.xml as part xck26-sfvc784-2lv-c specified in board_part file is either invalid or not available
WARNING: [Board 49-26] cannot add Board Part xilinx.com:kr260_som:part0:1.1 available at C:/Xilinx/Vivado/2022.2/data/xhub/boards/XilinxBoardStore/boards/Xilinx/kr260_som/1.1/board.xml as part xck26-sfvc784-2lv-c specified in board_part file is either invalid or not available
WARNING: [Board 49-26] cannot add Board Part xilinx.com:kv260_som:part0:1.2 available at C:/Xilinx/Vivado/2022.2/data/xhub/boards/XilinxBoardStore/boards/Xilinx/kv260_som/1.2/board.xml as part xck26-sfvc784-2lv-c specified in board_part file is either invalid or not available
WARNING: [Board 49-26] cannot add Board Part xilinx.com:kv260_som:part0:1.3 available at C:/Xilinx/Vivado/2022.2/data/xhub/boards/XilinxBoardStore/boards/Xilinx/kv260_som/1.3/board.xml as part xck26-sfvc784-2lv-c specified in board_part file is either invalid or not available
WARNING: [Board 49-26] cannot add Board Part xilinx.com:kv260_som:part0:1.4 available at C:/Xilinx/Vivado/2022.2/data/xhub/boards/XilinxBoardStore/boards/Xilinx/kv260_som/1.4/board.xml as part xck26-sfvc784-2lv-c specified in board_part file is either invalid or not available
WARNING: [Board 49-26] cannot add Board Part xilinx.com:vc707:part0:1.4 available at C:/Xilinx/Vivado/2022.2/data/xhub/boards/XilinxBoardStore/boards/Xilinx/vc707/1.4/board.xml as part xc7vx485tffg1761-2 specified in board_part file is either invalid or not available
WARNING: [Board 49-26] cannot add Board Part xilinx.com:vc709:part0:1.8 available at C:/Xilinx/Vivado/2022.2/data/xhub/boards/XilinxBoardStore/boards/Xilinx/vc709/1.8/board.xml as part xc7vx690tffg1761-2 specified in board_part file is either invalid or not available
WARNING: [Board 49-26] cannot add Board Part xilinx.com:vck190:part0:2.2 available at C:/Xilinx/Vivado/2022.2/data/xhub/boards/XilinxBoardStore/boards/Xilinx/vck190/production/2.2/board.xml as part xcvc1902-vsva2197-2mp-e-s specified in board_part file is either invalid or not available
WARNING: [Board 49-26] cannot add Board Part xilinx.com:vck190:part0:3.0 available at C:/Xilinx/Vivado/2022.2/data/xhub/boards/XilinxBoardStore/boards/Xilinx/vck190/production/3.0/board.xml as part xcvc1902-vsva2197-2mp-e-s specified in board_part file is either invalid or not available
WARNING: [Board 49-26] cannot add Board Part xilinx.com:vck190:part0:3.1 available at C:/Xilinx/Vivado/2022.2/data/xhub/boards/XilinxBoardStore/boards/Xilinx/vck190/production/3.1/board.xml as part xcvc1902-vsva2197-2mp-e-s specified in board_part file is either invalid or not available
WARNING: [Board 49-26] cannot add Board Part xilinx.com:vck190_newl:part0:1.0 available at C:/Xilinx/Vivado/2022.2/data/xhub/boards/XilinxBoardStore/boards/Xilinx/vck190_newl/production/1.0/board.xml as part xcvc1902-vsva2197-2mp-e-s specified in board_part file is either invalid or not available
WARNING: [Board 49-26] cannot add Board Part xilinx.com:vcu108:part0:1.6 available at C:/Xilinx/Vivado/2022.2/data/xhub/boards/XilinxBoardStore/boards/Xilinx/vcu108/1.6/board.xml as part xcvu095-ffva2104-2-e specified in board_part file is either invalid or not available
WARNING: [Board 49-26] cannot add Board Part xilinx.com:vcu108:part0:1.7 available at C:/Xilinx/Vivado/2022.2/data/xhub/boards/XilinxBoardStore/boards/Xilinx/vcu108/1.7/board.xml as part xcvu095-ffva2104-2-e specified in board_part file is either invalid or not available
WARNING: [Board 49-26] cannot add Board Part xilinx.com:vcu110:part0:1.4 available at C:/Xilinx/Vivado/2022.2/data/xhub/boards/XilinxBoardStore/boards/Xilinx/vcu110/1.4/board.xml as part xcvu190-flgc2104-2-e specified in board_part file is either invalid or not available
WARNING: [Board 49-26] cannot add Board Part xilinx.com:vcu118:part0:2.0 available at C:/Xilinx/Vivado/2022.2/data/xhub/boards/XilinxBoardStore/boards/Xilinx/vcu118/2.0/board.xml as part xcvu9p-flga2104-2l-e specified in board_part file is either invalid or not available
WARNING: [Board 49-26] cannot add Board Part xilinx.com:vcu118:part0:2.3 available at C:/Xilinx/Vivado/2022.2/data/xhub/boards/XilinxBoardStore/boards/Xilinx/vcu118/2.3/board.xml as part xcvu9p-flga2104-2l-e specified in board_part file is either invalid or not available
WARNING: [Board 49-26] cannot add Board Part xilinx.com:vcu118:part0:2.4 available at C:/Xilinx/Vivado/2022.2/data/xhub/boards/XilinxBoardStore/boards/Xilinx/vcu118/2.4/board.xml as part xcvu9p-flga2104-2l-e specified in board_part file is either invalid or not available
WARNING: [Board 49-26] cannot add Board Part xilinx.com:vcu128:part0:1.0 available at C:/Xilinx/Vivado/2022.2/data/xhub/boards/XilinxBoardStore/boards/Xilinx/vcu128/production/1.0/board.xml as part xcvu37p-fsvh2892-2l-e specified in board_part file is either invalid or not available
WARNING: [Board 49-26] cannot add Board Part xilinx.com:vcu129:part0:1.0 available at C:/Xilinx/Vivado/2022.2/data/xhub/boards/XilinxBoardStore/boards/Xilinx/vcu129/production/1.0/board.xml as part xcvu29p-fsga2577-2l-e specified in board_part file is either invalid or not available
WARNING: [Board 49-26] cannot add Board Part xilinx.com:vcu1525:part0:1.3 available at C:/Xilinx/Vivado/2022.2/data/xhub/boards/XilinxBoardStore/boards/Xilinx/vcu1525/1.3/board.xml as part xcvu9p-fsgd2104-2l-e specified in board_part file is either invalid or not available
WARNING: [Board 49-26] cannot add Board Part xilinx.com:vek280_es:part0:1.0 available at C:/Xilinx/Vivado/2022.2/data/xhub/boards/XilinxBoardStore/boards/Xilinx/vek280/es/1.0/board.xml as part xcve2802-vsvh1760-2lp-e-s-es1 specified in board_part file is either invalid or not available
WARNING: [Board 49-26] cannot add Board Part xilinx.com:vermeo_t1_mpsoc:part0:1.0 available at C:/Xilinx/Vivado/2022.2/data/xhub/boards/XilinxBoardStore/boards/Xilinx/vermeo_t1_mpsoc/1.0/board.xml as part xczu19eg-ffvd1760-2l-e specified in board_part file is either invalid or not available
WARNING: [Board 49-26] cannot add Board Part xilinx.com:vermeo_t1_rfsoc:part0:1.0 available at C:/Xilinx/Vivado/2022.2/data/xhub/boards/XilinxBoardStore/boards/Xilinx/vermeo_t1_rfsoc/1.0/board.xml as part xczu21dr-ffvd1156-2l-e specified in board_part file is either invalid or not available
WARNING: [Board 49-26] cannot add Board Part xilinx.com:vhk158_es:part0:1.0 available at C:/Xilinx/Vivado/2022.2/data/xhub/boards/XilinxBoardStore/boards/Xilinx/vhk158/es/1.0/board.xml as part xcvh1582-vsva3697-2mp-e-s-es1 specified in board_part file is either invalid or not available
WARNING: [Board 49-26] cannot add Board Part xilinx.com:vmk180:part0:2.2 available at C:/Xilinx/Vivado/2022.2/data/xhub/boards/XilinxBoardStore/boards/Xilinx/vmk180/production/2.2/board.xml as part xcvm1802-vsva2197-2mp-e-s specified in board_part file is either invalid or not available
WARNING: [Board 49-26] cannot add Board Part xilinx.com:vmk180:part0:3.0 available at C:/Xilinx/Vivado/2022.2/data/xhub/boards/XilinxBoardStore/boards/Xilinx/vmk180/production/3.0/board.xml as part xcvm1802-vsva2197-2mp-e-s specified in board_part file is either invalid or not available
WARNING: [Board 49-26] cannot add Board Part xilinx.com:vmk180:part0:3.1 available at C:/Xilinx/Vivado/2022.2/data/xhub/boards/XilinxBoardStore/boards/Xilinx/vmk180/production/3.1/board.xml as part xcvm1802-vsva2197-2mp-e-s specified in board_part file is either invalid or not available
WARNING: [Board 49-26] cannot add Board Part xilinx.com:vmk180_newl:part0:1.0 available at C:/Xilinx/Vivado/2022.2/data/xhub/boards/XilinxBoardStore/boards/Xilinx/vmk180_newl/production/1.0/board.xml as part xcvm1802-vsva2197-2mp-e-s specified in board_part file is either invalid or not available
WARNING: [Board 49-26] cannot add Board Part xilinx.com:vpk120:part0:1.0 available at C:/Xilinx/Vivado/2022.2/data/xhub/boards/XilinxBoardStore/boards/Xilinx/vpk120/production/1.0/board.xml as part xcvp1202-vsva2785-2mp-e-s specified in board_part file is either invalid or not available
WARNING: [Board 49-26] cannot add Board Part xilinx.com:vpk120_es:part0:1.2 available at C:/Xilinx/Vivado/2022.2/data/xhub/boards/XilinxBoardStore/boards/Xilinx/vpk120/es/1.2/board.xml as part xcvp1202-vsva2785-2mp-e-s-es1 specified in board_part file is either invalid or not available
WARNING: [Board 49-26] cannot add Board Part xilinx.com:vpk120_es_revb:part0:1.0 available at C:/Xilinx/Vivado/2022.2/data/xhub/boards/XilinxBoardStore/boards/Xilinx/vpk120_revb/es/1.0/board.xml as part xcvp1202-vsva2785-2mp-e-s-es1 specified in board_part file is either invalid or not available
WARNING: [Board 49-26] cannot add Board Part xilinx.com:vpk180_es:part0:1.0 available at C:/Xilinx/Vivado/2022.2/data/xhub/boards/XilinxBoardStore/boards/Xilinx/vpk180/es/1.0/board.xml as part xcvp1802-lsvc4072-2mp-e-s-es1 specified in board_part file is either invalid or not available
WARNING: [Board 49-26] cannot add Board Part xilinx.com:zc702:part0:1.4 available at C:/Xilinx/Vivado/2022.2/data/xhub/boards/XilinxBoardStore/boards/Xilinx/zc702/1.4/board.xml as part xc7z020clg484-1 specified in board_part file is either invalid or not available
WARNING: [Board 49-26] cannot add Board Part xilinx.com:zc706:part0:1.4 available at C:/Xilinx/Vivado/2022.2/data/xhub/boards/XilinxBoardStore/boards/Xilinx/zc706/1.4/board.xml as part xc7z045ffg900-2 specified in board_part file is either invalid or not available
WARNING: [Board 49-26] cannot add Board Part xilinx.com:zcu102:part0:3.3 available at C:/Xilinx/Vivado/2022.2/data/xhub/boards/XilinxBoardStore/boards/Xilinx/zcu102/3.3/board.xml as part xczu9eg-ffvb1156-2-e specified in board_part file is either invalid or not available
WARNING: [Board 49-26] cannot add Board Part xilinx.com:zcu102:part0:3.4 available at C:/Xilinx/Vivado/2022.2/data/xhub/boards/XilinxBoardStore/boards/Xilinx/zcu102/3.4/board.xml as part xczu9eg-ffvb1156-2-e specified in board_part file is either invalid or not available
WARNING: [Board 49-26] cannot add Board Part xilinx.com:zcu104:part0:1.1 available at C:/Xilinx/Vivado/2022.2/data/xhub/boards/XilinxBoardStore/boards/Xilinx/zcu104/1.1/board.xml as part xczu7ev-ffvc1156-2-e specified in board_part file is either invalid or not available
WARNING: [Board 49-26] cannot add Board Part xilinx.com:zcu106:part0:2.4 available at C:/Xilinx/Vivado/2022.2/data/xhub/boards/XilinxBoardStore/boards/Xilinx/zcu106/2.4/board.xml as part xczu7ev-ffvc1156-2-e specified in board_part file is either invalid or not available
WARNING: [Board 49-26] cannot add Board Part xilinx.com:zcu106:part0:2.5 available at C:/Xilinx/Vivado/2022.2/data/xhub/boards/XilinxBoardStore/boards/Xilinx/zcu106/2.5/board.xml as part xczu7ev-ffvc1156-2-e specified in board_part file is either invalid or not available
WARNING: [Board 49-26] cannot add Board Part xilinx.com:zcu106:part0:2.6 available at C:/Xilinx/Vivado/2022.2/data/xhub/boards/XilinxBoardStore/boards/Xilinx/zcu106/2.6/board.xml as part xczu7ev-ffvc1156-2-e specified in board_part file is either invalid or not available
WARNING: [Board 49-26] cannot add Board Part xilinx.com:zcu111:part0:1.2 available at C:/Xilinx/Vivado/2022.2/data/xhub/boards/XilinxBoardStore/boards/Xilinx/zcu111/1.2/board.xml as part xczu28dr-ffvg1517-2-e specified in board_part file is either invalid or not available
WARNING: [Board 49-26] cannot add Board Part xilinx.com:zcu111:part0:1.3 available at C:/Xilinx/Vivado/2022.2/data/xhub/boards/XilinxBoardStore/boards/Xilinx/zcu111/1.3/board.xml as part xczu28dr-ffvg1517-2-e specified in board_part file is either invalid or not available
WARNING: [Board 49-26] cannot add Board Part xilinx.com:zcu111:part0:1.4 available at C:/Xilinx/Vivado/2022.2/data/xhub/boards/XilinxBoardStore/boards/Xilinx/zcu111/1.4/board.xml as part xczu28dr-ffvg1517-2-e specified in board_part file is either invalid or not available
WARNING: [Board 49-26] cannot add Board Part xilinx.com:zcu1275:part0:1.0 available at C:/Xilinx/Vivado/2022.2/data/xhub/boards/XilinxBoardStore/boards/Xilinx/zcu1275/1.0/board.xml as part xczu29dr-ffvf1760-2-e specified in board_part file is either invalid or not available
WARNING: [Board 49-26] cannot add Board Part xilinx.com:zcu1285:part0:1.0 available at C:/Xilinx/Vivado/2022.2/data/xhub/boards/XilinxBoardStore/boards/Xilinx/zcu1285/1.0/board.xml as part xczu39dr-ffvf1760-2-i specified in board_part file is either invalid or not available
WARNING: [Board 49-26] cannot add Board Part xilinx.com:zcu208:part0:2.0 available at C:/Xilinx/Vivado/2022.2/data/xhub/boards/XilinxBoardStore/boards/Xilinx/zcu208/production/2.0/board.xml as part xczu48dr-fsvg1517-2-e specified in board_part file is either invalid or not available
WARNING: [Board 49-26] cannot add Board Part xilinx.com:zcu208ld:part0:2.0 available at C:/Xilinx/Vivado/2022.2/data/xhub/boards/XilinxBoardStore/boards/Xilinx/zcu208ld/production/2.0/board.xml as part xczu58dr-fsvg1517-2-i specified in board_part file is either invalid or not available
WARNING: [Board 49-26] cannot add Board Part xilinx.com:zcu216:part0:2.0 available at C:/Xilinx/Vivado/2022.2/data/xhub/boards/XilinxBoardStore/boards/Xilinx/zcu216/production/2.0/board.xml as part xczu49dr-ffvf1760-2-e specified in board_part file is either invalid or not available
WARNING: [Board 49-26] cannot add Board Part xilinx.com:zcu216ld:part0:2.0 available at C:/Xilinx/Vivado/2022.2/data/xhub/boards/XilinxBoardStore/boards/Xilinx/zcu216ld/production/2.0/board.xml as part xczu59dr-ffvf1760-2-i specified in board_part file is either invalid or not available
WARNING: [Board 49-26] cannot add Board Part xilinx.com:zcu670:part0:2.0 available at C:/Xilinx/Vivado/2022.2/data/xhub/boards/XilinxBoardStore/boards/Xilinx/zcu670/2.0/board.xml as part xczu67dr-fsve1156-2-i specified in board_part file is either invalid or not available
WARNING: [Board 49-26] cannot add Board Part xilinx.com:zcu670ld:part0:1.0 available at C:/Xilinx/Vivado/2022.2/data/xhub/boards/XilinxBoardStore/boards/Xilinx/zcu670ld/1.0/board.xml as part xczu57dr-fsve1156-2-i specified in board_part file is either invalid or not available
open_project: Time (s): cpu = 00:00:20 ; elapsed = 00:00:10 . Memory (MB): peak = 1116.102 ; gain = 351.559
update_compile_order -fileset sources_1
create_peripheral xilinx.com user hdmi_text_controller 1.0 -dir C:/Users/Shane/Documents/Classes/ECE_385/Lab_7/lab_7_v2/ip_repo
add_peripheral_interface AXI -interface_mode slave -axi_type lite [ipx::find_open_core xilinx.com:user:hdmi_text_controller:1.0]
generate_peripheral -driver -bfm_example_design -debug_hw_example_design [ipx::find_open_core xilinx.com:user:hdmi_text_controller:1.0]
write_peripheral [ipx::find_open_core xilinx.com:user:hdmi_text_controller:1.0]
set_property  ip_repo_paths  {C:/Users/Shane/Documents/Classes/ECE_385/Lab_7/lab_7_v2/ip_repo/hdmi_text_controller_1_0 C:/Users/Shane/Documents/Classes/ECE_385/Lab_7/lab_7_ash/ip_repo} [current_project]
update_ip_catalog -rebuild
INFO: [IP_Flow 19-234] Refreshing IP repositories
INFO: [IP_Flow 19-1700] Loaded user IP repository 'c:/Users/Shane/Documents/Classes/ECE_385/Lab_7/lab_7_v2/ip_repo/hdmi_text_controller_1_0'.
INFO: [IP_Flow 19-1700] Loaded user IP repository 'c:/Users/Shane/Documents/Classes/ECE_385/Lab_7/lab_7_ash/ip_repo'.
WARNING: [IP_Flow 19-1663] Duplicate IP found for 'xilinx.com:user:hdmi_text_controller:1.0'. The one found in IP location 'c:/Users/Shane/Documents/Classes/ECE_385/Lab_7/lab_7_ash/ip_repo/hdmi_text_controller_1_0' will take precedence over the same IP in location c:/Users/Shane/Documents/Classes/ECE_385/Lab_7/lab_7_v2/ip_repo/hdmi_text_controller_1_0
ipx::edit_ip_in_project -upgrade true -name edit_hdmi_text_controller_v1_0 -directory C:/Users/Shane/Documents/Classes/ECE_385/Lab_7/lab_7_v2/ip_repo c:/Users/Shane/Documents/Classes/ECE_385/Lab_7/lab_7_v2/ip_repo/hdmi_text_controller_1_0/component.xml
INFO: [IP_Flow 19-234] Refreshing IP repositories
INFO: [IP_Flow 19-1704] No user IP repositories specified
INFO: [IP_Flow 19-2313] Loaded Vivado IP repository 'C:/Xilinx/Vivado/2022.2/data/ip'.
WARNING: [Board 49-26] cannot add Board Part xilinx.com:ac701:part0:1.4 available at C:/Xilinx/Vivado/2022.2/data/xhub/boards/XilinxBoardStore/boards/Xilinx/ac701/1.4/board.xml as part xc7a200tfbg676-2 specified in board_part file is either invalid or not available
WARNING: [Board 49-26] cannot add Board Part xilinx.com:k26c:part0:1.2 available at C:/Xilinx/Vivado/2022.2/data/xhub/boards/XilinxBoardStore/boards/Xilinx/k26c/1.2/board.xml as part xck26-sfvc784-2lv-c specified in board_part file is either invalid or not available
WARNING: [Board 49-26] cannot add Board Part xilinx.com:k26c:part0:1.3 available at C:/Xilinx/Vivado/2022.2/data/xhub/boards/XilinxBoardStore/boards/Xilinx/k26c/1.3/board.xml as part xck26-sfvc784-2lv-c specified in board_part file is either invalid or not available
WARNING: [Board 49-26] cannot add Board Part xilinx.com:k26c:part0:1.4 available at C:/Xilinx/Vivado/2022.2/data/xhub/boards/XilinxBoardStore/boards/Xilinx/k26c/1.4/board.xml as part xck26-sfvc784-2lv-c specified in board_part file is either invalid or not available
WARNING: [Board 49-26] cannot add Board Part xilinx.com:k26i:part0:1.2 available at C:/Xilinx/Vivado/2022.2/data/xhub/boards/XilinxBoardStore/boards/Xilinx/k26i/1.2/board.xml as part xck26-sfvc784-2lvi-i specified in board_part file is either invalid or not available
WARNING: [Board 49-26] cannot add Board Part xilinx.com:k26i:part0:1.3 available at C:/Xilinx/Vivado/2022.2/data/xhub/boards/XilinxBoardStore/boards/Xilinx/k26i/1.3/board.xml as part xck26-sfvc784-2lvi-i specified in board_part file is either invalid or not available
WARNING: [Board 49-26] cannot add Board Part xilinx.com:k26i:part0:1.4 available at C:/Xilinx/Vivado/2022.2/data/xhub/boards/XilinxBoardStore/boards/Xilinx/k26i/1.4/board.xml as part xck26-sfvc784-2lvi-i specified in board_part file is either invalid or not available
WARNING: [Board 49-26] cannot add Board Part xilinx.com:kc705:part0:1.6 available at C:/Xilinx/Vivado/2022.2/data/xhub/boards/XilinxBoardStore/boards/Xilinx/kc705/1.6/board.xml as part xc7k325tffg900-2 specified in board_part file is either invalid or not available
WARNING: [Board 49-26] cannot add Board Part xilinx.com:kcu105:part0:1.6 available at C:/Xilinx/Vivado/2022.2/data/xhub/boards/XilinxBoardStore/boards/Xilinx/kcu105/1.6/board.xml as part xcku040-ffva1156-2-e specified in board_part file is either invalid or not available
WARNING: [Board 49-26] cannot add Board Part xilinx.com:kcu105:part0:1.7 available at C:/Xilinx/Vivado/2022.2/data/xhub/boards/XilinxBoardStore/boards/Xilinx/kcu105/1.7/board.xml as part xcku040-ffva1156-2-e specified in board_part file is either invalid or not available
WARNING: [Board 49-26] cannot add Board Part xilinx.com:kcu116:part0:1.4 available at C:/Xilinx/Vivado/2022.2/data/xhub/boards/XilinxBoardStore/boards/Xilinx/kcu116/1.4/board.xml as part xcku5p-ffvb676-2-e specified in board_part file is either invalid or not available
WARNING: [Board 49-26] cannot add Board Part xilinx.com:kcu116:part0:1.5 available at C:/Xilinx/Vivado/2022.2/data/xhub/boards/XilinxBoardStore/boards/Xilinx/kcu116/1.5/board.xml as part xcku5p-ffvb676-2-e specified in board_part file is either invalid or not available
WARNING: [Board 49-26] cannot add Board Part xilinx.com:kcu1500:part0:1.2 available at C:/Xilinx/Vivado/2022.2/data/xhub/boards/XilinxBoardStore/boards/Xilinx/kcu1500/1.2/board.xml as part xcku115-flvb2104-2-e specified in board_part file is either invalid or not available
WARNING: [Board 49-26] cannot add Board Part xilinx.com:kr260_som:part0:1.0 available at C:/Xilinx/Vivado/2022.2/data/xhub/boards/XilinxBoardStore/boards/Xilinx/kr260_som/1.0/board.xml as part xck26-sfvc784-2lv-c specified in board_part file is either invalid or not available
WARNING: [Board 49-26] cannot add Board Part xilinx.com:kr260_som:part0:1.1 available at C:/Xilinx/Vivado/2022.2/data/xhub/boards/XilinxBoardStore/boards/Xilinx/kr260_som/1.1/board.xml as part xck26-sfvc784-2lv-c specified in board_part file is either invalid or not available
WARNING: [Board 49-26] cannot add Board Part xilinx.com:kv260_som:part0:1.2 available at C:/Xilinx/Vivado/2022.2/data/xhub/boards/XilinxBoardStore/boards/Xilinx/kv260_som/1.2/board.xml as part xck26-sfvc784-2lv-c specified in board_part file is either invalid or not available
WARNING: [Board 49-26] cannot add Board Part xilinx.com:kv260_som:part0:1.3 available at C:/Xilinx/Vivado/2022.2/data/xhub/boards/XilinxBoardStore/boards/Xilinx/kv260_som/1.3/board.xml as part xck26-sfvc784-2lv-c specified in board_part file is either invalid or not available
WARNING: [Board 49-26] cannot add Board Part xilinx.com:kv260_som:part0:1.4 available at C:/Xilinx/Vivado/2022.2/data/xhub/boards/XilinxBoardStore/boards/Xilinx/kv260_som/1.4/board.xml as part xck26-sfvc784-2lv-c specified in board_part file is either invalid or not available
WARNING: [Board 49-26] cannot add Board Part xilinx.com:vc707:part0:1.4 available at C:/Xilinx/Vivado/2022.2/data/xhub/boards/XilinxBoardStore/boards/Xilinx/vc707/1.4/board.xml as part xc7vx485tffg1761-2 specified in board_part file is either invalid or not available
WARNING: [Board 49-26] cannot add Board Part xilinx.com:vc709:part0:1.8 available at C:/Xilinx/Vivado/2022.2/data/xhub/boards/XilinxBoardStore/boards/Xilinx/vc709/1.8/board.xml as part xc7vx690tffg1761-2 specified in board_part file is either invalid or not available
WARNING: [Board 49-26] cannot add Board Part xilinx.com:vck190:part0:2.2 available at C:/Xilinx/Vivado/2022.2/data/xhub/boards/XilinxBoardStore/boards/Xilinx/vck190/production/2.2/board.xml as part xcvc1902-vsva2197-2mp-e-s specified in board_part file is either invalid or not available
WARNING: [Board 49-26] cannot add Board Part xilinx.com:vck190:part0:3.0 available at C:/Xilinx/Vivado/2022.2/data/xhub/boards/XilinxBoardStore/boards/Xilinx/vck190/production/3.0/board.xml as part xcvc1902-vsva2197-2mp-e-s specified in board_part file is either invalid or not available
WARNING: [Board 49-26] cannot add Board Part xilinx.com:vck190:part0:3.1 available at C:/Xilinx/Vivado/2022.2/data/xhub/boards/XilinxBoardStore/boards/Xilinx/vck190/production/3.1/board.xml as part xcvc1902-vsva2197-2mp-e-s specified in board_part file is either invalid or not available
WARNING: [Board 49-26] cannot add Board Part xilinx.com:vck190_newl:part0:1.0 available at C:/Xilinx/Vivado/2022.2/data/xhub/boards/XilinxBoardStore/boards/Xilinx/vck190_newl/production/1.0/board.xml as part xcvc1902-vsva2197-2mp-e-s specified in board_part file is either invalid or not available
WARNING: [Board 49-26] cannot add Board Part xilinx.com:vcu108:part0:1.6 available at C:/Xilinx/Vivado/2022.2/data/xhub/boards/XilinxBoardStore/boards/Xilinx/vcu108/1.6/board.xml as part xcvu095-ffva2104-2-e specified in board_part file is either invalid or not available
WARNING: [Board 49-26] cannot add Board Part xilinx.com:vcu108:part0:1.7 available at C:/Xilinx/Vivado/2022.2/data/xhub/boards/XilinxBoardStore/boards/Xilinx/vcu108/1.7/board.xml as part xcvu095-ffva2104-2-e specified in board_part file is either invalid or not available
WARNING: [Board 49-26] cannot add Board Part xilinx.com:vcu110:part0:1.4 available at C:/Xilinx/Vivado/2022.2/data/xhub/boards/XilinxBoardStore/boards/Xilinx/vcu110/1.4/board.xml as part xcvu190-flgc2104-2-e specified in board_part file is either invalid or not available
WARNING: [Board 49-26] cannot add Board Part xilinx.com:vcu118:part0:2.0 available at C:/Xilinx/Vivado/2022.2/data/xhub/boards/XilinxBoardStore/boards/Xilinx/vcu118/2.0/board.xml as part xcvu9p-flga2104-2l-e specified in board_part file is either invalid or not available
WARNING: [Board 49-26] cannot add Board Part xilinx.com:vcu118:part0:2.3 available at C:/Xilinx/Vivado/2022.2/data/xhub/boards/XilinxBoardStore/boards/Xilinx/vcu118/2.3/board.xml as part xcvu9p-flga2104-2l-e specified in board_part file is either invalid or not available
WARNING: [Board 49-26] cannot add Board Part xilinx.com:vcu118:part0:2.4 available at C:/Xilinx/Vivado/2022.2/data/xhub/boards/XilinxBoardStore/boards/Xilinx/vcu118/2.4/board.xml as part xcvu9p-flga2104-2l-e specified in board_part file is either invalid or not available
WARNING: [Board 49-26] cannot add Board Part xilinx.com:vcu128:part0:1.0 available at C:/Xilinx/Vivado/2022.2/data/xhub/boards/XilinxBoardStore/boards/Xilinx/vcu128/production/1.0/board.xml as part xcvu37p-fsvh2892-2l-e specified in board_part file is either invalid or not available
WARNING: [Board 49-26] cannot add Board Part xilinx.com:vcu129:part0:1.0 available at C:/Xilinx/Vivado/2022.2/data/xhub/boards/XilinxBoardStore/boards/Xilinx/vcu129/production/1.0/board.xml as part xcvu29p-fsga2577-2l-e specified in board_part file is either invalid or not available
WARNING: [Board 49-26] cannot add Board Part xilinx.com:vcu1525:part0:1.3 available at C:/Xilinx/Vivado/2022.2/data/xhub/boards/XilinxBoardStore/boards/Xilinx/vcu1525/1.3/board.xml as part xcvu9p-fsgd2104-2l-e specified in board_part file is either invalid or not available
WARNING: [Board 49-26] cannot add Board Part xilinx.com:vek280_es:part0:1.0 available at C:/Xilinx/Vivado/2022.2/data/xhub/boards/XilinxBoardStore/boards/Xilinx/vek280/es/1.0/board.xml as part xcve2802-vsvh1760-2lp-e-s-es1 specified in board_part file is either invalid or not available
WARNING: [Board 49-26] cannot add Board Part xilinx.com:vermeo_t1_mpsoc:part0:1.0 available at C:/Xilinx/Vivado/2022.2/data/xhub/boards/XilinxBoardStore/boards/Xilinx/vermeo_t1_mpsoc/1.0/board.xml as part xczu19eg-ffvd1760-2l-e specified in board_part file is either invalid or not available
WARNING: [Board 49-26] cannot add Board Part xilinx.com:vermeo_t1_rfsoc:part0:1.0 available at C:/Xilinx/Vivado/2022.2/data/xhub/boards/XilinxBoardStore/boards/Xilinx/vermeo_t1_rfsoc/1.0/board.xml as part xczu21dr-ffvd1156-2l-e specified in board_part file is either invalid or not available
WARNING: [Board 49-26] cannot add Board Part xilinx.com:vhk158_es:part0:1.0 available at C:/Xilinx/Vivado/2022.2/data/xhub/boards/XilinxBoardStore/boards/Xilinx/vhk158/es/1.0/board.xml as part xcvh1582-vsva3697-2mp-e-s-es1 specified in board_part file is either invalid or not available
WARNING: [Board 49-26] cannot add Board Part xilinx.com:vmk180:part0:2.2 available at C:/Xilinx/Vivado/2022.2/data/xhub/boards/XilinxBoardStore/boards/Xilinx/vmk180/production/2.2/board.xml as part xcvm1802-vsva2197-2mp-e-s specified in board_part file is either invalid or not available
WARNING: [Board 49-26] cannot add Board Part xilinx.com:vmk180:part0:3.0 available at C:/Xilinx/Vivado/2022.2/data/xhub/boards/XilinxBoardStore/boards/Xilinx/vmk180/production/3.0/board.xml as part xcvm1802-vsva2197-2mp-e-s specified in board_part file is either invalid or not available
WARNING: [Board 49-26] cannot add Board Part xilinx.com:vmk180:part0:3.1 available at C:/Xilinx/Vivado/2022.2/data/xhub/boards/XilinxBoardStore/boards/Xilinx/vmk180/production/3.1/board.xml as part xcvm1802-vsva2197-2mp-e-s specified in board_part file is either invalid or not available
WARNING: [Board 49-26] cannot add Board Part xilinx.com:vmk180_newl:part0:1.0 available at C:/Xilinx/Vivado/2022.2/data/xhub/boards/XilinxBoardStore/boards/Xilinx/vmk180_newl/production/1.0/board.xml as part xcvm1802-vsva2197-2mp-e-s specified in board_part file is either invalid or not available
WARNING: [Board 49-26] cannot add Board Part xilinx.com:vpk120:part0:1.0 available at C:/Xilinx/Vivado/2022.2/data/xhub/boards/XilinxBoardStore/boards/Xilinx/vpk120/production/1.0/board.xml as part xcvp1202-vsva2785-2mp-e-s specified in board_part file is either invalid or not available
WARNING: [Board 49-26] cannot add Board Part xilinx.com:vpk120_es:part0:1.2 available at C:/Xilinx/Vivado/2022.2/data/xhub/boards/XilinxBoardStore/boards/Xilinx/vpk120/es/1.2/board.xml as part xcvp1202-vsva2785-2mp-e-s-es1 specified in board_part file is either invalid or not available
WARNING: [Board 49-26] cannot add Board Part xilinx.com:vpk120_es_revb:part0:1.0 available at C:/Xilinx/Vivado/2022.2/data/xhub/boards/XilinxBoardStore/boards/Xilinx/vpk120_revb/es/1.0/board.xml as part xcvp1202-vsva2785-2mp-e-s-es1 specified in board_part file is either invalid or not available
WARNING: [Board 49-26] cannot add Board Part xilinx.com:vpk180_es:part0:1.0 available at C:/Xilinx/Vivado/2022.2/data/xhub/boards/XilinxBoardStore/boards/Xilinx/vpk180/es/1.0/board.xml as part xcvp1802-lsvc4072-2mp-e-s-es1 specified in board_part file is either invalid or not available
WARNING: [Board 49-26] cannot add Board Part xilinx.com:zc702:part0:1.4 available at C:/Xilinx/Vivado/2022.2/data/xhub/boards/XilinxBoardStore/boards/Xilinx/zc702/1.4/board.xml as part xc7z020clg484-1 specified in board_part file is either invalid or not available
WARNING: [Board 49-26] cannot add Board Part xilinx.com:zc706:part0:1.4 available at C:/Xilinx/Vivado/2022.2/data/xhub/boards/XilinxBoardStore/boards/Xilinx/zc706/1.4/board.xml as part xc7z045ffg900-2 specified in board_part file is either invalid or not available
WARNING: [Board 49-26] cannot add Board Part xilinx.com:zcu102:part0:3.3 available at C:/Xilinx/Vivado/2022.2/data/xhub/boards/XilinxBoardStore/boards/Xilinx/zcu102/3.3/board.xml as part xczu9eg-ffvb1156-2-e specified in board_part file is either invalid or not available
WARNING: [Board 49-26] cannot add Board Part xilinx.com:zcu102:part0:3.4 available at C:/Xilinx/Vivado/2022.2/data/xhub/boards/XilinxBoardStore/boards/Xilinx/zcu102/3.4/board.xml as part xczu9eg-ffvb1156-2-e specified in board_part file is either invalid or not available
WARNING: [Board 49-26] cannot add Board Part xilinx.com:zcu104:part0:1.1 available at C:/Xilinx/Vivado/2022.2/data/xhub/boards/XilinxBoardStore/boards/Xilinx/zcu104/1.1/board.xml as part xczu7ev-ffvc1156-2-e specified in board_part file is either invalid or not available
WARNING: [Board 49-26] cannot add Board Part xilinx.com:zcu106:part0:2.4 available at C:/Xilinx/Vivado/2022.2/data/xhub/boards/XilinxBoardStore/boards/Xilinx/zcu106/2.4/board.xml as part xczu7ev-ffvc1156-2-e specified in board_part file is either invalid or not available
WARNING: [Board 49-26] cannot add Board Part xilinx.com:zcu106:part0:2.5 available at C:/Xilinx/Vivado/2022.2/data/xhub/boards/XilinxBoardStore/boards/Xilinx/zcu106/2.5/board.xml as part xczu7ev-ffvc1156-2-e specified in board_part file is either invalid or not available
WARNING: [Board 49-26] cannot add Board Part xilinx.com:zcu106:part0:2.6 available at C:/Xilinx/Vivado/2022.2/data/xhub/boards/XilinxBoardStore/boards/Xilinx/zcu106/2.6/board.xml as part xczu7ev-ffvc1156-2-e specified in board_part file is either invalid or not available
WARNING: [Board 49-26] cannot add Board Part xilinx.com:zcu111:part0:1.2 available at C:/Xilinx/Vivado/2022.2/data/xhub/boards/XilinxBoardStore/boards/Xilinx/zcu111/1.2/board.xml as part xczu28dr-ffvg1517-2-e specified in board_part file is either invalid or not available
WARNING: [Board 49-26] cannot add Board Part xilinx.com:zcu111:part0:1.3 available at C:/Xilinx/Vivado/2022.2/data/xhub/boards/XilinxBoardStore/boards/Xilinx/zcu111/1.3/board.xml as part xczu28dr-ffvg1517-2-e specified in board_part file is either invalid or not available
WARNING: [Board 49-26] cannot add Board Part xilinx.com:zcu111:part0:1.4 available at C:/Xilinx/Vivado/2022.2/data/xhub/boards/XilinxBoardStore/boards/Xilinx/zcu111/1.4/board.xml as part xczu28dr-ffvg1517-2-e specified in board_part file is either invalid or not available
WARNING: [Board 49-26] cannot add Board Part xilinx.com:zcu1275:part0:1.0 available at C:/Xilinx/Vivado/2022.2/data/xhub/boards/XilinxBoardStore/boards/Xilinx/zcu1275/1.0/board.xml as part xczu29dr-ffvf1760-2-e specified in board_part file is either invalid or not available
WARNING: [Board 49-26] cannot add Board Part xilinx.com:zcu1285:part0:1.0 available at C:/Xilinx/Vivado/2022.2/data/xhub/boards/XilinxBoardStore/boards/Xilinx/zcu1285/1.0/board.xml as part xczu39dr-ffvf1760-2-i specified in board_part file is either invalid or not available
WARNING: [Board 49-26] cannot add Board Part xilinx.com:zcu208:part0:2.0 available at C:/Xilinx/Vivado/2022.2/data/xhub/boards/XilinxBoardStore/boards/Xilinx/zcu208/production/2.0/board.xml as part xczu48dr-fsvg1517-2-e specified in board_part file is either invalid or not available
WARNING: [Board 49-26] cannot add Board Part xilinx.com:zcu208ld:part0:2.0 available at C:/Xilinx/Vivado/2022.2/data/xhub/boards/XilinxBoardStore/boards/Xilinx/zcu208ld/production/2.0/board.xml as part xczu58dr-fsvg1517-2-i specified in board_part file is either invalid or not available
WARNING: [Board 49-26] cannot add Board Part xilinx.com:zcu216:part0:2.0 available at C:/Xilinx/Vivado/2022.2/data/xhub/boards/XilinxBoardStore/boards/Xilinx/zcu216/production/2.0/board.xml as part xczu49dr-ffvf1760-2-e specified in board_part file is either invalid or not available
WARNING: [Board 49-26] cannot add Board Part xilinx.com:zcu216ld:part0:2.0 available at C:/Xilinx/Vivado/2022.2/data/xhub/boards/XilinxBoardStore/boards/Xilinx/zcu216ld/production/2.0/board.xml as part xczu59dr-ffvf1760-2-i specified in board_part file is either invalid or not available
WARNING: [Board 49-26] cannot add Board Part xilinx.com:zcu670:part0:2.0 available at C:/Xilinx/Vivado/2022.2/data/xhub/boards/XilinxBoardStore/boards/Xilinx/zcu670/2.0/board.xml as part xczu67dr-fsve1156-2-i specified in board_part file is either invalid or not available
WARNING: [Board 49-26] cannot add Board Part xilinx.com:zcu670ld:part0:1.0 available at C:/Xilinx/Vivado/2022.2/data/xhub/boards/XilinxBoardStore/boards/Xilinx/zcu670ld/1.0/board.xml as part xczu57dr-fsve1156-2-i specified in board_part file is either invalid or not available
INFO: [IP_Flow 19-234] Refreshing IP repositories
INFO: [IP_Flow 19-1700] Loaded user IP repository 'c:/Users/Shane/Documents/Classes/ECE_385/Lab_7/lab_7_v2/ip_repo/hdmi_text_controller_1_0'.
INFO: [IP_Flow 19-1700] Loaded user IP repository 'c:/Users/Shane/Documents/Classes/ECE_385/Lab_7/lab_7_ash/ip_repo'.
WARNING: [IP_Flow 19-1663] Duplicate IP found for 'xilinx.com:user:hdmi_text_controller:1.0'. The one found in IP location 'c:/Users/Shane/Documents/Classes/ECE_385/Lab_7/lab_7_ash/ip_repo/hdmi_text_controller_1_0' will take precedence over the same IP in location c:/Users/Shane/Documents/Classes/ECE_385/Lab_7/lab_7_v2/ip_repo/hdmi_text_controller_1_0
INFO: [IP_Flow 19-795] Syncing license key meta-data
ipx::edit_ip_in_project: Time (s): cpu = 00:00:07 ; elapsed = 00:00:05 . Memory (MB): peak = 1168.457 ; gain = 21.805
update_compile_order -fileset sources_1
ipx::remove_file drivers/hdmi_text_controller_v1_0/src/Makefile [ipx::get_file_groups xilinx_softwaredriver -of_objects [ipx::current_core]]
ipx::remove_file drivers/hdmi_text_controller_v1_0/src/hdmi_text_controller.c [ipx::get_file_groups xilinx_softwaredriver -of_objects [ipx::current_core]]
ipx::remove_file drivers/hdmi_text_controller_v1_0/src/hdmi_text_controller_selftest.c [ipx::get_file_groups xilinx_softwaredriver -of_objects [ipx::current_core]]
ipx::remove_file drivers/hdmi_text_controller_v1_0/src/hdmi_text_controller.h [ipx::get_file_groups xilinx_softwaredriver -of_objects [ipx::current_core]]
file copy C:/Users/Shane/Documents/Classes/ECE_385/Lab_7/lab7_1_provided_fa24/drivers_src/hdmi_text_controller.h c:/Users/Shane/Documents/Classes/ECE_385/Lab_7/lab_7_v2/ip_repo/hdmi_text_controller_1_0/src
ipx::add_file c:/Users/Shane/Documents/Classes/ECE_385/Lab_7/lab_7_v2/ip_repo/hdmi_text_controller_1_0/src/hdmi_text_controller.h [ipx::get_file_groups xilinx_softwaredriver -of_objects [ipx::current_core]]
set_property type cSource [ipx::get_files src/hdmi_text_controller.h -of_objects [ipx::get_file_groups xilinx_softwaredriver -of_objects [ipx::current_core]]]
file copy C:/Users/Shane/Documents/Classes/ECE_385/Lab_7/lab7_1_provided_fa24/drivers_src/Makefile c:/Users/Shane/Documents/Classes/ECE_385/Lab_7/lab_7_v2/ip_repo/hdmi_text_controller_1_0/src
ipx::add_file c:/Users/Shane/Documents/Classes/ECE_385/Lab_7/lab_7_v2/ip_repo/hdmi_text_controller_1_0/src/Makefile [ipx::get_file_groups xilinx_softwaredriver -of_objects [ipx::current_core]]
set_property type unknown [ipx::get_files src/Makefile -of_objects [ipx::get_file_groups xilinx_softwaredriver -of_objects [ipx::current_core]]]
file copy C:/Users/Shane/Documents/Classes/ECE_385/Lab_7/lab7_1_provided_fa24/drivers_src/hdmi_text_controller.c c:/Users/Shane/Documents/Classes/ECE_385/Lab_7/lab_7_v2/ip_repo/hdmi_text_controller_1_0/src
ipx::add_file c:/Users/Shane/Documents/Classes/ECE_385/Lab_7/lab_7_v2/ip_repo/hdmi_text_controller_1_0/src/hdmi_text_controller.c [ipx::get_file_groups xilinx_softwaredriver -of_objects [ipx::current_core]]
set_property type cSource [ipx::get_files src/hdmi_text_controller.c -of_objects [ipx::get_file_groups xilinx_softwaredriver -of_objects [ipx::current_core]]]
ipx::remove_file hdl/hdmi_text_controller_v1_0.v [ipx::get_file_groups xilinx_verilogsynthesis -of_objects [ipx::current_core]]
ipx::remove_file hdl/hdmi_text_controller_v1_0_AXI.v [ipx::get_file_groups xilinx_verilogsynthesis -of_objects [ipx::current_core]]
ipx::remove_file hdl/hdmi_text_controller_v1_0.v [ipx::get_file_groups xilinx_verilogbehavioralsimulation -of_objects [ipx::current_core]]
ipx::remove_file hdl/hdmi_text_controller_v1_0_AXI.v [ipx::get_file_groups xilinx_verilogbehavioralsimulation -of_objects [ipx::current_core]]
file copy C:/Users/Shane/Documents/Classes/ECE_385/Lab_7/lab7_1_stable_ash/hdmi_text_controller_v1_0.sv c:/Users/Shane/Documents/Classes/ECE_385/Lab_7/lab_7_v2/ip_repo/hdmi_text_controller_1_0/src
ipx::add_file c:/Users/Shane/Documents/Classes/ECE_385/Lab_7/lab_7_v2/ip_repo/hdmi_text_controller_1_0/src/hdmi_text_controller_v1_0.sv [ipx::get_file_groups xilinx_verilogsynthesis -of_objects [ipx::current_core]]
set_property type systemVerilogSource [ipx::get_files src/hdmi_text_controller_v1_0.sv -of_objects [ipx::get_file_groups xilinx_verilogsynthesis -of_objects [ipx::current_core]]]
set_property library_name xil_defaultlib [ipx::get_files src/hdmi_text_controller_v1_0.sv -of_objects [ipx::get_file_groups xilinx_verilogsynthesis -of_objects [ipx::current_core]]]
file copy C:/Users/Shane/Documents/Classes/ECE_385/Lab_7/lab7_1_stable_ash/hdmi_text_controller_v1_0_AXI.sv c:/Users/Shane/Documents/Classes/ECE_385/Lab_7/lab_7_v2/ip_repo/hdmi_text_controller_1_0/src
ipx::add_file c:/Users/Shane/Documents/Classes/ECE_385/Lab_7/lab_7_v2/ip_repo/hdmi_text_controller_1_0/src/hdmi_text_controller_v1_0_AXI.sv [ipx::get_file_groups xilinx_verilogsynthesis -of_objects [ipx::current_core]]
set_property type systemVerilogSource [ipx::get_files src/hdmi_text_controller_v1_0_AXI.sv -of_objects [ipx::get_file_groups xilinx_verilogsynthesis -of_objects [ipx::current_core]]]
set_property library_name xil_defaultlib [ipx::get_files src/hdmi_text_controller_v1_0_AXI.sv -of_objects [ipx::get_file_groups xilinx_verilogsynthesis -of_objects [ipx::current_core]]]
update_compile_order -fileset sources_1
add_files -norecurse {C:/Users/Shane/Documents/Classes/ECE_385/Lab_7/lab_7_v2/ip_repo/hdmi_text_controller_1_0/src/hdmi_text_controller_v1_0.sv C:/Users/Shane/Documents/Classes/ECE_385/Lab_7/lab_7_v2/ip_repo/hdmi_text_controller_1_0/src/hdmi_text_controller_v1_0_AXI.sv}
update_compile_order -fileset sources_1
export_ip_user_files -of_objects  [get_files c:/Users/Shane/Documents/Classes/ECE_385/Lab_7/lab_7_v2/ip_repo/hdmi_text_controller_1_0/hdl/hdmi_text_controller_v1_0.v] -no_script -reset -force -quiet
export_ip_user_files -of_objects  [get_files c:/Users/Shane/Documents/Classes/ECE_385/Lab_7/lab_7_v2/ip_repo/hdmi_text_controller_1_0/hdl/hdmi_text_controller_v1_0_AXI.v] -no_script -reset -force -quiet
remove_files  {c:/Users/Shane/Documents/Classes/ECE_385/Lab_7/lab_7_v2/ip_repo/hdmi_text_controller_1_0/hdl/hdmi_text_controller_v1_0.v c:/Users/Shane/Documents/Classes/ECE_385/Lab_7/lab_7_v2/ip_repo/hdmi_text_controller_1_0/hdl/hdmi_text_controller_v1_0_AXI.v}
ipx::merge_project_changes files [ipx::current_core]
WARNING: [IP_Flow 19-5226] Project source file 'c:/Users/Shane/Documents/Classes/ECE_385/Lab_7/lab_7_v2/ip_repo/hdmi_text_controller_1_0/component.xml' ignored by IP packager.
ipx::add_bus_interface HDMI [ipx::current_core]
set_property abstraction_type_vlnv xilinx.com:interface:hdmi_rtl:2.0 [ipx::get_bus_interfaces HDMI -of_objects [ipx::current_core]]
set_property bus_type_vlnv xilinx.com:interface:hdmi:2.0 [ipx::get_bus_interfaces HDMI -of_objects [ipx::current_core]]
set_property interface_mode master [ipx::get_bus_interfaces HDMI -of_objects [ipx::current_core]]
set_property display_name HDMI [ipx::get_bus_interfaces HDMI -of_objects [ipx::current_core]]
set_property description {HDMI Output Port} [ipx::get_bus_interfaces HDMI -of_objects [ipx::current_core]]
ipx::remove_bus_interface HDMI [ipx::current_core]
ipx::unload_core c:/Users/Shane/Documents/Classes/ECE_385/Lab_7/lab_7_v2/ip_repo/hdmi_text_controller_1_0/component.xml
ipx::open_ipxact_file c:/Users/Shane/Documents/Classes/ECE_385/Lab_7/lab_7_v2/ip_repo/hdmi_text_controller_1_0/component.xml
WARNING: [IP_Flow 19-5226] Project source file 'c:/Users/Shane/Documents/Classes/ECE_385/Lab_7/lab_7_v2/ip_repo/hdmi_text_controller_1_0/component.xml' ignored by IP packager.
WARNING: [IP_Flow 19-3898] File Group 'xilinx_verilogsynthesis (Verilog Synthesis)': File 'c:/Users/Shane/Documents/Classes/ECE_385/Lab_7/lab_7_v2/ip_repo/hdmi_text_controller_1_0/hdl/hdmi_text_controller_v1_0_AXI.v' is not found in the project sources. It will be removed from the packaged IP when the sources are merged. If still required, please add this file to the project and re-package.
WARNING: [IP_Flow 19-3898] File Group 'xilinx_verilogsynthesis (Verilog Synthesis)': File 'c:/Users/Shane/Documents/Classes/ECE_385/Lab_7/lab_7_v2/ip_repo/hdmi_text_controller_1_0/hdl/hdmi_text_controller_v1_0.v' is not found in the project sources. It will be removed from the packaged IP when the sources are merged. If still required, please add this file to the project and re-package.
WARNING: [IP_Flow 19-4308] Project file 'c:/Users/Shane/Documents/Classes/ECE_385/Lab_7/lab_7_v2/ip_repo/hdmi_text_controller_1_0/src/hdmi_text_controller_v1_0_AXI.sv' is not found in the component files. It will be added automatically when merging sources and repackaging. Please remove the file from the source project if this is not desired.
WARNING: [IP_Flow 19-4308] Project file 'c:/Users/Shane/Documents/Classes/ECE_385/Lab_7/lab_7_v2/ip_repo/hdmi_text_controller_1_0/src/hdmi_text_controller_v1_0.sv' is not found in the component files. It will be added automatically when merging sources and repackaging. Please remove the file from the source project if this is not desired.
WARNING: [IP_Flow 19-3898] File Group 'xilinx_verilogbehavioralsimulation (Verilog Simulation)': File 'c:/Users/Shane/Documents/Classes/ECE_385/Lab_7/lab_7_v2/ip_repo/hdmi_text_controller_1_0/hdl/hdmi_text_controller_v1_0_AXI.v' is not found in the project sources. It will be removed from the packaged IP when the sources are merged. If still required, please add this file to the project and re-package.
WARNING: [IP_Flow 19-3898] File Group 'xilinx_verilogbehavioralsimulation (Verilog Simulation)': File 'c:/Users/Shane/Documents/Classes/ECE_385/Lab_7/lab_7_v2/ip_repo/hdmi_text_controller_1_0/hdl/hdmi_text_controller_v1_0.v' is not found in the project sources. It will be removed from the packaged IP when the sources are merged. If still required, please add this file to the project and re-package.
WARNING: [IP_Flow 19-4308] Project file 'c:/Users/Shane/Documents/Classes/ECE_385/Lab_7/lab_7_v2/ip_repo/hdmi_text_controller_1_0/src/hdmi_text_controller_v1_0_AXI.sv' is not found in the component files. It will be added automatically when merging sources and repackaging. Please remove the file from the source project if this is not desired.
WARNING: [IP_Flow 19-4308] Project file 'c:/Users/Shane/Documents/Classes/ECE_385/Lab_7/lab_7_v2/ip_repo/hdmi_text_controller_1_0/src/hdmi_text_controller_v1_0.sv' is not found in the component files. It will be added automatically when merging sources and repackaging. Please remove the file from the source project if this is not desired.
ipx::reorder_files -after drivers/hdmi_text_controller_v1_0/src/hdmi_text_controller.c drivers/hdmi_text_controller_v1_0/src/hdmi_text_controller.c [ipx::get_file_groups xilinx_softwaredriver -of_objects [ipx::current_core]]
ipx::remove_file drivers/hdmi_text_controller_v1_0/src/hdmi_text_controller_selftest.c [ipx::get_file_groups xilinx_softwaredriver -of_objects [ipx::current_core]]
ipx::remove_file drivers/hdmi_text_controller_v1_0/src/hdmi_text_controller.c [ipx::get_file_groups xilinx_softwaredriver -of_objects [ipx::current_core]]
ipx::remove_file drivers/hdmi_text_controller_v1_0/src/hdmi_text_controller.h [ipx::get_file_groups xilinx_softwaredriver -of_objects [ipx::current_core]]
ipx::remove_file drivers/hdmi_text_controller_v1_0/src/Makefile [ipx::get_file_groups xilinx_softwaredriver -of_objects [ipx::current_core]]
ipx::remove_file hdl/hdmi_text_controller_v1_0.v [ipx::get_file_groups xilinx_verilogbehavioralsimulation -of_objects [ipx::current_core]]
ipx::remove_file hdl/hdmi_text_controller_v1_0_AXI.v [ipx::get_file_groups xilinx_verilogbehavioralsimulation -of_objects [ipx::current_core]]
ipx::remove_file hdl/hdmi_text_controller_v1_0.v [ipx::get_file_groups xilinx_verilogsynthesis -of_objects [ipx::current_core]]
ipx::remove_file hdl/hdmi_text_controller_v1_0_AXI.v [ipx::get_file_groups xilinx_verilogsynthesis -of_objects [ipx::current_core]]
ipx::add_file C:/Users/Shane/Documents/Classes/ECE_385/Lab_7/lab_7_v2/ip_repo/hdmi_text_controller_1_0/src/hdmi_text_controller_v1_0.sv [ipx::get_file_groups xilinx_verilogsynthesis -of_objects [ipx::current_core]]
set_property type systemVerilogSource [ipx::get_files src/hdmi_text_controller_v1_0.sv -of_objects [ipx::get_file_groups xilinx_verilogsynthesis -of_objects [ipx::current_core]]]
set_property library_name xil_defaultlib [ipx::get_files src/hdmi_text_controller_v1_0.sv -of_objects [ipx::get_file_groups xilinx_verilogsynthesis -of_objects [ipx::current_core]]]
ipx::add_file C:/Users/Shane/Documents/Classes/ECE_385/Lab_7/lab_7_v2/ip_repo/hdmi_text_controller_1_0/src/hdmi_text_controller_v1_0_AXI.sv [ipx::get_file_groups xilinx_verilogsynthesis -of_objects [ipx::current_core]]
set_property type systemVerilogSource [ipx::get_files src/hdmi_text_controller_v1_0_AXI.sv -of_objects [ipx::get_file_groups xilinx_verilogsynthesis -of_objects [ipx::current_core]]]
set_property library_name xil_defaultlib [ipx::get_files src/hdmi_text_controller_v1_0_AXI.sv -of_objects [ipx::get_file_groups xilinx_verilogsynthesis -of_objects [ipx::current_core]]]
ipx::add_file C:/Users/Shane/Documents/Classes/ECE_385/Lab_7/lab_7_v2/ip_repo/hdmi_text_controller_1_0/src/hdmi_text_controller.c [ipx::get_file_groups xilinx_softwaredriver -of_objects [ipx::current_core]]
set_property type cSource [ipx::get_files src/hdmi_text_controller.c -of_objects [ipx::get_file_groups xilinx_softwaredriver -of_objects [ipx::current_core]]]
ipx::add_file C:/Users/Shane/Documents/Classes/ECE_385/Lab_7/lab_7_v2/ip_repo/hdmi_text_controller_1_0/src/hdmi_text_controller.h [ipx::get_file_groups xilinx_softwaredriver -of_objects [ipx::current_core]]
set_property type cSource [ipx::get_files src/hdmi_text_controller.h -of_objects [ipx::get_file_groups xilinx_softwaredriver -of_objects [ipx::current_core]]]
ipx::add_file C:/Users/Shane/Documents/Classes/ECE_385/Lab_7/lab_7_v2/ip_repo/hdmi_text_controller_1_0/src/Makefile [ipx::get_file_groups xilinx_softwaredriver -of_objects [ipx::current_core]]
set_property type unknown [ipx::get_files src/Makefile -of_objects [ipx::get_file_groups xilinx_softwaredriver -of_objects [ipx::current_core]]]
ipx::merge_project_changes ports [ipx::current_core]
WARNING: [IP_Flow 19-5226] Project source file 'c:/Users/Shane/Documents/Classes/ECE_385/Lab_7/lab_7_v2/ip_repo/hdmi_text_controller_1_0/component.xml' ignored by IP packager.
WARNING: [IP_Flow 19-5101] Packaging a component with a SystemVerilog top file is not fully supported. Please refer to UG1118 'Creating and Packaging Custom IP'.
WARNING: [IP_Flow 19-4300] HDL parameter 'C_AXI_ADDR_WIDTH' has its value changed from '4' to '12'.
INFO: [IP_Flow 19-5107] Inferred bus interface 'hdmi_clk_n' of definition 'xilinx.com:signal:clock:1.0' (from Xilinx Repository).
INFO: [IP_Flow 19-5107] Inferred bus interface 'hdmi_clk_p' of definition 'xilinx.com:signal:clock:1.0' (from Xilinx Repository).
INFO: [IP_Flow 19-3166] Bus Interface 'AXI': References existing memory map 'AXI'.
ipx::add_bus_interface HDMI [ipx::current_core]
set_property abstraction_type_vlnv xilinx.com:interface:hdmi_rtl:2.0 [ipx::get_bus_interfaces HDMI -of_objects [ipx::current_core]]
set_property bus_type_vlnv xilinx.com:interface:hdmi:2.0 [ipx::get_bus_interfaces HDMI -of_objects [ipx::current_core]]
set_property interface_mode master [ipx::get_bus_interfaces HDMI -of_objects [ipx::current_core]]
set_property display_name HDMI [ipx::get_bus_interfaces HDMI -of_objects [ipx::current_core]]
set_property description {HDMI output port} [ipx::get_bus_interfaces HDMI -of_objects [ipx::current_core]]
ipx::add_port_map TMDS_CLK_N [ipx::get_bus_interfaces HDMI -of_objects [ipx::current_core]]
set_property physical_name hdmi_clk_n [ipx::get_port_maps TMDS_CLK_N -of_objects [ipx::get_bus_interfaces HDMI -of_objects [ipx::current_core]]]
ipx::add_port_map TMDS_DATA_N [ipx::get_bus_interfaces HDMI -of_objects [ipx::current_core]]
set_property physical_name hdmi_tx_n [ipx::get_port_maps TMDS_DATA_N -of_objects [ipx::get_bus_interfaces HDMI -of_objects [ipx::current_core]]]
ipx::add_port_map TMDS_DATA_P [ipx::get_bus_interfaces HDMI -of_objects [ipx::current_core]]
set_property physical_name hdmi_tx_p [ipx::get_port_maps TMDS_DATA_P -of_objects [ipx::get_bus_interfaces HDMI -of_objects [ipx::current_core]]]
ipx::add_port_map TMDS_CLK_P [ipx::get_bus_interfaces HDMI -of_objects [ipx::current_core]]
set_property physical_name hdmi_clk_p [ipx::get_port_maps TMDS_CLK_P -of_objects [ipx::get_bus_interfaces HDMI -of_objects [ipx::current_core]]]
update_ip_catalog -rebuild -repo_path c:/Users/Shane/Documents/Classes/ECE_385/Lab_7/lab_7_v2/ip_repo/hdmi_text_controller_1_0
INFO: [IP_Flow 19-725] Reloaded user IP repository 'c:/Users/Shane/Documents/Classes/ECE_385/Lab_7/lab_7_v2/ip_repo/hdmi_text_controller_1_0'
WARNING: [IP_Flow 19-1663] Duplicate IP found for 'xilinx.com:user:hdmi_text_controller:1.0'. The one found in IP location 'c:/Users/Shane/Documents/Classes/ECE_385/Lab_7/lab_7_ash/ip_repo/hdmi_text_controller_1_0' will take precedence over the same IP in location c:/Users/Shane/Documents/Classes/ECE_385/Lab_7/lab_7_v2/ip_repo/hdmi_text_controller_1_0
update_ip_catalog -rebuild -repo_path c:/Users/Shane/Documents/Classes/ECE_385/Lab_7/lab_7_ash/ip_repo
INFO: [IP_Flow 19-725] Reloaded user IP repository 'c:/Users/Shane/Documents/Classes/ECE_385/Lab_7/lab_7_ash/ip_repo'
WARNING: [IP_Flow 19-1663] Duplicate IP found for 'xilinx.com:user:hdmi_text_controller:1.0'. The one found in IP location 'c:/Users/Shane/Documents/Classes/ECE_385/Lab_7/lab_7_ash/ip_repo/hdmi_text_controller_1_0' will take precedence over the same IP in location c:/Users/Shane/Documents/Classes/ECE_385/Lab_7/lab_7_v2/ip_repo/hdmi_text_controller_1_0
set_property  ip_repo_paths  {c:/Users/Shane/Documents/Classes/ECE_385/Lab_7/lab_7_v2/ip_repo/hdmi_text_controller_1_0 c:/Users/Shane/Documents/Classes/ECE_385/Lab_7/lab_7_ash/ip_repo C:/Users/Shane/Documents/Classes/ECE_385/Lab_7/lab_7_v2/ip_repo} [current_project]
update_ip_catalog
INFO: [IP_Flow 19-234] Refreshing IP repositories
WARNING: [IP_Flow 19-3685] Ignored loading user repository 'c:/Users/Shane/Documents/Classes/ECE_385/Lab_7/lab_7_v2/ip_repo/hdmi_text_controller_1_0'. The path is contained within another repository.
INFO: [IP_Flow 19-1700] Loaded user IP repository 'c:/Users/Shane/Documents/Classes/ECE_385/Lab_7/lab_7_ash/ip_repo'.
INFO: [IP_Flow 19-1700] Loaded user IP repository 'c:/Users/Shane/Documents/Classes/ECE_385/Lab_7/lab_7_v2/ip_repo'.
WARNING: [IP_Flow 19-1663] Duplicate IP found for 'xilinx.com:user:hdmi_text_controller:1.0'. The one found in IP location 'c:/Users/Shane/Documents/Classes/ECE_385/Lab_7/lab_7_ash/ip_repo/hdmi_text_controller_1_0' will take precedence over the same IP in location c:/Users/Shane/Documents/Classes/ECE_385/Lab_7/lab_7_v2/ip_repo/hdmi_text_controller_1_0
set_property  ip_repo_paths  {c:/Users/Shane/Documents/Classes/ECE_385/Lab_7/lab_7_v2/ip_repo/hdmi_text_controller_1_0 c:/Users/Shane/Documents/Classes/ECE_385/Lab_7/lab_7_v2/ip_repo} [current_project]
update_ip_catalog
INFO: [IP_Flow 19-234] Refreshing IP repositories
WARNING: [IP_Flow 19-3685] Ignored loading user repository 'c:/Users/Shane/Documents/Classes/ECE_385/Lab_7/lab_7_v2/ip_repo/hdmi_text_controller_1_0'. The path is contained within another repository.
INFO: [IP_Flow 19-1700] Loaded user IP repository 'c:/Users/Shane/Documents/Classes/ECE_385/Lab_7/lab_7_v2/ip_repo'.
set_property  ip_repo_paths  c:/Users/Shane/Documents/Classes/ECE_385/Lab_7/lab_7_v2/ip_repo/hdmi_text_controller_1_0 [current_project]
update_ip_catalog
INFO: [IP_Flow 19-234] Refreshing IP repositories
INFO: [IP_Flow 19-1700] Loaded user IP repository 'c:/Users/Shane/Documents/Classes/ECE_385/Lab_7/lab_7_v2/ip_repo/hdmi_text_controller_1_0'.
set_property  ip_repo_paths  {c:/Users/Shane/Documents/Classes/ECE_385/Lab_7/lab_7_v2/ip_repo/hdmi_text_controller_1_0 C:/Users/Shane/Documents/Classes/ECE_385/Lab_7/lab_7_v2/ip_repo} [current_project]
update_ip_catalog
INFO: [IP_Flow 19-234] Refreshing IP repositories
WARNING: [IP_Flow 19-3685] Ignored loading user repository 'c:/Users/Shane/Documents/Classes/ECE_385/Lab_7/lab_7_v2/ip_repo/hdmi_text_controller_1_0'. The path is contained within another repository.
INFO: [IP_Flow 19-1700] Loaded user IP repository 'c:/Users/Shane/Documents/Classes/ECE_385/Lab_7/lab_7_v2/ip_repo'.
set_property  ip_repo_paths  c:/Users/Shane/Documents/Classes/ECE_385/Lab_7/lab_7_v2/ip_repo/hdmi_text_controller_1_0 [current_project]
update_ip_catalog
INFO: [IP_Flow 19-234] Refreshing IP repositories
INFO: [IP_Flow 19-1700] Loaded user IP repository 'c:/Users/Shane/Documents/Classes/ECE_385/Lab_7/lab_7_v2/ip_repo/hdmi_text_controller_1_0'.
set_property  ip_repo_paths  {c:/Users/Shane/Documents/Classes/ECE_385/Lab_7/lab_7_v2/ip_repo/hdmi_text_controller_1_0 C:/Users/Shane/Documents/Classes/ECE_385/Lab_7/lab_7_v2/ip_repo/hdmi_tx_1.0} [current_project]
update_ip_catalog
INFO: [IP_Flow 19-234] Refreshing IP repositories
INFO: [IP_Flow 19-1700] Loaded user IP repository 'c:/Users/Shane/Documents/Classes/ECE_385/Lab_7/lab_7_v2/ip_repo/hdmi_text_controller_1_0'.
INFO: [IP_Flow 19-1700] Loaded user IP repository 'c:/Users/Shane/Documents/Classes/ECE_385/Lab_7/lab_7_v2/ip_repo/hdmi_tx_1.0'.
file copy C:/Users/Shane/Documents/Classes/ECE_385/Lab_7/lab7_1_stable_ash/Color_Mapper.sv c:/Users/Shane/Documents/Classes/ECE_385/Lab_7/lab_7_v2/ip_repo/hdmi_text_controller_1_0/src
ipx::add_file c:/Users/Shane/Documents/Classes/ECE_385/Lab_7/lab_7_v2/ip_repo/hdmi_text_controller_1_0/src/Color_Mapper.sv [ipx::get_file_groups xilinx_verilogsynthesis -of_objects [ipx::current_core]]
set_property type systemVerilogSource [ipx::get_files src/Color_Mapper.sv -of_objects [ipx::get_file_groups xilinx_verilogsynthesis -of_objects [ipx::current_core]]]
set_property library_name xil_defaultlib [ipx::get_files src/Color_Mapper.sv -of_objects [ipx::get_file_groups xilinx_verilogsynthesis -of_objects [ipx::current_core]]]
file copy C:/Users/Shane/Documents/Classes/ECE_385/Lab_7/lab7_1_stable_ash/VGA_controller.sv c:/Users/Shane/Documents/Classes/ECE_385/Lab_7/lab_7_v2/ip_repo/hdmi_text_controller_1_0/src
ipx::add_file c:/Users/Shane/Documents/Classes/ECE_385/Lab_7/lab_7_v2/ip_repo/hdmi_text_controller_1_0/src/VGA_controller.sv [ipx::get_file_groups xilinx_verilogsynthesis -of_objects [ipx::current_core]]
set_property type systemVerilogSource [ipx::get_files src/VGA_controller.sv -of_objects [ipx::get_file_groups xilinx_verilogsynthesis -of_objects [ipx::current_core]]]
set_property library_name xil_defaultlib [ipx::get_files src/VGA_controller.sv -of_objects [ipx::get_file_groups xilinx_verilogsynthesis -of_objects [ipx::current_core]]]
file copy C:/Users/Shane/Documents/Classes/ECE_385/Lab_7/lab7_1_stable_ash/font_rom.sv c:/Users/Shane/Documents/Classes/ECE_385/Lab_7/lab_7_v2/ip_repo/hdmi_text_controller_1_0/src
ipx::add_file c:/Users/Shane/Documents/Classes/ECE_385/Lab_7/lab_7_v2/ip_repo/hdmi_text_controller_1_0/src/font_rom.sv [ipx::get_file_groups xilinx_verilogsynthesis -of_objects [ipx::current_core]]
set_property type systemVerilogSource [ipx::get_files src/font_rom.sv -of_objects [ipx::get_file_groups xilinx_verilogsynthesis -of_objects [ipx::current_core]]]
set_property library_name xil_defaultlib [ipx::get_files src/font_rom.sv -of_objects [ipx::get_file_groups xilinx_verilogsynthesis -of_objects [ipx::current_core]]]
add_files -norecurse {C:/Users/Shane/Documents/Classes/ECE_385/Lab_7/lab_7_v2/ip_repo/hdmi_text_controller_1_0/src/VGA_controller.sv C:/Users/Shane/Documents/Classes/ECE_385/Lab_7/lab_7_v2/ip_repo/hdmi_text_controller_1_0/src/font_rom.sv C:/Users/Shane/Documents/Classes/ECE_385/Lab_7/lab_7_v2/ip_repo/hdmi_text_controller_1_0/src/Color_Mapper.sv}
update_compile_order -fileset sources_1
ipx::merge_project_changes files [ipx::current_core]
WARNING: [IP_Flow 19-5226] Project source file 'c:/Users/Shane/Documents/Classes/ECE_385/Lab_7/lab_7_v2/ip_repo/hdmi_text_controller_1_0/component.xml' ignored by IP packager.
add_files -norecurse C:/Users/Shane/Documents/Classes/ECE_385/Lab_7/lab_7_v2/ip_repo/hdmi_tx_1.0/component.xml
export_ip_user_files -of_objects  [get_files C:/Users/Shane/Documents/Classes/ECE_385/Lab_7/lab_7_v2/ip_repo/hdmi_tx_1.0/component.xml] -no_script -reset -force -quiet
remove_files  C:/Users/Shane/Documents/Classes/ECE_385/Lab_7/lab_7_v2/ip_repo/hdmi_tx_1.0/component.xml
ipx::merge_project_changes files [ipx::current_core]
WARNING: [IP_Flow 19-5226] Project source file 'c:/Users/Shane/Documents/Classes/ECE_385/Lab_7/lab_7_v2/ip_repo/hdmi_text_controller_1_0/component.xml' ignored by IP packager.
current_project lab_7_v2
WARNING: [IP_Flow 19-4318] IP-XACT file does not exist: c:/Users/Shane/Documents/Classes/ECE_385/Lab_7/lab_7_ash/ip_repo/hdmi_text_controller_1_0/component.xml. It will be created.
update_ip_catalog -rebuild -scan_changes
INFO: [IP_Flow 19-234] Refreshing IP repositories
INFO: [IP_Flow 19-1700] Loaded user IP repository 'c:/Users/Shane/Documents/Classes/ECE_385/Lab_7/lab_7_v2/ip_repo/hdmi_text_controller_1_0'.
WARNING: [IP_Flow 19-2248] Failed to load user IP repository 'c:/Users/Shane/Documents/Classes/ECE_385/Lab_7/lab_7_ash/ip_repo'; Can't find the specified path.
If this directory should no longer be in your list of user repositories, go to the IP Settings dialog and remove it.
report_ip_status -name ip_status
current_project edit_hdmi_text_controller_v1_0
launch_runs synth_1 -jobs 4
WARNING: [Vivado 12-7122] Auto Incremental Compile:: No reference checkpoint was found in run synth_1. Auto-incremental flow will not be run, the standard flow will be run instead.
[Fri Nov  1 06:08:55 2024] Launched synth_1...
Run output will be captured here: c:/users/shane/documents/classes/ece_385/lab_7/lab_7_v2/ip_repo/edit_hdmi_text_controller_v1_0.runs/synth_1/runme.log
create_ip -name hdmi_tx -vendor realdigital.org -library realdigital -version 1.0 -module_name hdmi_tx_0
generate_target {instantiation_template} [get_files c:/users/shane/documents/classes/ece_385/lab_7/lab_7_v2/ip_repo/edit_hdmi_text_controller_v1_0.srcs/sources_1/ip/hdmi_tx_0/hdmi_tx_0.xci]
INFO: [IP_Flow 19-1686] Generating 'Instantiation Template' target for IP 'hdmi_tx_0'...
update_compile_order -fileset sources_1
generate_target all [get_files  c:/users/shane/documents/classes/ece_385/lab_7/lab_7_v2/ip_repo/edit_hdmi_text_controller_v1_0.srcs/sources_1/ip/hdmi_tx_0/hdmi_tx_0.xci]
INFO: [IP_Flow 19-1686] Generating 'Synthesis' target for IP 'hdmi_tx_0'...
INFO: [IP_Flow 19-1686] Generating 'Simulation' target for IP 'hdmi_tx_0'...
catch { config_ip_cache -export [get_ips -all hdmi_tx_0] }
INFO: [IP_Flow 19-6924] IPCACHE: Running cache check for IP inst: hdmi_tx_0
export_ip_user_files -of_objects [get_files c:/users/shane/documents/classes/ece_385/lab_7/lab_7_v2/ip_repo/edit_hdmi_text_controller_v1_0.srcs/sources_1/ip/hdmi_tx_0/hdmi_tx_0.xci] -no_script -sync -force -quiet
create_ip_run [get_files -of_objects [get_fileset sources_1] c:/users/shane/documents/classes/ece_385/lab_7/lab_7_v2/ip_repo/edit_hdmi_text_controller_v1_0.srcs/sources_1/ip/hdmi_tx_0/hdmi_tx_0.xci]
launch_runs hdmi_tx_0_synth_1 -jobs 4
INFO: [IP_Flow 19-6924] IPCACHE: Running cache check for IP inst: hdmi_tx_0
[Fri Nov  1 06:09:53 2024] Launched hdmi_tx_0_synth_1...
Run output will be captured here: c:/users/shane/documents/classes/ece_385/lab_7/lab_7_v2/ip_repo/edit_hdmi_text_controller_v1_0.runs/hdmi_tx_0_synth_1/runme.log
export_simulation -of_objects [get_files c:/users/shane/documents/classes/ece_385/lab_7/lab_7_v2/ip_repo/edit_hdmi_text_controller_v1_0.srcs/sources_1/ip/hdmi_tx_0/hdmi_tx_0.xci] -directory c:/users/shane/documents/classes/ece_385/lab_7/lab_7_v2/ip_repo/edit_hdmi_text_controller_v1_0.ip_user_files/sim_scripts -ip_user_files_dir c:/users/shane/documents/classes/ece_385/lab_7/lab_7_v2/ip_repo/edit_hdmi_text_controller_v1_0.ip_user_files -ipstatic_source_dir c:/users/shane/documents/classes/ece_385/lab_7/lab_7_v2/ip_repo/edit_hdmi_text_controller_v1_0.ip_user_files/ipstatic -lib_map_path [list {modelsim=c:/users/shane/documents/classes/ece_385/lab_7/lab_7_v2/ip_repo/edit_hdmi_text_controller_v1_0.cache/compile_simlib/modelsim} {questa=c:/users/shane/documents/classes/ece_385/lab_7/lab_7_v2/ip_repo/edit_hdmi_text_controller_v1_0.cache/compile_simlib/questa} {riviera=c:/users/shane/documents/classes/ece_385/lab_7/lab_7_v2/ip_repo/edit_hdmi_text_controller_v1_0.cache/compile_simlib/riviera} {activehdl=c:/users/shane/documents/classes/ece_385/lab_7/lab_7_v2/ip_repo/edit_hdmi_text_controller_v1_0.cache/compile_simlib/activehdl}] -use_ip_compiled_libs -force -quiet
create_ip -name clk_wiz -vendor xilinx.com -library ip -version 6.0 -module_name clk_wiz_0
generate_target {instantiation_template} [get_files c:/users/shane/documents/classes/ece_385/lab_7/lab_7_v2/ip_repo/edit_hdmi_text_controller_v1_0.srcs/sources_1/ip/clk_wiz_0/clk_wiz_0.xci]
INFO: [IP_Flow 19-1686] Generating 'Instantiation Template' target for IP 'clk_wiz_0'...
generate_target all [get_files  c:/users/shane/documents/classes/ece_385/lab_7/lab_7_v2/ip_repo/edit_hdmi_text_controller_v1_0.srcs/sources_1/ip/clk_wiz_0/clk_wiz_0.xci]
INFO: [IP_Flow 19-1686] Generating 'Synthesis' target for IP 'clk_wiz_0'...
INFO: [IP_Flow 19-1686] Generating 'Simulation' target for IP 'clk_wiz_0'...
INFO: [IP_Flow 19-1686] Generating 'Implementation' target for IP 'clk_wiz_0'...
INFO: [IP_Flow 19-1686] Generating 'Change Log' target for IP 'clk_wiz_0'...
catch { config_ip_cache -export [get_ips -all clk_wiz_0] }
INFO: [IP_Flow 19-6924] IPCACHE: Running cache check for IP inst: clk_wiz_0
export_ip_user_files -of_objects [get_files c:/users/shane/documents/classes/ece_385/lab_7/lab_7_v2/ip_repo/edit_hdmi_text_controller_v1_0.srcs/sources_1/ip/clk_wiz_0/clk_wiz_0.xci] -no_script -sync -force -quiet
create_ip_run [get_files -of_objects [get_fileset sources_1] c:/users/shane/documents/classes/ece_385/lab_7/lab_7_v2/ip_repo/edit_hdmi_text_controller_v1_0.srcs/sources_1/ip/clk_wiz_0/clk_wiz_0.xci]
launch_runs clk_wiz_0_synth_1 -jobs 4
INFO: [IP_Flow 19-6924] IPCACHE: Running cache check for IP inst: clk_wiz_0
[Fri Nov  1 06:10:21 2024] Launched clk_wiz_0_synth_1...
Run output will be captured here: c:/users/shane/documents/classes/ece_385/lab_7/lab_7_v2/ip_repo/edit_hdmi_text_controller_v1_0.runs/clk_wiz_0_synth_1/runme.log
export_simulation -of_objects [get_files c:/users/shane/documents/classes/ece_385/lab_7/lab_7_v2/ip_repo/edit_hdmi_text_controller_v1_0.srcs/sources_1/ip/clk_wiz_0/clk_wiz_0.xci] -directory c:/users/shane/documents/classes/ece_385/lab_7/lab_7_v2/ip_repo/edit_hdmi_text_controller_v1_0.ip_user_files/sim_scripts -ip_user_files_dir c:/users/shane/documents/classes/ece_385/lab_7/lab_7_v2/ip_repo/edit_hdmi_text_controller_v1_0.ip_user_files -ipstatic_source_dir c:/users/shane/documents/classes/ece_385/lab_7/lab_7_v2/ip_repo/edit_hdmi_text_controller_v1_0.ip_user_files/ipstatic -lib_map_path [list {modelsim=c:/users/shane/documents/classes/ece_385/lab_7/lab_7_v2/ip_repo/edit_hdmi_text_controller_v1_0.cache/compile_simlib/modelsim} {questa=c:/users/shane/documents/classes/ece_385/lab_7/lab_7_v2/ip_repo/edit_hdmi_text_controller_v1_0.cache/compile_simlib/questa} {riviera=c:/users/shane/documents/classes/ece_385/lab_7/lab_7_v2/ip_repo/edit_hdmi_text_controller_v1_0.cache/compile_simlib/riviera} {activehdl=c:/users/shane/documents/classes/ece_385/lab_7/lab_7_v2/ip_repo/edit_hdmi_text_controller_v1_0.cache/compile_simlib/activehdl}] -use_ip_compiled_libs -force -quiet
reset_run synth_1
launch_runs synth_1 -jobs 4
WARNING: [Vivado 12-7122] Auto Incremental Compile:: No reference checkpoint was found in run synth_1. Auto-incremental flow will not be run, the standard flow will be run instead.
[Fri Nov  1 06:11:14 2024] Launched synth_1...
Run output will be captured here: c:/users/shane/documents/classes/ece_385/lab_7/lab_7_v2/ip_repo/edit_hdmi_text_controller_v1_0.runs/synth_1/runme.log
export_ip_user_files -of_objects  [get_files c:/users/shane/documents/classes/ece_385/lab_7/lab_7_v2/ip_repo/edit_hdmi_text_controller_v1_0.srcs/sources_1/ip/hdmi_tx_0/hdmi_tx_0.xci] -no_script -reset -force -quiet
remove_files  -fileset hdmi_tx_0 c:/users/shane/documents/classes/ece_385/lab_7/lab_7_v2/ip_repo/edit_hdmi_text_controller_v1_0.srcs/sources_1/ip/hdmi_tx_0/hdmi_tx_0.xci
INFO: [Project 1-386] Moving file 'c:/users/shane/documents/classes/ece_385/lab_7/lab_7_v2/ip_repo/edit_hdmi_text_controller_v1_0.srcs/sources_1/ip/hdmi_tx_0/hdmi_tx_0.xci' from fileset 'hdmi_tx_0' to fileset 'sources_1'.
file delete -force c:/users/shane/documents/classes/ece_385/lab_7/lab_7_v2/ip_repo/edit_hdmi_text_controller_v1_0.srcs/sources_1/ip/hdmi_tx_0
file delete -force c:/users/shane/documents/classes/ece_385/lab_7/lab_7_v2/ip_repo/edit_hdmi_text_controller_v1_0.gen/sources_1/ip/hdmi_tx_0
export_ip_user_files -of_objects  [get_files c:/users/shane/documents/classes/ece_385/lab_7/lab_7_v2/ip_repo/edit_hdmi_text_controller_v1_0.srcs/sources_1/ip/clk_wiz_0/clk_wiz_0.xci] -no_script -reset -force -quiet
remove_files  -fileset clk_wiz_0 c:/users/shane/documents/classes/ece_385/lab_7/lab_7_v2/ip_repo/edit_hdmi_text_controller_v1_0.srcs/sources_1/ip/clk_wiz_0/clk_wiz_0.xci
INFO: [Project 1-386] Moving file 'c:/users/shane/documents/classes/ece_385/lab_7/lab_7_v2/ip_repo/edit_hdmi_text_controller_v1_0.srcs/sources_1/ip/clk_wiz_0/clk_wiz_0.xci' from fileset 'clk_wiz_0' to fileset 'sources_1'.
file delete -force c:/users/shane/documents/classes/ece_385/lab_7/lab_7_v2/ip_repo/edit_hdmi_text_controller_v1_0.srcs/sources_1/ip/clk_wiz_0
file delete -force c:/users/shane/documents/classes/ece_385/lab_7/lab_7_v2/ip_repo/edit_hdmi_text_controller_v1_0.gen/sources_1/ip/clk_wiz_0
open_hw_manager
close_hw_manager
create_ip -name hdmi_tx -vendor realdigital.org -library realdigital -version 1.0 -module_name hdmi_tx_0
set_property -dict [list \
  CONFIG.C_BLUE_WIDTH {4} \
  CONFIG.C_GREEN_WIDTH {4} \
  CONFIG.C_RED_WIDTH {4} \
  CONFIG.MODE {HDMI} \
] [get_ips hdmi_tx_0]
generate_target {instantiation_template} [get_files c:/users/shane/documents/classes/ece_385/lab_7/lab_7_v2/ip_repo/edit_hdmi_text_controller_v1_0.srcs/sources_1/ip/hdmi_tx_0/hdmi_tx_0.xci]
INFO: [IP_Flow 19-1686] Generating 'Instantiation Template' target for IP 'hdmi_tx_0'...
update_compile_order -fileset sources_1
generate_target all [get_files  c:/users/shane/documents/classes/ece_385/lab_7/lab_7_v2/ip_repo/edit_hdmi_text_controller_v1_0.srcs/sources_1/ip/hdmi_tx_0/hdmi_tx_0.xci]
INFO: [IP_Flow 19-1686] Generating 'Synthesis' target for IP 'hdmi_tx_0'...
INFO: [IP_Flow 19-1686] Generating 'Simulation' target for IP 'hdmi_tx_0'...
catch { config_ip_cache -export [get_ips -all hdmi_tx_0] }
INFO: [IP_Flow 19-6924] IPCACHE: Running cache check for IP inst: hdmi_tx_0
export_ip_user_files -of_objects [get_files c:/users/shane/documents/classes/ece_385/lab_7/lab_7_v2/ip_repo/edit_hdmi_text_controller_v1_0.srcs/sources_1/ip/hdmi_tx_0/hdmi_tx_0.xci] -no_script -sync -force -quiet
create_ip_run [get_files -of_objects [get_fileset sources_1] c:/users/shane/documents/classes/ece_385/lab_7/lab_7_v2/ip_repo/edit_hdmi_text_controller_v1_0.srcs/sources_1/ip/hdmi_tx_0/hdmi_tx_0.xci]
launch_runs hdmi_tx_0_synth_1 -jobs 4
INFO: [IP_Flow 19-6924] IPCACHE: Running cache check for IP inst: hdmi_tx_0
[Fri Nov  1 06:15:33 2024] Launched hdmi_tx_0_synth_1...
Run output will be captured here: c:/users/shane/documents/classes/ece_385/lab_7/lab_7_v2/ip_repo/edit_hdmi_text_controller_v1_0.runs/hdmi_tx_0_synth_1/runme.log
export_simulation -of_objects [get_files c:/users/shane/documents/classes/ece_385/lab_7/lab_7_v2/ip_repo/edit_hdmi_text_controller_v1_0.srcs/sources_1/ip/hdmi_tx_0/hdmi_tx_0.xci] -directory c:/users/shane/documents/classes/ece_385/lab_7/lab_7_v2/ip_repo/edit_hdmi_text_controller_v1_0.ip_user_files/sim_scripts -ip_user_files_dir c:/users/shane/documents/classes/ece_385/lab_7/lab_7_v2/ip_repo/edit_hdmi_text_controller_v1_0.ip_user_files -ipstatic_source_dir c:/users/shane/documents/classes/ece_385/lab_7/lab_7_v2/ip_repo/edit_hdmi_text_controller_v1_0.ip_user_files/ipstatic -lib_map_path [list {modelsim=c:/users/shane/documents/classes/ece_385/lab_7/lab_7_v2/ip_repo/edit_hdmi_text_controller_v1_0.cache/compile_simlib/modelsim} {questa=c:/users/shane/documents/classes/ece_385/lab_7/lab_7_v2/ip_repo/edit_hdmi_text_controller_v1_0.cache/compile_simlib/questa} {riviera=c:/users/shane/documents/classes/ece_385/lab_7/lab_7_v2/ip_repo/edit_hdmi_text_controller_v1_0.cache/compile_simlib/riviera} {activehdl=c:/users/shane/documents/classes/ece_385/lab_7/lab_7_v2/ip_repo/edit_hdmi_text_controller_v1_0.cache/compile_simlib/activehdl}] -use_ip_compiled_libs -force -quiet
create_ip -name clk_wiz -vendor xilinx.com -library ip -version 6.0 -module_name clk_wiz_0
set_property -dict [list \
  CONFIG.CLKOUT1_JITTER {175.402} \
  CONFIG.CLKOUT1_REQUESTED_OUT_FREQ {25.000} \
  CONFIG.CLKOUT2_JITTER {125.247} \
  CONFIG.CLKOUT2_PHASE_ERROR {98.575} \
  CONFIG.CLKOUT2_REQUESTED_OUT_FREQ {125.000} \
  CONFIG.CLKOUT2_USED {true} \
  CONFIG.MMCM_CLKOUT0_DIVIDE_F {40.000} \
  CONFIG.MMCM_CLKOUT1_DIVIDE {8} \
  CONFIG.NUM_OUT_CLKS {2} \
] [get_ips clk_wiz_0]
generate_target {instantiation_template} [get_files c:/users/shane/documents/classes/ece_385/lab_7/lab_7_v2/ip_repo/edit_hdmi_text_controller_v1_0.srcs/sources_1/ip/clk_wiz_0/clk_wiz_0.xci]
INFO: [IP_Flow 19-1686] Generating 'Instantiation Template' target for IP 'clk_wiz_0'...
generate_target all [get_files  c:/users/shane/documents/classes/ece_385/lab_7/lab_7_v2/ip_repo/edit_hdmi_text_controller_v1_0.srcs/sources_1/ip/clk_wiz_0/clk_wiz_0.xci]
INFO: [IP_Flow 19-1686] Generating 'Synthesis' target for IP 'clk_wiz_0'...
INFO: [IP_Flow 19-1686] Generating 'Simulation' target for IP 'clk_wiz_0'...
INFO: [IP_Flow 19-1686] Generating 'Implementation' target for IP 'clk_wiz_0'...
INFO: [IP_Flow 19-1686] Generating 'Change Log' target for IP 'clk_wiz_0'...
catch { config_ip_cache -export [get_ips -all clk_wiz_0] }
INFO: [IP_Flow 19-6924] IPCACHE: Running cache check for IP inst: clk_wiz_0
export_ip_user_files -of_objects [get_files c:/users/shane/documents/classes/ece_385/lab_7/lab_7_v2/ip_repo/edit_hdmi_text_controller_v1_0.srcs/sources_1/ip/clk_wiz_0/clk_wiz_0.xci] -no_script -sync -force -quiet
create_ip_run [get_files -of_objects [get_fileset sources_1] c:/users/shane/documents/classes/ece_385/lab_7/lab_7_v2/ip_repo/edit_hdmi_text_controller_v1_0.srcs/sources_1/ip/clk_wiz_0/clk_wiz_0.xci]
launch_runs clk_wiz_0_synth_1 -jobs 4
INFO: [IP_Flow 19-6924] IPCACHE: Running cache check for IP inst: clk_wiz_0
[Fri Nov  1 06:18:00 2024] Launched clk_wiz_0_synth_1...
Run output will be captured here: c:/users/shane/documents/classes/ece_385/lab_7/lab_7_v2/ip_repo/edit_hdmi_text_controller_v1_0.runs/clk_wiz_0_synth_1/runme.log
export_simulation -of_objects [get_files c:/users/shane/documents/classes/ece_385/lab_7/lab_7_v2/ip_repo/edit_hdmi_text_controller_v1_0.srcs/sources_1/ip/clk_wiz_0/clk_wiz_0.xci] -directory c:/users/shane/documents/classes/ece_385/lab_7/lab_7_v2/ip_repo/edit_hdmi_text_controller_v1_0.ip_user_files/sim_scripts -ip_user_files_dir c:/users/shane/documents/classes/ece_385/lab_7/lab_7_v2/ip_repo/edit_hdmi_text_controller_v1_0.ip_user_files -ipstatic_source_dir c:/users/shane/documents/classes/ece_385/lab_7/lab_7_v2/ip_repo/edit_hdmi_text_controller_v1_0.ip_user_files/ipstatic -lib_map_path [list {modelsim=c:/users/shane/documents/classes/ece_385/lab_7/lab_7_v2/ip_repo/edit_hdmi_text_controller_v1_0.cache/compile_simlib/modelsim} {questa=c:/users/shane/documents/classes/ece_385/lab_7/lab_7_v2/ip_repo/edit_hdmi_text_controller_v1_0.cache/compile_simlib/questa} {riviera=c:/users/shane/documents/classes/ece_385/lab_7/lab_7_v2/ip_repo/edit_hdmi_text_controller_v1_0.cache/compile_simlib/riviera} {activehdl=c:/users/shane/documents/classes/ece_385/lab_7/lab_7_v2/ip_repo/edit_hdmi_text_controller_v1_0.cache/compile_simlib/activehdl}] -use_ip_compiled_libs -force -quiet
ipx::merge_project_changes files [ipx::current_core]
WARNING: [IP_Flow 19-5226] Project source file 'c:/Users/Shane/Documents/Classes/ECE_385/Lab_7/lab_7_v2/ip_repo/hdmi_text_controller_1_0/component.xml' ignored by IP packager.
WARNING: [IP_Flow 19-5898] Updating the required XPM macros from '' to 'XPM_CDC'
reset_run synth_1
launch_runs synth_1 -jobs 4
WARNING: [Vivado 12-7122] Auto Incremental Compile:: No reference checkpoint was found in run synth_1. Auto-incremental flow will not be run, the standard flow will be run instead.
[Fri Nov  1 06:19:08 2024] Launched synth_1...
Run output will be captured here: c:/users/shane/documents/classes/ece_385/lab_7/lab_7_v2/ip_repo/edit_hdmi_text_controller_v1_0.runs/synth_1/runme.log
set_property core_revision 2 [ipx::current_core]
ipx::create_xgui_files [ipx::current_core]
ipx::update_checksums [ipx::current_core]
ipx::check_integrity [ipx::current_core]
WARNING: [IP_Flow 19-5661] Bus Interface 'hdmi_clk_n' does not have any bus interfaces associated with it.
WARNING: [IP_Flow 19-4751] Bus Interface 'hdmi_clk_n': FREQ_HZ bus parameter is missing for output clock interface.
WARNING: [IP_Flow 19-5661] Bus Interface 'hdmi_clk_p' does not have any bus interfaces associated with it.
WARNING: [IP_Flow 19-4751] Bus Interface 'hdmi_clk_p': FREQ_HZ bus parameter is missing for output clock interface.
WARNING: [IP_Flow 19-1965] Bus Interface 'HDMI': A port map to the required logical port "DDC_SCL_I" of the bus abstraction "xilinx.com:interface:hdmi_rtl:2.0" is missing.
WARNING: [IP_Flow 19-1965] Bus Interface 'HDMI': A port map to the required logical port "DDC_SCL_O" of the bus abstraction "xilinx.com:interface:hdmi_rtl:2.0" is missing.
WARNING: [IP_Flow 19-1965] Bus Interface 'HDMI': A port map to the required logical port "DDC_SCL_T" of the bus abstraction "xilinx.com:interface:hdmi_rtl:2.0" is missing.
WARNING: [IP_Flow 19-1965] Bus Interface 'HDMI': A port map to the required logical port "DDC_SDA_I" of the bus abstraction "xilinx.com:interface:hdmi_rtl:2.0" is missing.
WARNING: [IP_Flow 19-1965] Bus Interface 'HDMI': A port map to the required logical port "DDC_SDA_O" of the bus abstraction "xilinx.com:interface:hdmi_rtl:2.0" is missing.
WARNING: [IP_Flow 19-1965] Bus Interface 'HDMI': A port map to the required logical port "DDC_SDA_T" of the bus abstraction "xilinx.com:interface:hdmi_rtl:2.0" is missing.
WARNING: [IP_Flow 19-1965] Bus Interface 'HDMI': A port map to the required logical port "CABLE_CONNECT" of the bus abstraction "xilinx.com:interface:hdmi_rtl:2.0" is missing.
WARNING: [IP_Flow 19-1965] Bus Interface 'HDMI': A port map to the required logical port "HPD" of the bus abstraction "xilinx.com:interface:hdmi_rtl:2.0" is missing.
INFO: [IP_Flow 19-2181] Payment Required is not set for this core.
INFO: [IP_Flow 19-2187] The Product Guide file is missing.
INFO: [Ipptcl 7-1486] check_integrity: Integrity check passed.
ipx::save_core [ipx::current_core]
update_ip_catalog -rebuild -repo_path c:/Users/Shane/Documents/Classes/ECE_385/Lab_7/lab_7_v2/ip_repo/hdmi_text_controller_1_0
INFO: [IP_Flow 19-725] Reloaded user IP repository 'c:/Users/Shane/Documents/Classes/ECE_385/Lab_7/lab_7_v2/ip_repo/hdmi_text_controller_1_0'
current_project lab_7_v2
set_property  ip_repo_paths  c:/Users/Shane/Documents/Classes/ECE_385/Lab_7/lab_7_ash/ip_repo [current_project]
update_ip_catalog
INFO: [IP_Flow 19-234] Refreshing IP repositories
WARNING: [IP_Flow 19-2248] Failed to load user IP repository 'c:/Users/Shane/Documents/Classes/ECE_385/Lab_7/lab_7_ash/ip_repo'; Can't find the specified path.
If this directory should no longer be in your list of user repositories, go to the IP Settings dialog and remove it.
set_property  ip_repo_paths  {c:/Users/Shane/Documents/Classes/ECE_385/Lab_7/lab_7_ash/ip_repo C:/Users/Shane/Documents/Classes/ECE_385/Lab_7/lab_7_v2/ip_repo/hdmi_text_controller_1_0} [current_project]
update_ip_catalog
INFO: [IP_Flow 19-234] Refreshing IP repositories
WARNING: [IP_Flow 19-2248] Failed to load user IP repository 'c:/Users/Shane/Documents/Classes/ECE_385/Lab_7/lab_7_ash/ip_repo'; Can't find the specified path.
If this directory should no longer be in your list of user repositories, go to the IP Settings dialog and remove it.
INFO: [IP_Flow 19-1700] Loaded user IP repository 'c:/Users/Shane/Documents/Classes/ECE_385/Lab_7/lab_7_v2/ip_repo/hdmi_text_controller_1_0'.
set_property  ip_repo_paths  c:/Users/Shane/Documents/Classes/ECE_385/Lab_7/lab_7_v2/ip_repo/hdmi_text_controller_1_0 [current_project]
update_ip_catalog
INFO: [IP_Flow 19-234] Refreshing IP repositories
INFO: [IP_Flow 19-1700] Loaded user IP repository 'c:/Users/Shane/Documents/Classes/ECE_385/Lab_7/lab_7_v2/ip_repo/hdmi_text_controller_1_0'.
set_property  ip_repo_paths  {} [current_project]
update_ip_catalog
INFO: [IP_Flow 19-234] Refreshing IP repositories
INFO: [IP_Flow 19-1704] No user IP repositories specified
set_property  ip_repo_paths  C:/Users/Shane/Documents/Classes/ECE_385/Lab_7/lab_7_v2/ip_repo [current_project]
update_ip_catalog
INFO: [IP_Flow 19-234] Refreshing IP repositories
INFO: [IP_Flow 19-1700] Loaded user IP repository 'c:/Users/Shane/Documents/Classes/ECE_385/Lab_7/lab_7_v2/ip_repo'.
open_bd_design {C:/Users/Shane/Documents/Classes/ECE_385/Lab_7/lab_7_v2/lab_7_v2.srcs/sources_1/bd/mb_block/mb_block.bd}
Reading block design file <C:/Users/Shane/Documents/Classes/ECE_385/Lab_7/lab_7_v2/lab_7_v2.srcs/sources_1/bd/mb_block/mb_block.bd>...
Adding component instance block -- xilinx.com:ip:microblaze:11.0 - microblaze_0
Adding component instance block -- xilinx.com:ip:lmb_v10:3.0 - dlmb_v10
Adding component instance block -- xilinx.com:ip:lmb_v10:3.0 - ilmb_v10
Adding component instance block -- xilinx.com:ip:lmb_bram_if_cntlr:4.0 - dlmb_bram_if_cntlr
Adding component instance block -- xilinx.com:ip:lmb_bram_if_cntlr:4.0 - ilmb_bram_if_cntlr
Adding component instance block -- xilinx.com:ip:blk_mem_gen:8.4 - lmb_bram
Adding component instance block -- xilinx.com:ip:axi_interconnect:2.1 - microblaze_0_axi_periph
Adding component instance block -- xilinx.com:ip:axi_crossbar:2.1 - xbar
Adding component instance block -- xilinx.com:ip:axi_intc:4.1 - microblaze_0_axi_intc
Adding component instance block -- xilinx.com:ip:mdm:3.2 - mdm_1
Adding component instance block -- xilinx.com:ip:clk_wiz:6.0 - clk_wiz_1
Adding component instance block -- xilinx.com:ip:proc_sys_reset:5.0 - rst_clk_wiz_1_100M
Adding component instance block -- xilinx.com:ip:axi_uartlite:2.0 - axi_uartlite_0
Adding component instance block -- xilinx.com:user:hdmi_text_controller:1.0 - hdmi_text_controller_0
Successfully read diagram <mb_block> from block design file <C:/Users/Shane/Documents/Classes/ECE_385/Lab_7/lab_7_v2/lab_7_v2.srcs/sources_1/bd/mb_block/mb_block.bd>
upgrade_ip -vlnv xilinx.com:user:hdmi_text_controller:1.0 [get_ips  mb_block_hdmi_text_controller_0_0] -log ip_upgrade.log
Upgrading 'C:/Users/Shane/Documents/Classes/ECE_385/Lab_7/lab_7_v2/lab_7_v2.srcs/sources_1/bd/mb_block/mb_block.bd'
WARNING: [IP_Flow 19-3374] An attempt to modify the value of disabled parameter 'C_AXI_ADDR_WIDTH' from '12' to '10' has been ignored for IP 'mb_block_hdmi_text_controller_0_0'
WARNING: [IP_Flow 19-4316] Parameter 'C_S00_AXI_BASEADDR' is no longer present on the upgraded IP 'mb_block_hdmi_text_controller_0_0', and cannot be set to '0xFFFFFFFF'
WARNING: [IP_Flow 19-4316] Parameter 'C_S00_AXI_HIGHADDR' is no longer present on the upgraded IP 'mb_block_hdmi_text_controller_0_0', and cannot be set to '0x00000000'
INFO: [IP_Flow 19-3422] Upgraded mb_block_hdmi_text_controller_0_0 (hdmi_text_controller_v1.0 1.0) from revision 14 to revision 2
WARNING: [IP_Flow 19-4706] Upgraded port 'axi_araddr' width 12 differs from original width 10
WARNING: [IP_Flow 19-4706] Upgraded port 'axi_awaddr' width 12 differs from original width 10
WARNING: [IP_Flow 19-3298] Detected external port differences while upgrading 'mb_block_hdmi_text_controller_0_0'. These changes may impact your design.
WARNING: [IP_Flow 19-5893] Upgrade has removed address block 'S00_AXI/S00_AXI_reg'
WARNING: [IP_Flow 19-5893] Upgrade has removed address block 'axi/reg0'
WARNING: [IP_Flow 19-5892] Upgrade has added address block 'AXI/AXI_reg'
WARNING: [IP_Flow 19-5891] Detected addressing differences while upgrading 'mb_block_hdmi_text_controller_0_0'. These changes may impact your design.
CRITICAL WARNING: [BD 41-1173] Cannot restore assignment <0x0002_0000 [ 4K ]> from slave segment '/hdmi_text_controller_0/axi/reg0' to address space '/microblaze_0/Data'. This slave segment no longer exists.
CRITICAL WARNING: [Coretcl 2-1279] The upgrade of 'mb_block_hdmi_text_controller_0_0' has identified issues that may require user intervention. Please review the upgrade log 'c:/Users/Shane/Documents/Classes/ECE_385/Lab_7/lab_7_v2/ip_upgrade.log', and verify that the upgraded IP is correctly configured.
Wrote  : <C:\Users\Shane\Documents\Classes\ECE_385\Lab_7\lab_7_v2\lab_7_v2.srcs\sources_1\bd\mb_block\mb_block.bd> 
Wrote  : <C:/Users/Shane/Documents/Classes/ECE_385/Lab_7/lab_7_v2/lab_7_v2.srcs/sources_1/bd/mb_block/ui/bd_d3042d03.ui> 
INFO: [Coretcl 2-1525] Wrote upgrade log to 'C:/Users/Shane/Documents/Classes/ECE_385/Lab_7/lab_7_v2/ip_upgrade.log'.
export_ip_user_files -of_objects [get_ips mb_block_hdmi_text_controller_0_0] -no_script -sync -force -quiet
generate_target all [get_files  C:/Users/Shane/Documents/Classes/ECE_385/Lab_7/lab_7_v2/lab_7_v2.srcs/sources_1/bd/mb_block/mb_block.bd]
CRITICAL WARNING: [BD 41-1356] Slave segment </hdmi_text_controller_0/AXI/AXI_reg> is not assigned into address space </microblaze_0/Data>. Please use Address Editor to either assign or exclude it.
WARNING: [BD 5-699] No address segments matched 'get_bd_addr_segs -addressing -of_objects /hdmi_text_controller_0/AXI'
WARNING: [filemgmt 56-443] The ECC Algorithm string is empty. Setting the Memory Map to default ECC value to ECC_NONE.
WARNING: [filemgmt 56-443] The ECC Algorithm string is empty. Setting the Memory Map to default ECC value to ECC_NONE.
INFO: [xilinx.com:ip:clk_wiz:6.0-1] /clk_wiz_1 clk_wiz propagate
INFO: [xilinx.com:ip:clk_wiz:6.0-1] /clk_wiz_1 clk_wiz propagate
INFO: [xilinx.com:ip:axi_intc:4.1-1] /microblaze_0_axi_intc: The AXI INTC core has been configured to operate with synchronous clocks.
INFO: [xilinx.com:ip:axi_intc:4.1-1] /microblaze_0_axi_intc: The AXI INTC core has been configured to operate with synchronous clocks.
Wrote  : <C:\Users\Shane\Documents\Classes\ECE_385\Lab_7\lab_7_v2\lab_7_v2.srcs\sources_1\bd\mb_block\mb_block.bd> 
Verilog Output written to : c:/Users/Shane/Documents/Classes/ECE_385/Lab_7/lab_7_v2/lab_7_v2.gen/sources_1/bd/mb_block/synth/mb_block.v
Verilog Output written to : c:/Users/Shane/Documents/Classes/ECE_385/Lab_7/lab_7_v2/lab_7_v2.gen/sources_1/bd/mb_block/sim/mb_block.v
Verilog Output written to : c:/Users/Shane/Documents/Classes/ECE_385/Lab_7/lab_7_v2/lab_7_v2.gen/sources_1/bd/mb_block/hdl/mb_block_wrapper.v
INFO: [BD 41-1029] Generation completed for the IP Integrator block microblaze_0 .
INFO: [BD 41-1029] Generation completed for the IP Integrator block microblaze_0_local_memory/dlmb_v10 .
INFO: [BD 41-1029] Generation completed for the IP Integrator block microblaze_0_local_memory/ilmb_v10 .
INFO: [BD 41-1029] Generation completed for the IP Integrator block microblaze_0_local_memory/dlmb_bram_if_cntlr .
INFO: [BD 41-1029] Generation completed for the IP Integrator block microblaze_0_local_memory/ilmb_bram_if_cntlr .
INFO: [BD 41-1029] Generation completed for the IP Integrator block microblaze_0_local_memory/lmb_bram .
INFO: [BD 41-1029] Generation completed for the IP Integrator block microblaze_0_axi_periph/xbar .
INFO: [BD 41-1029] Generation completed for the IP Integrator block microblaze_0_axi_intc .
INFO: [Device 21-403] Loading part xc7s50csga324-1
INFO: [BD 41-1029] Generation completed for the IP Integrator block mdm_1 .
INFO: [BD 41-1029] Generation completed for the IP Integrator block clk_wiz_1 .
INFO: [BD 41-1029] Generation completed for the IP Integrator block rst_clk_wiz_1_100M .
WARNING: [IP_Flow 19-4994] Overwriting existing constraint file 'c:/Users/Shane/Documents/Classes/ECE_385/Lab_7/lab_7_v2/lab_7_v2.gen/sources_1/bd/mb_block/ip/mb_block_axi_uartlite_0_0/mb_block_axi_uartlite_0_0_ooc.xdc'
INFO: [BD 41-1029] Generation completed for the IP Integrator block axi_uartlite_0 .
INFO: [BD 41-1029] Generation completed for the IP Integrator block hdmi_text_controller_0 .
INFO: [BD 41-1029] Generation completed for the IP Integrator block microblaze_0_axi_periph/s00_mmu .
Exporting to file c:/Users/Shane/Documents/Classes/ECE_385/Lab_7/lab_7_v2/lab_7_v2.gen/sources_1/bd/mb_block/hw_handoff/mb_block.hwh
Generated Hardware Definition File c:/Users/Shane/Documents/Classes/ECE_385/Lab_7/lab_7_v2/lab_7_v2.gen/sources_1/bd/mb_block/synth/mb_block.hwdef
generate_target: Time (s): cpu = 00:00:09 ; elapsed = 00:00:11 . Memory (MB): peak = 2015.105 ; gain = 249.414
catch { config_ip_cache -export [get_ips -all mb_block_microblaze_0_0] }
INFO: [IP_Flow 19-6924] IPCACHE: Running cache check for IP inst: mb_block_microblaze_0_0
catch { config_ip_cache -export [get_ips -all mb_block_dlmb_v10_0] }
INFO: [IP_Flow 19-6924] IPCACHE: Running cache check for IP inst: mb_block_dlmb_v10_0
catch { config_ip_cache -export [get_ips -all mb_block_ilmb_v10_0] }
INFO: [IP_Flow 19-6924] IPCACHE: Running cache check for IP inst: mb_block_ilmb_v10_0
catch { config_ip_cache -export [get_ips -all mb_block_dlmb_bram_if_cntlr_0] }
INFO: [IP_Flow 19-6924] IPCACHE: Running cache check for IP inst: mb_block_dlmb_bram_if_cntlr_0
catch { config_ip_cache -export [get_ips -all mb_block_ilmb_bram_if_cntlr_0] }
INFO: [IP_Flow 19-6924] IPCACHE: Running cache check for IP inst: mb_block_ilmb_bram_if_cntlr_0
catch { config_ip_cache -export [get_ips -all mb_block_lmb_bram_0] }
INFO: [IP_Flow 19-6924] IPCACHE: Running cache check for IP inst: mb_block_lmb_bram_0
catch { config_ip_cache -export [get_ips -all mb_block_xbar_0] }
INFO: [IP_Flow 19-6924] IPCACHE: Running cache check for IP inst: mb_block_xbar_0
catch { config_ip_cache -export [get_ips -all mb_block_microblaze_0_axi_intc_0] }
INFO: [IP_Flow 19-6924] IPCACHE: Running cache check for IP inst: mb_block_microblaze_0_axi_intc_0
catch { config_ip_cache -export [get_ips -all mb_block_mdm_1_0] }
INFO: [IP_Flow 19-6924] IPCACHE: Running cache check for IP inst: mb_block_mdm_1_0
catch { config_ip_cache -export [get_ips -all mb_block_clk_wiz_1_0] }
INFO: [IP_Flow 19-6924] IPCACHE: Running cache check for IP inst: mb_block_clk_wiz_1_0
catch { config_ip_cache -export [get_ips -all mb_block_rst_clk_wiz_1_100M_0] }
INFO: [IP_Flow 19-6924] IPCACHE: Running cache check for IP inst: mb_block_rst_clk_wiz_1_100M_0
catch { config_ip_cache -export [get_ips -all mb_block_axi_uartlite_0_0] }
INFO: [IP_Flow 19-6924] IPCACHE: Running cache check for IP inst: mb_block_axi_uartlite_0_0
catch { config_ip_cache -export [get_ips -all mb_block_hdmi_text_controller_0_0] }
INFO: [IP_Flow 19-6924] IPCACHE: Running cache check for IP inst: mb_block_hdmi_text_controller_0_0
catch { config_ip_cache -export [get_ips -all mb_block_s00_mmu_0] }
INFO: [IP_Flow 19-6924] IPCACHE: Running cache check for IP inst: mb_block_s00_mmu_0
export_ip_user_files -of_objects [get_files C:/Users/Shane/Documents/Classes/ECE_385/Lab_7/lab_7_v2/lab_7_v2.srcs/sources_1/bd/mb_block/mb_block.bd] -no_script -sync -force -quiet
create_ip_run [get_files -of_objects [get_fileset sources_1] C:/Users/Shane/Documents/Classes/ECE_385/Lab_7/lab_7_v2/lab_7_v2.srcs/sources_1/bd/mb_block/mb_block.bd]
launch_runs mb_block_microblaze_0_0_synth_1 mb_block_dlmb_v10_0_synth_1 mb_block_ilmb_v10_0_synth_1 mb_block_dlmb_bram_if_cntlr_0_synth_1 mb_block_ilmb_bram_if_cntlr_0_synth_1 mb_block_lmb_bram_0_synth_1 mb_block_xbar_0_synth_1 mb_block_microblaze_0_axi_intc_0_synth_1 mb_block_mdm_1_0_synth_1 mb_block_clk_wiz_1_0_synth_1 mb_block_rst_clk_wiz_1_100M_0_synth_1 mb_block_axi_uartlite_0_0_synth_1 mb_block_hdmi_text_controller_0_0_synth_1 mb_block_s00_mmu_0_synth_1 -jobs 4
INFO: [IP_Flow 19-6924] IPCACHE: Running cache check for IP inst: mb_block_microblaze_0_0
INFO: [IP_Flow 19-6924] IPCACHE: Running cache check for IP inst: mb_block_dlmb_v10_0
INFO: [IP_Flow 19-6924] IPCACHE: Running cache check for IP inst: mb_block_ilmb_v10_0
INFO: [IP_Flow 19-6924] IPCACHE: Running cache check for IP inst: mb_block_dlmb_bram_if_cntlr_0
INFO: [IP_Flow 19-6924] IPCACHE: Running cache check for IP inst: mb_block_ilmb_bram_if_cntlr_0
INFO: [IP_Flow 19-6924] IPCACHE: Running cache check for IP inst: mb_block_lmb_bram_0
INFO: [IP_Flow 19-6924] IPCACHE: Running cache check for IP inst: mb_block_xbar_0
INFO: [IP_Flow 19-6924] IPCACHE: Running cache check for IP inst: mb_block_microblaze_0_axi_intc_0
INFO: [IP_Flow 19-6924] IPCACHE: Running cache check for IP inst: mb_block_mdm_1_0
INFO: [IP_Flow 19-6924] IPCACHE: Running cache check for IP inst: mb_block_clk_wiz_1_0
INFO: [IP_Flow 19-6924] IPCACHE: Running cache check for IP inst: mb_block_rst_clk_wiz_1_100M_0
INFO: [IP_Flow 19-6924] IPCACHE: Running cache check for IP inst: mb_block_axi_uartlite_0_0
INFO: [IP_Flow 19-6924] IPCACHE: Running cache check for IP inst: mb_block_hdmi_text_controller_0_0
INFO: [IP_Flow 19-6924] IPCACHE: Running cache check for IP inst: mb_block_s00_mmu_0
[Fri Nov  1 06:25:09 2024] Launched mb_block_microblaze_0_0_synth_1, mb_block_dlmb_v10_0_synth_1, mb_block_ilmb_v10_0_synth_1, mb_block_dlmb_bram_if_cntlr_0_synth_1, mb_block_ilmb_bram_if_cntlr_0_synth_1, mb_block_lmb_bram_0_synth_1, mb_block_xbar_0_synth_1, mb_block_microblaze_0_axi_intc_0_synth_1, mb_block_mdm_1_0_synth_1, mb_block_clk_wiz_1_0_synth_1, mb_block_rst_clk_wiz_1_100M_0_synth_1, mb_block_axi_uartlite_0_0_synth_1, mb_block_hdmi_text_controller_0_0_synth_1, mb_block_s00_mmu_0_synth_1...
Run output will be captured here:
mb_block_microblaze_0_0_synth_1: C:/Users/Shane/Documents/Classes/ECE_385/Lab_7/lab_7_v2/lab_7_v2.runs/mb_block_microblaze_0_0_synth_1/runme.log
mb_block_dlmb_v10_0_synth_1: C:/Users/Shane/Documents/Classes/ECE_385/Lab_7/lab_7_v2/lab_7_v2.runs/mb_block_dlmb_v10_0_synth_1/runme.log
mb_block_ilmb_v10_0_synth_1: C:/Users/Shane/Documents/Classes/ECE_385/Lab_7/lab_7_v2/lab_7_v2.runs/mb_block_ilmb_v10_0_synth_1/runme.log
mb_block_dlmb_bram_if_cntlr_0_synth_1: C:/Users/Shane/Documents/Classes/ECE_385/Lab_7/lab_7_v2/lab_7_v2.runs/mb_block_dlmb_bram_if_cntlr_0_synth_1/runme.log
mb_block_ilmb_bram_if_cntlr_0_synth_1: C:/Users/Shane/Documents/Classes/ECE_385/Lab_7/lab_7_v2/lab_7_v2.runs/mb_block_ilmb_bram_if_cntlr_0_synth_1/runme.log
mb_block_lmb_bram_0_synth_1: C:/Users/Shane/Documents/Classes/ECE_385/Lab_7/lab_7_v2/lab_7_v2.runs/mb_block_lmb_bram_0_synth_1/runme.log
mb_block_xbar_0_synth_1: C:/Users/Shane/Documents/Classes/ECE_385/Lab_7/lab_7_v2/lab_7_v2.runs/mb_block_xbar_0_synth_1/runme.log
mb_block_microblaze_0_axi_intc_0_synth_1: C:/Users/Shane/Documents/Classes/ECE_385/Lab_7/lab_7_v2/lab_7_v2.runs/mb_block_microblaze_0_axi_intc_0_synth_1/runme.log
mb_block_mdm_1_0_synth_1: C:/Users/Shane/Documents/Classes/ECE_385/Lab_7/lab_7_v2/lab_7_v2.runs/mb_block_mdm_1_0_synth_1/runme.log
mb_block_clk_wiz_1_0_synth_1: C:/Users/Shane/Documents/Classes/ECE_385/Lab_7/lab_7_v2/lab_7_v2.runs/mb_block_clk_wiz_1_0_synth_1/runme.log
mb_block_rst_clk_wiz_1_100M_0_synth_1: C:/Users/Shane/Documents/Classes/ECE_385/Lab_7/lab_7_v2/lab_7_v2.runs/mb_block_rst_clk_wiz_1_100M_0_synth_1/runme.log
mb_block_axi_uartlite_0_0_synth_1: C:/Users/Shane/Documents/Classes/ECE_385/Lab_7/lab_7_v2/lab_7_v2.runs/mb_block_axi_uartlite_0_0_synth_1/runme.log
mb_block_hdmi_text_controller_0_0_synth_1: C:/Users/Shane/Documents/Classes/ECE_385/Lab_7/lab_7_v2/lab_7_v2.runs/mb_block_hdmi_text_controller_0_0_synth_1/runme.log
mb_block_s00_mmu_0_synth_1: C:/Users/Shane/Documents/Classes/ECE_385/Lab_7/lab_7_v2/lab_7_v2.runs/mb_block_s00_mmu_0_synth_1/runme.log
export_simulation -of_objects [get_files C:/Users/Shane/Documents/Classes/ECE_385/Lab_7/lab_7_v2/lab_7_v2.srcs/sources_1/bd/mb_block/mb_block.bd] -directory C:/Users/Shane/Documents/Classes/ECE_385/Lab_7/lab_7_v2/lab_7_v2.ip_user_files/sim_scripts -ip_user_files_dir C:/Users/Shane/Documents/Classes/ECE_385/Lab_7/lab_7_v2/lab_7_v2.ip_user_files -ipstatic_source_dir C:/Users/Shane/Documents/Classes/ECE_385/Lab_7/lab_7_v2/lab_7_v2.ip_user_files/ipstatic -lib_map_path [list {modelsim=C:/Users/Shane/Documents/Classes/ECE_385/Lab_7/lab_7_v2/lab_7_v2.cache/compile_simlib/modelsim} {questa=C:/Users/Shane/Documents/Classes/ECE_385/Lab_7/lab_7_v2/lab_7_v2.cache/compile_simlib/questa} {riviera=C:/Users/Shane/Documents/Classes/ECE_385/Lab_7/lab_7_v2/lab_7_v2.cache/compile_simlib/riviera} {activehdl=C:/Users/Shane/Documents/Classes/ECE_385/Lab_7/lab_7_v2/lab_7_v2.cache/compile_simlib/activehdl}] -use_ip_compiled_libs -force -quiet
delete_bd_objs [get_bd_intf_nets microblaze_0_axi_periph_M02_AXI]
apply_bd_automation -rule xilinx.com:bd_rule:axi4 -config { Clk_master {/clk_wiz_1/clk_out1 (100 MHz)} Clk_slave {/clk_wiz_1/clk_out1 (100 MHz)} Clk_xbar {/clk_wiz_1/clk_out1 (100 MHz)} Master {/microblaze_0 (Periph)} Slave {/hdmi_text_controller_0/AXI} ddr_seg {Auto} intc_ip {/microblaze_0_axi_periph} master_apm {0}}  [get_bd_intf_pins hdmi_text_controller_0/AXI]
Slave segment '/hdmi_text_controller_0/AXI/AXI_reg' is being assigned into address space '/microblaze_0/Data' at <0x44A0_0000 [ 64K ]>.
report_ip_status -name ip_status 
save_bd_design
Wrote  : <C:\Users\Shane\Documents\Classes\ECE_385\Lab_7\lab_7_v2\lab_7_v2.srcs\sources_1\bd\mb_block\mb_block.bd> 
Wrote  : <C:/Users/Shane/Documents/Classes/ECE_385/Lab_7/lab_7_v2/lab_7_v2.srcs/sources_1/bd/mb_block/ui/bd_d3042d03.ui> 
set_property core_revision 3 [ipx::current_core]
ipx::create_xgui_files [ipx::current_core]
ipx::update_checksums [ipx::current_core]
ipx::check_integrity [ipx::current_core]
WARNING: [IP_Flow 19-5661] Bus Interface 'hdmi_clk_n' does not have any bus interfaces associated with it.
WARNING: [IP_Flow 19-4751] Bus Interface 'hdmi_clk_n': FREQ_HZ bus parameter is missing for output clock interface.
WARNING: [IP_Flow 19-5661] Bus Interface 'hdmi_clk_p' does not have any bus interfaces associated with it.
WARNING: [IP_Flow 19-4751] Bus Interface 'hdmi_clk_p': FREQ_HZ bus parameter is missing for output clock interface.
WARNING: [IP_Flow 19-1965] Bus Interface 'HDMI': A port map to the required logical port "DDC_SCL_I" of the bus abstraction "xilinx.com:interface:hdmi_rtl:2.0" is missing.
WARNING: [IP_Flow 19-1965] Bus Interface 'HDMI': A port map to the required logical port "DDC_SCL_O" of the bus abstraction "xilinx.com:interface:hdmi_rtl:2.0" is missing.
WARNING: [IP_Flow 19-1965] Bus Interface 'HDMI': A port map to the required logical port "DDC_SCL_T" of the bus abstraction "xilinx.com:interface:hdmi_rtl:2.0" is missing.
WARNING: [IP_Flow 19-1965] Bus Interface 'HDMI': A port map to the required logical port "DDC_SDA_I" of the bus abstraction "xilinx.com:interface:hdmi_rtl:2.0" is missing.
WARNING: [IP_Flow 19-1965] Bus Interface 'HDMI': A port map to the required logical port "DDC_SDA_O" of the bus abstraction "xilinx.com:interface:hdmi_rtl:2.0" is missing.
WARNING: [IP_Flow 19-1965] Bus Interface 'HDMI': A port map to the required logical port "DDC_SDA_T" of the bus abstraction "xilinx.com:interface:hdmi_rtl:2.0" is missing.
WARNING: [IP_Flow 19-1965] Bus Interface 'HDMI': A port map to the required logical port "CABLE_CONNECT" of the bus abstraction "xilinx.com:interface:hdmi_rtl:2.0" is missing.
WARNING: [IP_Flow 19-1965] Bus Interface 'HDMI': A port map to the required logical port "HPD" of the bus abstraction "xilinx.com:interface:hdmi_rtl:2.0" is missing.
INFO: [IP_Flow 19-2181] Payment Required is not set for this core.
INFO: [IP_Flow 19-2187] The Product Guide file is missing.
INFO: [Ipptcl 7-1486] check_integrity: Integrity check passed.
ipx::save_core [ipx::current_core]
current_project edit_hdmi_text_controller_v1_0
update_ip_catalog -rebuild -repo_path c:/Users/Shane/Documents/Classes/ECE_385/Lab_7/lab_7_v2/ip_repo/hdmi_text_controller_1_0
INFO: [IP_Flow 19-725] Reloaded user IP repository 'c:/Users/Shane/Documents/Classes/ECE_385/Lab_7/lab_7_v2/ip_repo/hdmi_text_controller_1_0'
close_project
open_bd_design {C:/Users/Shane/Documents/Classes/ECE_385/Lab_7/lab_7_v2/lab_7_v2.srcs/sources_1/bd/mb_block/mb_block.bd}
report_ip_status -name ip_status 
delete_bd_objs [get_bd_intf_nets microblaze_0_axi_periph_M02_AXI] [get_bd_intf_nets hdmi_text_controller_0_HDMI] [get_bd_cells hdmi_text_controller_0]
delete_bd_objs [get_bd_intf_ports HDMI_0]
create_bd_cell -type ip -vlnv xilinx.com:user:hdmi_text_controller:1.0 hdmi_text_controller_0
set_property location {3.5 1653 -59} [get_bd_cells hdmi_text_controller_0]
apply_bd_automation -rule xilinx.com:bd_rule:axi4 -config { Clk_master {/clk_wiz_1/clk_out1 (100 MHz)} Clk_slave {Auto} Clk_xbar {/clk_wiz_1/clk_out1 (100 MHz)} Master {/microblaze_0 (Periph)} Slave {/hdmi_text_controller_0/AXI} ddr_seg {Auto} intc_ip {/microblaze_0_axi_periph} master_apm {0}}  [get_bd_intf_pins hdmi_text_controller_0/AXI]
Slave segment '/hdmi_text_controller_0/AXI/AXI_reg' is being assigned into address space '/microblaze_0/Data' at <0x44A0_0000 [ 64K ]>.
startgroup
make_bd_pins_external  [get_bd_cells hdmi_text_controller_0]
make_bd_intf_pins_external  [get_bd_cells hdmi_text_controller_0]
endgroup
report_ip_status -name ip_status 
save_bd_design
Wrote  : <C:\Users\Shane\Documents\Classes\ECE_385\Lab_7\lab_7_v2\lab_7_v2.srcs\sources_1\bd\mb_block\mb_block.bd> 
Wrote  : <C:/Users/Shane/Documents/Classes/ECE_385/Lab_7/lab_7_v2/lab_7_v2.srcs/sources_1/bd/mb_block/ui/bd_d3042d03.ui> 
launch_runs synth_1 -jobs 4
WARNING: [filemgmt 56-443] The ECC Algorithm string is empty. Setting the Memory Map to default ECC value to ECC_NONE.
WARNING: [filemgmt 56-443] The ECC Algorithm string is empty. Setting the Memory Map to default ECC value to ECC_NONE.
INFO: [xilinx.com:ip:clk_wiz:6.0-1] /clk_wiz_1 clk_wiz propagate
INFO: [xilinx.com:ip:axi_intc:4.1-1] /microblaze_0_axi_intc: The AXI INTC core has been configured to operate with synchronous clocks.
Wrote  : <C:\Users\Shane\Documents\Classes\ECE_385\Lab_7\lab_7_v2\lab_7_v2.srcs\sources_1\bd\mb_block\mb_block.bd> 
Verilog Output written to : c:/Users/Shane/Documents/Classes/ECE_385/Lab_7/lab_7_v2/lab_7_v2.gen/sources_1/bd/mb_block/synth/mb_block.v
Verilog Output written to : c:/Users/Shane/Documents/Classes/ECE_385/Lab_7/lab_7_v2/lab_7_v2.gen/sources_1/bd/mb_block/sim/mb_block.v
Verilog Output written to : c:/Users/Shane/Documents/Classes/ECE_385/Lab_7/lab_7_v2/lab_7_v2.gen/sources_1/bd/mb_block/hdl/mb_block_wrapper.v
INFO: [BD 41-1029] Generation completed for the IP Integrator block microblaze_0_axi_periph/xbar .
INFO: [BD 41-1029] Generation completed for the IP Integrator block hdmi_text_controller_0 .
Exporting to file c:/Users/Shane/Documents/Classes/ECE_385/Lab_7/lab_7_v2/lab_7_v2.gen/sources_1/bd/mb_block/hw_handoff/mb_block.hwh
Generated Hardware Definition File c:/Users/Shane/Documents/Classes/ECE_385/Lab_7/lab_7_v2/lab_7_v2.gen/sources_1/bd/mb_block/synth/mb_block.hwdef
INFO: [IP_Flow 19-6930] IPCACHE: runCacheChecks() number of threads = 8
INFO: [IP_Flow 19-6921] IPCACHE: Adding cache check func to thread queue for IP mb_block_hdmi_text_controller_0_1
INFO: [IP_Flow 19-6921] IPCACHE: Adding cache check func to thread queue for IP mb_block_xbar_0
INFO: [IP_Flow 19-8020] IPCACHE: runCacheChecks() calling threadPool finishWork()
INFO: [IP_Flow 19-6924] IPCACHE: Running cache check for IP inst: mb_block_hdmi_text_controller_0_1
INFO: [IP_Flow 19-6924] IPCACHE: Running cache check for IP inst: mb_block_xbar_0
WARNING: [Vivado 12-7122] Auto Incremental Compile:: No reference checkpoint was found in run synth_1. Auto-incremental flow will not be run, the standard flow will be run instead.
[Fri Nov  1 06:35:57 2024] Launched mb_block_xbar_0_synth_1, mb_block_hdmi_text_controller_0_1_synth_1...
Run output will be captured here:
mb_block_xbar_0_synth_1: C:/Users/Shane/Documents/Classes/ECE_385/Lab_7/lab_7_v2/lab_7_v2.runs/mb_block_xbar_0_synth_1/runme.log
mb_block_hdmi_text_controller_0_1_synth_1: C:/Users/Shane/Documents/Classes/ECE_385/Lab_7/lab_7_v2/lab_7_v2.runs/mb_block_hdmi_text_controller_0_1_synth_1/runme.log
[Fri Nov  1 06:36:02 2024] Launched synth_1...
Run output will be captured here: C:/Users/Shane/Documents/Classes/ECE_385/Lab_7/lab_7_v2/lab_7_v2.runs/synth_1/runme.log
launch_runs: Time (s): cpu = 00:00:10 ; elapsed = 00:00:17 . Memory (MB): peak = 2059080.270 ; gain = 2056977.121
