#-----------------------------------------------------------
# Vivado v2022.2 (64-bit)
# SW Build 3671981 on Fri Oct 14 05:00:03 MDT 2022
# IP Build 3669848 on Fri Oct 14 08:30:02 MDT 2022
# Start of session at: Tue Oct 22 12:31:06 2024
# Process ID: 26924
# Current directory: C:/Users/Shane/Documents/Classes/ECE_385/Lab_6/lab_6
# Command line: vivado.exe -gui_launcher_event rodinguilauncherevent25040 C:\Users\Shane\Documents\Classes\ECE_385\Lab_6\lab_6\lab_6.xpr
# Log file: C:/Users/Shane/Documents/Classes/ECE_385/Lab_6/lab_6/vivado.log
# Journal file: C:/Users/Shane/Documents/Classes/ECE_385/Lab_6/lab_6\vivado.jou
# Running On: HP, OS: Windows, CPU Frequency: 3418 MHz, CPU Physical cores: 4, Host memory: 16917 MB
#-----------------------------------------------------------
start_gui
open_project C:/Users/Shane/Documents/Classes/ECE_385/Lab_6/lab_6/lab_6.xpr
WARNING: [Board 49-26] cannot add Board Part xilinx.com:ac701:part0:1.4 available at C:/Xilinx/Vivado/2022.2/data/xhub/boards/XilinxBoardStore/boards/Xilinx/ac701/1.4/board.xml as part xc7a200tfbg676-2 specified in board_part file is either invalid or not available
WARNING: [Board 49-26] cannot add Board Part xilinx.com:k26c:part0:1.2 available at C:/Xilinx/Vivado/2022.2/data/xhub/boards/XilinxBoardStore/boards/Xilinx/k26c/1.2/board.xml as part xck26-sfvc784-2lv-c specified in board_part file is either invalid or not available
WARNING: [Board 49-26] cannot add Board Part xilinx.com:k26c:part0:1.3 available at C:/Xilinx/Vivado/2022.2/data/xhub/boards/XilinxBoardStore/boards/Xilinx/k26c/1.3/board.xml as part xck26-sfvc784-2lv-c specified in board_part file is either invalid or not available
WARNING: [Board 49-26] cannot add Board Part xilinx.com:k26c:part0:1.4 available at C:/Xilinx/Vivado/2022.2/data/xhub/boards/XilinxBoardStore/boards/Xilinx/k26c/1.4/board.xml as part xck26-sfvc784-2lv-c specified in board_part file is either invalid or not available
WARNING: [Board 49-26] cannot add Board Part xilinx.com:k26i:part0:1.2 available at C:/Xilinx/Vivado/2022.2/data/xhub/boards/XilinxBoardStore/boards/Xilinx/k26i/1.2/board.xml as part xck26-sfvc784-2lvi-i specified in board_part file is either invalid or not available
WARNING: [Board 49-26] cannot add Board Part xilinx.com:k26i:part0:1.3 available at C:/Xilinx/Vivado/2022.2/data/xhub/boards/XilinxBoardStore/boards/Xilinx/k26i/1.3/board.xml as part xck26-sfvc784-2lvi-i specified in board_part file is either invalid or not available
WARNING: [Board 49-26] cannot add Board Part xilinx.com:k26i:part0:1.4 available at C:/Xilinx/Vivado/2022.2/data/xhub/boards/XilinxBoardStore/boards/Xilinx/k26i/1.4/board.xml as part xck26-sfvc784-2lvi-i specified in board_part file is either invalid or not available
WARNING: [Board 49-26] cannot add Board Part xilinx.com:kc705:part0:1.6 available at C:/Xilinx/Vivado/2022.2/data/xhub/boards/XilinxBoardStore/boards/Xilinx/kc705/1.6/board.xml as part xc7k325tffg900-2 specified in board_part file is either invalid or not available
WARNING: [Board 49-26] cannot add Board Part xilinx.com:kcu105:part0:1.6 available at C:/Xilinx/Vivado/2022.2/data/xhub/boards/XilinxBoardStore/boards/Xilinx/kcu105/1.6/board.xml as part xcku040-ffva1156-2-e specified in board_part file is either invalid or not available
WARNING: [Board 49-26] cannot add Board Part xilinx.com:kcu105:part0:1.7 available at C:/Xilinx/Vivado/2022.2/data/xhub/boards/XilinxBoardStore/boards/Xilinx/kcu105/1.7/board.xml as part xcku040-ffva1156-2-e specified in board_part file is either invalid or not available
WARNING: [Board 49-26] cannot add Board Part xilinx.com:kcu116:part0:1.4 available at C:/Xilinx/Vivado/2022.2/data/xhub/boards/XilinxBoardStore/boards/Xilinx/kcu116/1.4/board.xml as part xcku5p-ffvb676-2-e specified in board_part file is either invalid or not available
WARNING: [Board 49-26] cannot add Board Part xilinx.com:kcu116:part0:1.5 available at C:/Xilinx/Vivado/2022.2/data/xhub/boards/XilinxBoardStore/boards/Xilinx/kcu116/1.5/board.xml as part xcku5p-ffvb676-2-e specified in board_part file is either invalid or not available
WARNING: [Board 49-26] cannot add Board Part xilinx.com:kcu1500:part0:1.2 available at C:/Xilinx/Vivado/2022.2/data/xhub/boards/XilinxBoardStore/boards/Xilinx/kcu1500/1.2/board.xml as part xcku115-flvb2104-2-e specified in board_part file is either invalid or not available
WARNING: [Board 49-26] cannot add Board Part xilinx.com:kr260_som:part0:1.0 available at C:/Xilinx/Vivado/2022.2/data/xhub/boards/XilinxBoardStore/boards/Xilinx/kr260_som/1.0/board.xml as part xck26-sfvc784-2lv-c specified in board_part file is either invalid or not available
WARNING: [Board 49-26] cannot add Board Part xilinx.com:kr260_som:part0:1.1 available at C:/Xilinx/Vivado/2022.2/data/xhub/boards/XilinxBoardStore/boards/Xilinx/kr260_som/1.1/board.xml as part xck26-sfvc784-2lv-c specified in board_part file is either invalid or not available
WARNING: [Board 49-26] cannot add Board Part xilinx.com:kv260_som:part0:1.2 available at C:/Xilinx/Vivado/2022.2/data/xhub/boards/XilinxBoardStore/boards/Xilinx/kv260_som/1.2/board.xml as part xck26-sfvc784-2lv-c specified in board_part file is either invalid or not available
WARNING: [Board 49-26] cannot add Board Part xilinx.com:kv260_som:part0:1.3 available at C:/Xilinx/Vivado/2022.2/data/xhub/boards/XilinxBoardStore/boards/Xilinx/kv260_som/1.3/board.xml as part xck26-sfvc784-2lv-c specified in board_part file is either invalid or not available
WARNING: [Board 49-26] cannot add Board Part xilinx.com:kv260_som:part0:1.4 available at C:/Xilinx/Vivado/2022.2/data/xhub/boards/XilinxBoardStore/boards/Xilinx/kv260_som/1.4/board.xml as part xck26-sfvc784-2lv-c specified in board_part file is either invalid or not available
WARNING: [Board 49-26] cannot add Board Part xilinx.com:vc707:part0:1.4 available at C:/Xilinx/Vivado/2022.2/data/xhub/boards/XilinxBoardStore/boards/Xilinx/vc707/1.4/board.xml as part xc7vx485tffg1761-2 specified in board_part file is either invalid or not available
WARNING: [Board 49-26] cannot add Board Part xilinx.com:vc709:part0:1.8 available at C:/Xilinx/Vivado/2022.2/data/xhub/boards/XilinxBoardStore/boards/Xilinx/vc709/1.8/board.xml as part xc7vx690tffg1761-2 specified in board_part file is either invalid or not available
WARNING: [Board 49-26] cannot add Board Part xilinx.com:vck190:part0:2.2 available at C:/Xilinx/Vivado/2022.2/data/xhub/boards/XilinxBoardStore/boards/Xilinx/vck190/production/2.2/board.xml as part xcvc1902-vsva2197-2mp-e-s specified in board_part file is either invalid or not available
WARNING: [Board 49-26] cannot add Board Part xilinx.com:vck190:part0:3.0 available at C:/Xilinx/Vivado/2022.2/data/xhub/boards/XilinxBoardStore/boards/Xilinx/vck190/production/3.0/board.xml as part xcvc1902-vsva2197-2mp-e-s specified in board_part file is either invalid or not available
WARNING: [Board 49-26] cannot add Board Part xilinx.com:vck190:part0:3.1 available at C:/Xilinx/Vivado/2022.2/data/xhub/boards/XilinxBoardStore/boards/Xilinx/vck190/production/3.1/board.xml as part xcvc1902-vsva2197-2mp-e-s specified in board_part file is either invalid or not available
WARNING: [Board 49-26] cannot add Board Part xilinx.com:vck190_newl:part0:1.0 available at C:/Xilinx/Vivado/2022.2/data/xhub/boards/XilinxBoardStore/boards/Xilinx/vck190_newl/production/1.0/board.xml as part xcvc1902-vsva2197-2mp-e-s specified in board_part file is either invalid or not available
WARNING: [Board 49-26] cannot add Board Part xilinx.com:vcu108:part0:1.6 available at C:/Xilinx/Vivado/2022.2/data/xhub/boards/XilinxBoardStore/boards/Xilinx/vcu108/1.6/board.xml as part xcvu095-ffva2104-2-e specified in board_part file is either invalid or not available
WARNING: [Board 49-26] cannot add Board Part xilinx.com:vcu108:part0:1.7 available at C:/Xilinx/Vivado/2022.2/data/xhub/boards/XilinxBoardStore/boards/Xilinx/vcu108/1.7/board.xml as part xcvu095-ffva2104-2-e specified in board_part file is either invalid or not available
WARNING: [Board 49-26] cannot add Board Part xilinx.com:vcu110:part0:1.4 available at C:/Xilinx/Vivado/2022.2/data/xhub/boards/XilinxBoardStore/boards/Xilinx/vcu110/1.4/board.xml as part xcvu190-flgc2104-2-e specified in board_part file is either invalid or not available
WARNING: [Board 49-26] cannot add Board Part xilinx.com:vcu118:part0:2.0 available at C:/Xilinx/Vivado/2022.2/data/xhub/boards/XilinxBoardStore/boards/Xilinx/vcu118/2.0/board.xml as part xcvu9p-flga2104-2l-e specified in board_part file is either invalid or not available
WARNING: [Board 49-26] cannot add Board Part xilinx.com:vcu118:part0:2.3 available at C:/Xilinx/Vivado/2022.2/data/xhub/boards/XilinxBoardStore/boards/Xilinx/vcu118/2.3/board.xml as part xcvu9p-flga2104-2l-e specified in board_part file is either invalid or not available
WARNING: [Board 49-26] cannot add Board Part xilinx.com:vcu118:part0:2.4 available at C:/Xilinx/Vivado/2022.2/data/xhub/boards/XilinxBoardStore/boards/Xilinx/vcu118/2.4/board.xml as part xcvu9p-flga2104-2l-e specified in board_part file is either invalid or not available
WARNING: [Board 49-26] cannot add Board Part xilinx.com:vcu128:part0:1.0 available at C:/Xilinx/Vivado/2022.2/data/xhub/boards/XilinxBoardStore/boards/Xilinx/vcu128/production/1.0/board.xml as part xcvu37p-fsvh2892-2l-e specified in board_part file is either invalid or not available
WARNING: [Board 49-26] cannot add Board Part xilinx.com:vcu129:part0:1.0 available at C:/Xilinx/Vivado/2022.2/data/xhub/boards/XilinxBoardStore/boards/Xilinx/vcu129/production/1.0/board.xml as part xcvu29p-fsga2577-2l-e specified in board_part file is either invalid or not available
WARNING: [Board 49-26] cannot add Board Part xilinx.com:vcu1525:part0:1.3 available at C:/Xilinx/Vivado/2022.2/data/xhub/boards/XilinxBoardStore/boards/Xilinx/vcu1525/1.3/board.xml as part xcvu9p-fsgd2104-2l-e specified in board_part file is either invalid or not available
WARNING: [Board 49-26] cannot add Board Part xilinx.com:vek280_es:part0:1.0 available at C:/Xilinx/Vivado/2022.2/data/xhub/boards/XilinxBoardStore/boards/Xilinx/vek280/es/1.0/board.xml as part xcve2802-vsvh1760-2lp-e-s-es1 specified in board_part file is either invalid or not available
WARNING: [Board 49-26] cannot add Board Part xilinx.com:vermeo_t1_mpsoc:part0:1.0 available at C:/Xilinx/Vivado/2022.2/data/xhub/boards/XilinxBoardStore/boards/Xilinx/vermeo_t1_mpsoc/1.0/board.xml as part xczu19eg-ffvd1760-2l-e specified in board_part file is either invalid or not available
WARNING: [Board 49-26] cannot add Board Part xilinx.com:vermeo_t1_rfsoc:part0:1.0 available at C:/Xilinx/Vivado/2022.2/data/xhub/boards/XilinxBoardStore/boards/Xilinx/vermeo_t1_rfsoc/1.0/board.xml as part xczu21dr-ffvd1156-2l-e specified in board_part file is either invalid or not available
WARNING: [Board 49-26] cannot add Board Part xilinx.com:vhk158_es:part0:1.0 available at C:/Xilinx/Vivado/2022.2/data/xhub/boards/XilinxBoardStore/boards/Xilinx/vhk158/es/1.0/board.xml as part xcvh1582-vsva3697-2mp-e-s-es1 specified in board_part file is either invalid or not available
WARNING: [Board 49-26] cannot add Board Part xilinx.com:vmk180:part0:2.2 available at C:/Xilinx/Vivado/2022.2/data/xhub/boards/XilinxBoardStore/boards/Xilinx/vmk180/production/2.2/board.xml as part xcvm1802-vsva2197-2mp-e-s specified in board_part file is either invalid or not available
WARNING: [Board 49-26] cannot add Board Part xilinx.com:vmk180:part0:3.0 available at C:/Xilinx/Vivado/2022.2/data/xhub/boards/XilinxBoardStore/boards/Xilinx/vmk180/production/3.0/board.xml as part xcvm1802-vsva2197-2mp-e-s specified in board_part file is either invalid or not available
WARNING: [Board 49-26] cannot add Board Part xilinx.com:vmk180:part0:3.1 available at C:/Xilinx/Vivado/2022.2/data/xhub/boards/XilinxBoardStore/boards/Xilinx/vmk180/production/3.1/board.xml as part xcvm1802-vsva2197-2mp-e-s specified in board_part file is either invalid or not available
WARNING: [Board 49-26] cannot add Board Part xilinx.com:vmk180_newl:part0:1.0 available at C:/Xilinx/Vivado/2022.2/data/xhub/boards/XilinxBoardStore/boards/Xilinx/vmk180_newl/production/1.0/board.xml as part xcvm1802-vsva2197-2mp-e-s specified in board_part file is either invalid or not available
WARNING: [Board 49-26] cannot add Board Part xilinx.com:vpk120:part0:1.0 available at C:/Xilinx/Vivado/2022.2/data/xhub/boards/XilinxBoardStore/boards/Xilinx/vpk120/production/1.0/board.xml as part xcvp1202-vsva2785-2mp-e-s specified in board_part file is either invalid or not available
WARNING: [Board 49-26] cannot add Board Part xilinx.com:vpk120_es:part0:1.2 available at C:/Xilinx/Vivado/2022.2/data/xhub/boards/XilinxBoardStore/boards/Xilinx/vpk120/es/1.2/board.xml as part xcvp1202-vsva2785-2mp-e-s-es1 specified in board_part file is either invalid or not available
WARNING: [Board 49-26] cannot add Board Part xilinx.com:vpk120_es_revb:part0:1.0 available at C:/Xilinx/Vivado/2022.2/data/xhub/boards/XilinxBoardStore/boards/Xilinx/vpk120_revb/es/1.0/board.xml as part xcvp1202-vsva2785-2mp-e-s-es1 specified in board_part file is either invalid or not available
WARNING: [Board 49-26] cannot add Board Part xilinx.com:vpk180_es:part0:1.0 available at C:/Xilinx/Vivado/2022.2/data/xhub/boards/XilinxBoardStore/boards/Xilinx/vpk180/es/1.0/board.xml as part xcvp1802-lsvc4072-2mp-e-s-es1 specified in board_part file is either invalid or not available
WARNING: [Board 49-26] cannot add Board Part xilinx.com:zc702:part0:1.4 available at C:/Xilinx/Vivado/2022.2/data/xhub/boards/XilinxBoardStore/boards/Xilinx/zc702/1.4/board.xml as part xc7z020clg484-1 specified in board_part file is either invalid or not available
WARNING: [Board 49-26] cannot add Board Part xilinx.com:zc706:part0:1.4 available at C:/Xilinx/Vivado/2022.2/data/xhub/boards/XilinxBoardStore/boards/Xilinx/zc706/1.4/board.xml as part xc7z045ffg900-2 specified in board_part file is either invalid or not available
WARNING: [Board 49-26] cannot add Board Part xilinx.com:zcu102:part0:3.3 available at C:/Xilinx/Vivado/2022.2/data/xhub/boards/XilinxBoardStore/boards/Xilinx/zcu102/3.3/board.xml as part xczu9eg-ffvb1156-2-e specified in board_part file is either invalid or not available
WARNING: [Board 49-26] cannot add Board Part xilinx.com:zcu102:part0:3.4 available at C:/Xilinx/Vivado/2022.2/data/xhub/boards/XilinxBoardStore/boards/Xilinx/zcu102/3.4/board.xml as part xczu9eg-ffvb1156-2-e specified in board_part file is either invalid or not available
WARNING: [Board 49-26] cannot add Board Part xilinx.com:zcu104:part0:1.1 available at C:/Xilinx/Vivado/2022.2/data/xhub/boards/XilinxBoardStore/boards/Xilinx/zcu104/1.1/board.xml as part xczu7ev-ffvc1156-2-e specified in board_part file is either invalid or not available
WARNING: [Board 49-26] cannot add Board Part xilinx.com:zcu106:part0:2.4 available at C:/Xilinx/Vivado/2022.2/data/xhub/boards/XilinxBoardStore/boards/Xilinx/zcu106/2.4/board.xml as part xczu7ev-ffvc1156-2-e specified in board_part file is either invalid or not available
WARNING: [Board 49-26] cannot add Board Part xilinx.com:zcu106:part0:2.5 available at C:/Xilinx/Vivado/2022.2/data/xhub/boards/XilinxBoardStore/boards/Xilinx/zcu106/2.5/board.xml as part xczu7ev-ffvc1156-2-e specified in board_part file is either invalid or not available
WARNING: [Board 49-26] cannot add Board Part xilinx.com:zcu106:part0:2.6 available at C:/Xilinx/Vivado/2022.2/data/xhub/boards/XilinxBoardStore/boards/Xilinx/zcu106/2.6/board.xml as part xczu7ev-ffvc1156-2-e specified in board_part file is either invalid or not available
WARNING: [Board 49-26] cannot add Board Part xilinx.com:zcu111:part0:1.2 available at C:/Xilinx/Vivado/2022.2/data/xhub/boards/XilinxBoardStore/boards/Xilinx/zcu111/1.2/board.xml as part xczu28dr-ffvg1517-2-e specified in board_part file is either invalid or not available
WARNING: [Board 49-26] cannot add Board Part xilinx.com:zcu111:part0:1.3 available at C:/Xilinx/Vivado/2022.2/data/xhub/boards/XilinxBoardStore/boards/Xilinx/zcu111/1.3/board.xml as part xczu28dr-ffvg1517-2-e specified in board_part file is either invalid or not available
WARNING: [Board 49-26] cannot add Board Part xilinx.com:zcu111:part0:1.4 available at C:/Xilinx/Vivado/2022.2/data/xhub/boards/XilinxBoardStore/boards/Xilinx/zcu111/1.4/board.xml as part xczu28dr-ffvg1517-2-e specified in board_part file is either invalid or not available
WARNING: [Board 49-26] cannot add Board Part xilinx.com:zcu1275:part0:1.0 available at C:/Xilinx/Vivado/2022.2/data/xhub/boards/XilinxBoardStore/boards/Xilinx/zcu1275/1.0/board.xml as part xczu29dr-ffvf1760-2-e specified in board_part file is either invalid or not available
WARNING: [Board 49-26] cannot add Board Part xilinx.com:zcu1285:part0:1.0 available at C:/Xilinx/Vivado/2022.2/data/xhub/boards/XilinxBoardStore/boards/Xilinx/zcu1285/1.0/board.xml as part xczu39dr-ffvf1760-2-i specified in board_part file is either invalid or not available
WARNING: [Board 49-26] cannot add Board Part xilinx.com:zcu208:part0:2.0 available at C:/Xilinx/Vivado/2022.2/data/xhub/boards/XilinxBoardStore/boards/Xilinx/zcu208/production/2.0/board.xml as part xczu48dr-fsvg1517-2-e specified in board_part file is either invalid or not available
WARNING: [Board 49-26] cannot add Board Part xilinx.com:zcu208ld:part0:2.0 available at C:/Xilinx/Vivado/2022.2/data/xhub/boards/XilinxBoardStore/boards/Xilinx/zcu208ld/production/2.0/board.xml as part xczu58dr-fsvg1517-2-i specified in board_part file is either invalid or not available
WARNING: [Board 49-26] cannot add Board Part xilinx.com:zcu216:part0:2.0 available at C:/Xilinx/Vivado/2022.2/data/xhub/boards/XilinxBoardStore/boards/Xilinx/zcu216/production/2.0/board.xml as part xczu49dr-ffvf1760-2-e specified in board_part file is either invalid or not available
WARNING: [Board 49-26] cannot add Board Part xilinx.com:zcu216ld:part0:2.0 available at C:/Xilinx/Vivado/2022.2/data/xhub/boards/XilinxBoardStore/boards/Xilinx/zcu216ld/production/2.0/board.xml as part xczu59dr-ffvf1760-2-i specified in board_part file is either invalid or not available
WARNING: [Board 49-26] cannot add Board Part xilinx.com:zcu670:part0:2.0 available at C:/Xilinx/Vivado/2022.2/data/xhub/boards/XilinxBoardStore/boards/Xilinx/zcu670/2.0/board.xml as part xczu67dr-fsve1156-2-i specified in board_part file is either invalid or not available
WARNING: [Board 49-26] cannot add Board Part xilinx.com:zcu670ld:part0:1.0 available at C:/Xilinx/Vivado/2022.2/data/xhub/boards/XilinxBoardStore/boards/Xilinx/zcu670ld/1.0/board.xml as part xczu57dr-fsve1156-2-i specified in board_part file is either invalid or not available
Scanning sources...
Finished scanning sources
INFO: [IP_Flow 19-234] Refreshing IP repositories
INFO: [IP_Flow 19-1704] No user IP repositories specified
INFO: [IP_Flow 19-2313] Loaded Vivado IP repository 'C:/Xilinx/Vivado/2022.2/data/ip'.
open_project: Time (s): cpu = 00:00:34 ; elapsed = 00:00:15 . Memory (MB): peak = 1196.727 ; gain = 329.297
update_compile_order -fileset sources_1
open_bd_design {C:/Users/Shane/Documents/Classes/ECE_385/Lab_6/lab_6/lab_6.srcs/sources_1/bd/mb_block/mb_block.bd}
Reading block design file <C:/Users/Shane/Documents/Classes/ECE_385/Lab_6/lab_6/lab_6.srcs/sources_1/bd/mb_block/mb_block.bd>...
Adding component instance block -- xilinx.com:ip:microblaze:11.0 - microblaze_0
Adding component instance block -- xilinx.com:ip:lmb_v10:3.0 - dlmb_v10
Adding component instance block -- xilinx.com:ip:lmb_v10:3.0 - ilmb_v10
Adding component instance block -- xilinx.com:ip:lmb_bram_if_cntlr:4.0 - dlmb_bram_if_cntlr
Adding component instance block -- xilinx.com:ip:lmb_bram_if_cntlr:4.0 - ilmb_bram_if_cntlr
Adding component instance block -- xilinx.com:ip:blk_mem_gen:8.4 - lmb_bram
Adding component instance block -- xilinx.com:ip:axi_interconnect:2.1 - microblaze_0_axi_periph
Adding component instance block -- xilinx.com:ip:axi_crossbar:2.1 - xbar
Adding component instance block -- xilinx.com:ip:axi_intc:4.1 - microblaze_0_axi_intc
Adding component instance block -- xilinx.com:ip:mdm:3.2 - mdm_1
Adding component instance block -- xilinx.com:ip:clk_wiz:6.0 - clk_wiz_1
Adding component instance block -- xilinx.com:ip:proc_sys_reset:5.0 - rst_clk_wiz_1_100M
Adding component instance block -- xilinx.com:ip:axi_uartlite:2.0 - axi_uartlite_0
Adding component instance block -- xilinx.com:ip:axi_gpio:2.0 - gpio_usb_rst
Adding component instance block -- xilinx.com:ip:axi_gpio:2.0 - gpio_usb_int
Adding component instance block -- xilinx.com:ip:axi_gpio:2.0 - gpio_usb_keycode
Adding component instance block -- xilinx.com:ip:axi_timer:2.0 - timer_usb_axi
Adding component instance block -- xilinx.com:ip:axi_quad_spi:3.2 - spi_usb
WARNING: [BD 41-721] Attempt to set value '0' on disabled parameter 'C_S_AXI4_ID_WIDTH' of cell '/spi_usb' is ignored
Adding component instance block -- xilinx.com:ip:xlconcat:2.1 - microblaze_0_xlconcat
Successfully read diagram <mb_block> from block design file <C:/Users/Shane/Documents/Classes/ECE_385/Lab_6/lab_6/lab_6.srcs/sources_1/bd/mb_block/mb_block.bd>
open_bd_design: Time (s): cpu = 00:00:10 ; elapsed = 00:00:05 . Memory (MB): peak = 1232.699 ; gain = 35.398
save_bd_design_as mb_usb -freeze_boundary
ERROR: [BD 5-903] Design <mb_block> has not been validated yet. The design needs to be in a validated state to use the -freeze_boundary option. Please validate your design.
ERROR: [Common 17-39] 'save_bd_design_as' failed due to earlier errors.
validate_bd_design
WARNING: [filemgmt 56-443] The ECC Algorithm string is empty. Setting the Memory Map to default ECC value to ECC_NONE.
INFO: [xilinx.com:ip:axi_quad_spi:3.2-1] /spi_usb 
                   #######################################################################################
                   INFO: AXI Quad SPI core's AXI Lite Clock and EXT SPI CLK are synchronous to each other.
                   ########################################################################################
INFO: [xilinx.com:ip:axi_intc:4.1-1] /microblaze_0_axi_intc: The AXI INTC core has been configured to operate with synchronous clocks.
INFO: [xilinx.com:ip:clk_wiz:6.0-1] /clk_wiz_1 clk_wiz propagate
save_bd_design_as mb_usb -freeze_boundary
Wrote  : <C:\Users\Shane\Documents\Classes\ECE_385\Lab_6\lab_6\lab_6.srcs\sources_1\bd\mb_usb\mb_usb.bd> 
WARNING: [BD 41-721] Attempt to set value '0' on disabled parameter 'C_S_AXI4_ID_WIDTH' of cell '/spi_usb' is ignored
Slave segment '/microblaze_0_local_memory/dlmb_bram_if_cntlr/SLMB/Mem' is being assigned into address space '/microblaze_0/Data' at <0x0000_0000 [ 32K ]>.
Slave segment '/gpio_usb_int/S_AXI/Reg' is being assigned into address space '/microblaze_0/Data' at <0x4000_0000 [ 64K ]>.
Slave segment '/gpio_usb_keycode/S_AXI/Reg' is being assigned into address space '/microblaze_0/Data' at <0x4001_0000 [ 64K ]>.
Slave segment '/gpio_usb_rst/S_AXI/Reg' is being assigned into address space '/microblaze_0/Data' at <0x4002_0000 [ 64K ]>.
Slave segment '/axi_uartlite_0/S_AXI/Reg' is being assigned into address space '/microblaze_0/Data' at <0x4060_0000 [ 64K ]>.
Slave segment '/microblaze_0_axi_intc/S_AXI/Reg' is being assigned into address space '/microblaze_0/Data' at <0x4120_0000 [ 64K ]>.
Slave segment '/timer_usb_axi/S_AXI/Reg' is being assigned into address space '/microblaze_0/Data' at <0x41C0_0000 [ 64K ]>.
Slave segment '/spi_usb/AXI_LITE/Reg' is being assigned into address space '/microblaze_0/Data' at <0x44A0_0000 [ 64K ]>.
Slave segment '/microblaze_0_local_memory/ilmb_bram_if_cntlr/SLMB/Mem' is being assigned into address space '/microblaze_0/Instruction' at <0x0000_0000 [ 32K ]>.
WARNING: [filemgmt 56-443] The ECC Algorithm string is empty. Setting the Memory Map to default ECC value to ECC_NONE.
WARNING: [filemgmt 56-443] The ECC Algorithm string is empty. Setting the Memory Map to default ECC value to ECC_NONE.
INFO: [xilinx.com:ip:clk_wiz:6.0-1] /clk_wiz_1 clk_wiz propagate
INFO: [xilinx.com:ip:axi_intc:4.1-1] /microblaze_0_axi_intc: The AXI INTC core has been configured to operate with synchronous clocks.
INFO: [xilinx.com:ip:axi_quad_spi:3.2-1] /spi_usb 
                   #######################################################################################
                   INFO: AXI Quad SPI core's AXI Lite Clock and EXT SPI CLK are synchronous to each other.
                   ########################################################################################
Wrote  : <C:\Users\Shane\Documents\Classes\ECE_385\Lab_6\lab_6\lab_6.srcs\sources_1\bd\mb_usb\mb_usb.bd> 
Wrote  : <C:/Users/Shane/Documents/Classes/ECE_385/Lab_6/lab_6/lab_6.srcs/sources_1/bd/mb_usb/ui/bd_c7783e7a.ui> 
Wrote  : <C:/Users/Shane/Documents/Classes/ECE_385/Lab_6/lab_6/lab_6.srcs/sources_1/bd/mb_usb/ui/bd_369a7b2b.ui> 
save_bd_design_as: Time (s): cpu = 00:00:13 ; elapsed = 00:00:10 . Memory (MB): peak = 1586.199 ; gain = 204.719
add_files -norecurse C:/Users/Shane/Documents/Classes/ECE_385/Lab_6/lab_6/lab_6.srcs/sources_1/bd/mb_usb/mb_usb.bd
export_ip_user_files -of_objects  [get_files  C:/Users/Shane/Documents/Classes/ECE_385/Lab_6/lab_6/lab_6.srcs/sources_1/bd/mb_usb/mb_usb.bd] -lib_map_path [list {modelsim=C:/Users/Shane/Documents/Classes/ECE_385/Lab_6/lab_6/lab_6.cache/compile_simlib/modelsim} {questa=C:/Users/Shane/Documents/Classes/ECE_385/Lab_6/lab_6/lab_6.cache/compile_simlib/questa} {riviera=C:/Users/Shane/Documents/Classes/ECE_385/Lab_6/lab_6/lab_6.cache/compile_simlib/riviera} {activehdl=C:/Users/Shane/Documents/Classes/ECE_385/Lab_6/lab_6/lab_6.cache/compile_simlib/activehdl}] -force -quiet
open_bd_design {C:/Users/Shane/Documents/Classes/ECE_385/Lab_6/lab_6/lab_6.srcs/sources_1/bd/mb_usb/mb_usb.bd}
Reading block design file <C:/Users/Shane/Documents/Classes/ECE_385/Lab_6/lab_6/lab_6.srcs/sources_1/bd/mb_usb/mb_usb.bd>...
Adding component instance block -- xilinx.com:ip:microblaze:11.0 - microblaze_0
Adding component instance block -- xilinx.com:ip:lmb_v10:3.0 - dlmb_v10
Adding component instance block -- xilinx.com:ip:lmb_v10:3.0 - ilmb_v10
Adding component instance block -- xilinx.com:ip:lmb_bram_if_cntlr:4.0 - dlmb_bram_if_cntlr
Adding component instance block -- xilinx.com:ip:lmb_bram_if_cntlr:4.0 - ilmb_bram_if_cntlr
Adding component instance block -- xilinx.com:ip:blk_mem_gen:8.4 - lmb_bram
Adding component instance block -- xilinx.com:ip:axi_interconnect:2.1 - microblaze_0_axi_periph
Adding component instance block -- xilinx.com:ip:axi_crossbar:2.1 - xbar
Adding component instance block -- xilinx.com:ip:axi_intc:4.1 - microblaze_0_axi_intc
Adding component instance block -- xilinx.com:ip:mdm:3.2 - mdm_1
Adding component instance block -- xilinx.com:ip:clk_wiz:6.0 - clk_wiz_1
Adding component instance block -- xilinx.com:ip:proc_sys_reset:5.0 - rst_clk_wiz_1_100M
Adding component instance block -- xilinx.com:ip:axi_uartlite:2.0 - axi_uartlite_0
Adding component instance block -- xilinx.com:ip:axi_gpio:2.0 - gpio_usb_rst
Adding component instance block -- xilinx.com:ip:axi_gpio:2.0 - gpio_usb_int
Adding component instance block -- xilinx.com:ip:axi_gpio:2.0 - gpio_usb_keycode
Adding component instance block -- xilinx.com:ip:axi_timer:2.0 - timer_usb_axi
Adding component instance block -- xilinx.com:ip:axi_quad_spi:3.2 - spi_usb
Adding component instance block -- xilinx.com:ip:xlconcat:2.1 - microblaze_0_xlconcat
Successfully read diagram <mb_usb> from block design file <C:/Users/Shane/Documents/Classes/ECE_385/Lab_6/lab_6/lab_6.srcs/sources_1/bd/mb_usb/mb_usb.bd>
update_compile_order -fileset sources_1
current_bd_design [get_bd_designs mb_block]
save_bd_design
Wrote  : <C:\Users\Shane\Documents\Classes\ECE_385\Lab_6\lab_6\lab_6.srcs\sources_1\bd\mb_block\mb_block.bd> 
Wrote  : <C:/Users/Shane/Documents/Classes/ECE_385/Lab_6/lab_6/lab_6.srcs/sources_1/bd/mb_block/ui/bd_d3042d03.ui> 
close_bd_design [get_bd_designs mb_block]
add_files -norecurse {C:/Users/Shane/Documents/Classes/ECE_385/Lab_6/lab6_2_provided/design_source/ball.sv C:/Users/Shane/Documents/Classes/ECE_385/Lab_6/lab6_2_provided/design_source/Color_Mapper.sv C:/Users/Shane/Documents/Classes/ECE_385/Lab_6/lab6_2_provided/design_source/hex_driver.sv C:/Users/Shane/Documents/Classes/ECE_385/Lab_6/lab6_2_provided/design_source/mb_usb_hdmi_top.sv C:/Users/Shane/Documents/Classes/ECE_385/Lab_6/lab6_2_provided/design_source/VGA_controller.sv}
update_compile_order -fileset sources_1
export_ip_user_files -of_objects  [get_files C:/Users/Shane/Documents/Classes/ECE_385/Lab_6/lab6_1_provided/design_source/mb_intro_top.sv] -no_script -reset -force -quiet
remove_files  C:/Users/Shane/Documents/Classes/ECE_385/Lab_6/lab6_1_provided/design_source/mb_intro_top.sv
set_property top mb_usb_hdmi_top [current_fileset]
update_compile_order -fileset sources_1
export_ip_user_files -of_objects  [get_files C:/Users/Shane/Documents/Classes/ECE_385/Lab_6/lab6_1_provided/pin_assignment/mb_intro_top.xdc] -no_script -reset -force -quiet
remove_files  -fileset constrs_1 C:/Users/Shane/Documents/Classes/ECE_385/Lab_6/lab6_1_provided/pin_assignment/mb_intro_top.xdc
set_property top mb_usb_hdmi_top [get_filesets sim_1]
set_property top_lib xil_defaultlib [get_filesets sim_1]
add_files -fileset constrs_1 -norecurse C:/Users/Shane/Documents/Classes/ECE_385/Lab_6/lab6_2_provided/pin_assignment/mb_usb_hdmi_top.xdc
set_property  ip_repo_paths  C:/Users/Shane/Documents/Classes/ECE_385/Lab_6/lab6_2_provided/hdmi_tx_1.0 [current_project]
update_ip_catalog
INFO: [IP_Flow 19-234] Refreshing IP repositories
INFO: [IP_Flow 19-1700] Loaded user IP repository 'c:/Users/Shane/Documents/Classes/ECE_385/Lab_6/lab6_2_provided/hdmi_tx_1.0'.
create_bd_cell -type ip -vlnv realdigital.org:realdigital:hdmi_tx:1.0 hdmi_tx_0
undo
INFO: [Common 17-17] undo 'create_bd_cell -type ip -vlnv realdigital.org:realdigital:hdmi_tx:1.0 hdmi_tx_0'
create_ip -name hdmi_tx -vendor realdigital.org -library realdigital -version 1.0 -module_name hdmi_tx_0
set_property -dict [list \
  CONFIG.C_BLUE_WIDTH {4} \
  CONFIG.C_GREEN_WIDTH {4} \
  CONFIG.C_RED_WIDTH {4} \
  CONFIG.MODE {HDMI} \
] [get_ips hdmi_tx_0]
generate_target {instantiation_template} [get_files c:/Users/Shane/Documents/Classes/ECE_385/Lab_6/lab_6/lab_6.srcs/sources_1/ip/hdmi_tx_0/hdmi_tx_0.xci]
INFO: [IP_Flow 19-1686] Generating 'Instantiation Template' target for IP 'hdmi_tx_0'...
update_compile_order -fileset sources_1
generate_target all [get_files  c:/Users/Shane/Documents/Classes/ECE_385/Lab_6/lab_6/lab_6.srcs/sources_1/ip/hdmi_tx_0/hdmi_tx_0.xci]
INFO: [IP_Flow 19-1686] Generating 'Synthesis' target for IP 'hdmi_tx_0'...
INFO: [IP_Flow 19-1686] Generating 'Simulation' target for IP 'hdmi_tx_0'...
catch { config_ip_cache -export [get_ips -all hdmi_tx_0] }
INFO: [IP_Flow 19-6924] IPCACHE: Running cache check for IP inst: hdmi_tx_0
export_ip_user_files -of_objects [get_files c:/Users/Shane/Documents/Classes/ECE_385/Lab_6/lab_6/lab_6.srcs/sources_1/ip/hdmi_tx_0/hdmi_tx_0.xci] -no_script -sync -force -quiet
create_ip_run [get_files -of_objects [get_fileset sources_1] c:/Users/Shane/Documents/Classes/ECE_385/Lab_6/lab_6/lab_6.srcs/sources_1/ip/hdmi_tx_0/hdmi_tx_0.xci]
launch_runs hdmi_tx_0_synth_1 -jobs 4
INFO: [IP_Flow 19-6924] IPCACHE: Running cache check for IP inst: hdmi_tx_0
[Tue Oct 22 14:49:04 2024] Launched hdmi_tx_0_synth_1...
Run output will be captured here: C:/Users/Shane/Documents/Classes/ECE_385/Lab_6/lab_6/lab_6.runs/hdmi_tx_0_synth_1/runme.log
export_simulation -of_objects [get_files c:/Users/Shane/Documents/Classes/ECE_385/Lab_6/lab_6/lab_6.srcs/sources_1/ip/hdmi_tx_0/hdmi_tx_0.xci] -directory C:/Users/Shane/Documents/Classes/ECE_385/Lab_6/lab_6/lab_6.ip_user_files/sim_scripts -ip_user_files_dir C:/Users/Shane/Documents/Classes/ECE_385/Lab_6/lab_6/lab_6.ip_user_files -ipstatic_source_dir C:/Users/Shane/Documents/Classes/ECE_385/Lab_6/lab_6/lab_6.ip_user_files/ipstatic -lib_map_path [list {modelsim=C:/Users/Shane/Documents/Classes/ECE_385/Lab_6/lab_6/lab_6.cache/compile_simlib/modelsim} {questa=C:/Users/Shane/Documents/Classes/ECE_385/Lab_6/lab_6/lab_6.cache/compile_simlib/questa} {riviera=C:/Users/Shane/Documents/Classes/ECE_385/Lab_6/lab_6/lab_6.cache/compile_simlib/riviera} {activehdl=C:/Users/Shane/Documents/Classes/ECE_385/Lab_6/lab_6/lab_6.cache/compile_simlib/activehdl}] -use_ip_compiled_libs -force -quiet
startgroup
set_property -dict [list \
  CONFIG.CLKOUT1_JITTER {175.402} \
  CONFIG.CLKOUT1_REQUESTED_OUT_FREQ {25.000} \
  CONFIG.CLKOUT2_JITTER {125.247} \
  CONFIG.CLKOUT2_PHASE_ERROR {98.575} \
  CONFIG.CLKOUT2_REQUESTED_OUT_FREQ {125.000} \
  CONFIG.CLKOUT2_USED {true} \
  CONFIG.MMCM_CLKOUT0_DIVIDE_F {40.000} \
  CONFIG.MMCM_CLKOUT1_DIVIDE {8} \
  CONFIG.NUM_OUT_CLKS {2} \
] [get_bd_cells clk_wiz_1]
endgroup
create_bd_cell -type ip -vlnv realdigital.org:realdigital:hdmi_tx:1.0 hdmi_tx_0
undo
INFO: [Common 17-17] undo 'create_bd_cell -type ip -vlnv realdigital.org:realdigital:hdmi_tx:1.0 hdmi_tx_0'
save_bd_design
Wrote  : <C:\Users\Shane\Documents\Classes\ECE_385\Lab_6\lab_6\lab_6.srcs\sources_1\bd\mb_usb\mb_usb.bd> 
Wrote  : <C:/Users/Shane/Documents/Classes/ECE_385/Lab_6/lab_6/lab_6.srcs/sources_1/bd/mb_usb/ui/bd_c7783e7a.ui> 
reset_run synth_1
INFO: [Project 1-1160] Copying file C:/Users/Shane/Documents/Classes/ECE_385/Lab_6/lab_6/lab_6.runs/synth_1/mb_intro_top.dcp to C:/Users/Shane/Documents/Classes/ECE_385/Lab_6/lab_6/lab_6.srcs/utils_1/imports/synth_1 and adding it to utils fileset
launch_runs synth_1 -jobs 4
WARNING: [filemgmt 56-443] The ECC Algorithm string is empty. Setting the Memory Map to default ECC value to ECC_NONE.
WARNING: [filemgmt 56-443] The ECC Algorithm string is empty. Setting the Memory Map to default ECC value to ECC_NONE.
INFO: [xilinx.com:ip:axi_intc:4.1-1] /microblaze_0_axi_intc: The AXI INTC core has been configured to operate with synchronous clocks.
INFO: [xilinx.com:ip:clk_wiz:6.0-1] /clk_wiz_1 clk_wiz propagate
INFO: [xilinx.com:ip:axi_quad_spi:3.2-1] /spi_usb 
                   #######################################################################################
                   INFO: AXI Quad SPI core's AXI Lite Clock and EXT SPI CLK are synchronous to each other.
                   ########################################################################################
Wrote  : <C:\Users\Shane\Documents\Classes\ECE_385\Lab_6\lab_6\lab_6.srcs\sources_1\bd\mb_usb\mb_usb.bd> 
Verilog Output written to : c:/Users/Shane/Documents/Classes/ECE_385/Lab_6/lab_6/lab_6.gen/sources_1/bd/mb_usb/synth/mb_usb.v
Verilog Output written to : c:/Users/Shane/Documents/Classes/ECE_385/Lab_6/lab_6/lab_6.gen/sources_1/bd/mb_usb/sim/mb_usb.v
Verilog Output written to : c:/Users/Shane/Documents/Classes/ECE_385/Lab_6/lab_6/lab_6.gen/sources_1/bd/mb_usb/hdl/mb_usb_wrapper.v
INFO: [BD 41-1029] Generation completed for the IP Integrator block microblaze_0 .
INFO: [BD 41-1029] Generation completed for the IP Integrator block microblaze_0_local_memory/dlmb_v10 .
INFO: [BD 41-1029] Generation completed for the IP Integrator block microblaze_0_local_memory/ilmb_v10 .
INFO: [BD 41-1029] Generation completed for the IP Integrator block microblaze_0_local_memory/dlmb_bram_if_cntlr .
INFO: [BD 41-1029] Generation completed for the IP Integrator block microblaze_0_local_memory/ilmb_bram_if_cntlr .
INFO: [BD 41-1029] Generation completed for the IP Integrator block microblaze_0_local_memory/lmb_bram .
INFO: [BD 41-1029] Generation completed for the IP Integrator block microblaze_0_axi_periph/xbar .
INFO: [BD 41-1029] Generation completed for the IP Integrator block microblaze_0_axi_intc .
INFO: [Device 21-403] Loading part xc7s50csga324-1
INFO: [BD 41-1029] Generation completed for the IP Integrator block mdm_1 .
INFO: [BD 41-1029] Generation completed for the IP Integrator block clk_wiz_1 .
INFO: [BD 41-1029] Generation completed for the IP Integrator block rst_clk_wiz_1_100M .
WARNING: [IP_Flow 19-4994] Overwriting existing constraint file 'c:/Users/Shane/Documents/Classes/ECE_385/Lab_6/lab_6/lab_6.gen/sources_1/bd/mb_usb/ip/mb_usb_axi_uartlite_0_0/mb_usb_axi_uartlite_0_0_ooc.xdc'
INFO: [BD 41-1029] Generation completed for the IP Integrator block axi_uartlite_0 .
INFO: [BD 41-1029] Generation completed for the IP Integrator block gpio_usb_rst .
INFO: [BD 41-1029] Generation completed for the IP Integrator block gpio_usb_int .
INFO: [BD 41-1029] Generation completed for the IP Integrator block gpio_usb_keycode .
WARNING: [IP_Flow 19-4994] Overwriting existing constraint file 'c:/Users/Shane/Documents/Classes/ECE_385/Lab_6/lab_6/lab_6.gen/sources_1/bd/mb_usb/ip/mb_usb_timer_usb_axi_0/mb_usb_timer_usb_axi_0_ooc.xdc'
INFO: [BD 41-1029] Generation completed for the IP Integrator block timer_usb_axi .
INFO: [BD 41-1029] Generation completed for the IP Integrator block spi_usb .
INFO: [BD 41-1029] Generation completed for the IP Integrator block microblaze_0_xlconcat .
Exporting to file c:/Users/Shane/Documents/Classes/ECE_385/Lab_6/lab_6/lab_6.gen/sources_1/bd/mb_usb/hw_handoff/mb_usb.hwh
Generated Hardware Definition File c:/Users/Shane/Documents/Classes/ECE_385/Lab_6/lab_6/lab_6.gen/sources_1/bd/mb_usb/synth/mb_usb.hwdef
INFO: [IP_Flow 19-6930] IPCACHE: runCacheChecks() number of threads = 8
INFO: [IP_Flow 19-6921] IPCACHE: Adding cache check func to thread queue for IP mb_usb_axi_uartlite_0_0
INFO: [IP_Flow 19-6921] IPCACHE: Adding cache check func to thread queue for IP mb_usb_clk_wiz_1_0
INFO: [IP_Flow 19-6921] IPCACHE: Adding cache check func to thread queue for IP mb_usb_dlmb_bram_if_cntlr_0
INFO: [IP_Flow 19-6921] IPCACHE: Adding cache check func to thread queue for IP mb_usb_dlmb_v10_0
INFO: [IP_Flow 19-6921] IPCACHE: Adding cache check func to thread queue for IP mb_usb_gpio_usb_int_0
INFO: [IP_Flow 19-6921] IPCACHE: Adding cache check func to thread queue for IP mb_usb_gpio_usb_keycode_0
INFO: [IP_Flow 19-6921] IPCACHE: Adding cache check func to thread queue for IP mb_usb_gpio_usb_rst_0
INFO: [IP_Flow 19-6921] IPCACHE: Adding cache check func to thread queue for IP mb_usb_ilmb_bram_if_cntlr_0
INFO: [IP_Flow 19-6921] IPCACHE: Adding cache check func to thread queue for IP mb_usb_ilmb_v10_0
INFO: [IP_Flow 19-6921] IPCACHE: Adding cache check func to thread queue for IP mb_usb_lmb_bram_0
INFO: [IP_Flow 19-6921] IPCACHE: Adding cache check func to thread queue for IP mb_usb_mdm_1_0
INFO: [IP_Flow 19-6921] IPCACHE: Adding cache check func to thread queue for IP mb_usb_microblaze_0_0
INFO: [IP_Flow 19-6921] IPCACHE: Adding cache check func to thread queue for IP mb_usb_microblaze_0_axi_intc_0
INFO: [IP_Flow 19-6921] IPCACHE: Adding cache check func to thread queue for IP mb_usb_rst_clk_wiz_1_100M_0
INFO: [IP_Flow 19-6921] IPCACHE: Adding cache check func to thread queue for IP mb_usb_spi_usb_0
INFO: [IP_Flow 19-6921] IPCACHE: Adding cache check func to thread queue for IP mb_usb_timer_usb_axi_0
INFO: [IP_Flow 19-6921] IPCACHE: Adding cache check func to thread queue for IP mb_usb_xbar_0
INFO: [IP_Flow 19-8020] IPCACHE: runCacheChecks() calling threadPool finishWork()
INFO: [IP_Flow 19-6924] IPCACHE: Running cache check for IP inst: mb_usb_axi_uartlite_0_0
INFO: [IP_Flow 19-6924] IPCACHE: Running cache check for IP inst: mb_usb_clk_wiz_1_0
INFO: [IP_Flow 19-6924] IPCACHE: Running cache check for IP inst: mb_usb_microblaze_0_0
INFO: [IP_Flow 19-6924] IPCACHE: Running cache check for IP inst: mb_usb_microblaze_0_axi_intc_0
INFO: [IP_Flow 19-6924] IPCACHE: Running cache check for IP inst: mb_usb_rst_clk_wiz_1_100M_0
INFO: [IP_Flow 19-6924] IPCACHE: Running cache check for IP inst: mb_usb_spi_usb_0
INFO: [IP_Flow 19-6924] IPCACHE: Running cache check for IP inst: mb_usb_timer_usb_axi_0
INFO: [IP_Flow 19-6924] IPCACHE: Running cache check for IP inst: mb_usb_mdm_1_0
INFO: [IP_Flow 19-6922] IPCACHE: Exporting cached entry 7ba594287a66c4c3 to dir: c:/Users/Shane/Documents/Classes/ECE_385/Lab_6/lab_6/lab_6.gen/sources_1/bd/mb_usb/ip/mb_usb_mdm_1_0
INFO: [IP_Flow 19-6928] IPCACHE: copied cached file c:/Users/Shane/Documents/Classes/ECE_385/Lab_6/lab_6/lab_6.cache/ip/2022.2/7/b/7ba594287a66c4c3/mb_block_mdm_1_0.dcp to c:/Users/Shane/Documents/Classes/ECE_385/Lab_6/lab_6/lab_6.gen/sources_1/bd/mb_usb/ip/mb_usb_mdm_1_0/mb_usb_mdm_1_0.dcp.
INFO: [IP_Flow 19-6926] IPCACHE: added file to list for BOM: c:/Users/Shane/Documents/Classes/ECE_385/Lab_6/lab_6/lab_6.gen/sources_1/bd/mb_usb/ip/mb_usb_mdm_1_0/mb_usb_mdm_1_0.dcp
INFO: [IP_Flow 19-6928] IPCACHE: copied cached file c:/Users/Shane/Documents/Classes/ECE_385/Lab_6/lab_6/lab_6.cache/ip/2022.2/7/b/7ba594287a66c4c3/mb_block_mdm_1_0_sim_netlist.v to c:/Users/Shane/Documents/Classes/ECE_385/Lab_6/lab_6/lab_6.gen/sources_1/bd/mb_usb/ip/mb_usb_mdm_1_0/mb_usb_mdm_1_0_sim_netlist.v.
INFO: [IP_Flow 19-6926] IPCACHE: added file to list for BOM: c:/Users/Shane/Documents/Classes/ECE_385/Lab_6/lab_6/lab_6.gen/sources_1/bd/mb_usb/ip/mb_usb_mdm_1_0/mb_usb_mdm_1_0_sim_netlist.v
INFO: [IP_Flow 19-6928] IPCACHE: copied cached file c:/Users/Shane/Documents/Classes/ECE_385/Lab_6/lab_6/lab_6.cache/ip/2022.2/7/b/7ba594287a66c4c3/mb_block_mdm_1_0_sim_netlist.vhdl to c:/Users/Shane/Documents/Classes/ECE_385/Lab_6/lab_6/lab_6.gen/sources_1/bd/mb_usb/ip/mb_usb_mdm_1_0/mb_usb_mdm_1_0_sim_netlist.vhdl.
INFO: [IP_Flow 19-6926] IPCACHE: added file to list for BOM: c:/Users/Shane/Documents/Classes/ECE_385/Lab_6/lab_6/lab_6.gen/sources_1/bd/mb_usb/ip/mb_usb_mdm_1_0/mb_usb_mdm_1_0_sim_netlist.vhdl
INFO: [IP_Flow 19-6928] IPCACHE: copied cached file c:/Users/Shane/Documents/Classes/ECE_385/Lab_6/lab_6/lab_6.cache/ip/2022.2/7/b/7ba594287a66c4c3/mb_block_mdm_1_0_stub.v to c:/Users/Shane/Documents/Classes/ECE_385/Lab_6/lab_6/lab_6.gen/sources_1/bd/mb_usb/ip/mb_usb_mdm_1_0/mb_usb_mdm_1_0_stub.v.
INFO: [IP_Flow 19-6926] IPCACHE: added file to list for BOM: c:/Users/Shane/Documents/Classes/ECE_385/Lab_6/lab_6/lab_6.gen/sources_1/bd/mb_usb/ip/mb_usb_mdm_1_0/mb_usb_mdm_1_0_stub.v
INFO: [IP_Flow 19-6928] IPCACHE: copied cached file c:/Users/Shane/Documents/Classes/ECE_385/Lab_6/lab_6/lab_6.cache/ip/2022.2/7/b/7ba594287a66c4c3/mb_block_mdm_1_0_stub.vhdl to c:/Users/Shane/Documents/Classes/ECE_385/Lab_6/lab_6/lab_6.gen/sources_1/bd/mb_usb/ip/mb_usb_mdm_1_0/mb_usb_mdm_1_0_stub.vhdl.
INFO: [IP_Flow 19-6926] IPCACHE: added file to list for BOM: c:/Users/Shane/Documents/Classes/ECE_385/Lab_6/lab_6/lab_6.gen/sources_1/bd/mb_usb/ip/mb_usb_mdm_1_0/mb_usb_mdm_1_0_stub.vhdl
INFO: [IP_Flow 19-4993] Using cached IP synthesis design for IP mb_usb_mdm_1_0, cache-ID = 7ba594287a66c4c3; cache size = 12.469 MB.
INFO: [IP_Flow 19-6924] IPCACHE: Running cache check for IP inst: mb_usb_dlmb_bram_if_cntlr_0
INFO: [IP_Flow 19-6924] IPCACHE: Running cache check for IP inst: mb_usb_dlmb_v10_0
INFO: [IP_Flow 19-6924] IPCACHE: Running cache check for IP inst: mb_usb_xbar_0
INFO: [IP_Flow 19-6924] IPCACHE: Running cache check for IP inst: mb_usb_gpio_usb_int_0
INFO: [IP_Flow 19-6924] IPCACHE: Running cache check for IP inst: mb_usb_gpio_usb_keycode_0
INFO: [IP_Flow 19-6924] IPCACHE: Running cache check for IP inst: mb_usb_gpio_usb_rst_0
INFO: [IP_Flow 19-6924] IPCACHE: Running cache check for IP inst: mb_usb_ilmb_bram_if_cntlr_0
INFO: [IP_Flow 19-6924] IPCACHE: Running cache check for IP inst: mb_usb_ilmb_v10_0
INFO: [IP_Flow 19-6924] IPCACHE: Running cache check for IP inst: mb_usb_lmb_bram_0
[Tue Oct 22 15:14:38 2024] Launched mb_usb_spi_usb_0_synth_1, mb_usb_dlmb_v10_0_synth_1, mb_usb_microblaze_0_axi_intc_0_synth_1, mb_usb_ilmb_v10_0_synth_1, mb_usb_clk_wiz_1_0_synth_1, mb_usb_axi_uartlite_0_0_synth_1, mb_usb_rst_clk_wiz_1_100M_0_synth_1, mb_usb_ilmb_bram_if_cntlr_0_synth_1, mb_usb_timer_usb_axi_0_synth_1, mb_usb_microblaze_0_0_synth_1, mb_usb_dlmb_bram_if_cntlr_0_synth_1, mb_usb_lmb_bram_0_synth_1, mb_usb_xbar_0_synth_1, mb_usb_gpio_usb_rst_0_synth_1, mb_usb_gpio_usb_int_0_synth_1, mb_usb_gpio_usb_keycode_0_synth_1...
Run output will be captured here:
mb_usb_spi_usb_0_synth_1: C:/Users/Shane/Documents/Classes/ECE_385/Lab_6/lab_6/lab_6.runs/mb_usb_spi_usb_0_synth_1/runme.log
mb_usb_dlmb_v10_0_synth_1: C:/Users/Shane/Documents/Classes/ECE_385/Lab_6/lab_6/lab_6.runs/mb_usb_dlmb_v10_0_synth_1/runme.log
mb_usb_microblaze_0_axi_intc_0_synth_1: C:/Users/Shane/Documents/Classes/ECE_385/Lab_6/lab_6/lab_6.runs/mb_usb_microblaze_0_axi_intc_0_synth_1/runme.log
mb_usb_ilmb_v10_0_synth_1: C:/Users/Shane/Documents/Classes/ECE_385/Lab_6/lab_6/lab_6.runs/mb_usb_ilmb_v10_0_synth_1/runme.log
mb_usb_clk_wiz_1_0_synth_1: C:/Users/Shane/Documents/Classes/ECE_385/Lab_6/lab_6/lab_6.runs/mb_usb_clk_wiz_1_0_synth_1/runme.log
mb_usb_axi_uartlite_0_0_synth_1: C:/Users/Shane/Documents/Classes/ECE_385/Lab_6/lab_6/lab_6.runs/mb_usb_axi_uartlite_0_0_synth_1/runme.log
mb_usb_rst_clk_wiz_1_100M_0_synth_1: C:/Users/Shane/Documents/Classes/ECE_385/Lab_6/lab_6/lab_6.runs/mb_usb_rst_clk_wiz_1_100M_0_synth_1/runme.log
mb_usb_ilmb_bram_if_cntlr_0_synth_1: C:/Users/Shane/Documents/Classes/ECE_385/Lab_6/lab_6/lab_6.runs/mb_usb_ilmb_bram_if_cntlr_0_synth_1/runme.log
mb_usb_timer_usb_axi_0_synth_1: C:/Users/Shane/Documents/Classes/ECE_385/Lab_6/lab_6/lab_6.runs/mb_usb_timer_usb_axi_0_synth_1/runme.log
mb_usb_microblaze_0_0_synth_1: C:/Users/Shane/Documents/Classes/ECE_385/Lab_6/lab_6/lab_6.runs/mb_usb_microblaze_0_0_synth_1/runme.log
mb_usb_dlmb_bram_if_cntlr_0_synth_1: C:/Users/Shane/Documents/Classes/ECE_385/Lab_6/lab_6/lab_6.runs/mb_usb_dlmb_bram_if_cntlr_0_synth_1/runme.log
mb_usb_lmb_bram_0_synth_1: C:/Users/Shane/Documents/Classes/ECE_385/Lab_6/lab_6/lab_6.runs/mb_usb_lmb_bram_0_synth_1/runme.log
mb_usb_xbar_0_synth_1: C:/Users/Shane/Documents/Classes/ECE_385/Lab_6/lab_6/lab_6.runs/mb_usb_xbar_0_synth_1/runme.log
mb_usb_gpio_usb_rst_0_synth_1: C:/Users/Shane/Documents/Classes/ECE_385/Lab_6/lab_6/lab_6.runs/mb_usb_gpio_usb_rst_0_synth_1/runme.log
mb_usb_gpio_usb_int_0_synth_1: C:/Users/Shane/Documents/Classes/ECE_385/Lab_6/lab_6/lab_6.runs/mb_usb_gpio_usb_int_0_synth_1/runme.log
mb_usb_gpio_usb_keycode_0_synth_1: C:/Users/Shane/Documents/Classes/ECE_385/Lab_6/lab_6/lab_6.runs/mb_usb_gpio_usb_keycode_0_synth_1/runme.log
[Tue Oct 22 15:14:39 2024] Launched synth_1...
Run output will be captured here: C:/Users/Shane/Documents/Classes/ECE_385/Lab_6/lab_6/lab_6.runs/synth_1/runme.log
launch_runs: Time (s): cpu = 00:00:33 ; elapsed = 00:00:39 . Memory (MB): peak = 1997.477 ; gain = 241.234
reset_run synth_1
reset_run mb_usb_ilmb_v10_0_synth_1
reset_run mb_usb_axi_uartlite_0_0_synth_1
reset_run mb_usb_rst_clk_wiz_1_100M_0_synth_1
reset_run mb_usb_ilmb_bram_if_cntlr_0_synth_1
reset_run mb_usb_timer_usb_axi_0_synth_1
reset_run mb_usb_microblaze_0_0_synth_1
reset_run mb_usb_dlmb_bram_if_cntlr_0_synth_1
reset_run mb_usb_lmb_bram_0_synth_1
reset_run mb_usb_xbar_0_synth_1
reset_run mb_usb_gpio_usb_rst_0_synth_1
reset_run mb_usb_gpio_usb_int_0_synth_1
reset_run mb_usb_gpio_usb_keycode_0_synth_1
reset_run mb_usb_spi_usb_0_synth_1
WARNING: [Vivado 12-1017] Problems encountered:
1. Failed to delete one or more files in run directory C:/Users/Shane/Documents/Classes/ECE_385/Lab_6/lab_6/lab_6.runs/mb_usb_spi_usb_0_synth_1

reset_run mb_usb_dlmb_v10_0_synth_1
WARNING: [Vivado 12-1017] Problems encountered:
1. Failed to delete one or more files in run directory C:/Users/Shane/Documents/Classes/ECE_385/Lab_6/lab_6/lab_6.runs/mb_usb_dlmb_v10_0_synth_1

reset_run mb_usb_microblaze_0_axi_intc_0_synth_1
WARNING: [Vivado 12-1017] Problems encountered:
1. Failed to delete one or more files in run directory C:/Users/Shane/Documents/Classes/ECE_385/Lab_6/lab_6/lab_6.runs/mb_usb_microblaze_0_axi_intc_0_synth_1

reset_run mb_usb_clk_wiz_1_0_synth_1
WARNING: [Vivado 12-1017] Problems encountered:
1. Failed to delete one or more files in run directory C:/Users/Shane/Documents/Classes/ECE_385/Lab_6/lab_6/lab_6.runs/mb_usb_clk_wiz_1_0_synth_1

set_property name clk_wiz_0 [get_bd_cells clk_wiz_1]
save_bd_design
Wrote  : <C:\Users\Shane\Documents\Classes\ECE_385\Lab_6\lab_6\lab_6.srcs\sources_1\bd\mb_usb\mb_usb.bd> 
Wrote  : <C:/Users/Shane/Documents/Classes/ECE_385/Lab_6/lab_6/lab_6.srcs/sources_1/bd/mb_usb/ui/bd_c7783e7a.ui> 
validate_bd_design
WARNING: [filemgmt 56-443] The ECC Algorithm string is empty. Setting the Memory Map to default ECC value to ECC_NONE.
INFO: [xilinx.com:ip:axi_intc:4.1-1] /microblaze_0_axi_intc: The AXI INTC core has been configured to operate with synchronous clocks.
INFO: [xilinx.com:ip:clk_wiz:6.0-1] /clk_wiz_0 clk_wiz propagate
INFO: [xilinx.com:ip:axi_quad_spi:3.2-1] /spi_usb 
                   #######################################################################################
                   INFO: AXI Quad SPI core's AXI Lite Clock and EXT SPI CLK are synchronous to each other.
                   ########################################################################################
set_property name clk_wiz_1 [get_bd_cells clk_wiz_0]
save_bd_design
Wrote  : <C:\Users\Shane\Documents\Classes\ECE_385\Lab_6\lab_6\lab_6.srcs\sources_1\bd\mb_usb\mb_usb.bd> 
Wrote  : <C:/Users/Shane/Documents/Classes/ECE_385/Lab_6/lab_6/lab_6.srcs/sources_1/bd/mb_usb/ui/bd_c7783e7a.ui> 
startgroup
set_property -dict [list \
  CONFIG.CLKOUT1_JITTER {130.958} \
  CONFIG.CLKOUT1_PHASE_ERROR {98.575} \
  CONFIG.CLKOUT1_REQUESTED_OUT_FREQ {100.000} \
  CONFIG.CLKOUT2_USED {false} \
  CONFIG.MMCM_CLKFBOUT_MULT_F {10.000} \
  CONFIG.MMCM_CLKOUT0_DIVIDE_F {10.000} \
  CONFIG.MMCM_CLKOUT1_DIVIDE {1} \
  CONFIG.NUM_OUT_CLKS {1} \
] [get_bd_cells clk_wiz_1]
endgroup
validate_bd_design
WARNING: [filemgmt 56-443] The ECC Algorithm string is empty. Setting the Memory Map to default ECC value to ECC_NONE.
INFO: [xilinx.com:ip:axi_intc:4.1-1] /microblaze_0_axi_intc: The AXI INTC core has been configured to operate with synchronous clocks.
INFO: [xilinx.com:ip:clk_wiz:6.0-1] /clk_wiz_1 clk_wiz propagate
INFO: [xilinx.com:ip:axi_quad_spi:3.2-1] /spi_usb 
                   #######################################################################################
                   INFO: AXI Quad SPI core's AXI Lite Clock and EXT SPI CLK are synchronous to each other.
                   ########################################################################################
save_bd_design
Wrote  : <C:\Users\Shane\Documents\Classes\ECE_385\Lab_6\lab_6\lab_6.srcs\sources_1\bd\mb_usb\mb_usb.bd> 
Wrote  : <C:/Users/Shane/Documents/Classes/ECE_385/Lab_6/lab_6/lab_6.srcs/sources_1/bd/mb_usb/ui/bd_c7783e7a.ui> 
create_ip -name axi_timer -vendor xilinx.com -library ip -version 2.0 -module_name axi_timer_0
generate_target {instantiation_template} [get_files c:/Users/Shane/Documents/Classes/ECE_385/Lab_6/lab_6/lab_6.srcs/sources_1/ip/axi_timer_0/axi_timer_0.xci]
INFO: [IP_Flow 19-1686] Generating 'Instantiation Template' target for IP 'axi_timer_0'...
update_compile_order -fileset sources_1
create_ip -name axi_timer -vendor xilinx.com -library ip -version 2.0 -module_name timer_usb_axi
set_property -dict [list \
  CONFIG.Component_Name {timer_usb_axi} \
  CONFIG.enable_timer2 {0} \
] [get_ips timer_usb_axi]
WARNING: [Vivado 12-3523] Attempt to change 'Component_Name' from 'timer_usb_axi' to 'timer_usb_axi' is not allowed and is ignored.
generate_target {instantiation_template} [get_files c:/Users/Shane/Documents/Classes/ECE_385/Lab_6/lab_6/lab_6.srcs/sources_1/ip/timer_usb_axi/timer_usb_axi.xci]
INFO: [IP_Flow 19-1686] Generating 'Instantiation Template' target for IP 'timer_usb_axi'...
update_compile_order -fileset sources_1
generate_target all [get_files  c:/Users/Shane/Documents/Classes/ECE_385/Lab_6/lab_6/lab_6.srcs/sources_1/ip/timer_usb_axi/timer_usb_axi.xci]
INFO: [IP_Flow 19-1686] Generating 'Synthesis' target for IP 'timer_usb_axi'...
WARNING: [IP_Flow 19-4994] Overwriting existing constraint file 'c:/Users/Shane/Documents/Classes/ECE_385/Lab_6/lab_6/lab_6.gen/sources_1/ip/timer_usb_axi/timer_usb_axi_ooc.xdc'
INFO: [IP_Flow 19-1686] Generating 'Simulation' target for IP 'timer_usb_axi'...
INFO: [IP_Flow 19-1686] Generating 'Change Log' target for IP 'timer_usb_axi'...
catch { config_ip_cache -export [get_ips -all timer_usb_axi] }
INFO: [IP_Flow 19-6924] IPCACHE: Running cache check for IP inst: timer_usb_axi
export_ip_user_files -of_objects [get_files c:/Users/Shane/Documents/Classes/ECE_385/Lab_6/lab_6/lab_6.srcs/sources_1/ip/timer_usb_axi/timer_usb_axi.xci] -no_script -sync -force -quiet
create_ip_run [get_files -of_objects [get_fileset sources_1] c:/Users/Shane/Documents/Classes/ECE_385/Lab_6/lab_6/lab_6.srcs/sources_1/ip/timer_usb_axi/timer_usb_axi.xci]
launch_runs timer_usb_axi_synth_1 -jobs 4
INFO: [IP_Flow 19-6924] IPCACHE: Running cache check for IP inst: timer_usb_axi
[Tue Oct 22 15:26:46 2024] Launched timer_usb_axi_synth_1...
Run output will be captured here: C:/Users/Shane/Documents/Classes/ECE_385/Lab_6/lab_6/lab_6.runs/timer_usb_axi_synth_1/runme.log
export_simulation -of_objects [get_files c:/Users/Shane/Documents/Classes/ECE_385/Lab_6/lab_6/lab_6.srcs/sources_1/ip/timer_usb_axi/timer_usb_axi.xci] -directory C:/Users/Shane/Documents/Classes/ECE_385/Lab_6/lab_6/lab_6.ip_user_files/sim_scripts -ip_user_files_dir C:/Users/Shane/Documents/Classes/ECE_385/Lab_6/lab_6/lab_6.ip_user_files -ipstatic_source_dir C:/Users/Shane/Documents/Classes/ECE_385/Lab_6/lab_6/lab_6.ip_user_files/ipstatic -lib_map_path [list {modelsim=C:/Users/Shane/Documents/Classes/ECE_385/Lab_6/lab_6/lab_6.cache/compile_simlib/modelsim} {questa=C:/Users/Shane/Documents/Classes/ECE_385/Lab_6/lab_6/lab_6.cache/compile_simlib/questa} {riviera=C:/Users/Shane/Documents/Classes/ECE_385/Lab_6/lab_6/lab_6.cache/compile_simlib/riviera} {activehdl=C:/Users/Shane/Documents/Classes/ECE_385/Lab_6/lab_6/lab_6.cache/compile_simlib/activehdl}] -use_ip_compiled_libs -force -quiet
open_bd_design {C:/Users/Shane/Documents/Classes/ECE_385/Lab_6/lab_6/lab_6.srcs/sources_1/bd/mb_usb/mb_usb.bd}
validate_bd_design -force
WARNING: [filemgmt 56-443] The ECC Algorithm string is empty. Setting the Memory Map to default ECC value to ECC_NONE.
INFO: [xilinx.com:ip:axi_intc:4.1-1] /microblaze_0_axi_intc: The AXI INTC core has been configured to operate with synchronous clocks.
INFO: [xilinx.com:ip:clk_wiz:6.0-1] /clk_wiz_1 clk_wiz propagate
INFO: [xilinx.com:ip:axi_quad_spi:3.2-1] /spi_usb 
                   #######################################################################################
                   INFO: AXI Quad SPI core's AXI Lite Clock and EXT SPI CLK are synchronous to each other.
                   ########################################################################################
save_bd_design
Wrote  : <C:\Users\Shane\Documents\Classes\ECE_385\Lab_6\lab_6\lab_6.srcs\sources_1\bd\mb_usb\mb_usb.bd> 
Wrote  : <C:/Users/Shane/Documents/Classes/ECE_385/Lab_6/lab_6/lab_6.srcs/sources_1/bd/mb_usb/ui/bd_c7783e7a.ui> 
set_property CONFIG.enable_timer2 {0} [get_ips timer_usb_axi]
export_ip_user_files -of_objects  [get_files c:/Users/Shane/Documents/Classes/ECE_385/Lab_6/lab_6/lab_6.srcs/sources_1/ip/timer_usb_axi/timer_usb_axi.xci] -no_script -reset -force -quiet
remove_files  -fileset timer_usb_axi c:/Users/Shane/Documents/Classes/ECE_385/Lab_6/lab_6/lab_6.srcs/sources_1/ip/timer_usb_axi/timer_usb_axi.xci
INFO: [Project 1-386] Moving file 'c:/Users/Shane/Documents/Classes/ECE_385/Lab_6/lab_6/lab_6.srcs/sources_1/ip/timer_usb_axi/timer_usb_axi.xci' from fileset 'timer_usb_axi' to fileset 'sources_1'.
file delete -force c:/Users/Shane/Documents/Classes/ECE_385/Lab_6/lab_6/lab_6.srcs/sources_1/ip/timer_usb_axi
file delete -force c:/Users/Shane/Documents/Classes/ECE_385/Lab_6/lab_6/lab_6.gen/sources_1/ip/timer_usb_axi
startgroup
endgroup
delete_bd_objs [get_bd_nets microblaze_0_Clk]
startgroup
endgroup
undo
INFO: [Common 17-17] undo 'endgroup'
INFO: [Common 17-17] undo 'startgroup'
undo
INFO: [Common 17-17] undo 'delete_bd_objs [get_bd_nets microblaze_0_Clk]'
save_bd_design
Wrote  : <C:\Users\Shane\Documents\Classes\ECE_385\Lab_6\lab_6\lab_6.srcs\sources_1\bd\mb_usb\mb_usb.bd> 
Wrote  : <C:/Users/Shane/Documents/Classes/ECE_385/Lab_6/lab_6/lab_6.srcs/sources_1/bd/mb_usb/ui/bd_c7783e7a.ui> 
startgroup
endgroup
set_property location {3 423 -273} [get_bd_cells timer_usb_axi]
set_property location {4 1133 -329} [get_bd_cells timer_usb_axi]
set_property location {3 514 -280} [get_bd_cells timer_usb_axi]
set_property location {4 1098 -375} [get_bd_cells spi_usb]
set_property location {4 1153 -374} [get_bd_cells spi_usb]
set_property location {4 1154 -359} [get_bd_cells spi_usb]
set_property location {4 1170 -184} [get_bd_cells axi_uartlite_0]
set_property location {2058 -187} [get_bd_intf_ports uart_rtl_0]
set_property location {3 478 -24} [get_bd_cells timer_usb_axi]
set_property location {3 511 13} [get_bd_cells timer_usb_axi]
set_property location {3 508 13} [get_bd_cells timer_usb_axi]
set_property location {3 506 336} [get_bd_cells microblaze_0_axi_periph]
set_property location {3 449 648} [get_bd_cells microblaze_0_xlconcat]
set_property location {4 1174 516} [get_bd_cells microblaze_0_axi_intc]
set_property location {4 1157 339} [get_bd_cells gpio_usb_keycode]
set_property location {4 1165 -16} [get_bd_cells gpio_usb_rst]
set_property location {4 1165 192} [get_bd_cells gpio_usb_int]
set_property location {4 1169 41} [get_bd_cells gpio_usb_rst]
set_property location {4 1157 -116} [get_bd_cells axi_uartlite_0]
set_property location {4 1084 721} [get_bd_cells spi_usb]
set_property location {2053 655} [get_bd_ports usb_spi_sclk]
set_property location {2014 718} [get_bd_ports usb_spi_sclk]
set_property location {2004 736} [get_bd_ports usb_spi_sclk]
set_property location {2009 734} [get_bd_ports usb_spi_sclk]
set_property location {2013 677} [get_bd_ports usb_spi_mosi]
set_property location {1454 350} [get_bd_intf_ports gpio_usb_keycode_1]
set_property location {1461 329} [get_bd_intf_ports gpio_usb_keycode_0]
set_property location {1437 313} [get_bd_intf_ports gpio_usb_keycode_0]
set_property location {1437 43} [get_bd_intf_ports gpio_usb_rst]
set_property location {1442 903} [get_bd_ports usb_spi_ss]
set_property location {1442 884} [get_bd_ports usb_spi_ss]
set_property location {1444 893} [get_bd_ports usb_spi_ss]
set_property location {1436 832} [get_bd_ports usb_spi_sclk]
set_property location {1444 713} [get_bd_ports usb_spi_mosi]
set_property location {1442 180} [get_bd_intf_ports gpio_usb_int]
set_property location {2 103 -36} [get_bd_cells microblaze_0_local_memory]
set_property location {2 107 -46} [get_bd_cells microblaze_0_local_memory]
set_property location {2 94 180} [get_bd_cells rst_clk_wiz_1_100M]
set_property location {1 -357 314} [get_bd_cells clk_wiz_1]
set_property location {1 -353 96} [get_bd_cells mdm_1]
set_property location {1 -352 221} [get_bd_cells clk_wiz_1]
set_property location {1 -370 235} [get_bd_cells clk_wiz_1]
set_property location {1 -352 239} [get_bd_cells clk_wiz_1]
set_property location {-667 -294} [get_bd_ports reset_rtl_0]
export_ip_user_files -of_objects  [get_files c:/Users/Shane/Documents/Classes/ECE_385/Lab_6/lab_6/lab_6.srcs/sources_1/ip/axi_timer_0/axi_timer_0.xci] -no_script -reset -force -quiet
remove_files  c:/Users/Shane/Documents/Classes/ECE_385/Lab_6/lab_6/lab_6.srcs/sources_1/ip/axi_timer_0/axi_timer_0.xci
file delete -force c:/Users/Shane/Documents/Classes/ECE_385/Lab_6/lab_6/lab_6.srcs/sources_1/ip/axi_timer_0
file delete -force c:/Users/Shane/Documents/Classes/ECE_385/Lab_6/lab_6/lab_6.gen/sources_1/ip/axi_timer_0
create_ip -name clk_wiz -vendor xilinx.com -library ip -version 6.0 -module_name clk_wiz_0
set_property -dict [list \
  CONFIG.CLKOUT1_JITTER {175.402} \
  CONFIG.CLKOUT1_REQUESTED_OUT_FREQ {25.000} \
  CONFIG.CLKOUT2_JITTER {125.247} \
  CONFIG.CLKOUT2_PHASE_ERROR {98.575} \
  CONFIG.CLKOUT2_REQUESTED_OUT_FREQ {125.000} \
  CONFIG.CLKOUT2_USED {true} \
  CONFIG.MMCM_CLKOUT0_DIVIDE_F {40.000} \
  CONFIG.MMCM_CLKOUT1_DIVIDE {8} \
  CONFIG.NUM_OUT_CLKS {2} \
] [get_ips clk_wiz_0]
generate_target {instantiation_template} [get_files c:/Users/Shane/Documents/Classes/ECE_385/Lab_6/lab_6/lab_6.srcs/sources_1/ip/clk_wiz_0/clk_wiz_0.xci]
INFO: [IP_Flow 19-1686] Generating 'Instantiation Template' target for IP 'clk_wiz_0'...
update_compile_order -fileset sources_1
generate_target all [get_files  c:/Users/Shane/Documents/Classes/ECE_385/Lab_6/lab_6/lab_6.srcs/sources_1/ip/clk_wiz_0/clk_wiz_0.xci]
INFO: [IP_Flow 19-1686] Generating 'Synthesis' target for IP 'clk_wiz_0'...
INFO: [IP_Flow 19-1686] Generating 'Simulation' target for IP 'clk_wiz_0'...
INFO: [IP_Flow 19-1686] Generating 'Implementation' target for IP 'clk_wiz_0'...
INFO: [IP_Flow 19-1686] Generating 'Change Log' target for IP 'clk_wiz_0'...
catch { config_ip_cache -export [get_ips -all clk_wiz_0] }
INFO: [IP_Flow 19-6924] IPCACHE: Running cache check for IP inst: clk_wiz_0
export_ip_user_files -of_objects [get_files c:/Users/Shane/Documents/Classes/ECE_385/Lab_6/lab_6/lab_6.srcs/sources_1/ip/clk_wiz_0/clk_wiz_0.xci] -no_script -sync -force -quiet
create_ip_run [get_files -of_objects [get_fileset sources_1] c:/Users/Shane/Documents/Classes/ECE_385/Lab_6/lab_6/lab_6.srcs/sources_1/ip/clk_wiz_0/clk_wiz_0.xci]
launch_runs clk_wiz_0_synth_1 -jobs 4
INFO: [IP_Flow 19-6924] IPCACHE: Running cache check for IP inst: clk_wiz_0
[Tue Oct 22 16:01:59 2024] Launched clk_wiz_0_synth_1...
Run output will be captured here: C:/Users/Shane/Documents/Classes/ECE_385/Lab_6/lab_6/lab_6.runs/clk_wiz_0_synth_1/runme.log
export_simulation -of_objects [get_files c:/Users/Shane/Documents/Classes/ECE_385/Lab_6/lab_6/lab_6.srcs/sources_1/ip/clk_wiz_0/clk_wiz_0.xci] -directory C:/Users/Shane/Documents/Classes/ECE_385/Lab_6/lab_6/lab_6.ip_user_files/sim_scripts -ip_user_files_dir C:/Users/Shane/Documents/Classes/ECE_385/Lab_6/lab_6/lab_6.ip_user_files -ipstatic_source_dir C:/Users/Shane/Documents/Classes/ECE_385/Lab_6/lab_6/lab_6.ip_user_files/ipstatic -lib_map_path [list {modelsim=C:/Users/Shane/Documents/Classes/ECE_385/Lab_6/lab_6/lab_6.cache/compile_simlib/modelsim} {questa=C:/Users/Shane/Documents/Classes/ECE_385/Lab_6/lab_6/lab_6.cache/compile_simlib/questa} {riviera=C:/Users/Shane/Documents/Classes/ECE_385/Lab_6/lab_6/lab_6.cache/compile_simlib/riviera} {activehdl=C:/Users/Shane/Documents/Classes/ECE_385/Lab_6/lab_6/lab_6.cache/compile_simlib/activehdl}] -use_ip_compiled_libs -force -quiet
generate_target Simulation [get_files C:/Users/Shane/Documents/Classes/ECE_385/Lab_6/lab_6/lab_6.srcs/sources_1/bd/mb_usb/mb_usb.bd]
INFO: [Common 17-365] Interrupt caught but 'generate_target' cannot be canceled. Please wait for command to finish.
WARNING: [filemgmt 56-443] The ECC Algorithm string is empty. Setting the Memory Map to default ECC value to ECC_NONE.
WARNING: [filemgmt 56-443] The ECC Algorithm string is empty. Setting the Memory Map to default ECC value to ECC_NONE.
INFO: [xilinx.com:ip:axi_intc:4.1-1] /microblaze_0_axi_intc: The AXI INTC core has been configured to operate with synchronous clocks.
INFO: [xilinx.com:ip:clk_wiz:6.0-1] /clk_wiz_1 clk_wiz propagate
INFO: [xilinx.com:ip:axi_quad_spi:3.2-1] /spi_usb 
                   #######################################################################################
                   INFO: AXI Quad SPI core's AXI Lite Clock and EXT SPI CLK are synchronous to each other.
                   ########################################################################################
Wrote  : <C:\Users\Shane\Documents\Classes\ECE_385\Lab_6\lab_6\lab_6.srcs\sources_1\bd\mb_usb\mb_usb.bd> 
Wrote  : <C:/Users/Shane/Documents/Classes/ECE_385/Lab_6/lab_6/lab_6.srcs/sources_1/bd/mb_usb/ui/bd_c7783e7a.ui> 
Verilog Output written to : c:/Users/Shane/Documents/Classes/ECE_385/Lab_6/lab_6/lab_6.gen/sources_1/bd/mb_usb/synth/mb_usb.v
Verilog Output written to : c:/Users/Shane/Documents/Classes/ECE_385/Lab_6/lab_6/lab_6.gen/sources_1/bd/mb_usb/sim/mb_usb.v
Verilog Output written to : c:/Users/Shane/Documents/Classes/ECE_385/Lab_6/lab_6/lab_6.gen/sources_1/bd/mb_usb/hdl/mb_usb_wrapper.v
INFO: [BD 41-1029] Generation completed for the IP Integrator block microblaze_0 .
INFO: [BD 41-1171] User-interrupt detected : Generation halted successfully for IP Integrator design C:/Users/Shane/Documents/Classes/ECE_385/Lab_6/lab_6/lab_6.srcs/sources_1/bd/mb_usb/mb_usb.bd
INFO: [Common 17-681] Processing pending cancel.
export_ip_user_files -of_objects [get_files C:/Users/Shane/Documents/Classes/ECE_385/Lab_6/lab_6/lab_6.srcs/sources_1/bd/mb_usb/mb_usb.bd] -no_script -sync -force -quiet
export_simulation -of_objects [get_files C:/Users/Shane/Documents/Classes/ECE_385/Lab_6/lab_6/lab_6.srcs/sources_1/bd/mb_usb/mb_usb.bd] -directory C:/Users/Shane/Documents/Classes/ECE_385/Lab_6/lab_6/lab_6.ip_user_files/sim_scripts -ip_user_files_dir C:/Users/Shane/Documents/Classes/ECE_385/Lab_6/lab_6/lab_6.ip_user_files -ipstatic_source_dir C:/Users/Shane/Documents/Classes/ECE_385/Lab_6/lab_6/lab_6.ip_user_files/ipstatic -lib_map_path [list {modelsim=C:/Users/Shane/Documents/Classes/ECE_385/Lab_6/lab_6/lab_6.cache/compile_simlib/modelsim} {questa=C:/Users/Shane/Documents/Classes/ECE_385/Lab_6/lab_6/lab_6.cache/compile_simlib/questa} {riviera=C:/Users/Shane/Documents/Classes/ECE_385/Lab_6/lab_6/lab_6.cache/compile_simlib/riviera} {activehdl=C:/Users/Shane/Documents/Classes/ECE_385/Lab_6/lab_6/lab_6.cache/compile_simlib/activehdl}] -use_ip_compiled_libs -force -quiet
launch_simulation
Command: launch_simulation 
INFO: [Vivado 12-12493] Simulation top is 'mb_usb_hdmi_top'
WARNING: [Vivado 12-13340] Unable to auto find GCC executables from simulator install path! (path not set)
WARNING: [Vivado 12-13277] Compiled library path does not exist: ''
INFO: [Vivado 12-5698] Checking validity of IPs in the design for the 'XSim' simulator...
Generating merged BMM file for the design top 'mb_usb_hdmi_top'...
INFO: [Vivado 12-5682] Launching behavioral simulation in 'C:/Users/Shane/Documents/Classes/ECE_385/Lab_6/lab_6/lab_6.sim/sim_1/behav/xsim'
INFO: [Vivado 12-13660] Precompiled IP simulation library mode is enabled (default). The design IP libraries will be referenced from the compiled library path. Please note that if the precompiled version of the library is not found from the path or the IP is in locked state, then the library source files for these IPs will be compiled locally as part of the compile order.
INFO: [Vivado 12-4795] Using compiled simulation libraries for IPs
INFO: [SIM-utils-51] Simulation object is 'sim_1'
INFO: [SIM-utils-72] Using boost library from 'C:/Xilinx/Vivado/2022.2/tps/boost_1_72_0'
INFO: [USF-XSim-7] Finding pre-compiled libraries...
INFO: [USF-XSim-11] File 'C:/Xilinx/Vivado/2022.2/data/xsim/xsim.ini' copied to run dir:'C:/Users/Shane/Documents/Classes/ECE_385/Lab_6/lab_6/lab_6.sim/sim_1/behav/xsim'
INFO: [SIM-utils-50] Design contains embedded sources, generating MEM files for simulation...
Generating merged BMM file for the design top 'mb_usb_hdmi_top'...
Generating merged BMM file for the design top 'mb_usb_hdmi_top'...
INFO: [SIM-utils-54] Inspecting design source files for 'mb_usb_hdmi_top' in fileset 'sim_1'...
INFO: [SIM-utils-43] Exported 'C:/Users/Shane/Documents/Classes/ECE_385/Lab_6/lab_6/lab_6.sim/sim_1/behav/xsim/mode_1_memory_0_mixed.mif'
INFO: [SIM-utils-43] Exported 'C:/Users/Shane/Documents/Classes/ECE_385/Lab_6/lab_6/lab_6.sim/sim_1/behav/xsim/mode_1_memory_1_wb.mif'
INFO: [SIM-utils-43] Exported 'C:/Users/Shane/Documents/Classes/ECE_385/Lab_6/lab_6/lab_6.sim/sim_1/behav/xsim/mode_1_memory_2_nm.mif'
INFO: [SIM-utils-43] Exported 'C:/Users/Shane/Documents/Classes/ECE_385/Lab_6/lab_6/lab_6.sim/sim_1/behav/xsim/mode_1_memory_4_mx.mif'
INFO: [SIM-utils-43] Exported 'C:/Users/Shane/Documents/Classes/ECE_385/Lab_6/lab_6/lab_6.sim/sim_1/behav/xsim/mode_2_memory_0_mixed.mif'
INFO: [SIM-utils-43] Exported 'C:/Users/Shane/Documents/Classes/ECE_385/Lab_6/lab_6/lab_6.sim/sim_1/behav/xsim/mode_2_memory_1_wb.mif'
INFO: [SIM-utils-43] Exported 'C:/Users/Shane/Documents/Classes/ECE_385/Lab_6/lab_6/lab_6.sim/sim_1/behav/xsim/mode_2_memory_2_nm.mif'
INFO: [SIM-utils-43] Exported 'C:/Users/Shane/Documents/Classes/ECE_385/Lab_6/lab_6/lab_6.sim/sim_1/behav/xsim/mode_2_memory_4_mx.mif'
INFO: [SIM-utils-43] Exported 'C:/Users/Shane/Documents/Classes/ECE_385/Lab_6/lab_6/lab_6.sim/sim_1/behav/xsim/mode_2_memory_3_sp.mif'
INFO: [SIM-utils-43] Exported 'C:/Users/Shane/Documents/Classes/ECE_385/Lab_6/lab_6/lab_6.sim/sim_1/behav/xsim/mode_1_memory_3_sp.mif'
INFO: [SIM-utils-43] Exported 'C:/Users/Shane/Documents/Classes/ECE_385/Lab_6/lab_6/lab_6.sim/sim_1/behav/xsim/mode_1_memory_0_mixed.mem'
INFO: [SIM-utils-43] Exported 'C:/Users/Shane/Documents/Classes/ECE_385/Lab_6/lab_6/lab_6.sim/sim_1/behav/xsim/mode_1_memory_1_wb.mem'
INFO: [SIM-utils-43] Exported 'C:/Users/Shane/Documents/Classes/ECE_385/Lab_6/lab_6/lab_6.sim/sim_1/behav/xsim/mode_1_memory_2_nm.mem'
INFO: [SIM-utils-43] Exported 'C:/Users/Shane/Documents/Classes/ECE_385/Lab_6/lab_6/lab_6.sim/sim_1/behav/xsim/mode_1_memory_4_mx.mem'
INFO: [SIM-utils-43] Exported 'C:/Users/Shane/Documents/Classes/ECE_385/Lab_6/lab_6/lab_6.sim/sim_1/behav/xsim/mode_2_memory_0_mixed.mem'
INFO: [SIM-utils-43] Exported 'C:/Users/Shane/Documents/Classes/ECE_385/Lab_6/lab_6/lab_6.sim/sim_1/behav/xsim/mode_2_memory_1_wb.mem'
INFO: [SIM-utils-43] Exported 'C:/Users/Shane/Documents/Classes/ECE_385/Lab_6/lab_6/lab_6.sim/sim_1/behav/xsim/mode_2_memory_2_nm.mem'
INFO: [SIM-utils-43] Exported 'C:/Users/Shane/Documents/Classes/ECE_385/Lab_6/lab_6/lab_6.sim/sim_1/behav/xsim/mode_2_memory_4_mx.mem'
INFO: [SIM-utils-43] Exported 'C:/Users/Shane/Documents/Classes/ECE_385/Lab_6/lab_6/lab_6.sim/sim_1/behav/xsim/mode_2_memory_3_sp.mem'
INFO: [SIM-utils-43] Exported 'C:/Users/Shane/Documents/Classes/ECE_385/Lab_6/lab_6/lab_6.sim/sim_1/behav/xsim/mode_1_memory_3_sp.mem'
INFO: [USF-XSim-97] Finding global include files...
INFO: [USF-XSim-98] Fetching design files from 'sim_1'...
INFO: [USF-XSim-2] XSim::Compile design
INFO: [USF-XSim-61] Executing 'COMPILE and ANALYZE' step in 'C:/Users/Shane/Documents/Classes/ECE_385/Lab_6/lab_6/lab_6.sim/sim_1/behav/xsim'
"xvlog --incr --relax -L uvm -prj mb_usb_hdmi_top_vlog.prj"
INFO: [VRFC 10-2263] Analyzing Verilog file "C:/Users/Shane/Documents/Classes/ECE_385/Lab_6/lab_6/lab_6.gen/sources_1/ip/hdmi_tx_0/hdl/encode.v" into library xil_defaultlib
INFO: [VRFC 10-311] analyzing module encode
INFO: [VRFC 10-2263] Analyzing Verilog file "C:/Users/Shane/Documents/Classes/ECE_385/Lab_6/lab_6/lab_6.gen/sources_1/ip/hdmi_tx_0/hdl/serdes_10_to_1.v" into library xil_defaultlib
INFO: [VRFC 10-311] analyzing module serdes_10_to_1
INFO: [VRFC 10-2263] Analyzing Verilog file "C:/Users/Shane/Documents/Classes/ECE_385/Lab_6/lab_6/lab_6.gen/sources_1/ip/hdmi_tx_0/hdl/srldelay.v" into library xil_defaultlib
INFO: [VRFC 10-311] analyzing module srldelay
INFO: [VRFC 10-2263] Analyzing Verilog file "C:/Users/Shane/Documents/Classes/ECE_385/Lab_6/lab_6/lab_6.gen/sources_1/ip/hdmi_tx_0/hdl/hdmi_tx_v1_0.v" into library xil_defaultlib
INFO: [VRFC 10-311] analyzing module hdmi_tx_v1_0
INFO: [VRFC 10-2263] Analyzing Verilog file "C:/Users/Shane/Documents/Classes/ECE_385/Lab_6/lab_6/lab_6.gen/sources_1/ip/hdmi_tx_0/sim/hdmi_tx_0.v" into library xil_defaultlib
INFO: [VRFC 10-311] analyzing module hdmi_tx_0
INFO: [VRFC 10-2263] Analyzing Verilog file "C:/Users/Shane/Documents/Classes/ECE_385/Lab_6/lab_6/lab_6.gen/sources_1/ip/clk_wiz_0/clk_wiz_0_clk_wiz.v" into library xil_defaultlib
INFO: [VRFC 10-311] analyzing module clk_wiz_0_clk_wiz
INFO: [VRFC 10-2263] Analyzing Verilog file "C:/Users/Shane/Documents/Classes/ECE_385/Lab_6/lab_6/lab_6.gen/sources_1/ip/clk_wiz_0/clk_wiz_0.v" into library xil_defaultlib
INFO: [VRFC 10-311] analyzing module clk_wiz_0
INFO: [VRFC 10-2263] Analyzing Verilog file "C:/Users/Shane/Documents/Classes/ECE_385/Lab_6/lab_6/lab_6.ip_user_files/bd/mb_usb/ip/mb_usb_lmb_bram_0/sim/mb_usb_lmb_bram_0.v" into library xil_defaultlib
INFO: [VRFC 10-311] analyzing module mb_usb_lmb_bram_0
INFO: [VRFC 10-2263] Analyzing Verilog file "C:/Users/Shane/Documents/Classes/ECE_385/Lab_6/lab_6/lab_6.ip_user_files/bd/mb_usb/ip/mb_usb_xbar_0/sim/mb_usb_xbar_0.v" into library xil_defaultlib
INFO: [VRFC 10-311] analyzing module mb_usb_xbar_0
INFO: [VRFC 10-2263] Analyzing Verilog file "C:/Users/Shane/Documents/Classes/ECE_385/Lab_6/lab_6/lab_6.ip_user_files/bd/mb_usb/ip/mb_usb_clk_wiz_1_0/mb_usb_clk_wiz_1_0_clk_wiz.v" into library xil_defaultlib
INFO: [VRFC 10-311] analyzing module mb_usb_clk_wiz_1_0_clk_wiz
INFO: [VRFC 10-2263] Analyzing Verilog file "C:/Users/Shane/Documents/Classes/ECE_385/Lab_6/lab_6/lab_6.ip_user_files/bd/mb_usb/ip/mb_usb_clk_wiz_1_0/mb_usb_clk_wiz_1_0.v" into library xil_defaultlib
INFO: [VRFC 10-311] analyzing module mb_usb_clk_wiz_1_0
INFO: [VRFC 10-2263] Analyzing Verilog file "C:/Users/Shane/Documents/Classes/ECE_385/Lab_6/lab_6/lab_6.ip_user_files/bd/mb_usb/ip/mb_usb_microblaze_0_xlconcat_0/sim/mb_usb_microblaze_0_xlconcat_0.v" into library xil_defaultlib
INFO: [VRFC 10-311] analyzing module mb_usb_microblaze_0_xlconcat_0
INFO: [VRFC 10-2263] Analyzing Verilog file "C:/Users/Shane/Documents/Classes/ECE_385/Lab_6/lab_6/lab_6.ip_user_files/bd/mb_usb/sim/mb_usb.v" into library xil_defaultlib
INFO: [VRFC 10-311] analyzing module m00_couplers_imp_1CNVJ1L
INFO: [VRFC 10-311] analyzing module m01_couplers_imp_ADY9K
INFO: [VRFC 10-311] analyzing module m02_couplers_imp_BB516Y
INFO: [VRFC 10-311] analyzing module m03_couplers_imp_11D4JQ3
INFO: [VRFC 10-311] analyzing module m04_couplers_imp_Y7VWKU
INFO: [VRFC 10-311] analyzing module m05_couplers_imp_1N5X0ZJ
INFO: [VRFC 10-311] analyzing module m06_couplers_imp_1Y6O2J1
INFO: [VRFC 10-311] analyzing module mb_usb
INFO: [VRFC 10-311] analyzing module mb_usb_microblaze_0_axi_periph_0
INFO: [VRFC 10-311] analyzing module microblaze_0_local_memory_imp_4XV58R
INFO: [VRFC 10-311] analyzing module s00_couplers_imp_16FJ1YW
INFO: [VRFC 10-2263] Analyzing SystemVerilog file "C:/Users/Shane/Documents/Classes/ECE_385/Lab_6/lab6_2_provided/design_source/Color_Mapper.sv" into library xil_defaultlib
INFO: [VRFC 10-311] analyzing module color_mapper
INFO: [VRFC 10-2263] Analyzing SystemVerilog file "C:/Users/Shane/Documents/Classes/ECE_385/Lab_6/lab6_2_provided/design_source/VGA_controller.sv" into library xil_defaultlib
INFO: [VRFC 10-311] analyzing module vga_controller
INFO: [VRFC 10-2263] Analyzing SystemVerilog file "C:/Users/Shane/Documents/Classes/ECE_385/Lab_6/lab6_2_provided/design_source/ball.sv" into library xil_defaultlib
INFO: [VRFC 10-311] analyzing module ball
INFO: [VRFC 10-2263] Analyzing SystemVerilog file "C:/Users/Shane/Documents/Classes/ECE_385/Lab_6/lab6_2_provided/design_source/hex_driver.sv" into library xil_defaultlib
INFO: [VRFC 10-311] analyzing module hex_driver
INFO: [VRFC 10-311] analyzing module nibble_to_hex
INFO: [VRFC 10-2263] Analyzing SystemVerilog file "C:/Users/Shane/Documents/Classes/ECE_385/Lab_6/lab6_2_provided/design_source/mb_usb_hdmi_top.sv" into library xil_defaultlib
INFO: [VRFC 10-311] analyzing module mb_usb_hdmi_top
INFO: [VRFC 10-2263] Analyzing Verilog file "C:/Users/Shane/Documents/Classes/ECE_385/Lab_6/lab_6/lab_6.sim/sim_1/behav/xsim/glbl.v" into library xil_defaultlib
INFO: [VRFC 10-311] analyzing module glbl
"xvhdl --incr --relax -prj mb_usb_hdmi_top_vhdl.prj"
INFO: [VRFC 10-163] Analyzing VHDL file "C:/Users/Shane/Documents/Classes/ECE_385/Lab_6/lab_6/lab_6.ip_user_files/bd/mb_usb/ip/mb_usb_microblaze_0_0/sim/mb_usb_microblaze_0_0.vhd" into library xil_defaultlib
INFO: [VRFC 10-3107] analyzing entity 'mb_usb_microblaze_0_0'
INFO: [VRFC 10-163] Analyzing VHDL file "C:/Users/Shane/Documents/Classes/ECE_385/Lab_6/lab_6/lab_6.ip_user_files/bd/mb_usb/ip/mb_usb_dlmb_v10_0/sim/mb_usb_dlmb_v10_0.vhd" into library xil_defaultlib
INFO: [VRFC 10-3107] analyzing entity 'mb_usb_dlmb_v10_0'
INFO: [VRFC 10-163] Analyzing VHDL file "C:/Users/Shane/Documents/Classes/ECE_385/Lab_6/lab_6/lab_6.ip_user_files/bd/mb_usb/ip/mb_usb_ilmb_v10_0/sim/mb_usb_ilmb_v10_0.vhd" into library xil_defaultlib
INFO: [VRFC 10-3107] analyzing entity 'mb_usb_ilmb_v10_0'
INFO: [VRFC 10-163] Analyzing VHDL file "C:/Users/Shane/Documents/Classes/ECE_385/Lab_6/lab_6/lab_6.ip_user_files/bd/mb_usb/ip/mb_usb_dlmb_bram_if_cntlr_0/sim/mb_usb_dlmb_bram_if_cntlr_0.vhd" into library xil_defaultlib
INFO: [VRFC 10-3107] analyzing entity 'mb_usb_dlmb_bram_if_cntlr_0'
INFO: [VRFC 10-163] Analyzing VHDL file "C:/Users/Shane/Documents/Classes/ECE_385/Lab_6/lab_6/lab_6.ip_user_files/bd/mb_usb/ip/mb_usb_ilmb_bram_if_cntlr_0/sim/mb_usb_ilmb_bram_if_cntlr_0.vhd" into library xil_defaultlib
INFO: [VRFC 10-3107] analyzing entity 'mb_usb_ilmb_bram_if_cntlr_0'
INFO: [VRFC 10-163] Analyzing VHDL file "C:/Users/Shane/Documents/Classes/ECE_385/Lab_6/lab_6/lab_6.ip_user_files/bd/mb_usb/ip/mb_usb_microblaze_0_axi_intc_0/sim/mb_usb_microblaze_0_axi_intc_0.vhd" into library xil_defaultlib
INFO: [VRFC 10-3107] analyzing entity 'mb_usb_microblaze_0_axi_intc_0'
INFO: [VRFC 10-163] Analyzing VHDL file "C:/Users/Shane/Documents/Classes/ECE_385/Lab_6/lab_6/lab_6.ip_user_files/bd/mb_usb/ip/mb_usb_mdm_1_0/sim/mb_usb_mdm_1_0.vhd" into library xil_defaultlib
INFO: [VRFC 10-3107] analyzing entity 'mb_usb_mdm_1_0'
INFO: [VRFC 10-163] Analyzing VHDL file "C:/Users/Shane/Documents/Classes/ECE_385/Lab_6/lab_6/lab_6.ip_user_files/bd/mb_usb/ip/mb_usb_rst_clk_wiz_1_100M_0/sim/mb_usb_rst_clk_wiz_1_100M_0.vhd" into library xil_defaultlib
INFO: [VRFC 10-3107] analyzing entity 'mb_usb_rst_clk_wiz_1_100M_0'
INFO: [VRFC 10-163] Analyzing VHDL file "C:/Users/Shane/Documents/Classes/ECE_385/Lab_6/lab_6/lab_6.ip_user_files/bd/mb_usb/ip/mb_usb_axi_uartlite_0_0/sim/mb_usb_axi_uartlite_0_0.vhd" into library xil_defaultlib
INFO: [VRFC 10-3107] analyzing entity 'mb_usb_axi_uartlite_0_0'
INFO: [VRFC 10-163] Analyzing VHDL file "C:/Users/Shane/Documents/Classes/ECE_385/Lab_6/lab_6/lab_6.ip_user_files/bd/mb_usb/ip/mb_usb_gpio_usb_rst_0/sim/mb_usb_gpio_usb_rst_0.vhd" into library xil_defaultlib
INFO: [VRFC 10-3107] analyzing entity 'mb_usb_gpio_usb_rst_0'
INFO: [VRFC 10-163] Analyzing VHDL file "C:/Users/Shane/Documents/Classes/ECE_385/Lab_6/lab_6/lab_6.ip_user_files/bd/mb_usb/ip/mb_usb_gpio_usb_int_0/sim/mb_usb_gpio_usb_int_0.vhd" into library xil_defaultlib
INFO: [VRFC 10-3107] analyzing entity 'mb_usb_gpio_usb_int_0'
INFO: [VRFC 10-163] Analyzing VHDL file "C:/Users/Shane/Documents/Classes/ECE_385/Lab_6/lab_6/lab_6.ip_user_files/bd/mb_usb/ip/mb_usb_gpio_usb_keycode_0/sim/mb_usb_gpio_usb_keycode_0.vhd" into library xil_defaultlib
INFO: [VRFC 10-3107] analyzing entity 'mb_usb_gpio_usb_keycode_0'
INFO: [VRFC 10-163] Analyzing VHDL file "C:/Users/Shane/Documents/Classes/ECE_385/Lab_6/lab_6/lab_6.ip_user_files/bd/mb_usb/ip/mb_usb_timer_usb_axi_0/sim/mb_usb_timer_usb_axi_0.vhd" into library xil_defaultlib
INFO: [VRFC 10-3107] analyzing entity 'mb_usb_timer_usb_axi_0'
INFO: [VRFC 10-163] Analyzing VHDL file "C:/Users/Shane/Documents/Classes/ECE_385/Lab_6/lab_6/lab_6.ip_user_files/bd/mb_usb/ip/mb_usb_spi_usb_0/sim/mb_usb_spi_usb_0.vhd" into library xil_defaultlib
INFO: [VRFC 10-3107] analyzing entity 'mb_usb_spi_usb_0'
run_program: Time (s): cpu = 00:00:02 ; elapsed = 00:00:11 . Memory (MB): peak = 2251.879 ; gain = 11.160
INFO: [USF-XSim-69] 'compile' step finished in '10' seconds
INFO: [USF-XSim-3] XSim::Elaborate design
INFO: [USF-XSim-61] Executing 'ELABORATE' step in 'C:/Users/Shane/Documents/Classes/ECE_385/Lab_6/lab_6/lab_6.sim/sim_1/behav/xsim'
"xelab --incr --debug typical --relax --mt 2 -L xil_defaultlib -L microblaze_v11_0_10 -L lmb_v10_v3_0_12 -L lmb_bram_if_cntlr_v4_0_21 -L blk_mem_gen_v8_4_5 -L generic_baseblocks_v2_1_0 -L axi_infrastructure_v1_1_0 -L axi_register_slice_v2_1_27 -L fifo_generator_v13_2_7 -L axi_data_fifo_v2_1_26 -L axi_crossbar_v2_1_28 -L axi_lite_ipif_v3_0_4 -L axi_intc_v4_1_17 -L mdm_v3_2_23 -L lib_cdc_v1_0_2 -L proc_sys_reset_v5_0_13 -L lib_pkg_v1_0_2 -L lib_srl_fifo_v1_0_2 -L axi_uartlite_v2_0_31 -L interrupt_control_v3_1_4 -L axi_gpio_v2_0_29 -L axi_timer_v2_0_29 -L dist_mem_gen_v8_0_13 -L lib_fifo_v1_0_16 -L axi_quad_spi_v3_2_26 -L xlconcat_v2_1_4 -L uvm -L unisims_ver -L unimacro_ver -L secureip -L xpm --snapshot mb_usb_hdmi_top_behav xil_defaultlib.mb_usb_hdmi_top xil_defaultlib.glbl -log elaborate.log"
Vivado Simulator v2022.2
Copyright 1986-1999, 2001-2022 Xilinx, Inc. All Rights Reserved.
Running: C:/Xilinx/Vivado/2022.2/bin/unwrapped/win64.o/xelab.exe --incr --debug typical --relax --mt 2 -L xil_defaultlib -L microblaze_v11_0_10 -L lmb_v10_v3_0_12 -L lmb_bram_if_cntlr_v4_0_21 -L blk_mem_gen_v8_4_5 -L generic_baseblocks_v2_1_0 -L axi_infrastructure_v1_1_0 -L axi_register_slice_v2_1_27 -L fifo_generator_v13_2_7 -L axi_data_fifo_v2_1_26 -L axi_crossbar_v2_1_28 -L axi_lite_ipif_v3_0_4 -L axi_intc_v4_1_17 -L mdm_v3_2_23 -L lib_cdc_v1_0_2 -L proc_sys_reset_v5_0_13 -L lib_pkg_v1_0_2 -L lib_srl_fifo_v1_0_2 -L axi_uartlite_v2_0_31 -L interrupt_control_v3_1_4 -L axi_gpio_v2_0_29 -L axi_timer_v2_0_29 -L dist_mem_gen_v8_0_13 -L lib_fifo_v1_0_16 -L axi_quad_spi_v3_2_26 -L xlconcat_v2_1_4 -L uvm -L unisims_ver -L unimacro_ver -L secureip -L xpm --snapshot mb_usb_hdmi_top_behav xil_defaultlib.mb_usb_hdmi_top xil_defaultlib.glbl -log elaborate.log 
Using 2 slave threads.
Starting static elaboration
Pass Through NonSizing Optimizer
WARNING: [VRFC 10-5021] port 'peripheral_reset' is not connected on this instance [C:/Users/Shane/Documents/Classes/ECE_385/Lab_6/lab_6/lab_6.ip_user_files/bd/mb_usb/sim/mb_usb.v:1538]
WARNING: [VRFC 10-5021] port 'io0_t' is not connected on this instance [C:/Users/Shane/Documents/Classes/ECE_385/Lab_6/lab_6/lab_6.ip_user_files/bd/mb_usb/sim/mb_usb.v:1547]
WARNING: [VRFC 10-5021] port 'generateout0' is not connected on this instance [C:/Users/Shane/Documents/Classes/ECE_385/Lab_6/lab_6/lab_6.ip_user_files/bd/mb_usb/sim/mb_usb.v:1576]
WARNING: [VRFC 10-5021] port 'lmb_rst' is not connected on this instance [C:/Users/Shane/Documents/Classes/ECE_385/Lab_6/lab_6/lab_6.ip_user_files/bd/mb_usb/sim/mb_usb.v:2838]
WARNING: [VRFC 10-5021] port 'lmb_rst' is not connected on this instance [C:/Users/Shane/Documents/Classes/ECE_385/Lab_6/lab_6/lab_6.ip_user_files/bd/mb_usb/sim/mb_usb.v:2884]
Completed static elaboration
Starting simulation data flow analysis
WARNING: [XSIM 43-4100] "C:/Users/Shane/Documents/Classes/ECE_385/Lab_6/lab_6/lab_6.ip_user_files/bd/mb_usb/sim/mb_usb.v" Line 936. Module mb_usb has a timescale but at least one module in design doesn't have timescale.
WARNING: [XSIM 43-4100] "C:/Users/Shane/Documents/Classes/ECE_385/Lab_6/lab_6/lab_6.ip_user_files/bd/mb_usb/ip/mb_usb_clk_wiz_1_0/mb_usb_clk_wiz_1_0.v" Line 68. Module mb_usb_clk_wiz_1_0 has a timescale but at least one module in design doesn't have timescale.
WARNING: [XSIM 43-4100] "C:/Users/Shane/Documents/Classes/ECE_385/Lab_6/lab_6/lab_6.ip_user_files/bd/mb_usb/ip/mb_usb_clk_wiz_1_0/mb_usb_clk_wiz_1_0_clk_wiz.v" Line 68. Module mb_usb_clk_wiz_1_0_clk_wiz has a timescale but at least one module in design doesn't have timescale.
WARNING: [XSIM 43-4100] "/wrk/ci/prod/2022.2/rdi_builds/continuous/2022_10_14_3671981/data/verilog/src/unisims/IBUF.v" Line 29. Module IBUF has a timescale but at least one module in design doesn't have timescale.
WARNING: [XSIM 43-4100] "/wrk/ci/prod/2022.2/rdi_builds/continuous/2022_10_14_3671981/data/verilog/src/unisims/MMCME2_ADV.v" Line 123. Module MMCME2_ADV(CLKFBOUT_MULT_F=10.0,CLKIN1_PERIOD=10.0,CLKOUT0_DIVIDE_F=10.0) has a timescale but at least one module in design doesn't have timescale.
WARNING: [XSIM 43-4100] "/wrk/ci/prod/2022.2/rdi_builds/continuous/2022_10_14_3671981/data/verilog/src/unisims/BUFG.v" Line 27. Module BUFG has a timescale but at least one module in design doesn't have timescale.
WARNING: [XSIM 43-4100] "/wrk/ci/prod/2022.2/rdi_builds/continuous/2022_10_14_3671981/data/verilog/src/unisims/BUFG.v" Line 27. Module BUFG has a timescale but at least one module in design doesn't have timescale.
WARNING: [XSIM 43-4100] "C:/Users/Shane/Documents/Classes/ECE_385/Lab_6/lab_6/lab_6.ip_user_files/bd/mb_usb/sim/mb_usb.v" Line 1602. Module mb_usb_microblaze_0_axi_periph_0 has a timescale but at least one module in design doesn't have timescale.
WARNING: [XSIM 43-4100] "C:/Users/Shane/Documents/Classes/ECE_385/Lab_6/lab_6/lab_6.ip_user_files/bd/mb_usb/sim/mb_usb.v" Line 12. Module m00_couplers_imp_1CNVJ1L has a timescale but at least one module in design doesn't have timescale.
WARNING: [XSIM 43-4100] "C:/Users/Shane/Documents/Classes/ECE_385/Lab_6/lab_6/lab_6.ip_user_files/bd/mb_usb/sim/mb_usb.v" Line 144. Module m01_couplers_imp_ADY9K has a timescale but at least one module in design doesn't have timescale.
WARNING: [XSIM 43-4100] "C:/Users/Shane/Documents/Classes/ECE_385/Lab_6/lab_6/lab_6.ip_user_files/bd/mb_usb/sim/mb_usb.v" Line 276. Module m02_couplers_imp_BB516Y has a timescale but at least one module in design doesn't have timescale.
WARNING: [XSIM 43-4100] "C:/Users/Shane/Documents/Classes/ECE_385/Lab_6/lab_6/lab_6.ip_user_files/bd/mb_usb/sim/mb_usb.v" Line 408. Module m03_couplers_imp_11D4JQ3 has a timescale but at least one module in design doesn't have timescale.
WARNING: [XSIM 43-4100] "C:/Users/Shane/Documents/Classes/ECE_385/Lab_6/lab_6/lab_6.ip_user_files/bd/mb_usb/sim/mb_usb.v" Line 540. Module m04_couplers_imp_Y7VWKU has a timescale but at least one module in design doesn't have timescale.
WARNING: [XSIM 43-4100] "C:/Users/Shane/Documents/Classes/ECE_385/Lab_6/lab_6/lab_6.ip_user_files/bd/mb_usb/sim/mb_usb.v" Line 672. Module m05_couplers_imp_1N5X0ZJ has a timescale but at least one module in design doesn't have timescale.
WARNING: [XSIM 43-4100] "C:/Users/Shane/Documents/Classes/ECE_385/Lab_6/lab_6/lab_6.ip_user_files/bd/mb_usb/sim/mb_usb.v" Line 804. Module m06_couplers_imp_1Y6O2J1 has a timescale but at least one module in design doesn't have timescale.
WARNING: [XSIM 43-4100] "C:/Users/Shane/Documents/Classes/ECE_385/Lab_6/lab_6/lab_6.ip_user_files/bd/mb_usb/sim/mb_usb.v" Line 2926. Module s00_couplers_imp_16FJ1YW has a timescale but at least one module in design doesn't have timescale.
WARNING: [XSIM 43-4100] "C:/Users/Shane/Documents/Classes/ECE_385/Lab_6/lab_6/lab_6.ip_user_files/bd/mb_usb/ip/mb_usb_xbar_0/sim/mb_usb_xbar_0.v" Line 55. Module mb_usb_xbar_0 has a timescale but at least one module in design doesn't have timescale.
WARNING: [XSIM 43-4100] "/wrk/ci/prod/2022.2/sw/continuous/3508/packages/customer/vivado/data/ip/xilinx/axi_crossbar_v2_1/hdl/axi_crossbar_v2_1_vl_rfs.v" Line 4883. Module axi_crossbar_v2_1_28_axi_crossbar(C_FAMILY="spartan7",C_NUM_MASTER_SLOTS=7,C_AXI_PROTOCOL=2,C_M_AXI_BASE_ADDR=448'b01000001110000000000000000000000000000000000000000000000000000000100010010100000000000000000000000000000000000000000000000000000010000000000001000000000000000000000000000000000000000000000000001000000000000010000000000000000000000000000000000000000000000000100000001100000000000000000000000000000000000000000000000000000010000000000000000000000000000000000000000000000000000000000000001000001001000000000000000000000,C_M_AXI_ADDR_WIDTH=224'b010000000000000000000000000000000100000000000000000000000000000001000000000000000000000000000000010000000000000000000000000000000100000000000000000000000000000001000000000000000000000000000000010000,C_M_AXI_WRITE_CONNECTIVITY=224'b01000000000000000000000000000000010000000000000000000000000000000100000000000000000000000000000001000000000000000000000000000000010000000000000000000000000000000100000000000000000000000000000001,C_M_AXI_READ_CONNECTIVITY=224'b01000000000000000000000000000000010000000000000000000000000000000100000000000000000000000000000001000000000000000000000000000000010000000000000000000000000000000100000000000000000000000000000001,C_R_REGISTER=1,C_S_AXI_SINGLE_THREAD=32'b01,C_S_AXI_WRITE_ACCEPTANCE=32'b01,C_S_AXI_READ_ACCEPTANCE=32'b01,C_M_AXI_WRITE_ISSUING=224'b01000000000000000000000000000000010000000000000000000000000000000100000000000000000000000000000001000000000000000000000000000000010000000000000000000000000000000100000000000000000000000000000001,C_M_AXI_READ_ISSUING=224'b01000000000000000000000000000000010000000000000000000000000000000100000000000000000000000000000001000000000000000000000000000000010000000000000000000000000000000100000000000000000000000000000001,C_M_AXI_SECURE=224'b0,C_CONNECTIVITY_MODE=0) has a timescale but at least one module in design doesn't have timescale.
WARNING: [XSIM 43-4100] "/wrk/ci/prod/2022.2/sw/continuous/3508/packages/customer/vivado/data/ip/xilinx/axi_crossbar_v2_1/hdl/axi_crossbar_v2_1_vl_rfs.v" Line 1239. Module axi_crossbar_v2_1_28_crossbar_sasd(C_FAMILY="rtl",C_NUM_MASTER_SLOTS=7,C_AXI_PROTOCOL=2,C_M_AXI_BASE_ADDR=448'b01000001110000000000000000000000000000000000000000000000000000000100010010100000000000000000000000000000000000000000000000000000010000000000001000000000000000000000000000000000000000000000000001000000000000010000000000000000000000000000000000000000000000000100000001100000000000000000000000000000000000000000000000000000010000000000000000000000000000000000000000000000000000000000000001000001001000000000000000000000,C_M_AXI_HIGH_ADDR=448'b01000001110000001111111111111111000000000000000000000000000000000100010010100000111111111111111100000000000000000000000000000000010000000000001011111111111111110000000000000000000000000000000001000000000000011111111111111111000000000000000000000000000000000100000001100000111111111111111100000000000000000000000000000000010000000000000011111111111111110000000000000000000000000000000001000001001000001111111111111111,C_S_AXI_BASE_ID=64'b0,C_S_AXI_HIGH_ID=64'b0,C_S_AXI_SUPPORTS_WRITE=1'b1,C_S_AXI_SUPPORTS_READ=1'b1,C_M_AXI_SUPPORTS_WRITE=7'b1111111,C_M_AXI_SUPPORTS_READ=7'b1111111,C_S_AXI_ARB_PRIORITY=32'b0,C_M_AXI_SECURE=224'b0,C_M_AXI_ERR_MODE=224'b0,C_R_REGISTER=1,C_RANGE_CHECK=1,C_ADDR_DECODE=1) has a timescale but at least one module in design doesn't have timescale.
WARNING: [XSIM 43-4100] "/wrk/ci/prod/2022.2/sw/continuous/3508/packages/customer/vivado/data/ip/xilinx/axi_crossbar_v2_1/hdl/axi_crossbar_v2_1_vl_rfs.v" Line 64. Module axi_crossbar_v2_1_28_addr_arbiter_sasd(C_FAMILY="rtl",C_AMESG_WIDTH=64,C_GRANT_ENC=1,C_ARB_PRIORITY=32'b0) has a timescale but at least one module in design doesn't have timescale.
WARNING: [XSIM 43-4100] "/wrk/ci/prod/2022.2/sw/continuous/3508/packages/customer/vivado/data/ip/xilinx/axi_crossbar_v2_1/hdl/axi_crossbar_v2_1_vl_rfs.v" Line 793. Module axi_crossbar_v2_1_28_addr_decoder(C_FAMILY="rtl",C_NUM_TARGETS=7,C_NUM_TARGETS_LOG=3,C_TARGET_ENC=1,C_BASE_ADDR=448'b01000001110000000000000000000000000000000000000000000000000000000100010010100000000000000000000000000000000000000000000000000000010000000000001000000000000000000000000000000000000000000000000001000000000000010000000000000000000000000000000000000000000000000100000001100000000000000000000000000000000000000000000000000000010000000000000000000000000000000000000000000000000000000000000001000001001000000000000000000000,C_HIGH_ADDR=448'b01000001110000001111111111111111000000000000000000000000000000000100010010100000111111111111111100000000000000000000000000000000010000000000001011111111111111110000000000000000000000000000000001000000000000011111111111111111000000000000000000000000000000000100000001100000111111111111111100000000000000000000000000000000010000000000000011111111111111110000000000000000000000000000000001000001001000001111111111111111,C_TARGET_QUAL=8'b01111111,C_RESOLUTION=2) has a timescale but at least one module in design doesn't have timescale.
WARNING: [XSIM 43-4100] "/wrk/ci/prod/2022.2/sw/continuous/3508/packages/customer/vivado/data/ip/xilinx/generic_baseblocks_v2_1/hdl/generic_baseblocks_v2_1_vl_rfs.v" Line 2132. Module generic_baseblocks_v2_1_0_comparator_static(C_FAMILY="rtl",C_VALUE=30'b010000010010000000000000000000,C_DATA_WIDTH=30) has a timescale but at least one module in design doesn't have timescale.
WARNING: [XSIM 43-4100] "/wrk/ci/prod/2022.2/sw/continuous/3508/packages/customer/vivado/data/ip/xilinx/generic_baseblocks_v2_1/hdl/generic_baseblocks_v2_1_vl_rfs.v" Line 61. Module generic_baseblocks_v2_1_0_carry_and(C_FAMILY="rtl") has a timescale but at least one module in design doesn't have timescale.
WARNING: [XSIM 43-4100] "/wrk/ci/prod/2022.2/sw/continuous/3508/packages/customer/vivado/data/ip/xilinx/generic_baseblocks_v2_1/hdl/generic_baseblocks_v2_1_vl_rfs.v" Line 61. Module generic_baseblocks_v2_1_0_carry_and(C_FAMILY="rtl") has a timescale but at least one module in design doesn't have timescale.
WARNING: [XSIM 43-4100] "/wrk/ci/prod/2022.2/sw/continuous/3508/packages/customer/vivado/data/ip/xilinx/generic_baseblocks_v2_1/hdl/generic_baseblocks_v2_1_vl_rfs.v" Line 61. Module generic_baseblocks_v2_1_0_carry_and(C_FAMILY="rtl") has a timescale but at least one module in design doesn't have timescale.
WARNING: [XSIM 43-4100] "/wrk/ci/prod/2022.2/sw/continuous/3508/packages/customer/vivado/data/ip/xilinx/generic_baseblocks_v2_1/hdl/generic_baseblocks_v2_1_vl_rfs.v" Line 61. Module generic_baseblocks_v2_1_0_carry_and(C_FAMILY="rtl") has a timescale but at least one module in design doesn't have timescale.
WARNING: [XSIM 43-4100] "/wrk/ci/prod/2022.2/sw/continuous/3508/packages/customer/vivado/data/ip/xilinx/generic_baseblocks_v2_1/hdl/generic_baseblocks_v2_1_vl_rfs.v" Line 61. Module generic_baseblocks_v2_1_0_carry_and(C_FAMILY="rtl") has a timescale but at least one module in design doesn't have timescale.
WARNING: [XSIM 43-4100] "/wrk/ci/prod/2022.2/sw/continuous/3508/packages/customer/vivado/data/ip/xilinx/generic_baseblocks_v2_1/hdl/generic_baseblocks_v2_1_vl_rfs.v" Line 2132. Module generic_baseblocks_v2_1_0_comparator_static(C_FAMILY="rtl",C_VALUE=30'b010000000000000000000000000000,C_DATA_WIDTH=30) has a timescale but at least one module in design doesn't have timescale.
WARNING: [XSIM 43-4100] "/wrk/ci/prod/2022.2/sw/continuous/3508/packages/customer/vivado/data/ip/xilinx/generic_baseblocks_v2_1/hdl/generic_baseblocks_v2_1_vl_rfs.v" Line 61. Module generic_baseblocks_v2_1_0_carry_and(C_FAMILY="rtl") has a timescale but at least one module in design doesn't have timescale.
WARNING: [XSIM 43-4100] "/wrk/ci/prod/2022.2/sw/continuous/3508/packages/customer/vivado/data/ip/xilinx/generic_baseblocks_v2_1/hdl/generic_baseblocks_v2_1_vl_rfs.v" Line 61. Module generic_baseblocks_v2_1_0_carry_and(C_FAMILY="rtl") has a timescale but at least one module in design doesn't have timescale.
WARNING: [XSIM 43-4100] "/wrk/ci/prod/2022.2/sw/continuous/3508/packages/customer/vivado/data/ip/xilinx/generic_baseblocks_v2_1/hdl/generic_baseblocks_v2_1_vl_rfs.v" Line 61. Module generic_baseblocks_v2_1_0_carry_and(C_FAMILY="rtl") has a timescale but at least one module in design doesn't have timescale.
WARNING: [XSIM 43-4100] "/wrk/ci/prod/2022.2/sw/continuous/3508/packages/customer/vivado/data/ip/xilinx/generic_baseblocks_v2_1/hdl/generic_baseblocks_v2_1_vl_rfs.v" Line 61. Module generic_baseblocks_v2_1_0_carry_and(C_FAMILY="rtl") has a timescale but at least one module in design doesn't have timescale.
WARNING: [XSIM 43-4100] "/wrk/ci/prod/2022.2/sw/continuous/3508/packages/customer/vivado/data/ip/xilinx/generic_baseblocks_v2_1/hdl/generic_baseblocks_v2_1_vl_rfs.v" Line 61. Module generic_baseblocks_v2_1_0_carry_and(C_FAMILY="rtl") has a timescale but at least one module in design doesn't have timescale.
WARNING: [XSIM 43-4100] "/wrk/ci/prod/2022.2/sw/continuous/3508/packages/customer/vivado/data/ip/xilinx/generic_baseblocks_v2_1/hdl/generic_baseblocks_v2_1_vl_rfs.v" Line 2132. Module generic_baseblocks_v2_1_0_comparator_static(C_FAMILY="rtl",C_VALUE=30'b010000000110000000000000000000,C_DATA_WIDTH=30) has a timescale but at least one module in design doesn't have timescale.
WARNING: [XSIM 43-4100] "/wrk/ci/prod/2022.2/sw/continuous/3508/packages/customer/vivado/data/ip/xilinx/generic_baseblocks_v2_1/hdl/generic_baseblocks_v2_1_vl_rfs.v" Line 61. Module generic_baseblocks_v2_1_0_carry_and(C_FAMILY="rtl") has a timescale but at least one module in design doesn't have timescale.
WARNING: [XSIM 43-4100] "/wrk/ci/prod/2022.2/sw/continuous/3508/packages/customer/vivado/data/ip/xilinx/generic_baseblocks_v2_1/hdl/generic_baseblocks_v2_1_vl_rfs.v" Line 61. Module generic_baseblocks_v2_1_0_carry_and(C_FAMILY="rtl") has a timescale but at least one module in design doesn't have timescale.
WARNING: [XSIM 43-4100] "/wrk/ci/prod/2022.2/sw/continuous/3508/packages/customer/vivado/data/ip/xilinx/generic_baseblocks_v2_1/hdl/generic_baseblocks_v2_1_vl_rfs.v" Line 61. Module generic_baseblocks_v2_1_0_carry_and(C_FAMILY="rtl") has a timescale but at least one module in design doesn't have timescale.
WARNING: [XSIM 43-4100] "/wrk/ci/prod/2022.2/sw/continuous/3508/packages/customer/vivado/data/ip/xilinx/generic_baseblocks_v2_1/hdl/generic_baseblocks_v2_1_vl_rfs.v" Line 61. Module generic_baseblocks_v2_1_0_carry_and(C_FAMILY="rtl") has a timescale but at least one module in design doesn't have timescale.
WARNING: [XSIM 43-4100] "/wrk/ci/prod/2022.2/sw/continuous/3508/packages/customer/vivado/data/ip/xilinx/generic_baseblocks_v2_1/hdl/generic_baseblocks_v2_1_vl_rfs.v" Line 61. Module generic_baseblocks_v2_1_0_carry_and(C_FAMILY="rtl") has a timescale but at least one module in design doesn't have timescale.
WARNING: [XSIM 43-4100] "/wrk/ci/prod/2022.2/sw/continuous/3508/packages/customer/vivado/data/ip/xilinx/generic_baseblocks_v2_1/hdl/generic_baseblocks_v2_1_vl_rfs.v" Line 2132. Module generic_baseblocks_v2_1_0_comparator_static(C_FAMILY="rtl",C_VALUE=30'b010000000000000100000000000000,C_DATA_WIDTH=30) has a timescale but at least one module in design doesn't have timescale.
WARNING: [XSIM 43-4100] "/wrk/ci/prod/2022.2/sw/continuous/3508/packages/customer/vivado/data/ip/xilinx/generic_baseblocks_v2_1/hdl/generic_baseblocks_v2_1_vl_rfs.v" Line 61. Module generic_baseblocks_v2_1_0_carry_and(C_FAMILY="rtl") has a timescale but at least one module in design doesn't have timescale.
WARNING: [XSIM 43-4100] "/wrk/ci/prod/2022.2/sw/continuous/3508/packages/customer/vivado/data/ip/xilinx/generic_baseblocks_v2_1/hdl/generic_baseblocks_v2_1_vl_rfs.v" Line 61. Module generic_baseblocks_v2_1_0_carry_and(C_FAMILY="rtl") has a timescale but at least one module in design doesn't have timescale.
WARNING: [XSIM 43-4100] "/wrk/ci/prod/2022.2/sw/continuous/3508/packages/customer/vivado/data/ip/xilinx/generic_baseblocks_v2_1/hdl/generic_baseblocks_v2_1_vl_rfs.v" Line 61. Module generic_baseblocks_v2_1_0_carry_and(C_FAMILY="rtl") has a timescale but at least one module in design doesn't have timescale.
WARNING: [XSIM 43-4100] "/wrk/ci/prod/2022.2/sw/continuous/3508/packages/customer/vivado/data/ip/xilinx/generic_baseblocks_v2_1/hdl/generic_baseblocks_v2_1_vl_rfs.v" Line 61. Module generic_baseblocks_v2_1_0_carry_and(C_FAMILY="rtl") has a timescale but at least one module in design doesn't have timescale.
WARNING: [XSIM 43-4100] "/wrk/ci/prod/2022.2/sw/continuous/3508/packages/customer/vivado/data/ip/xilinx/generic_baseblocks_v2_1/hdl/generic_baseblocks_v2_1_vl_rfs.v" Line 61. Module generic_baseblocks_v2_1_0_carry_and(C_FAMILY="rtl") has a timescale but at least one module in design doesn't have timescale.
WARNING: [XSIM 43-4100] "/wrk/ci/prod/2022.2/sw/continuous/3508/packages/customer/vivado/data/ip/xilinx/generic_baseblocks_v2_1/hdl/generic_baseblocks_v2_1_vl_rfs.v" Line 2132. Module generic_baseblocks_v2_1_0_comparator_static(C_FAMILY="rtl",C_VALUE=30'b010000000000001000000000000000,C_DATA_WIDTH=30) has a timescale but at least one module in design doesn't have timescale.
WARNING: [XSIM 43-4100] "/wrk/ci/prod/2022.2/sw/continuous/3508/packages/customer/vivado/data/ip/xilinx/generic_baseblocks_v2_1/hdl/generic_baseblocks_v2_1_vl_rfs.v" Line 61. Module generic_baseblocks_v2_1_0_carry_and(C_FAMILY="rtl") has a timescale but at least one module in design doesn't have timescale.
WARNING: [XSIM 43-4100] "/wrk/ci/prod/2022.2/sw/continuous/3508/packages/customer/vivado/data/ip/xilinx/generic_baseblocks_v2_1/hdl/generic_baseblocks_v2_1_vl_rfs.v" Line 61. Module generic_baseblocks_v2_1_0_carry_and(C_FAMILY="rtl") has a timescale but at least one module in design doesn't have timescale.
WARNING: [XSIM 43-4100] "/wrk/ci/prod/2022.2/sw/continuous/3508/packages/customer/vivado/data/ip/xilinx/generic_baseblocks_v2_1/hdl/generic_baseblocks_v2_1_vl_rfs.v" Line 61. Module generic_baseblocks_v2_1_0_carry_and(C_FAMILY="rtl") has a timescale but at least one module in design doesn't have timescale.
WARNING: [XSIM 43-4100] "/wrk/ci/prod/2022.2/sw/continuous/3508/packages/customer/vivado/data/ip/xilinx/generic_baseblocks_v2_1/hdl/generic_baseblocks_v2_1_vl_rfs.v" Line 61. Module generic_baseblocks_v2_1_0_carry_and(C_FAMILY="rtl") has a timescale but at least one module in design doesn't have timescale.
INFO: [Common 17-14] Message 'XSIM 43-4100' appears 50 times and further instances of the messages will be disabled. Use the Tcl command set_msg_config to change the current settings.
Completed simulation data flow analysis
Time Resolution for simulation is 1ps
Compiling package std.standard
Compiling package std.textio
Compiling package ieee.std_logic_1164
Compiling package ieee.numeric_std
Compiling package ieee.std_logic_arith
Compiling package ieee.std_logic_unsigned
Compiling package axi_lite_ipif_v3_0_4.ipif_pkg
Compiling package synopsys.attributes
Compiling package ieee.std_logic_misc
Compiling package unisim.vcomponents
Compiling package ieee.vital_timing
Compiling package ieee.vital_primitives
Compiling package unisim.vpkg
Compiling package lib_pkg_v1_0_2.lib_pkg
Compiling package mdm_v3_2_23.mdm_funcs
Compiling package ieee.std_logic_signed
Compiling package microblaze_v11_0_10.microblaze_types
Compiling package microblaze_v11_0_10.microblaze_isa
Compiling package ieee.math_real
Compiling package lmb_bram_if_cntlr_v4_0_21.lmb_bram_if_funcs
Compiling package xpm.vcomponents
Compiling package axi_timer_v2_0_29.tc_types
Compiling module xil_defaultlib.nibble_to_hex
Compiling module xil_defaultlib.hex_driver_default
Compiling architecture rtl of entity axi_uartlite_v2_0_31.baudrate [\baudrate(c_ratio=56818)\]
Compiling architecture fdre_v of entity unisim.FDRE [fdre_default]
Compiling architecture fdr_v of entity unisim.FDR [fdr_default]
Compiling architecture implementation of entity lib_cdc_v1_0_2.cdc_sync [\cdc_sync(c_mtbf_stages=4)\]
Compiling architecture imp of entity lib_srl_fifo_v1_0_2.cntr_incr_decr_addn_f [\cntr_incr_decr_addn_f(c_size=5,...]
Compiling architecture behavioral of entity lib_srl_fifo_v1_0_2.dynshreg_f [\dynshreg_f(c_depth=16,c_dwidth=...]
Compiling architecture imp of entity lib_srl_fifo_v1_0_2.srl_fifo_rbu_f [\srl_fifo_rbu_f(c_dwidth=8,c_fam...]
Compiling architecture imp of entity lib_srl_fifo_v1_0_2.srl_fifo_f [\srl_fifo_f(c_dwidth=8,c_family=...]
Compiling architecture rtl of entity axi_uartlite_v2_0_31.uartlite_rx [\uartlite_rx(c_family="spartan7"...]
Compiling architecture rtl of entity axi_uartlite_v2_0_31.uartlite_tx [\uartlite_tx(c_family="spartan7"...]
Compiling architecture rtl of entity axi_uartlite_v2_0_31.uartlite_core [\uartlite_core(c_family="spartan...]
Compiling architecture imp of entity axi_lite_ipif_v3_0_4.pselect_f [\pselect_f(c_ab=2,c_aw=2,c_bar="...]
Compiling architecture imp of entity axi_lite_ipif_v3_0_4.pselect_f [\pselect_f(c_ab=2,c_aw=2,c_bar="...]
Compiling architecture imp of entity axi_lite_ipif_v3_0_4.pselect_f [\pselect_f(c_ab=2,c_aw=2,c_bar="...]
Compiling architecture imp of entity axi_lite_ipif_v3_0_4.pselect_f [\pselect_f(c_ab=2,c_aw=2,c_bar="...]
Compiling architecture imp of entity axi_lite_ipif_v3_0_4.address_decoder [\address_decoder(c_bus_awidth=4,...]
Compiling architecture imp of entity axi_lite_ipif_v3_0_4.slave_attachment [\slave_attachment(c_ard_addr_ran...]
Compiling architecture imp of entity axi_lite_ipif_v3_0_4.axi_lite_ipif [\axi_lite_ipif(c_s_axi_addr_widt...]
Compiling architecture rtl of entity axi_uartlite_v2_0_31.axi_uartlite [\axi_uartlite(c_family="spartan7...]
Compiling architecture mb_usb_axi_uartlite_0_0_arch of entity xil_defaultlib.mb_usb_axi_uartlite_0_0 [mb_usb_axi_uartlite_0_0_default]
Compiling module unisims_ver.IBUF
Compiling module unisims_ver.MMCME2_ADV(CLKFBOUT_MULT_F=10.0,...
Compiling module unisims_ver.BUFG
Compiling module xil_defaultlib.mb_usb_clk_wiz_1_0_clk_wiz
Compiling module xil_defaultlib.mb_usb_clk_wiz_1_0
Compiling architecture implementation of entity interrupt_control_v3_1_4.interrupt_control [\interrupt_control(c_num_ce=16,c...]
Compiling architecture imp of entity axi_lite_ipif_v3_0_4.pselect_f [\pselect_f(c_ab=5,c_aw=9,c_bar="...]
Compiling architecture imp of entity axi_lite_ipif_v3_0_4.pselect_f [\pselect_f(c_ab=1,c_aw=9,c_bar="...]
Compiling architecture imp of entity axi_lite_ipif_v3_0_4.pselect_f [\pselect_f(c_ab=4,c_aw=4,c_bar="...]
Compiling architecture imp of entity axi_lite_ipif_v3_0_4.pselect_f [\pselect_f(c_ab=4,c_aw=4,c_bar="...]
Compiling architecture imp of entity axi_lite_ipif_v3_0_4.pselect_f [\pselect_f(c_ab=4,c_aw=4,c_bar="...]
Compiling architecture imp of entity axi_lite_ipif_v3_0_4.pselect_f [\pselect_f(c_ab=4,c_aw=4,c_bar="...]
Compiling architecture imp of entity axi_lite_ipif_v3_0_4.pselect_f [\pselect_f(c_ab=4,c_aw=4,c_bar="...]
Compiling architecture imp of entity axi_lite_ipif_v3_0_4.pselect_f [\pselect_f(c_ab=4,c_aw=4,c_bar="...]
Compiling architecture imp of entity axi_lite_ipif_v3_0_4.pselect_f [\pselect_f(c_ab=4,c_aw=4,c_bar="...]
Compiling architecture imp of entity axi_lite_ipif_v3_0_4.pselect_f [\pselect_f(c_ab=4,c_aw=4,c_bar="...]
Compiling architecture imp of entity axi_lite_ipif_v3_0_4.pselect_f [\pselect_f(c_ab=4,c_aw=4,c_bar="...]
Compiling architecture imp of entity axi_lite_ipif_v3_0_4.pselect_f [\pselect_f(c_ab=4,c_aw=4,c_bar="...]
Compiling architecture imp of entity axi_lite_ipif_v3_0_4.pselect_f [\pselect_f(c_ab=4,c_aw=4,c_bar="...]
Compiling architecture imp of entity axi_lite_ipif_v3_0_4.pselect_f [\pselect_f(c_ab=4,c_aw=4,c_bar="...]
Compiling architecture imp of entity axi_lite_ipif_v3_0_4.pselect_f [\pselect_f(c_ab=4,c_aw=4,c_bar="...]
Compiling architecture imp of entity axi_lite_ipif_v3_0_4.pselect_f [\pselect_f(c_ab=4,c_aw=4,c_bar="...]
Compiling architecture imp of entity axi_lite_ipif_v3_0_4.pselect_f [\pselect_f(c_ab=4,c_aw=4,c_bar="...]
Compiling architecture imp of entity axi_lite_ipif_v3_0_4.pselect_f [\pselect_f(c_ab=4,c_aw=4,c_bar="...]
Compiling architecture imp of entity axi_lite_ipif_v3_0_4.address_decoder [\address_decoder(c_bus_awidth=9,...]
Compiling architecture imp of entity axi_lite_ipif_v3_0_4.slave_attachment [\slave_attachment(c_ard_addr_ran...]
Compiling architecture imp of entity axi_lite_ipif_v3_0_4.axi_lite_ipif [\axi_lite_ipif(c_s_axi_addr_widt...]
Compiling architecture implementation of entity lib_cdc_v1_0_2.cdc_sync [\cdc_sync(c_single_bit=0,c_vecto...]
Compiling architecture imp of entity axi_gpio_v2_0_29.GPIO_Core [\GPIO_Core(c_aw=9,c_gpio_width=1...]
Compiling architecture imp of entity axi_gpio_v2_0_29.axi_gpio [\axi_gpio(c_family="spartan7",c_...]
Compiling architecture mb_usb_gpio_usb_int_0_arch of entity xil_defaultlib.mb_usb_gpio_usb_int_0 [mb_usb_gpio_usb_int_0_default]
Compiling architecture imp of entity axi_lite_ipif_v3_0_4.address_decoder [\address_decoder(c_bus_awidth=9,...]
Compiling architecture imp of entity axi_lite_ipif_v3_0_4.slave_attachment [\slave_attachment(c_ard_addr_ran...]
Compiling architecture imp of entity axi_lite_ipif_v3_0_4.axi_lite_ipif [\axi_lite_ipif(c_s_axi_addr_widt...]
Compiling architecture implementation of entity lib_cdc_v1_0_2.cdc_sync [\cdc_sync(c_single_bit=0,c_mtbf_...]
Compiling architecture imp of entity axi_gpio_v2_0_29.GPIO_Core [\GPIO_Core(c_aw=9,c_is_dual=1,c_...]
Compiling architecture imp of entity axi_gpio_v2_0_29.axi_gpio [\axi_gpio(c_family="spartan7",c_...]
Compiling architecture mb_usb_gpio_usb_keycode_0_arch of entity xil_defaultlib.mb_usb_gpio_usb_keycode_0 [mb_usb_gpio_usb_keycode_0_defaul...]
Compiling architecture imp of entity axi_gpio_v2_0_29.GPIO_Core [\GPIO_Core(c_aw=9,c_gpio_width=1...]
Compiling architecture imp of entity axi_gpio_v2_0_29.axi_gpio [\axi_gpio(c_family="spartan7",c_...]
Compiling architecture mb_usb_gpio_usb_rst_0_arch of entity xil_defaultlib.mb_usb_gpio_usb_rst_0 [mb_usb_gpio_usb_rst_0_default]
Compiling architecture bscane2_v of entity unisim.BSCANE2 [\BSCANE2(jtag_chain=2)(1,5)\]
Compiling architecture imp of entity mdm_v3_2_23.MB_BSCANE2 [\MB_BSCANE2(c_target=spartan7,jt...]
Compiling architecture lut1_v of entity unisim.LUT1 [\LUT1(init="10")(0,1)\]
Compiling architecture imp of entity mdm_v3_2_23.MB_LUT1 [\MB_LUT1(c_target=spartan7,init=...]
Compiling architecture bufgctrl_v of entity unisim.BUFGCTRL [\BUFGCTRL(init_out=1,preselect_i...]
Compiling architecture bufgce_1_v of entity unisim.BUFGCE_1 [bufgce_1_default]
Compiling architecture imp of entity mdm_v3_2_23.MB_BUFGCE_1 [\MB_BUFGCE_1(c_target=spartan7)\]
Compiling architecture imp of entity mdm_v3_2_23.xil_scan_reset_control [xil_scan_reset_control_default]
Compiling architecture fdce_v of entity unisim.FDCE [fdce_default]
Compiling architecture fdc_1_v of entity unisim.FDC_1 [fdc_1_default]
Compiling architecture imp of entity mdm_v3_2_23.MB_FDC_1 [\MB_FDC_1(c_target=spartan7)\]
Compiling architecture fdre_1_v of entity unisim.FDRE_1 [fdre_1_default]
Compiling architecture imp of entity mdm_v3_2_23.MB_FDRE_1 [\MB_FDRE_1(c_target=spartan7)\]
Compiling architecture srl16e_v of entity unisim.SRL16E [\SRL16E(init="0000000101100111")...]
Compiling architecture imp of entity mdm_v3_2_23.MB_SRL16E [\MB_SRL16E(c_target=spartan7,c_s...]
Compiling architecture srl16e_v of entity unisim.SRL16E [\SRL16E(init="0100001010000111")...]
Compiling architecture imp of entity mdm_v3_2_23.MB_SRL16E [\MB_SRL16E(c_target=spartan7,c_s...]
Compiling architecture srl16e_v of entity unisim.SRL16E [\SRL16E(init="0100010001000011")...]
Compiling architecture imp of entity mdm_v3_2_23.MB_SRL16E [\MB_SRL16E(c_target=spartan7,c_s...]
Compiling architecture srl16e_v of entity unisim.SRL16E [\SRL16E(init="0101100001001101")...]
Compiling architecture imp of entity mdm_v3_2_23.MB_SRL16E [\MB_SRL16E(c_target=spartan7,c_s...]
Compiling architecture imp of entity mdm_v3_2_23.JTAG_CONTROL [\JTAG_CONTROL(c_target=spartan7,...]
Compiling architecture imp of entity mdm_v3_2_23.MDM_Core [\MDM_Core(c_target=spartan7,c_jt...]
Compiling architecture imp of entity mdm_v3_2_23.MDM [\MDM(c_family="spartan7",c_devic...]
Compiling architecture mb_usb_mdm_1_0_arch of entity xil_defaultlib.mb_usb_mdm_1_0 [mb_usb_mdm_1_0_default]
Compiling architecture imp of entity microblaze_v11_0_10.DAXI_interface [\DAXI_interface(c_data_size=32,c...]
Compiling architecture srl16e_v of entity unisim.SRL16E [\SRL16E(init="1111111111111111")...]
Compiling architecture imp of entity microblaze_v11_0_10.MB_SRL16E [\MB_SRL16E(c_target=spartan7,c_u...]
Compiling architecture srl16e_v of entity unisim.SRL16E [\SRL16E(init="0011111111111111")...]
Compiling architecture imp of entity microblaze_v11_0_10.MB_SRL16E [\MB_SRL16E(c_target=spartan7,c_u...]
Compiling architecture srl16e_v of entity unisim.SRL16E [\SRL16E(15,0)\]
Compiling architecture imp of entity microblaze_v11_0_10.MB_SRL16E [\MB_SRL16E(c_target=spartan7,c_u...]
Compiling architecture srl16e_v of entity unisim.SRL16E [\SRL16E(init="0000000000011011")...]
Compiling architecture imp of entity microblaze_v11_0_10.MB_SRL16E [\MB_SRL16E(c_target=spartan7,c_u...]
Compiling architecture srl16e_v of entity unisim.SRL16E [\SRL16E(init="0000001000111000")...]
Compiling architecture imp of entity microblaze_v11_0_10.MB_SRL16E [\MB_SRL16E(c_target=spartan7,c_u...]
Compiling architecture srl16e_v of entity unisim.SRL16E [\SRL16E(init="0001000001100000")...]
Compiling architecture imp of entity microblaze_v11_0_10.MB_SRL16E [\MB_SRL16E(c_target=spartan7,c_u...]
Compiling architecture srl16e_v of entity unisim.SRL16E [\SRL16E(init="0010010100000000")...]
Compiling architecture imp of entity microblaze_v11_0_10.MB_SRL16E [\MB_SRL16E(c_target=spartan7,c_u...]
Compiling architecture imp of entity microblaze_v11_0_10.mb_sync_bit [\mb_sync_bit(c_levels=1,c_reset_...]
Compiling architecture imp of entity microblaze_v11_0_10.mb_sync_vec [\mb_sync_vec(c_levels=1,c_reset_...]
Compiling architecture imp of entity microblaze_v11_0_10.mb_sync_bit [\mb_sync_bit(c_levels=1)\]
Compiling architecture imp of entity microblaze_v11_0_10.mb_sync_vec [\mb_sync_vec(c_width=10)\]
Compiling architecture srlc16e_v of entity unisim.SRLC16E [\SRLC16E(0,15)\]
Compiling architecture imp of entity microblaze_v11_0_10.MB_SRLC16E [\MB_SRLC16E(c_target=spartan7,c_...]
Compiling architecture imp of entity microblaze_v11_0_10.address_hit [\address_hit(c_target=spartan7,c...]
Compiling architecture imp of entity microblaze_v11_0_10.xil_scan_reset_control [xil_scan_reset_control_default]
Compiling architecture imp of entity microblaze_v11_0_10.Debug [\Debug(c_data_size=32,c_instr_si...]
Compiling architecture imp of entity microblaze_v11_0_10.interrupt_mode_converter [\interrupt_mode_converter(c_edge...]
Compiling architecture imp of entity microblaze_v11_0_10.MB_MUXCY [\MB_MUXCY(c_target=spartan7)\]
Compiling architecture lut5_v of entity unisim.LUT5 [\LUT5(init="00000000000000000000...]
Compiling architecture imp of entity microblaze_v11_0_10.MB_LUT5 [\MB_LUT5(c_target=spartan7,init=...]
Compiling architecture lut5_v of entity unisim.LUT5 [\LUT5(init="00000000000000000000...]
Compiling architecture imp of entity microblaze_v11_0_10.MB_LUT5 [\MB_LUT5(c_target=spartan7,init=...]
Compiling architecture lut4_v of entity unisim.LUT4 [\LUT4(init="0010000000000000")(0...]
Compiling architecture imp of entity microblaze_v11_0_10.MB_LUT4 [\MB_LUT4(c_target=spartan7,init=...]
Compiling architecture lut4_v of entity unisim.LUT4 [\LUT4(init="0000001000000000")(0...]
Compiling architecture imp of entity microblaze_v11_0_10.MB_LUT4 [\MB_LUT4(c_target=spartan7,init=...]
Compiling architecture lut3_v of entity unisim.LUT3 [\LUT3(init="00000100")(0,7)\]
Compiling architecture imp of entity microblaze_v11_0_10.MB_LUT3 [\MB_LUT3(c_target=spartan7,init=...]
Compiling architecture lut3_v of entity unisim.LUT3 [\LUT3(init="00010101")(0,7)\]
Compiling architecture imp of entity microblaze_v11_0_10.MB_LUT3 [\MB_LUT3(c_target=spartan7,init=...]
Compiling architecture lut4_v of entity unisim.LUT4 [\LUT4(init="1000010000100001")(0...]
Compiling architecture imp of entity microblaze_v11_0_10.MB_LUT4 [\MB_LUT4(c_target=spartan7,init=...]
Compiling architecture lut3_v of entity unisim.LUT3 [\LUT3(init="10010000")(0,7)\]
Compiling architecture imp of entity microblaze_v11_0_10.MB_LUT3 [\MB_LUT3(c_target=spartan7,init=...]
Compiling architecture lut4_v of entity unisim.LUT4 [\LUT4(init="1000000000000000")(0...]
Compiling architecture imp of entity microblaze_v11_0_10.MB_LUT4 [\MB_LUT4(c_target=spartan7,init=...]
Compiling architecture imp of entity microblaze_v11_0_10.MB_FDRE [\MB_FDRE(c_target=spartan7)\]
Compiling architecture lut4_v of entity unisim.LUT4 [\LUT4(init="0000000011110000")(0...]
Compiling architecture imp of entity microblaze_v11_0_10.MB_LUT4 [\MB_LUT4(c_target=spartan7,init=...]
Compiling architecture lut2_v of entity unisim.LUT2 [\LUT2(init="1000")(0,3)\]
Compiling architecture mult_and_v of entity unisim.MULT_AND [mult_and_default]
Compiling architecture imp of entity microblaze_v11_0_10.MB_MULT_AND [\MB_MULT_AND(c_target=spartan7)\]
Compiling architecture lut4_v of entity unisim.LUT4 [\LUT4(init="1111111111001010")(0...]
Compiling architecture fdrse_v of entity unisim.FDRSE [fdrse_default]
Compiling architecture imp of entity microblaze_v11_0_10.MB_FDRSE [\MB_FDRSE(c_target=spartan7)\]
Compiling architecture imp of entity microblaze_v11_0_10.MB_FDSE [\MB_FDSE(c_target=spartan7)\]
Compiling architecture lut3_v of entity unisim.LUT3 [\LUT3(init="10110100")(0,7)\]
Compiling architecture imp of entity microblaze_v11_0_10.MB_LUT3 [\MB_LUT3(c_target=spartan7,init=...]
Compiling architecture lut4_v of entity unisim.LUT4 [\LUT4(init="1010101010111010")(0...]
Compiling architecture imp of entity microblaze_v11_0_10.MB_LUT4 [\MB_LUT4(c_target=spartan7,init=...]
Compiling architecture srl16e_v of entity unisim.SRL16E [\SRL16E(0,15)\]
Compiling architecture imp of entity microblaze_v11_0_10.MB_SRL16E [\MB_SRL16E(c_target=spartan7,c_u...]
Compiling architecture muxcy_v of entity unisim.MUXCY [muxcy_default]
Compiling architecture muxcy_l_v of entity unisim.MUXCY_L [muxcy_l_default]
Compiling architecture xorcy_v of entity unisim.XORCY [xorcy_default]
Compiling architecture imp of entity microblaze_v11_0_10.MB_MUXCY_XORCY [\MB_MUXCY_XORCY(c_target=spartan...]
Compiling architecture fdse_v of entity unisim.FDSE [fdse_default]
Compiling architecture fds_v of entity unisim.FDS [fds_default]
Compiling architecture imp of entity microblaze_v11_0_10.MB_FDS [\MB_FDS(c_target=spartan7)\]
Compiling architecture imp of entity microblaze_v11_0_10.MB_FDR [\MB_FDR(c_target=spartan7)\]
Compiling architecture imp of entity microblaze_v11_0_10.PreFetch_Buffer [\PreFetch_Buffer(c_instr_size=32...]
Compiling architecture lut4_v of entity unisim.LUT4 [\LUT4(init="1111100000000000")(0...]
Compiling architecture imp of entity microblaze_v11_0_10.MB_LUT4 [\MB_LUT4(c_target=spartan7,init=...]
Compiling architecture imp of entity microblaze_v11_0_10.Decode [\Decode(c_data_size=32,c_instr_s...]
Compiling architecture lut6_2_v of entity unisim.LUT6_2 [\LUT6_2(init="111111110000000011...]
Compiling architecture imp of entity microblaze_v11_0_10.MB_LUT6_2 [\MB_LUT6_2(c_target=spartan7,ini...]
Compiling architecture imp of entity microblaze_v11_0_10.barrel_shift [\barrel_shift(c_data_size=32,c_a...]
Compiling architecture ram32x1d_v of entity unisim.RAM32X1D [ram32x1d_default]
Compiling architecture imp of entity microblaze_v11_0_10.MB_RAM32X1D [\MB_RAM32X1D(c_target=spartan7,c...]
Compiling architecture imp of entity microblaze_v11_0_10.Register_File_Bit [\Register_File_Bit(c_target=spar...]
Compiling architecture imp of entity microblaze_v11_0_10.Register_File [\Register_File(c_data_size=32,c_...]
Compiling architecture lut6_2_v of entity unisim.LUT6_2 [\LUT6_2(init="111111110000000011...]
Compiling architecture imp of entity microblaze_v11_0_10.MB_LUT6_2 [\MB_LUT6_2(c_target=spartan7,ini...]
Compiling architecture fde_v of entity unisim.FDE [fde_default]
Compiling architecture imp of entity microblaze_v11_0_10.MB_FDE [\MB_FDE(c_target=spartan7)\]
Compiling architecture imp of entity microblaze_v11_0_10.Operand_Select_Bit [\Operand_Select_Bit(c_target=spa...]
Compiling architecture imp of entity microblaze_v11_0_10.Operand_Select_Bit [\Operand_Select_Bit(c_target=spa...]
Compiling architecture imp of entity microblaze_v11_0_10.Operand_Select_Bit [\Operand_Select_Bit(c_target=spa...]
Compiling architecture imp of entity microblaze_v11_0_10.Operand_Select_Bit [\Operand_Select_Bit(c_target=spa...]
Compiling architecture imp of entity microblaze_v11_0_10.Operand_Select_Bit [\Operand_Select_Bit(c_target=spa...]
Compiling architecture imp of entity microblaze_v11_0_10.Operand_Select_Bit [\Operand_Select_Bit(c_target=spa...]
Compiling architecture imp of entity microblaze_v11_0_10.Operand_Select_Bit [\Operand_Select_Bit(c_target=spa...]
Compiling architecture imp of entity microblaze_v11_0_10.Operand_Select [\Operand_Select(c_data_size=32,c...]
Compiling architecture lut3_v of entity unisim.LUT3 [\LUT3(0,7)\]
Compiling architecture imp of entity microblaze_v11_0_10.MB_LUT3 [\MB_LUT3(c_target=spartan7)(0,7)...]
Compiling architecture lut6_2_v of entity unisim.LUT6_2 [\LUT6_2(init="011000000111101010...]
Compiling architecture imp of entity microblaze_v11_0_10.MB_LUT6_2 [\MB_LUT6_2(c_target=spartan7,ini...]
Compiling architecture imp of entity microblaze_v11_0_10.ALU_Bit [\ALU_Bit(c_target=spartan7,c_all...]
Compiling architecture lut6_v of entity unisim.LUT6 [\LUT6(init="01100000011110101010...]
Compiling architecture imp of entity microblaze_v11_0_10.MB_LUT6 [\MB_LUT6(c_target=spartan7,init=...]
Compiling architecture lut4_v of entity unisim.LUT4 [\LUT4(init="1111101000001010")(0...]
Compiling architecture imp of entity microblaze_v11_0_10.MB_LUT4 [\MB_LUT4(c_target=spartan7,init=...]
Compiling architecture imp of entity microblaze_v11_0_10.ALU_Bit [\ALU_Bit(c_target=spartan7,c_all...]
Compiling architecture imp of entity microblaze_v11_0_10.ALU [\ALU(c_data_size=32,c_area_optim...]
Compiling architecture lut4_v of entity unisim.LUT4 [\LUT4(init="0100011010001110")(0...]
Compiling architecture imp of entity microblaze_v11_0_10.MB_LUT4 [\MB_LUT4(c_target=spartan7,init=...]
Compiling architecture lut4_v of entity unisim.LUT4 [\LUT4(init="1111110010101010")(0...]
Compiling architecture imp of entity microblaze_v11_0_10.MB_LUT4 [\MB_LUT4(c_target=spartan7,init=...]
Compiling architecture muxf7_v of entity unisim.MUXF7 [muxf7_default]
Compiling architecture imp of entity microblaze_v11_0_10.MB_MUXF7 [\MB_MUXF7(c_target=spartan7)\]
Compiling architecture imp of entity microblaze_v11_0_10.Shift_Logic_Bit [\Shift_Logic_Bit(c_target=sparta...]
Compiling architecture imp of entity microblaze_v11_0_10.carry_equal [\carry_equal(c_target=spartan7,s...]
Compiling architecture lut4_v of entity unisim.LUT4 [\LUT4(init="0000000000000010")(0...]
Compiling architecture imp of entity microblaze_v11_0_10.MB_LUT4 [\MB_LUT4(c_target=spartan7,init=...]
Compiling architecture lut4_v of entity unisim.LUT4 [\LUT4(init="0000000011111100")(0...]
Compiling architecture imp of entity microblaze_v11_0_10.MB_LUT4 [\MB_LUT4(c_target=spartan7,init=...]
Compiling architecture lut4_v of entity unisim.LUT4 [\LUT4(init="1111111100001100")(0...]
Compiling architecture imp of entity microblaze_v11_0_10.MB_LUT4 [\MB_LUT4(c_target=spartan7,init=...]
Compiling architecture lut4_v of entity unisim.LUT4 [\LUT4(init="0111111111111111")(0...]
Compiling architecture imp of entity microblaze_v11_0_10.MB_LUT4 [\MB_LUT4(c_target=spartan7,init=...]
Compiling architecture lut4_v of entity unisim.LUT4 [\LUT4(init="1111000011101110")(0...]
Compiling architecture imp of entity microblaze_v11_0_10.MB_LUT4 [\MB_LUT4(c_target=spartan7,init=...]
Compiling architecture imp of entity microblaze_v11_0_10.count_leading_zeros [count_leading_zeros_default]
Compiling architecture lut2_v of entity unisim.LUT2 [\LUT2(init="1110")(0,3)\]
Compiling architecture imp of entity microblaze_v11_0_10.MB_LUT2 [\MB_LUT2(c_target=spartan7,init=...]
Compiling architecture imp of entity microblaze_v11_0_10.Shift_Logic_Module [\Shift_Logic_Module(c_data_size=...]
Compiling architecture dsp48e1_v of entity unisim.DSP48E1 [\DSP48E1(acascreg=0,alumodereg=0...]
Compiling architecture imp of entity microblaze_v11_0_10.MB_DSP48E1 [\MB_DSP48E1(c_target=spartan7,ac...]
Compiling architecture imp of entity microblaze_v11_0_10.dsp_module [\dsp_module(c_target=spartan7,c_...]
Compiling architecture dsp48e1_v of entity unisim.DSP48E1 [\DSP48E1(alumodereg=0,carryinreg...]
Compiling architecture imp of entity microblaze_v11_0_10.MB_DSP48E1 [\MB_DSP48E1(c_target=spartan7,al...]
Compiling architecture imp of entity microblaze_v11_0_10.dsp_module [\dsp_module(c_target=spartan7,c_...]
Compiling architecture dsp48e1_v of entity unisim.DSP48E1 [\DSP48E1(acascreg=0,alumodereg=0...]
Compiling architecture imp of entity microblaze_v11_0_10.MB_DSP48E1 [\MB_DSP48E1(c_target=spartan7,ac...]
Compiling architecture imp of entity microblaze_v11_0_10.dsp_module [\dsp_module(c_target=spartan7,c_...]
Compiling architecture imp of entity microblaze_v11_0_10.mul_unit [\mul_unit(c_data_size=32,c_targe...]
Compiling architecture lut4_v of entity unisim.LUT4 [\LUT4(init="1110111111100000")(0...]
Compiling architecture imp of entity microblaze_v11_0_10.MB_LUT4 [\MB_LUT4(c_target=spartan7,init=...]
Compiling architecture lut6_v of entity unisim.LUT6 [\LUT6(init="11100000010000001110...]
Compiling architecture imp of entity microblaze_v11_0_10.MB_LUT6 [\MB_LUT6(c_target=spartan7,init=...]
Compiling architecture fd_v of entity unisim.FD [fd_default]
Compiling architecture imp of entity microblaze_v11_0_10.MB_FD [\MB_FD(c_target=spartan7)\]
Compiling architecture imp of entity microblaze_v11_0_10.Result_Mux_Bit [\Result_Mux_Bit(c_target=spartan...]
Compiling architecture imp of entity microblaze_v11_0_10.Result_Mux [\Result_Mux(c_data_size=32,c_tar...]
Compiling architecture imp of entity microblaze_v11_0_10.Zero_Detect [\Zero_Detect(c_data_size=32,c_ta...]
Compiling architecture imp of entity microblaze_v11_0_10.MSR_Reg_Bit [\MSR_Reg_Bit(c_target=spartan7)\]
Compiling architecture imp of entity microblaze_v11_0_10.MSR_Reg [\MSR_Reg(c_target=spartan7,c_dat...]
Compiling architecture lut4_v of entity unisim.LUT4 [\LUT4(init="1111000001100110")(0...]
Compiling architecture imp of entity microblaze_v11_0_10.MB_LUT4 [\MB_LUT4(c_target=spartan7,init=...]
Compiling architecture lut4_v of entity unisim.LUT4 [\LUT4(init="1010101011001010")(0...]
Compiling architecture imp of entity microblaze_v11_0_10.MB_LUT4 [\MB_LUT4(c_target=spartan7,init=...]
Compiling architecture imp of entity microblaze_v11_0_10.PC_Bit [\PC_Bit(c_target=spartan7,c_rese...]
Compiling architecture imp of entity microblaze_v11_0_10.PC_Bit [\PC_Bit(c_target=spartan7,c_ex_r...]
Compiling architecture imp of entity microblaze_v11_0_10.PC_Module [\PC_Module(c_data_size=32,c_addr...]
Compiling architecture imp of entity microblaze_v11_0_10.PVR [\PVR(c_data_size=32,c_daddr_size...]
Compiling architecture imp of entity microblaze_v11_0_10.Data_Flow [\Data_Flow(c_data_size=32,c_inst...]
Compiling architecture lut6_2_v of entity unisim.LUT6_2 [\LUT6_2(init="100001110111100010...]
Compiling architecture imp of entity microblaze_v11_0_10.MB_LUT6_2 [\MB_LUT6_2(c_target=spartan7,ini...]
Compiling architecture lut6_2_v of entity unisim.LUT6_2 [\LUT6_2(init="011110001000011110...]
Compiling architecture imp of entity microblaze_v11_0_10.MB_LUT6_2 [\MB_LUT6_2(c_target=spartan7,ini...]
Compiling architecture lut6_2_v of entity unisim.LUT6_2 [\LUT6_2(init="001010100010111100...]
Compiling architecture imp of entity microblaze_v11_0_10.MB_LUT6_2 [\MB_LUT6_2(c_target=spartan7,ini...]
Compiling architecture lut6_2_v of entity unisim.LUT6_2 [\LUT6_2(init="000101010001111100...]
Compiling architecture imp of entity microblaze_v11_0_10.MB_LUT6_2 [\MB_LUT6_2(c_target=spartan7,ini...]
Compiling architecture lut6_2_v of entity unisim.LUT6_2 [\LUT6_2(init="000011001100000000...]
Compiling architecture imp of entity microblaze_v11_0_10.MB_LUT6_2 [\MB_LUT6_2(c_target=spartan7,ini...]
Compiling architecture lut3_v of entity unisim.LUT3 [\LUT3(init="10101011")(0,7)\]
Compiling architecture imp of entity microblaze_v11_0_10.MB_LUT3 [\MB_LUT3(c_target=spartan7,init=...]
Compiling architecture lut2_v of entity unisim.LUT2 [\LUT2(init="1011")(0,3)\]
Compiling architecture imp of entity microblaze_v11_0_10.MB_LUT2 [\MB_LUT2(c_target=spartan7,init=...]
Compiling architecture lut6_2_v of entity unisim.LUT6_2 [\LUT6_2(init="000100010001000100...]
Compiling architecture imp of entity microblaze_v11_0_10.MB_LUT6_2 [\MB_LUT6_2(c_target=spartan7,ini...]
Compiling architecture imp of entity microblaze_v11_0_10.mux4_8 [\mux4_8(c_allow_lut6=true,c_targ...]
Compiling architecture imp of entity microblaze_v11_0_10.Byte_Doublet_Handle [\Byte_Doublet_Handle(c_data_size...]
Compiling architecture imp of entity microblaze_v11_0_10.mux_bus [\mux_bus(c_target=spartan7,c_all...]
Compiling architecture imp of entity microblaze_v11_0_10.instr_mux [\instr_mux(c_instr_size=32,c_lmb...]
Compiling architecture imp of entity microblaze_v11_0_10.MicroBlaze_Area [\MicroBlaze_Area(c_num_sync_ff_c...]
Compiling architecture imp of entity microblaze_v11_0_10.mb_sync_bit [mb_sync_bit_default]
Compiling architecture imp of entity microblaze_v11_0_10.MicroBlaze_Core [\MicroBlaze_Core(c_freq=10000000...]
Compiling architecture imp of entity microblaze_v11_0_10.MicroBlaze [\MicroBlaze(c_freq=100000000,g_t...]
Compiling architecture mb_usb_microblaze_0_0_arch of entity xil_defaultlib.mb_usb_microblaze_0_0 [mb_usb_microblaze_0_0_default]
Compiling architecture byte_data_ram_a of entity axi_intc_v4_1_17.shared_ram_ivar [shared_ram_ivar_default]
Compiling architecture imp of entity axi_intc_v4_1_17.intc_core [\intc_core(c_family="spartan7",c...]
Compiling architecture imp of entity axi_lite_ipif_v3_0_4.pselect_f [\pselect_f(c_ab=3,c_aw=9,c_bar="...]
Compiling architecture imp of entity axi_lite_ipif_v3_0_4.pselect_f [\pselect_f(c_ab=2,c_aw=9,c_bar="...]
Compiling architecture imp of entity axi_lite_ipif_v3_0_4.pselect_f [\pselect_f(c_ab=1,c_aw=9,c_bar="...]
Compiling architecture imp of entity axi_lite_ipif_v3_0_4.pselect_f [\pselect_f(c_ab=1,c_aw=1,c_bar="...]
Compiling architecture imp of entity axi_lite_ipif_v3_0_4.pselect_f [\pselect_f(c_ab=1,c_aw=1,c_bar="...]
Compiling architecture imp of entity axi_lite_ipif_v3_0_4.address_decoder [\address_decoder(c_bus_awidth=9,...]
Compiling architecture imp of entity axi_lite_ipif_v3_0_4.slave_attachment [\slave_attachment(c_ard_addr_ran...]
Compiling architecture imp of entity axi_lite_ipif_v3_0_4.axi_lite_ipif [\axi_lite_ipif(c_s_axi_addr_widt...]
Compiling architecture imp of entity axi_intc_v4_1_17.axi_intc [\axi_intc(c_family="spartan7",c_...]
Compiling architecture mb_usb_microblaze_0_axi_intc_0_arch of entity xil_defaultlib.mb_usb_microblaze_0_axi_intc_0 [mb_usb_microblaze_0_axi_intc_0_d...]
Compiling module xil_defaultlib.m00_couplers_imp_1CNVJ1L
Compiling module xil_defaultlib.m01_couplers_imp_ADY9K
Compiling module xil_defaultlib.m02_couplers_imp_BB516Y
Compiling module xil_defaultlib.m03_couplers_imp_11D4JQ3
Compiling module xil_defaultlib.m04_couplers_imp_Y7VWKU
Compiling module xil_defaultlib.m05_couplers_imp_1N5X0ZJ
Compiling module xil_defaultlib.m06_couplers_imp_1Y6O2J1
Compiling module xil_defaultlib.s00_couplers_imp_16FJ1YW
Compiling module axi_crossbar_v2_1_28.axi_crossbar_v2_1_28_addr_arbite...
Compiling module generic_baseblocks_v2_1_0.generic_baseblocks_v2_1_0_carry_...
Compiling module generic_baseblocks_v2_1_0.generic_baseblocks_v2_1_0_compar...
Compiling module generic_baseblocks_v2_1_0.generic_baseblocks_v2_1_0_compar...
Compiling module generic_baseblocks_v2_1_0.generic_baseblocks_v2_1_0_compar...
Compiling module generic_baseblocks_v2_1_0.generic_baseblocks_v2_1_0_compar...
Compiling module generic_baseblocks_v2_1_0.generic_baseblocks_v2_1_0_compar...
Compiling module generic_baseblocks_v2_1_0.generic_baseblocks_v2_1_0_compar...
Compiling module generic_baseblocks_v2_1_0.generic_baseblocks_v2_1_0_compar...
Compiling module axi_crossbar_v2_1_28.axi_crossbar_v2_1_28_addr_decode...
Compiling module axi_crossbar_v2_1_28.axi_crossbar_v2_1_28_splitter(C_...
Compiling module axi_crossbar_v2_1_28.axi_crossbar_v2_1_28_splitter
Compiling module generic_baseblocks_v2_1_0.generic_baseblocks_v2_1_0_mux_en...
Compiling module generic_baseblocks_v2_1_0.generic_baseblocks_v2_1_0_mux_en...
Compiling module generic_baseblocks_v2_1_0.generic_baseblocks_v2_1_0_mux_en...
Compiling module axi_register_slice_v2_1_27.axi_register_slice_v2_1_27_axic_...
Compiling module generic_baseblocks_v2_1_0.generic_baseblocks_v2_1_0_mux_en...
Compiling module axi_crossbar_v2_1_28.axi_crossbar_v2_1_28_decerr_slav...
Compiling module axi_crossbar_v2_1_28.axi_crossbar_v2_1_28_crossbar_sa...
Compiling module axi_crossbar_v2_1_28.axi_crossbar_v2_1_28_axi_crossba...
Compiling module xil_defaultlib.mb_usb_xbar_0
Compiling module xil_defaultlib.mb_usb_microblaze_0_axi_periph_0
Compiling architecture imp of entity lmb_bram_if_cntlr_v4_0_21.pselect_mask [\pselect_mask(c_bar="00000000000...]
Compiling architecture imp of entity lmb_bram_if_cntlr_v4_0_21.lmb_mux [\lmb_mux(c_target=spartan7,c_bas...]
Compiling architecture imp of entity lmb_bram_if_cntlr_v4_0_21.lmb_bram_if_cntlr [\lmb_bram_if_cntlr(c_family="spa...]
Compiling architecture mb_usb_dlmb_bram_if_cntlr_0_arch of entity xil_defaultlib.mb_usb_dlmb_bram_if_cntlr_0 [mb_usb_dlmb_bram_if_cntlr_0_defa...]
Compiling architecture imp of entity lmb_v10_v3_0_12.lmb_v10 [\lmb_v10(c_lmb_num_slaves=1)\]
Compiling architecture mb_usb_dlmb_v10_0_arch of entity xil_defaultlib.mb_usb_dlmb_v10_0 [mb_usb_dlmb_v10_0_default]
Compiling architecture imp of entity lmb_bram_if_cntlr_v4_0_21.pselect_mask [\pselect_mask(c_bar="00000000000...]
Compiling architecture imp of entity lmb_bram_if_cntlr_v4_0_21.lmb_mux [\lmb_mux(c_target=spartan7,c_bas...]
Compiling architecture imp of entity lmb_bram_if_cntlr_v4_0_21.lmb_bram_if_cntlr [\lmb_bram_if_cntlr(c_family="spa...]
Compiling architecture mb_usb_ilmb_bram_if_cntlr_0_arch of entity xil_defaultlib.mb_usb_ilmb_bram_if_cntlr_0 [mb_usb_ilmb_bram_if_cntlr_0_defa...]
Compiling architecture mb_usb_ilmb_v10_0_arch of entity xil_defaultlib.mb_usb_ilmb_v10_0 [mb_usb_ilmb_v10_0_default]
Compiling module blk_mem_gen_v8_4_5.blk_mem_gen_v8_4_5_output_stage(...
Compiling module blk_mem_gen_v8_4_5.blk_mem_gen_v8_4_5_softecc_outpu...
Compiling module blk_mem_gen_v8_4_5.blk_mem_gen_v8_4_5_mem_module(C_...
Compiling module blk_mem_gen_v8_4_5.blk_mem_gen_v8_4_5(C_FAMILY="spa...
Compiling module xil_defaultlib.mb_usb_lmb_bram_0
Compiling module xil_defaultlib.microblaze_0_local_memory_imp_4X...
Compiling module xlconcat_v2_1_4.xlconcat_v2_1_4_xlconcat(dout_wi...
Compiling module xil_defaultlib.mb_usb_microblaze_0_xlconcat_0
Compiling architecture fdre_v of entity unisim.FDRE [\FDRE(init='1')\]
Compiling architecture implementation of entity lib_cdc_v1_0_2.cdc_sync [\cdc_sync(c_vector_width=2,c_mtb...]
Compiling architecture srl16e_v of entity unisim.SRL16E [\SRL16E(init="1111111111111111")...]
Compiling architecture srl16_v of entity unisim.SRL16 [\SRL16(init="1111111111111111")(...]
Compiling architecture imp of entity proc_sys_reset_v5_0_13.lpf [\lpf(c_ext_rst_width=4,c_aux_rst...]
Compiling architecture imp of entity proc_sys_reset_v5_0_13.upcnt_n [\upcnt_n(c_size=6)\]
Compiling architecture imp of entity proc_sys_reset_v5_0_13.sequence_psr [sequence_psr_default]
Compiling architecture imp of entity proc_sys_reset_v5_0_13.proc_sys_reset [\proc_sys_reset(c_family="sparta...]
Compiling architecture mb_usb_rst_clk_wiz_1_100m_0_arch of entity xil_defaultlib.mb_usb_rst_clk_wiz_1_100M_0 [mb_usb_rst_clk_wiz_1_100m_0_defa...]
Compiling architecture imp of entity axi_lite_ipif_v3_0_4.pselect_f [\pselect_f(c_ab=1,c_aw=7,c_bar="...]
Compiling architecture imp of entity axi_lite_ipif_v3_0_4.pselect_f [\pselect_f(c_ab=2,c_aw=7,c_bar="...]
Compiling architecture imp of entity axi_lite_ipif_v3_0_4.pselect_f [\pselect_f(c_ab=3,c_aw=3,c_bar="...]
Compiling architecture imp of entity axi_lite_ipif_v3_0_4.pselect_f [\pselect_f(c_ab=3,c_aw=3,c_bar="...]
Compiling architecture imp of entity axi_lite_ipif_v3_0_4.pselect_f [\pselect_f(c_ab=3,c_aw=3,c_bar="...]
Compiling architecture imp of entity axi_lite_ipif_v3_0_4.pselect_f [\pselect_f(c_ab=3,c_aw=3,c_bar="...]
Compiling architecture imp of entity axi_lite_ipif_v3_0_4.pselect_f [\pselect_f(c_ab=3,c_aw=3,c_bar="...]
Compiling architecture imp of entity axi_lite_ipif_v3_0_4.pselect_f [\pselect_f(c_ab=3,c_aw=3,c_bar="...]
Compiling architecture imp of entity axi_lite_ipif_v3_0_4.pselect_f [\pselect_f(c_ab=3,c_aw=3,c_bar="...]
Compiling architecture imp of entity axi_lite_ipif_v3_0_4.pselect_f [\pselect_f(c_ab=3,c_aw=3,c_bar="...]
Compiling architecture imp of entity axi_lite_ipif_v3_0_4.pselect_f [\pselect_f(c_ab=2,c_aw=7,c_bar="...]
Compiling architecture imp of entity axi_lite_ipif_v3_0_4.address_decoder [\address_decoder(c_bus_awidth=7,...]
Compiling architecture imp of entity axi_lite_ipif_v3_0_4.slave_attachment [\slave_attachment(c_ard_addr_ran...]
Compiling architecture imp of entity axi_lite_ipif_v3_0_4.axi_lite_ipif [\axi_lite_ipif(c_s_axi_addr_widt...]
Compiling architecture fdr_v of entity unisim.FDR [\FDR(init='1')\]
Compiling architecture imp of entity axi_quad_spi_v3_2_26.cross_clk_sync_fifo_1 [\cross_clk_sync_fifo_1(c_family=...]
Compiling architecture implementation of entity lib_cdc_v1_0_2.cdc_sync [\cdc_sync(c_vector_width=1)\]
Compiling architecture imp of entity axi_quad_spi_v3_2_26.counter_f [\counter_f(c_num_bits=4)(1,8)\]
Compiling module xpm.xpm_fifo_base(COMMON_CLOCK=0,FIF...
Compiling module xpm.xpm_fifo_async(FIFO_MEMORY_TYPE=...
Compiling architecture implementation of entity lib_fifo_v1_0_16.async_fifo_fg [\async_fifo_fg(c_allow_2n_depth=...]
Compiling architecture imp of entity axi_quad_spi_v3_2_26.qspi_fifo_ifmodule [\qspi_fifo_ifmodule(c_num_transf...]
Compiling architecture imp of entity axi_quad_spi_v3_2_26.qspi_occupancy_reg [\qspi_occupancy_reg(c_occupancy_...]
Compiling architecture fd_v of entity unisim.FD [\FD(init='1')\]
Compiling architecture imp of entity axi_quad_spi_v3_2_26.qspi_mode_0_module [\qspi_mode_0_module(c_sck_ratio=...]
Compiling architecture imp of entity axi_quad_spi_v3_2_26.qspi_status_slave_sel_reg [\qspi_status_slave_sel_reg(c_spi...]
Compiling architecture imp of entity axi_quad_spi_v3_2_26.reset_sync_module [reset_sync_module_default]
Compiling module xpm.xpm_cdc_sync_rst(DEST_SYNC_FF=2,...
Compiling module xpm.xpm_fifo_rst(COMMON_CLOCK=0)
Compiling module xpm.xpm_fifo_reg_bit
Compiling module xpm.xpm_counter_updn(COUNTER_WIDTH=5...
Compiling module xpm.xpm_counter_updn(RESET_VALUE=1)
Compiling module xpm.xpm_counter_updn(RESET_VALUE=2)
Compiling module xpm.xpm_counter_updn(RESET_VALUE=3)
Compiling module xpm.xpm_memory_base(MEMORY_TYPE=1,ME...
Compiling module xpm.xpm_cdc_gray(DEST_SYNC_FF=2,INIT...
Compiling module xpm.xpm_fifo_reg_vec
Compiling module xpm.xpm_cdc_gray(INIT_SYNC_FF=1,WIDT...
Compiling module xpm.xpm_fifo_reg_vec(REG_WIDTH=5)
Compiling module xpm.xpm_cdc_gray(DEST_SYNC_FF=2,INIT...
Compiling module xpm.xpm_counter_updn(COUNTER_WIDTH=2...
Compiling module xpm.xpm_fifo_base(COMMON_CLOCK=0,FIF...
Compiling module xpm.xpm_fifo_async(FIFO_MEMORY_TYPE=...
Compiling architecture imp of entity axi_quad_spi_v3_2_26.qspi_cntrl_reg [\qspi_cntrl_reg(c_s_axi_data_wid...]
Compiling architecture implementation of entity axi_quad_spi_v3_2_26.soft_reset [\soft_reset(c_reset_width=16)\]
Compiling architecture implementation of entity interrupt_control_v3_1_4.interrupt_control [\interrupt_control(c_num_ce=16,c...]
Compiling architecture imp of entity axi_quad_spi_v3_2_26.qspi_core_interface [\qspi_core_interface(c_family="s...]
Compiling architecture imp of entity axi_quad_spi_v3_2_26.axi_quad_spi_top [\axi_quad_spi_top(c_family="spar...]
Compiling architecture imp of entity axi_quad_spi_v3_2_26.axi_quad_spi [\axi_quad_spi(c_family="spartan7...]
Compiling architecture mb_usb_spi_usb_0_arch of entity xil_defaultlib.mb_usb_spi_usb_0 [mb_usb_spi_usb_0_default]
Compiling architecture imp of entity axi_timer_v2_0_29.mux_onehot_f [\mux_onehot_f(c_nb=6,c_family="s...]
Compiling architecture imp of entity axi_timer_v2_0_29.counter_f [\counter_f(c_num_bits=32,c_famil...]
Compiling architecture imp of entity axi_timer_v2_0_29.count_module [\count_module(c_family="spartan7...]
Compiling architecture imp of entity axi_timer_v2_0_29.timer_control [\timer_control(c_ard_num_ce_arra...]
Compiling architecture fdrs_v of entity unisim.FDRS [fdrs_default]
Compiling architecture imp of entity axi_timer_v2_0_29.tc_core [\tc_core(c_family="spartan7",c_o...]
Compiling architecture imp of entity axi_lite_ipif_v3_0_4.address_decoder [\address_decoder(c_bus_awidth=5,...]
Compiling architecture imp of entity axi_lite_ipif_v3_0_4.slave_attachment [\slave_attachment(c_ard_addr_ran...]
Compiling architecture imp of entity axi_lite_ipif_v3_0_4.axi_lite_ipif [\axi_lite_ipif(c_s_axi_addr_widt...]
Compiling architecture imp of entity axi_timer_v2_0_29.axi_timer [\axi_timer(c_family="spartan7",c...]
Compiling architecture mb_usb_timer_usb_axi_0_arch of entity xil_defaultlib.mb_usb_timer_usb_axi_0 [mb_usb_timer_usb_axi_0_default]
Compiling module xil_defaultlib.mb_usb
Compiling module unisims_ver.MMCME2_ADV(CLKFBOUT_MULT_F=10.0,...
Compiling module xil_defaultlib.clk_wiz_0_clk_wiz
Compiling module xil_defaultlib.clk_wiz_0
Compiling module xil_defaultlib.vga_controller
Compiling module unisims_ver.SRL16E_default
Compiling module xil_defaultlib.srldelay(WIDTH=40,TAPS=4'b1010)
Compiling module xil_defaultlib.encode_default
Compiling module xil_defaultlib.encode(CHANNEL="GREEN")
Compiling module xil_defaultlib.encode(CHANNEL="RED")
Compiling module unisims_ver.OSERDESE2(DATA_RATE_TQ="SDR",DAT...
Compiling module unisims_ver.OSERDESE2(DATA_RATE_TQ="SDR",DAT...
Compiling module xil_defaultlib.serdes_10_to_1
Compiling module unisims_ver.OBUFDS(IOSTANDARD="TMDS_33")
Compiling module xil_defaultlib.hdmi_tx_v1_0(C_RED_WIDTH=4,C_GRE...
Compiling module xil_defaultlib.hdmi_tx_0
Compiling module xil_defaultlib.ball
Compiling module xil_defaultlib.color_mapper
Compiling module xil_defaultlib.mb_usb_hdmi_top
Compiling module xil_defaultlib.glbl
Built simulation snapshot mb_usb_hdmi_top_behav
run_program: Time (s): cpu = 00:00:16 ; elapsed = 00:01:26 . Memory (MB): peak = 2252.715 ; gain = 0.836
INFO: [USF-XSim-69] 'elaborate' step finished in '86' seconds
INFO: [USF-XSim-4] XSim::Simulate design
INFO: [USF-XSim-61] Executing 'SIMULATE' step in 'C:/Users/Shane/Documents/Classes/ECE_385/Lab_6/lab_6/lab_6.sim/sim_1/behav/xsim'
INFO: [USF-XSim-98] *** Running xsim
   with args "mb_usb_hdmi_top_behav -key {Behavioral:sim_1:Functional:mb_usb_hdmi_top} -tclbatch {mb_usb_hdmi_top.tcl} -protoinst "protoinst_files/mb_usb.protoinst" -protoinst "protoinst_files/mb_block.protoinst" -log {simulate.log}"
INFO: [USF-XSim-8] Loading simulator feature
INFO: [Wavedata 42-565] Reading protoinst file protoinst_files/mb_usb.protoinst
INFO: [Wavedata 42-564]   Found protocol instance at /mb_usb_hdmi_top/mb_block_i//axi_uartlite_0/S_AXI
INFO: [Wavedata 42-564]   Found protocol instance at /mb_usb_hdmi_top/mb_block_i//gpio_usb_int/S_AXI
INFO: [Wavedata 42-564]   Found protocol instance at /mb_usb_hdmi_top/mb_block_i//gpio_usb_keycode/S_AXI
INFO: [Wavedata 42-564]   Found protocol instance at /mb_usb_hdmi_top/mb_block_i//gpio_usb_rst/S_AXI
INFO: [Wavedata 42-564]   Found protocol instance at /mb_usb_hdmi_top/mb_block_i//microblaze_0/M_AXI_DP
INFO: [Wavedata 42-564]   Found protocol instance at /mb_usb_hdmi_top/mb_block_i//microblaze_0_axi_intc/s_axi
INFO: [Wavedata 42-564]   Found protocol instance at /mb_usb_hdmi_top/mb_block_i//microblaze_0_axi_periph/M00_AXI
INFO: [Wavedata 42-564]   Found protocol instance at /mb_usb_hdmi_top/mb_block_i//microblaze_0_axi_periph/M01_AXI
INFO: [Wavedata 42-564]   Found protocol instance at /mb_usb_hdmi_top/mb_block_i//microblaze_0_axi_periph/M02_AXI
INFO: [Wavedata 42-564]   Found protocol instance at /mb_usb_hdmi_top/mb_block_i//microblaze_0_axi_periph/M03_AXI
INFO: [Wavedata 42-564]   Found protocol instance at /mb_usb_hdmi_top/mb_block_i//microblaze_0_axi_periph/M04_AXI
INFO: [Wavedata 42-564]   Found protocol instance at /mb_usb_hdmi_top/mb_block_i//microblaze_0_axi_periph/M05_AXI
INFO: [Wavedata 42-564]   Found protocol instance at /mb_usb_hdmi_top/mb_block_i//microblaze_0_axi_periph/M06_AXI
INFO: [Wavedata 42-564]   Found protocol instance at /mb_usb_hdmi_top/mb_block_i//microblaze_0_axi_periph/S00_AXI
INFO: [Wavedata 42-564]   Found protocol instance at /mb_usb_hdmi_top/mb_block_i//microblaze_0_axi_periph/m00_couplers/M_AXI
INFO: [Wavedata 42-564]   Found protocol instance at /mb_usb_hdmi_top/mb_block_i//microblaze_0_axi_periph/m00_couplers/S_AXI
INFO: [Wavedata 42-564]   Found protocol instance at /mb_usb_hdmi_top/mb_block_i//microblaze_0_axi_periph/m01_couplers/M_AXI
INFO: [Wavedata 42-564]   Found protocol instance at /mb_usb_hdmi_top/mb_block_i//microblaze_0_axi_periph/m01_couplers/S_AXI
INFO: [Wavedata 42-564]   Found protocol instance at /mb_usb_hdmi_top/mb_block_i//microblaze_0_axi_periph/m02_couplers/M_AXI
INFO: [Wavedata 42-564]   Found protocol instance at /mb_usb_hdmi_top/mb_block_i//microblaze_0_axi_periph/m02_couplers/S_AXI
INFO: [Wavedata 42-564]   Found protocol instance at /mb_usb_hdmi_top/mb_block_i//microblaze_0_axi_periph/m03_couplers/M_AXI
INFO: [Wavedata 42-564]   Found protocol instance at /mb_usb_hdmi_top/mb_block_i//microblaze_0_axi_periph/m03_couplers/S_AXI
INFO: [Wavedata 42-564]   Found protocol instance at /mb_usb_hdmi_top/mb_block_i//microblaze_0_axi_periph/m04_couplers/M_AXI
INFO: [Wavedata 42-564]   Found protocol instance at /mb_usb_hdmi_top/mb_block_i//microblaze_0_axi_periph/m04_couplers/S_AXI
INFO: [Wavedata 42-564]   Found protocol instance at /mb_usb_hdmi_top/mb_block_i//microblaze_0_axi_periph/m05_couplers/M_AXI
INFO: [Wavedata 42-564]   Found protocol instance at /mb_usb_hdmi_top/mb_block_i//microblaze_0_axi_periph/m05_couplers/S_AXI
INFO: [Wavedata 42-564]   Found protocol instance at /mb_usb_hdmi_top/mb_block_i//microblaze_0_axi_periph/m06_couplers/M_AXI
INFO: [Wavedata 42-564]   Found protocol instance at /mb_usb_hdmi_top/mb_block_i//microblaze_0_axi_periph/m06_couplers/S_AXI
INFO: [Wavedata 42-564]   Found protocol instance at /mb_usb_hdmi_top/mb_block_i//microblaze_0_axi_periph/s00_couplers/M_AXI
INFO: [Wavedata 42-564]   Found protocol instance at /mb_usb_hdmi_top/mb_block_i//microblaze_0_axi_periph/s00_couplers/S_AXI
INFO: [Wavedata 42-564]   Found protocol instance at /mb_usb_hdmi_top/mb_block_i//microblaze_0_axi_periph/xbar/M00_AXI
INFO: [Wavedata 42-564]   Found protocol instance at /mb_usb_hdmi_top/mb_block_i//microblaze_0_axi_periph/xbar/M01_AXI
INFO: [Wavedata 42-564]   Found protocol instance at /mb_usb_hdmi_top/mb_block_i//microblaze_0_axi_periph/xbar/M02_AXI
INFO: [Wavedata 42-564]   Found protocol instance at /mb_usb_hdmi_top/mb_block_i//microblaze_0_axi_periph/xbar/M03_AXI
INFO: [Wavedata 42-564]   Found protocol instance at /mb_usb_hdmi_top/mb_block_i//microblaze_0_axi_periph/xbar/M04_AXI
INFO: [Wavedata 42-564]   Found protocol instance at /mb_usb_hdmi_top/mb_block_i//microblaze_0_axi_periph/xbar/M05_AXI
INFO: [Wavedata 42-564]   Found protocol instance at /mb_usb_hdmi_top/mb_block_i//microblaze_0_axi_periph/xbar/M06_AXI
INFO: [Wavedata 42-564]   Found protocol instance at /mb_usb_hdmi_top/mb_block_i//microblaze_0_axi_periph/xbar/S00_AXI
INFO: [Wavedata 42-564]   Found protocol instance at /mb_usb_hdmi_top/mb_block_i//spi_usb/AXI_LITE
INFO: [Wavedata 42-564]   Found protocol instance at /mb_usb_hdmi_top/mb_block_i//timer_usb_axi/S_AXI
INFO: [Wavedata 42-565] Reading protoinst file protoinst_files/mb_block.protoinst
WARNING: [Wavedata 42-558] Couldn't load one or more protocol instances from protoinst file protoinst_files/mb_block.protoinst for the following reason(s):
There are no instances of module "mb_block" in the design.

Time resolution is 1 ps
source mb_usb_hdmi_top.tcl
# set curr_wave [current_wave_config]
# if { [string length $curr_wave] == 0 } {
#   if { [llength [get_objects]] > 0} {
#     add_wave /
#     set_property needs_save false [current_wave_config]
#   } else {
#      send_msg_id Add_Wave-1 WARNING "No top level signals found. Simulator will start without a wave window. If you want to open a wave window go to 'File->New Waveform Configuration' or type 'create_wave_config' in the TCL console."
#   }
# }
# run 1000ns
Block Memory Generator module mb_usb_hdmi_top.mb_block_i.microblaze_0_local_memory.lmb_bram.inst.\native_mem_mapped_module.blk_mem_gen_v8_4_5_inst  is using a behavioral model for simulation which will not precisely model memory collision behavior.
Info: [XPM_MEMORY 20-1] MEMORY_PRIMITIVE (0) instructs Vivado Synthesis to choose the memory primitive type. Depending on their values, other XPM_MEMORY parameters may preclude the choice of certain memory primitive types. Review XPM_MEMORY documentation and parameter values to understand any limitations, or set MEMORY_PRIMITIVE to a different value. mb_usb_hdmi_top.mb_block_i.spi_usb.U0.no_dual_quad_mode.QSPI_NORMAL.qspi_legacy_md_gen.QSPI_CORE_INTERFACE_I.fifo_exists.RX_FIFO_II.\gnuram_async_fifo.xpm_fifo_base_inst .\gen_sdpram.xpm_memory_base_inst .config_drc
Time: 1 ps  Iteration: 0  Process: /mb_usb_hdmi_top/mb_block_i/spi_usb/U0/no_dual_quad_mode/QSPI_NORMAL/qspi_legacy_md_gen/QSPI_CORE_INTERFACE_I/fifo_exists/RX_FIFO_II/gnuram_async_fifo.xpm_fifo_base_inst/gen_sdpram.xpm_memory_base_inst/Initial299_202  Scope: mb_usb_hdmi_top.mb_block_i.spi_usb.U0.no_dual_quad_mode.QSPI_NORMAL.qspi_legacy_md_gen.QSPI_CORE_INTERFACE_I.fifo_exists.RX_FIFO_II.\gnuram_async_fifo.xpm_fifo_base_inst .\gen_sdpram.xpm_memory_base_inst .config_drc  File: C:/Xilinx/Vivado/2022.2/data/ip/xpm/xpm_memory/hdl/xpm_memory.sv Line: 493
Info: [XPM_MEMORY 20-1] MEMORY_PRIMITIVE (0) instructs Vivado Synthesis to choose the memory primitive type. Depending on their values, other XPM_MEMORY parameters may preclude the choice of certain memory primitive types. Review XPM_MEMORY documentation and parameter values to understand any limitations, or set MEMORY_PRIMITIVE to a different value. mb_usb_hdmi_top.mb_block_i.spi_usb.U0.no_dual_quad_mode.QSPI_NORMAL.qspi_legacy_md_gen.QSPI_CORE_INTERFACE_I.fifo_exists.TX_FIFO_II.xpm_fifo_instance.xpm_fifo_async_inst.\gnuram_async_fifo.xpm_fifo_base_inst .\gen_sdpram.xpm_memory_base_inst .config_drc
Time: 1 ps  Iteration: 0  Process: /mb_usb_hdmi_top/mb_block_i/spi_usb/U0/no_dual_quad_mode/QSPI_NORMAL/qspi_legacy_md_gen/QSPI_CORE_INTERFACE_I/fifo_exists/TX_FIFO_II/xpm_fifo_instance/xpm_fifo_async_inst/gnuram_async_fifo.xpm_fifo_base_inst/gen_sdpram.xpm_memory_base_inst/Initial299_202  Scope: mb_usb_hdmi_top.mb_block_i.spi_usb.U0.no_dual_quad_mode.QSPI_NORMAL.qspi_legacy_md_gen.QSPI_CORE_INTERFACE_I.fifo_exists.TX_FIFO_II.xpm_fifo_instance.xpm_fifo_async_inst.\gnuram_async_fifo.xpm_fifo_base_inst .\gen_sdpram.xpm_memory_base_inst .config_drc  File: C:/Xilinx/Vivado/2022.2/data/ip/xpm/xpm_memory/hdl/xpm_memory.sv Line: 493
INFO: [USF-XSim-96] XSim completed. Design snapshot 'mb_usb_hdmi_top_behav' loaded.
INFO: [USF-XSim-97] XSim simulation ran for 1000ns
launch_simulation: Time (s): cpu = 00:00:32 ; elapsed = 00:01:50 . Memory (MB): peak = 2277.406 ; gain = 36.688
launch_runs synth_1 -jobs 4
INFO: [BD 41-1029] Generation completed for the IP Integrator block microblaze_0 .
INFO: [BD 41-1029] Generation completed for the IP Integrator block microblaze_0_local_memory/dlmb_v10 .
INFO: [BD 41-1029] Generation completed for the IP Integrator block microblaze_0_local_memory/ilmb_v10 .
INFO: [BD 41-1029] Generation completed for the IP Integrator block microblaze_0_local_memory/dlmb_bram_if_cntlr .
INFO: [BD 41-1029] Generation completed for the IP Integrator block microblaze_0_local_memory/ilmb_bram_if_cntlr .
INFO: [BD 41-1029] Generation completed for the IP Integrator block microblaze_0_axi_periph/xbar .
INFO: [BD 41-1029] Generation completed for the IP Integrator block microblaze_0_axi_intc .
INFO: [BD 41-1029] Generation completed for the IP Integrator block clk_wiz_1 .
INFO: [BD 41-1029] Generation completed for the IP Integrator block rst_clk_wiz_1_100M .
WARNING: [IP_Flow 19-4994] Overwriting existing constraint file 'c:/Users/Shane/Documents/Classes/ECE_385/Lab_6/lab_6/lab_6.gen/sources_1/bd/mb_usb/ip/mb_usb_axi_uartlite_0_0/mb_usb_axi_uartlite_0_0_ooc.xdc'
INFO: [BD 41-1029] Generation completed for the IP Integrator block axi_uartlite_0 .
WARNING: [IP_Flow 19-4994] Overwriting existing constraint file 'c:/Users/Shane/Documents/Classes/ECE_385/Lab_6/lab_6/lab_6.gen/sources_1/bd/mb_usb/ip/mb_usb_timer_usb_axi_0/mb_usb_timer_usb_axi_0_ooc.xdc'
INFO: [BD 41-1029] Generation completed for the IP Integrator block timer_usb_axi .
INFO: [IP_Flow 19-6930] IPCACHE: runCacheChecks() number of threads = 8
INFO: [IP_Flow 19-6921] IPCACHE: Adding cache check func to thread queue for IP mb_usb_axi_uartlite_0_0
INFO: [IP_Flow 19-6921] IPCACHE: Adding cache check func to thread queue for IP mb_usb_clk_wiz_1_0
INFO: [IP_Flow 19-6921] IPCACHE: Adding cache check func to thread queue for IP mb_usb_dlmb_bram_if_cntlr_0
INFO: [IP_Flow 19-6921] IPCACHE: Adding cache check func to thread queue for IP mb_usb_dlmb_v10_0
INFO: [IP_Flow 19-6921] IPCACHE: Adding cache check func to thread queue for IP mb_usb_gpio_usb_int_0
INFO: [IP_Flow 19-6921] IPCACHE: Adding cache check func to thread queue for IP mb_usb_gpio_usb_keycode_0
INFO: [IP_Flow 19-6921] IPCACHE: Adding cache check func to thread queue for IP mb_usb_gpio_usb_rst_0
INFO: [IP_Flow 19-6921] IPCACHE: Adding cache check func to thread queue for IP mb_usb_ilmb_bram_if_cntlr_0
INFO: [IP_Flow 19-6921] IPCACHE: Adding cache check func to thread queue for IP mb_usb_ilmb_v10_0
INFO: [IP_Flow 19-6921] IPCACHE: Adding cache check func to thread queue for IP mb_usb_lmb_bram_0
INFO: [IP_Flow 19-6921] IPCACHE: Adding cache check func to thread queue for IP mb_usb_microblaze_0_0
INFO: [IP_Flow 19-6921] IPCACHE: Adding cache check func to thread queue for IP mb_usb_microblaze_0_axi_intc_0
INFO: [IP_Flow 19-6921] IPCACHE: Adding cache check func to thread queue for IP mb_usb_rst_clk_wiz_1_100M_0
INFO: [IP_Flow 19-6921] IPCACHE: Adding cache check func to thread queue for IP mb_usb_spi_usb_0
INFO: [IP_Flow 19-6921] IPCACHE: Adding cache check func to thread queue for IP mb_usb_timer_usb_axi_0
INFO: [IP_Flow 19-6921] IPCACHE: Adding cache check func to thread queue for IP mb_usb_xbar_0
INFO: [IP_Flow 19-8020] IPCACHE: runCacheChecks() calling threadPool finishWork()
INFO: [IP_Flow 19-6924] IPCACHE: Running cache check for IP inst: mb_usb_axi_uartlite_0_0
INFO: [IP_Flow 19-6924] IPCACHE: Running cache check for IP inst: mb_usb_clk_wiz_1_0
INFO: [IP_Flow 19-6924] IPCACHE: Running cache check for IP inst: mb_usb_rst_clk_wiz_1_100M_0
INFO: [IP_Flow 19-6922] IPCACHE: Exporting cached entry 792adf34df1c7c56 to dir: c:/Users/Shane/Documents/Classes/ECE_385/Lab_6/lab_6/lab_6.gen/sources_1/bd/mb_usb/ip/mb_usb_rst_clk_wiz_1_100M_0
INFO: [IP_Flow 19-6928] IPCACHE: copied cached file c:/Users/Shane/Documents/Classes/ECE_385/Lab_6/lab_6/lab_6.cache/ip/2022.2/7/9/792adf34df1c7c56/mb_block_rst_clk_wiz_1_100M_0.dcp to c:/Users/Shane/Documents/Classes/ECE_385/Lab_6/lab_6/lab_6.gen/sources_1/bd/mb_usb/ip/mb_usb_rst_clk_wiz_1_100M_0/mb_usb_rst_clk_wiz_1_100M_0.dcp.
INFO: [IP_Flow 19-6926] IPCACHE: added file to list for BOM: c:/Users/Shane/Documents/Classes/ECE_385/Lab_6/lab_6/lab_6.gen/sources_1/bd/mb_usb/ip/mb_usb_rst_clk_wiz_1_100M_0/mb_usb_rst_clk_wiz_1_100M_0.dcp
INFO: [IP_Flow 19-6928] IPCACHE: copied cached file c:/Users/Shane/Documents/Classes/ECE_385/Lab_6/lab_6/lab_6.cache/ip/2022.2/7/9/792adf34df1c7c56/mb_block_rst_clk_wiz_1_100M_0_sim_netlist.v to c:/Users/Shane/Documents/Classes/ECE_385/Lab_6/lab_6/lab_6.gen/sources_1/bd/mb_usb/ip/mb_usb_rst_clk_wiz_1_100M_0/mb_usb_rst_clk_wiz_1_100M_0_sim_netlist.v.
INFO: [IP_Flow 19-6926] IPCACHE: added file to list for BOM: c:/Users/Shane/Documents/Classes/ECE_385/Lab_6/lab_6/lab_6.gen/sources_1/bd/mb_usb/ip/mb_usb_rst_clk_wiz_1_100M_0/mb_usb_rst_clk_wiz_1_100M_0_sim_netlist.v
INFO: [IP_Flow 19-6928] IPCACHE: copied cached file c:/Users/Shane/Documents/Classes/ECE_385/Lab_6/lab_6/lab_6.cache/ip/2022.2/7/9/792adf34df1c7c56/mb_block_rst_clk_wiz_1_100M_0_sim_netlist.vhdl to c:/Users/Shane/Documents/Classes/ECE_385/Lab_6/lab_6/lab_6.gen/sources_1/bd/mb_usb/ip/mb_usb_rst_clk_wiz_1_100M_0/mb_usb_rst_clk_wiz_1_100M_0_sim_netlist.vhdl.
INFO: [IP_Flow 19-6926] IPCACHE: added file to list for BOM: c:/Users/Shane/Documents/Classes/ECE_385/Lab_6/lab_6/lab_6.gen/sources_1/bd/mb_usb/ip/mb_usb_rst_clk_wiz_1_100M_0/mb_usb_rst_clk_wiz_1_100M_0_sim_netlist.vhdl
INFO: [IP_Flow 19-6928] IPCACHE: copied cached file c:/Users/Shane/Documents/Classes/ECE_385/Lab_6/lab_6/lab_6.cache/ip/2022.2/7/9/792adf34df1c7c56/mb_block_rst_clk_wiz_1_100M_0_stub.v to c:/Users/Shane/Documents/Classes/ECE_385/Lab_6/lab_6/lab_6.gen/sources_1/bd/mb_usb/ip/mb_usb_rst_clk_wiz_1_100M_0/mb_usb_rst_clk_wiz_1_100M_0_stub.v.
INFO: [IP_Flow 19-6926] IPCACHE: added file to list for BOM: c:/Users/Shane/Documents/Classes/ECE_385/Lab_6/lab_6/lab_6.gen/sources_1/bd/mb_usb/ip/mb_usb_rst_clk_wiz_1_100M_0/mb_usb_rst_clk_wiz_1_100M_0_stub.v
INFO: [IP_Flow 19-6928] IPCACHE: copied cached file c:/Users/Shane/Documents/Classes/ECE_385/Lab_6/lab_6/lab_6.cache/ip/2022.2/7/9/792adf34df1c7c56/mb_block_rst_clk_wiz_1_100M_0_stub.vhdl to c:/Users/Shane/Documents/Classes/ECE_385/Lab_6/lab_6/lab_6.gen/sources_1/bd/mb_usb/ip/mb_usb_rst_clk_wiz_1_100M_0/mb_usb_rst_clk_wiz_1_100M_0_stub.vhdl.
INFO: [IP_Flow 19-6926] IPCACHE: added file to list for BOM: c:/Users/Shane/Documents/Classes/ECE_385/Lab_6/lab_6/lab_6.gen/sources_1/bd/mb_usb/ip/mb_usb_rst_clk_wiz_1_100M_0/mb_usb_rst_clk_wiz_1_100M_0_stub.vhdl
INFO: [IP_Flow 19-4993] Using cached IP synthesis design for IP mb_usb_rst_clk_wiz_1_100M_0, cache-ID = 792adf34df1c7c56; cache size = 13.317 MB.
INFO: [IP_Flow 19-6924] IPCACHE: Running cache check for IP inst: mb_usb_microblaze_0_axi_intc_0
INFO: [IP_Flow 19-6924] IPCACHE: Running cache check for IP inst: mb_usb_spi_usb_0
INFO: [IP_Flow 19-6924] IPCACHE: Running cache check for IP inst: mb_usb_timer_usb_axi_0
INFO: [IP_Flow 19-6922] IPCACHE: Exporting cached entry 3987d407d0fe9dbd to dir: c:/Users/Shane/Documents/Classes/ECE_385/Lab_6/lab_6/lab_6.gen/sources_1/bd/mb_usb/ip/mb_usb_timer_usb_axi_0
INFO: [IP_Flow 19-6928] IPCACHE: copied cached file c:/Users/Shane/Documents/Classes/ECE_385/Lab_6/lab_6/lab_6.cache/ip/2022.2/3/9/3987d407d0fe9dbd/timer_usb_axi.dcp to c:/Users/Shane/Documents/Classes/ECE_385/Lab_6/lab_6/lab_6.gen/sources_1/bd/mb_usb/ip/mb_usb_timer_usb_axi_0/mb_usb_timer_usb_axi_0.dcp.
INFO: [IP_Flow 19-6926] IPCACHE: added file to list for BOM: c:/Users/Shane/Documents/Classes/ECE_385/Lab_6/lab_6/lab_6.gen/sources_1/bd/mb_usb/ip/mb_usb_timer_usb_axi_0/mb_usb_timer_usb_axi_0.dcp
INFO: [IP_Flow 19-6928] IPCACHE: copied cached file c:/Users/Shane/Documents/Classes/ECE_385/Lab_6/lab_6/lab_6.cache/ip/2022.2/3/9/3987d407d0fe9dbd/timer_usb_axi_sim_netlist.v to c:/Users/Shane/Documents/Classes/ECE_385/Lab_6/lab_6/lab_6.gen/sources_1/bd/mb_usb/ip/mb_usb_timer_usb_axi_0/mb_usb_timer_usb_axi_0_sim_netlist.v.
INFO: [IP_Flow 19-6926] IPCACHE: added file to list for BOM: c:/Users/Shane/Documents/Classes/ECE_385/Lab_6/lab_6/lab_6.gen/sources_1/bd/mb_usb/ip/mb_usb_timer_usb_axi_0/mb_usb_timer_usb_axi_0_sim_netlist.v
INFO: [IP_Flow 19-6928] IPCACHE: copied cached file c:/Users/Shane/Documents/Classes/ECE_385/Lab_6/lab_6/lab_6.cache/ip/2022.2/3/9/3987d407d0fe9dbd/timer_usb_axi_sim_netlist.vhdl to c:/Users/Shane/Documents/Classes/ECE_385/Lab_6/lab_6/lab_6.gen/sources_1/bd/mb_usb/ip/mb_usb_timer_usb_axi_0/mb_usb_timer_usb_axi_0_sim_netlist.vhdl.
INFO: [IP_Flow 19-6926] IPCACHE: added file to list for BOM: c:/Users/Shane/Documents/Classes/ECE_385/Lab_6/lab_6/lab_6.gen/sources_1/bd/mb_usb/ip/mb_usb_timer_usb_axi_0/mb_usb_timer_usb_axi_0_sim_netlist.vhdl
INFO: [IP_Flow 19-6928] IPCACHE: copied cached file c:/Users/Shane/Documents/Classes/ECE_385/Lab_6/lab_6/lab_6.cache/ip/2022.2/3/9/3987d407d0fe9dbd/timer_usb_axi_stub.v to c:/Users/Shane/Documents/Classes/ECE_385/Lab_6/lab_6/lab_6.gen/sources_1/bd/mb_usb/ip/mb_usb_timer_usb_axi_0/mb_usb_timer_usb_axi_0_stub.v.
INFO: [IP_Flow 19-6926] IPCACHE: added file to list for BOM: c:/Users/Shane/Documents/Classes/ECE_385/Lab_6/lab_6/lab_6.gen/sources_1/bd/mb_usb/ip/mb_usb_timer_usb_axi_0/mb_usb_timer_usb_axi_0_stub.v
INFO: [IP_Flow 19-6928] IPCACHE: copied cached file c:/Users/Shane/Documents/Classes/ECE_385/Lab_6/lab_6/lab_6.cache/ip/2022.2/3/9/3987d407d0fe9dbd/timer_usb_axi_stub.vhdl to c:/Users/Shane/Documents/Classes/ECE_385/Lab_6/lab_6/lab_6.gen/sources_1/bd/mb_usb/ip/mb_usb_timer_usb_axi_0/mb_usb_timer_usb_axi_0_stub.vhdl.
INFO: [IP_Flow 19-6926] IPCACHE: added file to list for BOM: c:/Users/Shane/Documents/Classes/ECE_385/Lab_6/lab_6/lab_6.gen/sources_1/bd/mb_usb/ip/mb_usb_timer_usb_axi_0/mb_usb_timer_usb_axi_0_stub.vhdl
INFO: [IP_Flow 19-4993] Using cached IP synthesis design for IP mb_usb_timer_usb_axi_0, cache-ID = 3987d407d0fe9dbd; cache size = 13.317 MB.
INFO: [IP_Flow 19-6924] IPCACHE: Running cache check for IP inst: mb_usb_dlmb_bram_if_cntlr_0
INFO: [IP_Flow 19-6922] IPCACHE: Exporting cached entry 707ce32141e7b4be to dir: c:/Users/Shane/Documents/Classes/ECE_385/Lab_6/lab_6/lab_6.gen/sources_1/bd/mb_usb/ip/mb_usb_dlmb_bram_if_cntlr_0
INFO: [IP_Flow 19-6928] IPCACHE: copied cached file c:/Users/Shane/Documents/Classes/ECE_385/Lab_6/lab_6/lab_6.cache/ip/2022.2/7/0/707ce32141e7b4be/mb_block_dlmb_bram_if_cntlr_0.dcp to c:/Users/Shane/Documents/Classes/ECE_385/Lab_6/lab_6/lab_6.gen/sources_1/bd/mb_usb/ip/mb_usb_dlmb_bram_if_cntlr_0/mb_usb_dlmb_bram_if_cntlr_0.dcp.
INFO: [IP_Flow 19-6926] IPCACHE: added file to list for BOM: c:/Users/Shane/Documents/Classes/ECE_385/Lab_6/lab_6/lab_6.gen/sources_1/bd/mb_usb/ip/mb_usb_dlmb_bram_if_cntlr_0/mb_usb_dlmb_bram_if_cntlr_0.dcp
INFO: [IP_Flow 19-6928] IPCACHE: copied cached file c:/Users/Shane/Documents/Classes/ECE_385/Lab_6/lab_6/lab_6.cache/ip/2022.2/7/0/707ce32141e7b4be/mb_block_dlmb_bram_if_cntlr_0_sim_netlist.v to c:/Users/Shane/Documents/Classes/ECE_385/Lab_6/lab_6/lab_6.gen/sources_1/bd/mb_usb/ip/mb_usb_dlmb_bram_if_cntlr_0/mb_usb_dlmb_bram_if_cntlr_0_sim_netlist.v.
INFO: [IP_Flow 19-6926] IPCACHE: added file to list for BOM: c:/Users/Shane/Documents/Classes/ECE_385/Lab_6/lab_6/lab_6.gen/sources_1/bd/mb_usb/ip/mb_usb_dlmb_bram_if_cntlr_0/mb_usb_dlmb_bram_if_cntlr_0_sim_netlist.v
INFO: [IP_Flow 19-6928] IPCACHE: copied cached file c:/Users/Shane/Documents/Classes/ECE_385/Lab_6/lab_6/lab_6.cache/ip/2022.2/7/0/707ce32141e7b4be/mb_block_dlmb_bram_if_cntlr_0_sim_netlist.vhdl to c:/Users/Shane/Documents/Classes/ECE_385/Lab_6/lab_6/lab_6.gen/sources_1/bd/mb_usb/ip/mb_usb_dlmb_bram_if_cntlr_0/mb_usb_dlmb_bram_if_cntlr_0_sim_netlist.vhdl.
INFO: [IP_Flow 19-6926] IPCACHE: added file to list for BOM: c:/Users/Shane/Documents/Classes/ECE_385/Lab_6/lab_6/lab_6.gen/sources_1/bd/mb_usb/ip/mb_usb_dlmb_bram_if_cntlr_0/mb_usb_dlmb_bram_if_cntlr_0_sim_netlist.vhdl
INFO: [IP_Flow 19-6928] IPCACHE: copied cached file c:/Users/Shane/Documents/Classes/ECE_385/Lab_6/lab_6/lab_6.cache/ip/2022.2/7/0/707ce32141e7b4be/mb_block_dlmb_bram_if_cntlr_0_stub.v to c:/Users/Shane/Documents/Classes/ECE_385/Lab_6/lab_6/lab_6.gen/sources_1/bd/mb_usb/ip/mb_usb_dlmb_bram_if_cntlr_0/mb_usb_dlmb_bram_if_cntlr_0_stub.v.
INFO: [IP_Flow 19-6926] IPCACHE: added file to list for BOM: c:/Users/Shane/Documents/Classes/ECE_385/Lab_6/lab_6/lab_6.gen/sources_1/bd/mb_usb/ip/mb_usb_dlmb_bram_if_cntlr_0/mb_usb_dlmb_bram_if_cntlr_0_stub.v
INFO: [IP_Flow 19-6928] IPCACHE: copied cached file c:/Users/Shane/Documents/Classes/ECE_385/Lab_6/lab_6/lab_6.cache/ip/2022.2/7/0/707ce32141e7b4be/mb_block_dlmb_bram_if_cntlr_0_stub.vhdl to c:/Users/Shane/Documents/Classes/ECE_385/Lab_6/lab_6/lab_6.gen/sources_1/bd/mb_usb/ip/mb_usb_dlmb_bram_if_cntlr_0/mb_usb_dlmb_bram_if_cntlr_0_stub.vhdl.
INFO: [IP_Flow 19-6926] IPCACHE: added file to list for BOM: c:/Users/Shane/Documents/Classes/ECE_385/Lab_6/lab_6/lab_6.gen/sources_1/bd/mb_usb/ip/mb_usb_dlmb_bram_if_cntlr_0/mb_usb_dlmb_bram_if_cntlr_0_stub.vhdl
INFO: [IP_Flow 19-4993] Using cached IP synthesis design for IP mb_usb_dlmb_bram_if_cntlr_0, cache-ID = 707ce32141e7b4be; cache size = 13.317 MB.
INFO: [IP_Flow 19-6924] IPCACHE: Running cache check for IP inst: mb_usb_dlmb_v10_0
INFO: [IP_Flow 19-6922] IPCACHE: Exporting cached entry 8b859a7611e3417d to dir: c:/Users/Shane/Documents/Classes/ECE_385/Lab_6/lab_6/lab_6.gen/sources_1/bd/mb_usb/ip/mb_usb_dlmb_v10_0
INFO: [IP_Flow 19-6928] IPCACHE: copied cached file c:/Users/Shane/Documents/Classes/ECE_385/Lab_6/lab_6/lab_6.cache/ip/2022.2/8/b/8b859a7611e3417d/mb_block_dlmb_v10_0.dcp to c:/Users/Shane/Documents/Classes/ECE_385/Lab_6/lab_6/lab_6.gen/sources_1/bd/mb_usb/ip/mb_usb_dlmb_v10_0/mb_usb_dlmb_v10_0.dcp.
INFO: [IP_Flow 19-6926] IPCACHE: added file to list for BOM: c:/Users/Shane/Documents/Classes/ECE_385/Lab_6/lab_6/lab_6.gen/sources_1/bd/mb_usb/ip/mb_usb_dlmb_v10_0/mb_usb_dlmb_v10_0.dcp
INFO: [IP_Flow 19-6928] IPCACHE: copied cached file c:/Users/Shane/Documents/Classes/ECE_385/Lab_6/lab_6/lab_6.cache/ip/2022.2/8/b/8b859a7611e3417d/mb_block_dlmb_v10_0_sim_netlist.v to c:/Users/Shane/Documents/Classes/ECE_385/Lab_6/lab_6/lab_6.gen/sources_1/bd/mb_usb/ip/mb_usb_dlmb_v10_0/mb_usb_dlmb_v10_0_sim_netlist.v.
INFO: [IP_Flow 19-6926] IPCACHE: added file to list for BOM: c:/Users/Shane/Documents/Classes/ECE_385/Lab_6/lab_6/lab_6.gen/sources_1/bd/mb_usb/ip/mb_usb_dlmb_v10_0/mb_usb_dlmb_v10_0_sim_netlist.v
INFO: [IP_Flow 19-6928] IPCACHE: copied cached file c:/Users/Shane/Documents/Classes/ECE_385/Lab_6/lab_6/lab_6.cache/ip/2022.2/8/b/8b859a7611e3417d/mb_block_dlmb_v10_0_sim_netlist.vhdl to c:/Users/Shane/Documents/Classes/ECE_385/Lab_6/lab_6/lab_6.gen/sources_1/bd/mb_usb/ip/mb_usb_dlmb_v10_0/mb_usb_dlmb_v10_0_sim_netlist.vhdl.
INFO: [IP_Flow 19-6926] IPCACHE: added file to list for BOM: c:/Users/Shane/Documents/Classes/ECE_385/Lab_6/lab_6/lab_6.gen/sources_1/bd/mb_usb/ip/mb_usb_dlmb_v10_0/mb_usb_dlmb_v10_0_sim_netlist.vhdl
INFO: [IP_Flow 19-6928] IPCACHE: copied cached file c:/Users/Shane/Documents/Classes/ECE_385/Lab_6/lab_6/lab_6.cache/ip/2022.2/8/b/8b859a7611e3417d/mb_block_dlmb_v10_0_stub.v to c:/Users/Shane/Documents/Classes/ECE_385/Lab_6/lab_6/lab_6.gen/sources_1/bd/mb_usb/ip/mb_usb_dlmb_v10_0/mb_usb_dlmb_v10_0_stub.v.
INFO: [IP_Flow 19-6926] IPCACHE: added file to list for BOM: c:/Users/Shane/Documents/Classes/ECE_385/Lab_6/lab_6/lab_6.gen/sources_1/bd/mb_usb/ip/mb_usb_dlmb_v10_0/mb_usb_dlmb_v10_0_stub.v
INFO: [IP_Flow 19-6928] IPCACHE: copied cached file c:/Users/Shane/Documents/Classes/ECE_385/Lab_6/lab_6/lab_6.cache/ip/2022.2/8/b/8b859a7611e3417d/mb_block_dlmb_v10_0_stub.vhdl to c:/Users/Shane/Documents/Classes/ECE_385/Lab_6/lab_6/lab_6.gen/sources_1/bd/mb_usb/ip/mb_usb_dlmb_v10_0/mb_usb_dlmb_v10_0_stub.vhdl.
INFO: [IP_Flow 19-6926] IPCACHE: added file to list for BOM: c:/Users/Shane/Documents/Classes/ECE_385/Lab_6/lab_6/lab_6.gen/sources_1/bd/mb_usb/ip/mb_usb_dlmb_v10_0/mb_usb_dlmb_v10_0_stub.vhdl
INFO: [IP_Flow 19-4993] Using cached IP synthesis design for IP mb_usb_dlmb_v10_0, cache-ID = 8b859a7611e3417d; cache size = 13.317 MB.
INFO: [IP_Flow 19-6924] IPCACHE: Running cache check for IP inst: mb_usb_gpio_usb_int_0
INFO: [IP_Flow 19-6924] IPCACHE: Running cache check for IP inst: mb_usb_gpio_usb_keycode_0
INFO: [IP_Flow 19-6924] IPCACHE: Running cache check for IP inst: mb_usb_xbar_0
INFO: [IP_Flow 19-6924] IPCACHE: Running cache check for IP inst: mb_usb_gpio_usb_rst_0
INFO: [IP_Flow 19-6922] IPCACHE: Exporting cached entry 0d35a43ee54ce79e to dir: c:/Users/Shane/Documents/Classes/ECE_385/Lab_6/lab_6/lab_6.gen/sources_1/bd/mb_usb/ip/mb_usb_gpio_usb_rst_0
INFO: [IP_Flow 19-6928] IPCACHE: copied cached file c:/Users/Shane/Documents/Classes/ECE_385/Lab_6/lab_6/lab_6.cache/ip/2022.2/0/d/0d35a43ee54ce79e/mb_block_axi_gpio_0_0.dcp to c:/Users/Shane/Documents/Classes/ECE_385/Lab_6/lab_6/lab_6.gen/sources_1/bd/mb_usb/ip/mb_usb_gpio_usb_rst_0/mb_usb_gpio_usb_rst_0.dcp.
INFO: [IP_Flow 19-6926] IPCACHE: added file to list for BOM: c:/Users/Shane/Documents/Classes/ECE_385/Lab_6/lab_6/lab_6.gen/sources_1/bd/mb_usb/ip/mb_usb_gpio_usb_rst_0/mb_usb_gpio_usb_rst_0.dcp
INFO: [IP_Flow 19-6928] IPCACHE: copied cached file c:/Users/Shane/Documents/Classes/ECE_385/Lab_6/lab_6/lab_6.cache/ip/2022.2/0/d/0d35a43ee54ce79e/mb_block_axi_gpio_0_0_sim_netlist.v to c:/Users/Shane/Documents/Classes/ECE_385/Lab_6/lab_6/lab_6.gen/sources_1/bd/mb_usb/ip/mb_usb_gpio_usb_rst_0/mb_usb_gpio_usb_rst_0_sim_netlist.v.
INFO: [IP_Flow 19-6926] IPCACHE: added file to list for BOM: c:/Users/Shane/Documents/Classes/ECE_385/Lab_6/lab_6/lab_6.gen/sources_1/bd/mb_usb/ip/mb_usb_gpio_usb_rst_0/mb_usb_gpio_usb_rst_0_sim_netlist.v
INFO: [IP_Flow 19-6928] IPCACHE: copied cached file c:/Users/Shane/Documents/Classes/ECE_385/Lab_6/lab_6/lab_6.cache/ip/2022.2/0/d/0d35a43ee54ce79e/mb_block_axi_gpio_0_0_sim_netlist.vhdl to c:/Users/Shane/Documents/Classes/ECE_385/Lab_6/lab_6/lab_6.gen/sources_1/bd/mb_usb/ip/mb_usb_gpio_usb_rst_0/mb_usb_gpio_usb_rst_0_sim_netlist.vhdl.
INFO: [IP_Flow 19-6926] IPCACHE: added file to list for BOM: c:/Users/Shane/Documents/Classes/ECE_385/Lab_6/lab_6/lab_6.gen/sources_1/bd/mb_usb/ip/mb_usb_gpio_usb_rst_0/mb_usb_gpio_usb_rst_0_sim_netlist.vhdl
INFO: [IP_Flow 19-6928] IPCACHE: copied cached file c:/Users/Shane/Documents/Classes/ECE_385/Lab_6/lab_6/lab_6.cache/ip/2022.2/0/d/0d35a43ee54ce79e/mb_block_axi_gpio_0_0_stub.v to c:/Users/Shane/Documents/Classes/ECE_385/Lab_6/lab_6/lab_6.gen/sources_1/bd/mb_usb/ip/mb_usb_gpio_usb_rst_0/mb_usb_gpio_usb_rst_0_stub.v.
INFO: [IP_Flow 19-6926] IPCACHE: added file to list for BOM: c:/Users/Shane/Documents/Classes/ECE_385/Lab_6/lab_6/lab_6.gen/sources_1/bd/mb_usb/ip/mb_usb_gpio_usb_rst_0/mb_usb_gpio_usb_rst_0_stub.v
INFO: [IP_Flow 19-6928] IPCACHE: copied cached file c:/Users/Shane/Documents/Classes/ECE_385/Lab_6/lab_6/lab_6.cache/ip/2022.2/0/d/0d35a43ee54ce79e/mb_block_axi_gpio_0_0_stub.vhdl to c:/Users/Shane/Documents/Classes/ECE_385/Lab_6/lab_6/lab_6.gen/sources_1/bd/mb_usb/ip/mb_usb_gpio_usb_rst_0/mb_usb_gpio_usb_rst_0_stub.vhdl.
INFO: [IP_Flow 19-6926] IPCACHE: added file to list for BOM: c:/Users/Shane/Documents/Classes/ECE_385/Lab_6/lab_6/lab_6.gen/sources_1/bd/mb_usb/ip/mb_usb_gpio_usb_rst_0/mb_usb_gpio_usb_rst_0_stub.vhdl
INFO: [IP_Flow 19-4993] Using cached IP synthesis design for IP mb_usb_gpio_usb_rst_0, cache-ID = 0d35a43ee54ce79e; cache size = 13.317 MB.
INFO: [IP_Flow 19-6924] IPCACHE: Running cache check for IP inst: mb_usb_ilmb_bram_if_cntlr_0
INFO: [IP_Flow 19-6922] IPCACHE: Exporting cached entry a3792364786c2119 to dir: c:/Users/Shane/Documents/Classes/ECE_385/Lab_6/lab_6/lab_6.gen/sources_1/bd/mb_usb/ip/mb_usb_ilmb_bram_if_cntlr_0
INFO: [IP_Flow 19-6928] IPCACHE: copied cached file c:/Users/Shane/Documents/Classes/ECE_385/Lab_6/lab_6/lab_6.cache/ip/2022.2/a/3/a3792364786c2119/mb_block_ilmb_bram_if_cntlr_0.dcp to c:/Users/Shane/Documents/Classes/ECE_385/Lab_6/lab_6/lab_6.gen/sources_1/bd/mb_usb/ip/mb_usb_ilmb_bram_if_cntlr_0/mb_usb_ilmb_bram_if_cntlr_0.dcp.
INFO: [IP_Flow 19-6926] IPCACHE: added file to list for BOM: c:/Users/Shane/Documents/Classes/ECE_385/Lab_6/lab_6/lab_6.gen/sources_1/bd/mb_usb/ip/mb_usb_ilmb_bram_if_cntlr_0/mb_usb_ilmb_bram_if_cntlr_0.dcp
INFO: [IP_Flow 19-6928] IPCACHE: copied cached file c:/Users/Shane/Documents/Classes/ECE_385/Lab_6/lab_6/lab_6.cache/ip/2022.2/a/3/a3792364786c2119/mb_block_ilmb_bram_if_cntlr_0_sim_netlist.v to c:/Users/Shane/Documents/Classes/ECE_385/Lab_6/lab_6/lab_6.gen/sources_1/bd/mb_usb/ip/mb_usb_ilmb_bram_if_cntlr_0/mb_usb_ilmb_bram_if_cntlr_0_sim_netlist.v.
INFO: [IP_Flow 19-6926] IPCACHE: added file to list for BOM: c:/Users/Shane/Documents/Classes/ECE_385/Lab_6/lab_6/lab_6.gen/sources_1/bd/mb_usb/ip/mb_usb_ilmb_bram_if_cntlr_0/mb_usb_ilmb_bram_if_cntlr_0_sim_netlist.v
INFO: [IP_Flow 19-6928] IPCACHE: copied cached file c:/Users/Shane/Documents/Classes/ECE_385/Lab_6/lab_6/lab_6.cache/ip/2022.2/a/3/a3792364786c2119/mb_block_ilmb_bram_if_cntlr_0_sim_netlist.vhdl to c:/Users/Shane/Documents/Classes/ECE_385/Lab_6/lab_6/lab_6.gen/sources_1/bd/mb_usb/ip/mb_usb_ilmb_bram_if_cntlr_0/mb_usb_ilmb_bram_if_cntlr_0_sim_netlist.vhdl.
INFO: [IP_Flow 19-6926] IPCACHE: added file to list for BOM: c:/Users/Shane/Documents/Classes/ECE_385/Lab_6/lab_6/lab_6.gen/sources_1/bd/mb_usb/ip/mb_usb_ilmb_bram_if_cntlr_0/mb_usb_ilmb_bram_if_cntlr_0_sim_netlist.vhdl
INFO: [IP_Flow 19-6928] IPCACHE: copied cached file c:/Users/Shane/Documents/Classes/ECE_385/Lab_6/lab_6/lab_6.cache/ip/2022.2/a/3/a3792364786c2119/mb_block_ilmb_bram_if_cntlr_0_stub.v to c:/Users/Shane/Documents/Classes/ECE_385/Lab_6/lab_6/lab_6.gen/sources_1/bd/mb_usb/ip/mb_usb_ilmb_bram_if_cntlr_0/mb_usb_ilmb_bram_if_cntlr_0_stub.v.
INFO: [IP_Flow 19-6926] IPCACHE: added file to list for BOM: c:/Users/Shane/Documents/Classes/ECE_385/Lab_6/lab_6/lab_6.gen/sources_1/bd/mb_usb/ip/mb_usb_ilmb_bram_if_cntlr_0/mb_usb_ilmb_bram_if_cntlr_0_stub.v
INFO: [IP_Flow 19-6928] IPCACHE: copied cached file c:/Users/Shane/Documents/Classes/ECE_385/Lab_6/lab_6/lab_6.cache/ip/2022.2/a/3/a3792364786c2119/mb_block_ilmb_bram_if_cntlr_0_stub.vhdl to c:/Users/Shane/Documents/Classes/ECE_385/Lab_6/lab_6/lab_6.gen/sources_1/bd/mb_usb/ip/mb_usb_ilmb_bram_if_cntlr_0/mb_usb_ilmb_bram_if_cntlr_0_stub.vhdl.
INFO: [IP_Flow 19-6926] IPCACHE: added file to list for BOM: c:/Users/Shane/Documents/Classes/ECE_385/Lab_6/lab_6/lab_6.gen/sources_1/bd/mb_usb/ip/mb_usb_ilmb_bram_if_cntlr_0/mb_usb_ilmb_bram_if_cntlr_0_stub.vhdl
INFO: [IP_Flow 19-4993] Using cached IP synthesis design for IP mb_usb_ilmb_bram_if_cntlr_0, cache-ID = a3792364786c2119; cache size = 13.317 MB.
INFO: [IP_Flow 19-6924] IPCACHE: Running cache check for IP inst: mb_usb_ilmb_v10_0
INFO: [IP_Flow 19-6922] IPCACHE: Exporting cached entry 8b859a7611e3417d to dir: c:/Users/Shane/Documents/Classes/ECE_385/Lab_6/lab_6/lab_6.gen/sources_1/bd/mb_usb/ip/mb_usb_ilmb_v10_0
INFO: [IP_Flow 19-6928] IPCACHE: copied cached file c:/Users/Shane/Documents/Classes/ECE_385/Lab_6/lab_6/lab_6.cache/ip/2022.2/8/b/8b859a7611e3417d/mb_block_dlmb_v10_0.dcp to c:/Users/Shane/Documents/Classes/ECE_385/Lab_6/lab_6/lab_6.gen/sources_1/bd/mb_usb/ip/mb_usb_ilmb_v10_0/mb_usb_ilmb_v10_0.dcp.
INFO: [IP_Flow 19-6926] IPCACHE: added file to list for BOM: c:/Users/Shane/Documents/Classes/ECE_385/Lab_6/lab_6/lab_6.gen/sources_1/bd/mb_usb/ip/mb_usb_ilmb_v10_0/mb_usb_ilmb_v10_0.dcp
INFO: [IP_Flow 19-6928] IPCACHE: copied cached file c:/Users/Shane/Documents/Classes/ECE_385/Lab_6/lab_6/lab_6.cache/ip/2022.2/8/b/8b859a7611e3417d/mb_block_dlmb_v10_0_sim_netlist.v to c:/Users/Shane/Documents/Classes/ECE_385/Lab_6/lab_6/lab_6.gen/sources_1/bd/mb_usb/ip/mb_usb_ilmb_v10_0/mb_usb_ilmb_v10_0_sim_netlist.v.
INFO: [IP_Flow 19-6926] IPCACHE: added file to list for BOM: c:/Users/Shane/Documents/Classes/ECE_385/Lab_6/lab_6/lab_6.gen/sources_1/bd/mb_usb/ip/mb_usb_ilmb_v10_0/mb_usb_ilmb_v10_0_sim_netlist.v
INFO: [IP_Flow 19-6928] IPCACHE: copied cached file c:/Users/Shane/Documents/Classes/ECE_385/Lab_6/lab_6/lab_6.cache/ip/2022.2/8/b/8b859a7611e3417d/mb_block_dlmb_v10_0_sim_netlist.vhdl to c:/Users/Shane/Documents/Classes/ECE_385/Lab_6/lab_6/lab_6.gen/sources_1/bd/mb_usb/ip/mb_usb_ilmb_v10_0/mb_usb_ilmb_v10_0_sim_netlist.vhdl.
INFO: [IP_Flow 19-6926] IPCACHE: added file to list for BOM: c:/Users/Shane/Documents/Classes/ECE_385/Lab_6/lab_6/lab_6.gen/sources_1/bd/mb_usb/ip/mb_usb_ilmb_v10_0/mb_usb_ilmb_v10_0_sim_netlist.vhdl
INFO: [IP_Flow 19-6928] IPCACHE: copied cached file c:/Users/Shane/Documents/Classes/ECE_385/Lab_6/lab_6/lab_6.cache/ip/2022.2/8/b/8b859a7611e3417d/mb_block_dlmb_v10_0_stub.v to c:/Users/Shane/Documents/Classes/ECE_385/Lab_6/lab_6/lab_6.gen/sources_1/bd/mb_usb/ip/mb_usb_ilmb_v10_0/mb_usb_ilmb_v10_0_stub.v.
INFO: [IP_Flow 19-6926] IPCACHE: added file to list for BOM: c:/Users/Shane/Documents/Classes/ECE_385/Lab_6/lab_6/lab_6.gen/sources_1/bd/mb_usb/ip/mb_usb_ilmb_v10_0/mb_usb_ilmb_v10_0_stub.v
INFO: [IP_Flow 19-6928] IPCACHE: copied cached file c:/Users/Shane/Documents/Classes/ECE_385/Lab_6/lab_6/lab_6.cache/ip/2022.2/8/b/8b859a7611e3417d/mb_block_dlmb_v10_0_stub.vhdl to c:/Users/Shane/Documents/Classes/ECE_385/Lab_6/lab_6/lab_6.gen/sources_1/bd/mb_usb/ip/mb_usb_ilmb_v10_0/mb_usb_ilmb_v10_0_stub.vhdl.
INFO: [IP_Flow 19-6926] IPCACHE: added file to list for BOM: c:/Users/Shane/Documents/Classes/ECE_385/Lab_6/lab_6/lab_6.gen/sources_1/bd/mb_usb/ip/mb_usb_ilmb_v10_0/mb_usb_ilmb_v10_0_stub.vhdl
INFO: [IP_Flow 19-4993] Using cached IP synthesis design for IP mb_usb_ilmb_v10_0, cache-ID = 8b859a7611e3417d; cache size = 13.317 MB.
INFO: [IP_Flow 19-6924] IPCACHE: Running cache check for IP inst: mb_usb_lmb_bram_0
INFO: [IP_Flow 19-6924] IPCACHE: Running cache check for IP inst: mb_usb_microblaze_0_0
INFO: [IP_Flow 19-6922] IPCACHE: Exporting cached entry 1adc401b7514f7a0 to dir: c:/Users/Shane/Documents/Classes/ECE_385/Lab_6/lab_6/lab_6.gen/sources_1/bd/mb_usb/ip/mb_usb_microblaze_0_0
INFO: [IP_Flow 19-6928] IPCACHE: copied cached file c:/Users/Shane/Documents/Classes/ECE_385/Lab_6/lab_6/lab_6.cache/ip/2022.2/1/a/1adc401b7514f7a0/mb_block_microblaze_0_0.dcp to c:/Users/Shane/Documents/Classes/ECE_385/Lab_6/lab_6/lab_6.gen/sources_1/bd/mb_usb/ip/mb_usb_microblaze_0_0/mb_usb_microblaze_0_0.dcp.
INFO: [IP_Flow 19-6926] IPCACHE: added file to list for BOM: c:/Users/Shane/Documents/Classes/ECE_385/Lab_6/lab_6/lab_6.gen/sources_1/bd/mb_usb/ip/mb_usb_microblaze_0_0/mb_usb_microblaze_0_0.dcp
INFO: [IP_Flow 19-6928] IPCACHE: copied cached file c:/Users/Shane/Documents/Classes/ECE_385/Lab_6/lab_6/lab_6.cache/ip/2022.2/1/a/1adc401b7514f7a0/mb_block_microblaze_0_0_sim_netlist.v to c:/Users/Shane/Documents/Classes/ECE_385/Lab_6/lab_6/lab_6.gen/sources_1/bd/mb_usb/ip/mb_usb_microblaze_0_0/mb_usb_microblaze_0_0_sim_netlist.v.
INFO: [IP_Flow 19-6926] IPCACHE: added file to list for BOM: c:/Users/Shane/Documents/Classes/ECE_385/Lab_6/lab_6/lab_6.gen/sources_1/bd/mb_usb/ip/mb_usb_microblaze_0_0/mb_usb_microblaze_0_0_sim_netlist.v
INFO: [IP_Flow 19-6928] IPCACHE: copied cached file c:/Users/Shane/Documents/Classes/ECE_385/Lab_6/lab_6/lab_6.cache/ip/2022.2/1/a/1adc401b7514f7a0/mb_block_microblaze_0_0_sim_netlist.vhdl to c:/Users/Shane/Documents/Classes/ECE_385/Lab_6/lab_6/lab_6.gen/sources_1/bd/mb_usb/ip/mb_usb_microblaze_0_0/mb_usb_microblaze_0_0_sim_netlist.vhdl.
INFO: [IP_Flow 19-6926] IPCACHE: added file to list for BOM: c:/Users/Shane/Documents/Classes/ECE_385/Lab_6/lab_6/lab_6.gen/sources_1/bd/mb_usb/ip/mb_usb_microblaze_0_0/mb_usb_microblaze_0_0_sim_netlist.vhdl
INFO: [IP_Flow 19-6928] IPCACHE: copied cached file c:/Users/Shane/Documents/Classes/ECE_385/Lab_6/lab_6/lab_6.cache/ip/2022.2/1/a/1adc401b7514f7a0/mb_block_microblaze_0_0_stub.v to c:/Users/Shane/Documents/Classes/ECE_385/Lab_6/lab_6/lab_6.gen/sources_1/bd/mb_usb/ip/mb_usb_microblaze_0_0/mb_usb_microblaze_0_0_stub.v.
INFO: [IP_Flow 19-6926] IPCACHE: added file to list for BOM: c:/Users/Shane/Documents/Classes/ECE_385/Lab_6/lab_6/lab_6.gen/sources_1/bd/mb_usb/ip/mb_usb_microblaze_0_0/mb_usb_microblaze_0_0_stub.v
INFO: [IP_Flow 19-6928] IPCACHE: copied cached file c:/Users/Shane/Documents/Classes/ECE_385/Lab_6/lab_6/lab_6.cache/ip/2022.2/1/a/1adc401b7514f7a0/mb_block_microblaze_0_0_stub.vhdl to c:/Users/Shane/Documents/Classes/ECE_385/Lab_6/lab_6/lab_6.gen/sources_1/bd/mb_usb/ip/mb_usb_microblaze_0_0/mb_usb_microblaze_0_0_stub.vhdl.
INFO: [IP_Flow 19-6926] IPCACHE: added file to list for BOM: c:/Users/Shane/Documents/Classes/ECE_385/Lab_6/lab_6/lab_6.gen/sources_1/bd/mb_usb/ip/mb_usb_microblaze_0_0/mb_usb_microblaze_0_0_stub.vhdl
INFO: [IP_Flow 19-4993] Using cached IP synthesis design for IP mb_usb_microblaze_0_0, cache-ID = 1adc401b7514f7a0; cache size = 13.317 MB.
[Tue Oct 22 16:06:32 2024] Launched mb_usb_spi_usb_0_synth_1, mb_usb_microblaze_0_axi_intc_0_synth_1, mb_usb_clk_wiz_1_0_synth_1, mb_usb_axi_uartlite_0_0_synth_1, mb_usb_lmb_bram_0_synth_1, mb_usb_xbar_0_synth_1, mb_usb_gpio_usb_int_0_synth_1, mb_usb_gpio_usb_keycode_0_synth_1...
Run output will be captured here:
mb_usb_spi_usb_0_synth_1: C:/Users/Shane/Documents/Classes/ECE_385/Lab_6/lab_6/lab_6.runs/mb_usb_spi_usb_0_synth_1/runme.log
mb_usb_microblaze_0_axi_intc_0_synth_1: C:/Users/Shane/Documents/Classes/ECE_385/Lab_6/lab_6/lab_6.runs/mb_usb_microblaze_0_axi_intc_0_synth_1/runme.log
mb_usb_clk_wiz_1_0_synth_1: C:/Users/Shane/Documents/Classes/ECE_385/Lab_6/lab_6/lab_6.runs/mb_usb_clk_wiz_1_0_synth_1/runme.log
mb_usb_axi_uartlite_0_0_synth_1: C:/Users/Shane/Documents/Classes/ECE_385/Lab_6/lab_6/lab_6.runs/mb_usb_axi_uartlite_0_0_synth_1/runme.log
mb_usb_lmb_bram_0_synth_1: C:/Users/Shane/Documents/Classes/ECE_385/Lab_6/lab_6/lab_6.runs/mb_usb_lmb_bram_0_synth_1/runme.log
mb_usb_xbar_0_synth_1: C:/Users/Shane/Documents/Classes/ECE_385/Lab_6/lab_6/lab_6.runs/mb_usb_xbar_0_synth_1/runme.log
mb_usb_gpio_usb_int_0_synth_1: C:/Users/Shane/Documents/Classes/ECE_385/Lab_6/lab_6/lab_6.runs/mb_usb_gpio_usb_int_0_synth_1/runme.log
mb_usb_gpio_usb_keycode_0_synth_1: C:/Users/Shane/Documents/Classes/ECE_385/Lab_6/lab_6/lab_6.runs/mb_usb_gpio_usb_keycode_0_synth_1/runme.log
[Tue Oct 22 16:06:33 2024] Launched synth_1...
Run output will be captured here: C:/Users/Shane/Documents/Classes/ECE_385/Lab_6/lab_6/lab_6.runs/synth_1/runme.log
launch_runs: Time (s): cpu = 00:00:16 ; elapsed = 00:00:19 . Memory (MB): peak = 2314.895 ; gain = 0.000
launch_runs synth_1 -jobs 4 -incremental_synth
ERROR: [Common 17-170] Unknown option '-incremental_synth', please type 'launch_runs -help' for usage info.
launch_runs synth_1 -incremental_synth -jobs 4
ERROR: [Common 17-170] Unknown option '-incremental_synth', please type 'launch_runs -help' for usage info.
-incremental_synth
invalid command name "-incremental_synth"
reset_run synth_1
INFO: [Project 1-1161] Replacing file C:/Users/Shane/Documents/Classes/ECE_385/Lab_6/lab_6/lab_6.srcs/utils_1/imports/synth_1/mb_intro_top.dcp with file C:/Users/Shane/Documents/Classes/ECE_385/Lab_6/lab_6/lab_6.runs/synth_1/mb_usb_hdmi_top.dcp
launch_runs synth_1 -jobs 4
[Tue Oct 22 16:23:39 2024] Launched synth_1...
Run output will be captured here: C:/Users/Shane/Documents/Classes/ECE_385/Lab_6/lab_6/lab_6.runs/synth_1/runme.log
open_bd_design {C:/Users/Shane/Documents/Classes/ECE_385/Lab_6/lab_6/lab_6.srcs/sources_1/bd/mb_usb/mb_usb.bd}
launch_runs impl_1 -to_step write_bitstream -jobs 4
[Tue Oct 22 19:51:36 2024] Launched impl_1...
Run output will be captured here: C:/Users/Shane/Documents/Classes/ECE_385/Lab_6/lab_6/lab_6.runs/impl_1/runme.log
INFO: [Vivado 12-8231] Launching Vitis
INFO: [Vivado 12-417] Running vitis
INFO: [Vivado 12-8232] Vitis launch initiated. Please check console for any further messages.
INFO: [Vivado 12-8231] Launching Vitis
INFO: [Vivado 12-417] Running vitis
INFO: [Vivado 12-8232] Vitis launch initiated. Please check console for any further messages.
write_hw_platform -fixed -include_bit -force -file C:/Users/Shane/Documents/Classes/ECE_385/Lab_6/lab_6/mb_usb_hdmi_top.xsa
INFO: [Project 1-1918] Creating Hardware Platform: C:/Users/Shane/Documents/Classes/ECE_385/Lab_6/lab_6/mb_usb_hdmi_top.xsa ...
INFO: [Project 1-1943] The Hardware Platform can be used for Hardware
INFO: [Project 1-1941] Successfully created Hardware Platform: C:/Users/Shane/Documents/Classes/ECE_385/Lab_6/lab_6/mb_usb_hdmi_top.xsa
INFO: [Hsi 55-2053] elapsed time for repository (C:/Xilinx/Vivado/2022.2/data/embeddedsw) loading 4 seconds
write_hw_platform: Time (s): cpu = 00:00:02 ; elapsed = 00:00:07 . Memory (MB): peak = 2550.555 ; gain = 153.367
open_bd_design {C:/Users/Shane/Documents/Classes/ECE_385/Lab_6/lab_6/lab_6.srcs/sources_1/bd/mb_usb/mb_usb.bd}
startgroup
set_property CONFIG.C_BAUDRATE {115200} [get_bd_cells axi_uartlite_0]
endgroup
startgroup
endgroup
save_bd_design
Wrote  : <C:\Users\Shane\Documents\Classes\ECE_385\Lab_6\lab_6\lab_6.srcs\sources_1\bd\mb_usb\mb_usb.bd> 
Wrote  : <C:/Users/Shane/Documents/Classes/ECE_385/Lab_6/lab_6/lab_6.srcs/sources_1/bd/mb_usb/ui/bd_c7783e7a.ui> 
startgroup
endgroup
startgroup
endgroup
reset_run mb_usb_axi_uartlite_0_0_synth_1
reset_run synth_1
INFO: [Project 1-1161] Replacing file C:/Users/Shane/Documents/Classes/ECE_385/Lab_6/lab_6/lab_6.srcs/utils_1/imports/synth_1/mb_intro_top.dcp with file C:/Users/Shane/Documents/Classes/ECE_385/Lab_6/lab_6/lab_6.runs/synth_1/mb_usb_hdmi_top.dcp
launch_runs synth_1 -jobs 4
WARNING: [filemgmt 56-443] The ECC Algorithm string is empty. Setting the Memory Map to default ECC value to ECC_NONE.
WARNING: [filemgmt 56-443] The ECC Algorithm string is empty. Setting the Memory Map to default ECC value to ECC_NONE.
INFO: [xilinx.com:ip:axi_intc:4.1-1] /microblaze_0_axi_intc: The AXI INTC core has been configured to operate with synchronous clocks.
INFO: [xilinx.com:ip:clk_wiz:6.0-1] /clk_wiz_1 clk_wiz propagate
INFO: [xilinx.com:ip:axi_quad_spi:3.2-1] /spi_usb 
                   #######################################################################################
                   INFO: AXI Quad SPI core's AXI Lite Clock and EXT SPI CLK are synchronous to each other.
                   ########################################################################################
Wrote  : <C:\Users\Shane\Documents\Classes\ECE_385\Lab_6\lab_6\lab_6.srcs\sources_1\bd\mb_usb\mb_usb.bd> 
Wrote  : <C:/Users/Shane/Documents/Classes/ECE_385/Lab_6/lab_6/lab_6.srcs/sources_1/bd/mb_usb/ui/bd_c7783e7a.ui> 
Verilog Output written to : c:/Users/Shane/Documents/Classes/ECE_385/Lab_6/lab_6/lab_6.gen/sources_1/bd/mb_usb/synth/mb_usb.v
Verilog Output written to : c:/Users/Shane/Documents/Classes/ECE_385/Lab_6/lab_6/lab_6.gen/sources_1/bd/mb_usb/sim/mb_usb.v
Verilog Output written to : c:/Users/Shane/Documents/Classes/ECE_385/Lab_6/lab_6/lab_6.gen/sources_1/bd/mb_usb/hdl/mb_usb_wrapper.v
WARNING: [IP_Flow 19-4994] Overwriting existing constraint file 'c:/Users/Shane/Documents/Classes/ECE_385/Lab_6/lab_6/lab_6.gen/sources_1/bd/mb_usb/ip/mb_usb_axi_uartlite_0_0/mb_usb_axi_uartlite_0_0_ooc.xdc'
INFO: [BD 41-1029] Generation completed for the IP Integrator block axi_uartlite_0 .
Exporting to file c:/Users/Shane/Documents/Classes/ECE_385/Lab_6/lab_6/lab_6.gen/sources_1/bd/mb_usb/hw_handoff/mb_usb.hwh
Generated Hardware Definition File c:/Users/Shane/Documents/Classes/ECE_385/Lab_6/lab_6/lab_6.gen/sources_1/bd/mb_usb/synth/mb_usb.hwdef
INFO: [IP_Flow 19-6924] IPCACHE: Running cache check for IP inst: mb_usb_axi_uartlite_0_0
INFO: [IP_Flow 19-6922] IPCACHE: Exporting cached entry 24d175409b8b38ad to dir: c:/Users/Shane/Documents/Classes/ECE_385/Lab_6/lab_6/lab_6.gen/sources_1/bd/mb_usb/ip/mb_usb_axi_uartlite_0_0
INFO: [IP_Flow 19-6928] IPCACHE: copied cached file c:/Users/Shane/Documents/Classes/ECE_385/Lab_6/lab_6/lab_6.cache/ip/2022.2/2/4/24d175409b8b38ad/mb_block_axi_uartlite_0_0.dcp to c:/Users/Shane/Documents/Classes/ECE_385/Lab_6/lab_6/lab_6.gen/sources_1/bd/mb_usb/ip/mb_usb_axi_uartlite_0_0/mb_usb_axi_uartlite_0_0.dcp.
INFO: [IP_Flow 19-6926] IPCACHE: added file to list for BOM: c:/Users/Shane/Documents/Classes/ECE_385/Lab_6/lab_6/lab_6.gen/sources_1/bd/mb_usb/ip/mb_usb_axi_uartlite_0_0/mb_usb_axi_uartlite_0_0.dcp
INFO: [IP_Flow 19-6928] IPCACHE: copied cached file c:/Users/Shane/Documents/Classes/ECE_385/Lab_6/lab_6/lab_6.cache/ip/2022.2/2/4/24d175409b8b38ad/mb_block_axi_uartlite_0_0_sim_netlist.v to c:/Users/Shane/Documents/Classes/ECE_385/Lab_6/lab_6/lab_6.gen/sources_1/bd/mb_usb/ip/mb_usb_axi_uartlite_0_0/mb_usb_axi_uartlite_0_0_sim_netlist.v.
INFO: [IP_Flow 19-6926] IPCACHE: added file to list for BOM: c:/Users/Shane/Documents/Classes/ECE_385/Lab_6/lab_6/lab_6.gen/sources_1/bd/mb_usb/ip/mb_usb_axi_uartlite_0_0/mb_usb_axi_uartlite_0_0_sim_netlist.v
INFO: [IP_Flow 19-6928] IPCACHE: copied cached file c:/Users/Shane/Documents/Classes/ECE_385/Lab_6/lab_6/lab_6.cache/ip/2022.2/2/4/24d175409b8b38ad/mb_block_axi_uartlite_0_0_sim_netlist.vhdl to c:/Users/Shane/Documents/Classes/ECE_385/Lab_6/lab_6/lab_6.gen/sources_1/bd/mb_usb/ip/mb_usb_axi_uartlite_0_0/mb_usb_axi_uartlite_0_0_sim_netlist.vhdl.
INFO: [IP_Flow 19-6926] IPCACHE: added file to list for BOM: c:/Users/Shane/Documents/Classes/ECE_385/Lab_6/lab_6/lab_6.gen/sources_1/bd/mb_usb/ip/mb_usb_axi_uartlite_0_0/mb_usb_axi_uartlite_0_0_sim_netlist.vhdl
INFO: [IP_Flow 19-6928] IPCACHE: copied cached file c:/Users/Shane/Documents/Classes/ECE_385/Lab_6/lab_6/lab_6.cache/ip/2022.2/2/4/24d175409b8b38ad/mb_block_axi_uartlite_0_0_stub.v to c:/Users/Shane/Documents/Classes/ECE_385/Lab_6/lab_6/lab_6.gen/sources_1/bd/mb_usb/ip/mb_usb_axi_uartlite_0_0/mb_usb_axi_uartlite_0_0_stub.v.
INFO: [IP_Flow 19-6926] IPCACHE: added file to list for BOM: c:/Users/Shane/Documents/Classes/ECE_385/Lab_6/lab_6/lab_6.gen/sources_1/bd/mb_usb/ip/mb_usb_axi_uartlite_0_0/mb_usb_axi_uartlite_0_0_stub.v
INFO: [IP_Flow 19-6928] IPCACHE: copied cached file c:/Users/Shane/Documents/Classes/ECE_385/Lab_6/lab_6/lab_6.cache/ip/2022.2/2/4/24d175409b8b38ad/mb_block_axi_uartlite_0_0_stub.vhdl to c:/Users/Shane/Documents/Classes/ECE_385/Lab_6/lab_6/lab_6.gen/sources_1/bd/mb_usb/ip/mb_usb_axi_uartlite_0_0/mb_usb_axi_uartlite_0_0_stub.vhdl.
INFO: [IP_Flow 19-6926] IPCACHE: added file to list for BOM: c:/Users/Shane/Documents/Classes/ECE_385/Lab_6/lab_6/lab_6.gen/sources_1/bd/mb_usb/ip/mb_usb_axi_uartlite_0_0/mb_usb_axi_uartlite_0_0_stub.vhdl
INFO: [IP_Flow 19-4993] Using cached IP synthesis design for IP mb_usb_axi_uartlite_0_0, cache-ID = 24d175409b8b38ad; cache size = 17.761 MB.
[Wed Oct 23 00:14:32 2024] Launched synth_1...
Run output will be captured here: C:/Users/Shane/Documents/Classes/ECE_385/Lab_6/lab_6/lab_6.runs/synth_1/runme.log
launch_runs: Time (s): cpu = 00:00:25 ; elapsed = 00:00:33 . Memory (MB): peak = 2550.555 ; gain = 0.000
launch_runs impl_1 -to_step write_bitstream -jobs 4
[Wed Oct 23 00:17:01 2024] Launched impl_1...
Run output will be captured here: C:/Users/Shane/Documents/Classes/ECE_385/Lab_6/lab_6/lab_6.runs/impl_1/runme.log
open_run impl_1
Netlist sorting complete. Time (s): cpu = 00:00:00 ; elapsed = 00:00:00.205 . Memory (MB): peak = 2550.555 ; gain = 0.000
INFO: [Netlist 29-17] Analyzing 411 Unisim elements for replacement
INFO: [Netlist 29-28] Unisim Transformation completed in 0 CPU seconds
INFO: [Project 1-479] Netlist was created with Vivado 2022.2
INFO: [Project 1-570] Preparing netlist for logic optimization
WARNING: [Constraints 18-550] Could not create 'IBUF_LOW_PWR' constraint because net 'clk_wiz/clk_in1' is not directly connected to top level port. Synthesis is ignored for IBUF_LOW_PWR but preserved for implementation.
WARNING: [Constraints 18-550] Could not create 'IBUF_LOW_PWR' constraint because net 'mb_block_i/clk_wiz_1/clk_in1' is not directly connected to top level port. Synthesis is ignored for IBUF_LOW_PWR but preserved for implementation.
INFO: [Timing 38-478] Restoring timing data from binary archive.
INFO: [Timing 38-479] Binary timing data restore complete.
INFO: [Project 1-856] Restoring constraints from binary archive.
INFO: [Project 1-853] Binary constraint restore complete.
Reading XDEF placement.
Reading placer database...
Reading XDEF routing.
Read XDEF Files: Time (s): cpu = 00:00:01 ; elapsed = 00:00:02 . Memory (MB): peak = 3090.793 ; gain = 0.000
Restored from archive | CPU: 1.000000 secs | Memory: 0.000000 MB |
Finished XDEF File Restore: Time (s): cpu = 00:00:01 ; elapsed = 00:00:02 . Memory (MB): peak = 3090.793 ; gain = 0.000
Generating merged BMM file for the design top 'mb_usb_hdmi_top'...
INFO: [Memdata 28-144] Successfully populated the BRAM INIT strings from the following elf files: c:/Users/Shane/Documents/Classes/ECE_385/Lab_6/lab_6/lab_6.gen/sources_1/bd/mb_usb/ip/mb_usb_microblaze_0_0/data/mb_bootloop_le.elf 
Netlist sorting complete. Time (s): cpu = 00:00:00 ; elapsed = 00:00:00.023 . Memory (MB): peak = 3090.793 ; gain = 0.000
INFO: [Project 1-111] Unisim Transformation Summary:
  A total of 246 instances were transformed.
  LUT6_2 => LUT6_2 (LUT5, LUT6): 143 instances
  RAM16X1D => RAM32X1D (RAMD32(x2)): 32 instances
  RAM32M => RAM32M (RAMD32(x6), RAMS32(x2)): 2 instances
  RAM32X1D => RAM32X1D (RAMD32(x2)): 68 instances
  SRLC16E => SRL16E: 1 instance 

open_run: Time (s): cpu = 00:00:27 ; elapsed = 00:00:21 . Memory (MB): peak = 3164.391 ; gain = 613.836
open_report: Time (s): cpu = 00:00:12 ; elapsed = 00:00:07 . Memory (MB): peak = 3164.391 ; gain = 0.000
write_hw_platform -fixed -include_bit -force -file C:/Users/Shane/Documents/Classes/ECE_385/Lab_6/lab_6/mb_usb_hdmi_top.xsa
INFO: [Project 1-1918] Creating Hardware Platform: C:/Users/Shane/Documents/Classes/ECE_385/Lab_6/lab_6/mb_usb_hdmi_top.xsa ...
INFO: [Project 1-1943] The Hardware Platform can be used for Hardware
INFO: [Project 1-1941] Successfully created Hardware Platform: C:/Users/Shane/Documents/Classes/ECE_385/Lab_6/lab_6/mb_usb_hdmi_top.xsa
close_design
startgroup
endgroup
startgroup
endgroup
startgroup
endgroup
INFO: [Vivado 12-8231] Launching Vitis
INFO: [Vivado 12-417] Running vitis
INFO: [Vivado 12-8232] Vitis launch initiated. Please check console for any further messages.
