#-----------------------------------------------------------
# Vivado v2022.2 (64-bit)
# SW Build 3671981 on Fri Oct 14 05:00:03 MDT 2022
# IP Build 3669848 on Fri Oct 14 08:30:02 MDT 2022
# Start of session at: Fri Nov  8 08:14:41 2024
# Process ID: 44764
# Current directory: C:/Users/Shane/Documents/Classes/ECE_385/Lab_7/lab_7_2
# Command line: vivado.exe -gui_launcher_event rodinguilauncherevent47284 C:\Users\Shane\Documents\Classes\ECE_385\Lab_7\lab_7_2\lab_7_2.xpr
# Log file: C:/Users/Shane/Documents/Classes/ECE_385/Lab_7/lab_7_2/vivado.log
# Journal file: C:/Users/Shane/Documents/Classes/ECE_385/Lab_7/lab_7_2\vivado.jou
# Running On: HP, OS: Windows, CPU Frequency: 3418 MHz, CPU Physical cores: 4, Host memory: 16917 MB
#-----------------------------------------------------------
start_gui
open_project C:/Users/Shane/Documents/Classes/ECE_385/Lab_7/lab_7_2/lab_7_2.xpr
Scanning sources...
Finished scanning sources
INFO: [IP_Flow 19-234] Refreshing IP repositories
WARNING: [Board 49-26] cannot add Board Part xilinx.com:ac701:part0:1.4 available at C:/Xilinx/Vivado/2022.2/data/xhub/boards/XilinxBoardStore/boards/Xilinx/ac701/1.4/board.xml as part xc7a200tfbg676-2 specified in board_part file is either invalid or not available
WARNING: [Board 49-26] cannot add Board Part xilinx.com:k26c:part0:1.2 available at C:/Xilinx/Vivado/2022.2/data/xhub/boards/XilinxBoardStore/boards/Xilinx/k26c/1.2/board.xml as part xck26-sfvc784-2lv-c specified in board_part file is either invalid or not available
WARNING: [Board 49-26] cannot add Board Part xilinx.com:k26c:part0:1.3 available at C:/Xilinx/Vivado/2022.2/data/xhub/boards/XilinxBoardStore/boards/Xilinx/k26c/1.3/board.xml as part xck26-sfvc784-2lv-c specified in board_part file is either invalid or not available
WARNING: [Board 49-26] cannot add Board Part xilinx.com:k26c:part0:1.4 available at C:/Xilinx/Vivado/2022.2/data/xhub/boards/XilinxBoardStore/boards/Xilinx/k26c/1.4/board.xml as part xck26-sfvc784-2lv-c specified in board_part file is either invalid or not available
WARNING: [Board 49-26] cannot add Board Part xilinx.com:k26i:part0:1.2 available at C:/Xilinx/Vivado/2022.2/data/xhub/boards/XilinxBoardStore/boards/Xilinx/k26i/1.2/board.xml as part xck26-sfvc784-2lvi-i specified in board_part file is either invalid or not available
WARNING: [Board 49-26] cannot add Board Part xilinx.com:k26i:part0:1.3 available at C:/Xilinx/Vivado/2022.2/data/xhub/boards/XilinxBoardStore/boards/Xilinx/k26i/1.3/board.xml as part xck26-sfvc784-2lvi-i specified in board_part file is either invalid or not available
WARNING: [Board 49-26] cannot add Board Part xilinx.com:k26i:part0:1.4 available at C:/Xilinx/Vivado/2022.2/data/xhub/boards/XilinxBoardStore/boards/Xilinx/k26i/1.4/board.xml as part xck26-sfvc784-2lvi-i specified in board_part file is either invalid or not available
WARNING: [Board 49-26] cannot add Board Part xilinx.com:kc705:part0:1.6 available at C:/Xilinx/Vivado/2022.2/data/xhub/boards/XilinxBoardStore/boards/Xilinx/kc705/1.6/board.xml as part xc7k325tffg900-2 specified in board_part file is either invalid or not available
WARNING: [Board 49-26] cannot add Board Part xilinx.com:kcu105:part0:1.6 available at C:/Xilinx/Vivado/2022.2/data/xhub/boards/XilinxBoardStore/boards/Xilinx/kcu105/1.6/board.xml as part xcku040-ffva1156-2-e specified in board_part file is either invalid or not available
WARNING: [Board 49-26] cannot add Board Part xilinx.com:kcu105:part0:1.7 available at C:/Xilinx/Vivado/2022.2/data/xhub/boards/XilinxBoardStore/boards/Xilinx/kcu105/1.7/board.xml as part xcku040-ffva1156-2-e specified in board_part file is either invalid or not available
WARNING: [Board 49-26] cannot add Board Part xilinx.com:kcu116:part0:1.4 available at C:/Xilinx/Vivado/2022.2/data/xhub/boards/XilinxBoardStore/boards/Xilinx/kcu116/1.4/board.xml as part xcku5p-ffvb676-2-e specified in board_part file is either invalid or not available
WARNING: [Board 49-26] cannot add Board Part xilinx.com:kcu116:part0:1.5 available at C:/Xilinx/Vivado/2022.2/data/xhub/boards/XilinxBoardStore/boards/Xilinx/kcu116/1.5/board.xml as part xcku5p-ffvb676-2-e specified in board_part file is either invalid or not available
WARNING: [Board 49-26] cannot add Board Part xilinx.com:kcu1500:part0:1.2 available at C:/Xilinx/Vivado/2022.2/data/xhub/boards/XilinxBoardStore/boards/Xilinx/kcu1500/1.2/board.xml as part xcku115-flvb2104-2-e specified in board_part file is either invalid or not available
WARNING: [Board 49-26] cannot add Board Part xilinx.com:kr260_som:part0:1.0 available at C:/Xilinx/Vivado/2022.2/data/xhub/boards/XilinxBoardStore/boards/Xilinx/kr260_som/1.0/board.xml as part xck26-sfvc784-2lv-c specified in board_part file is either invalid or not available
WARNING: [Board 49-26] cannot add Board Part xilinx.com:kr260_som:part0:1.1 available at C:/Xilinx/Vivado/2022.2/data/xhub/boards/XilinxBoardStore/boards/Xilinx/kr260_som/1.1/board.xml as part xck26-sfvc784-2lv-c specified in board_part file is either invalid or not available
WARNING: [Board 49-26] cannot add Board Part xilinx.com:kv260_som:part0:1.2 available at C:/Xilinx/Vivado/2022.2/data/xhub/boards/XilinxBoardStore/boards/Xilinx/kv260_som/1.2/board.xml as part xck26-sfvc784-2lv-c specified in board_part file is either invalid or not available
WARNING: [Board 49-26] cannot add Board Part xilinx.com:kv260_som:part0:1.3 available at C:/Xilinx/Vivado/2022.2/data/xhub/boards/XilinxBoardStore/boards/Xilinx/kv260_som/1.3/board.xml as part xck26-sfvc784-2lv-c specified in board_part file is either invalid or not available
WARNING: [Board 49-26] cannot add Board Part xilinx.com:kv260_som:part0:1.4 available at C:/Xilinx/Vivado/2022.2/data/xhub/boards/XilinxBoardStore/boards/Xilinx/kv260_som/1.4/board.xml as part xck26-sfvc784-2lv-c specified in board_part file is either invalid or not available
WARNING: [Board 49-26] cannot add Board Part xilinx.com:vc707:part0:1.4 available at C:/Xilinx/Vivado/2022.2/data/xhub/boards/XilinxBoardStore/boards/Xilinx/vc707/1.4/board.xml as part xc7vx485tffg1761-2 specified in board_part file is either invalid or not available
WARNING: [Board 49-26] cannot add Board Part xilinx.com:vc709:part0:1.8 available at C:/Xilinx/Vivado/2022.2/data/xhub/boards/XilinxBoardStore/boards/Xilinx/vc709/1.8/board.xml as part xc7vx690tffg1761-2 specified in board_part file is either invalid or not available
WARNING: [Board 49-26] cannot add Board Part xilinx.com:vck190:part0:2.2 available at C:/Xilinx/Vivado/2022.2/data/xhub/boards/XilinxBoardStore/boards/Xilinx/vck190/production/2.2/board.xml as part xcvc1902-vsva2197-2mp-e-s specified in board_part file is either invalid or not available
WARNING: [Board 49-26] cannot add Board Part xilinx.com:vck190:part0:3.0 available at C:/Xilinx/Vivado/2022.2/data/xhub/boards/XilinxBoardStore/boards/Xilinx/vck190/production/3.0/board.xml as part xcvc1902-vsva2197-2mp-e-s specified in board_part file is either invalid or not available
WARNING: [Board 49-26] cannot add Board Part xilinx.com:vck190:part0:3.1 available at C:/Xilinx/Vivado/2022.2/data/xhub/boards/XilinxBoardStore/boards/Xilinx/vck190/production/3.1/board.xml as part xcvc1902-vsva2197-2mp-e-s specified in board_part file is either invalid or not available
WARNING: [Board 49-26] cannot add Board Part xilinx.com:vck190_newl:part0:1.0 available at C:/Xilinx/Vivado/2022.2/data/xhub/boards/XilinxBoardStore/boards/Xilinx/vck190_newl/production/1.0/board.xml as part xcvc1902-vsva2197-2mp-e-s specified in board_part file is either invalid or not available
WARNING: [Board 49-26] cannot add Board Part xilinx.com:vcu108:part0:1.6 available at C:/Xilinx/Vivado/2022.2/data/xhub/boards/XilinxBoardStore/boards/Xilinx/vcu108/1.6/board.xml as part xcvu095-ffva2104-2-e specified in board_part file is either invalid or not available
WARNING: [Board 49-26] cannot add Board Part xilinx.com:vcu108:part0:1.7 available at C:/Xilinx/Vivado/2022.2/data/xhub/boards/XilinxBoardStore/boards/Xilinx/vcu108/1.7/board.xml as part xcvu095-ffva2104-2-e specified in board_part file is either invalid or not available
WARNING: [Board 49-26] cannot add Board Part xilinx.com:vcu110:part0:1.4 available at C:/Xilinx/Vivado/2022.2/data/xhub/boards/XilinxBoardStore/boards/Xilinx/vcu110/1.4/board.xml as part xcvu190-flgc2104-2-e specified in board_part file is either invalid or not available
WARNING: [Board 49-26] cannot add Board Part xilinx.com:vcu118:part0:2.0 available at C:/Xilinx/Vivado/2022.2/data/xhub/boards/XilinxBoardStore/boards/Xilinx/vcu118/2.0/board.xml as part xcvu9p-flga2104-2l-e specified in board_part file is either invalid or not available
WARNING: [Board 49-26] cannot add Board Part xilinx.com:vcu118:part0:2.3 available at C:/Xilinx/Vivado/2022.2/data/xhub/boards/XilinxBoardStore/boards/Xilinx/vcu118/2.3/board.xml as part xcvu9p-flga2104-2l-e specified in board_part file is either invalid or not available
WARNING: [Board 49-26] cannot add Board Part xilinx.com:vcu118:part0:2.4 available at C:/Xilinx/Vivado/2022.2/data/xhub/boards/XilinxBoardStore/boards/Xilinx/vcu118/2.4/board.xml as part xcvu9p-flga2104-2l-e specified in board_part file is either invalid or not available
WARNING: [Board 49-26] cannot add Board Part xilinx.com:vcu128:part0:1.0 available at C:/Xilinx/Vivado/2022.2/data/xhub/boards/XilinxBoardStore/boards/Xilinx/vcu128/production/1.0/board.xml as part xcvu37p-fsvh2892-2l-e specified in board_part file is either invalid or not available
WARNING: [Board 49-26] cannot add Board Part xilinx.com:vcu129:part0:1.0 available at C:/Xilinx/Vivado/2022.2/data/xhub/boards/XilinxBoardStore/boards/Xilinx/vcu129/production/1.0/board.xml as part xcvu29p-fsga2577-2l-e specified in board_part file is either invalid or not available
WARNING: [Board 49-26] cannot add Board Part xilinx.com:vcu1525:part0:1.3 available at C:/Xilinx/Vivado/2022.2/data/xhub/boards/XilinxBoardStore/boards/Xilinx/vcu1525/1.3/board.xml as part xcvu9p-fsgd2104-2l-e specified in board_part file is either invalid or not available
WARNING: [Board 49-26] cannot add Board Part xilinx.com:vek280_es:part0:1.0 available at C:/Xilinx/Vivado/2022.2/data/xhub/boards/XilinxBoardStore/boards/Xilinx/vek280/es/1.0/board.xml as part xcve2802-vsvh1760-2lp-e-s-es1 specified in board_part file is either invalid or not available
WARNING: [Board 49-26] cannot add Board Part xilinx.com:vermeo_t1_mpsoc:part0:1.0 available at C:/Xilinx/Vivado/2022.2/data/xhub/boards/XilinxBoardStore/boards/Xilinx/vermeo_t1_mpsoc/1.0/board.xml as part xczu19eg-ffvd1760-2l-e specified in board_part file is either invalid or not available
WARNING: [Board 49-26] cannot add Board Part xilinx.com:vermeo_t1_rfsoc:part0:1.0 available at C:/Xilinx/Vivado/2022.2/data/xhub/boards/XilinxBoardStore/boards/Xilinx/vermeo_t1_rfsoc/1.0/board.xml as part xczu21dr-ffvd1156-2l-e specified in board_part file is either invalid or not available
WARNING: [Board 49-26] cannot add Board Part xilinx.com:vhk158_es:part0:1.0 available at C:/Xilinx/Vivado/2022.2/data/xhub/boards/XilinxBoardStore/boards/Xilinx/vhk158/es/1.0/board.xml as part xcvh1582-vsva3697-2mp-e-s-es1 specified in board_part file is either invalid or not available
WARNING: [Board 49-26] cannot add Board Part xilinx.com:vmk180:part0:2.2 available at C:/Xilinx/Vivado/2022.2/data/xhub/boards/XilinxBoardStore/boards/Xilinx/vmk180/production/2.2/board.xml as part xcvm1802-vsva2197-2mp-e-s specified in board_part file is either invalid or not available
WARNING: [Board 49-26] cannot add Board Part xilinx.com:vmk180:part0:3.0 available at C:/Xilinx/Vivado/2022.2/data/xhub/boards/XilinxBoardStore/boards/Xilinx/vmk180/production/3.0/board.xml as part xcvm1802-vsva2197-2mp-e-s specified in board_part file is either invalid or not available
WARNING: [Board 49-26] cannot add Board Part xilinx.com:vmk180:part0:3.1 available at C:/Xilinx/Vivado/2022.2/data/xhub/boards/XilinxBoardStore/boards/Xilinx/vmk180/production/3.1/board.xml as part xcvm1802-vsva2197-2mp-e-s specified in board_part file is either invalid or not available
WARNING: [Board 49-26] cannot add Board Part xilinx.com:vmk180_newl:part0:1.0 available at C:/Xilinx/Vivado/2022.2/data/xhub/boards/XilinxBoardStore/boards/Xilinx/vmk180_newl/production/1.0/board.xml as part xcvm1802-vsva2197-2mp-e-s specified in board_part file is either invalid or not available
WARNING: [Board 49-26] cannot add Board Part xilinx.com:vpk120:part0:1.0 available at C:/Xilinx/Vivado/2022.2/data/xhub/boards/XilinxBoardStore/boards/Xilinx/vpk120/production/1.0/board.xml as part xcvp1202-vsva2785-2mp-e-s specified in board_part file is either invalid or not available
WARNING: [Board 49-26] cannot add Board Part xilinx.com:vpk120_es:part0:1.2 available at C:/Xilinx/Vivado/2022.2/data/xhub/boards/XilinxBoardStore/boards/Xilinx/vpk120/es/1.2/board.xml as part xcvp1202-vsva2785-2mp-e-s-es1 specified in board_part file is either invalid or not available
WARNING: [Board 49-26] cannot add Board Part xilinx.com:vpk120_es_revb:part0:1.0 available at C:/Xilinx/Vivado/2022.2/data/xhub/boards/XilinxBoardStore/boards/Xilinx/vpk120_revb/es/1.0/board.xml as part xcvp1202-vsva2785-2mp-e-s-es1 specified in board_part file is either invalid or not available
WARNING: [Board 49-26] cannot add Board Part xilinx.com:vpk180_es:part0:1.0 available at C:/Xilinx/Vivado/2022.2/data/xhub/boards/XilinxBoardStore/boards/Xilinx/vpk180/es/1.0/board.xml as part xcvp1802-lsvc4072-2mp-e-s-es1 specified in board_part file is either invalid or not available
WARNING: [Board 49-26] cannot add Board Part xilinx.com:zc702:part0:1.4 available at C:/Xilinx/Vivado/2022.2/data/xhub/boards/XilinxBoardStore/boards/Xilinx/zc702/1.4/board.xml as part xc7z020clg484-1 specified in board_part file is either invalid or not available
WARNING: [Board 49-26] cannot add Board Part xilinx.com:zc706:part0:1.4 available at C:/Xilinx/Vivado/2022.2/data/xhub/boards/XilinxBoardStore/boards/Xilinx/zc706/1.4/board.xml as part xc7z045ffg900-2 specified in board_part file is either invalid or not available
WARNING: [Board 49-26] cannot add Board Part xilinx.com:zcu102:part0:3.3 available at C:/Xilinx/Vivado/2022.2/data/xhub/boards/XilinxBoardStore/boards/Xilinx/zcu102/3.3/board.xml as part xczu9eg-ffvb1156-2-e specified in board_part file is either invalid or not available
WARNING: [Board 49-26] cannot add Board Part xilinx.com:zcu102:part0:3.4 available at C:/Xilinx/Vivado/2022.2/data/xhub/boards/XilinxBoardStore/boards/Xilinx/zcu102/3.4/board.xml as part xczu9eg-ffvb1156-2-e specified in board_part file is either invalid or not available
WARNING: [Board 49-26] cannot add Board Part xilinx.com:zcu104:part0:1.1 available at C:/Xilinx/Vivado/2022.2/data/xhub/boards/XilinxBoardStore/boards/Xilinx/zcu104/1.1/board.xml as part xczu7ev-ffvc1156-2-e specified in board_part file is either invalid or not available
WARNING: [Board 49-26] cannot add Board Part xilinx.com:zcu106:part0:2.4 available at C:/Xilinx/Vivado/2022.2/data/xhub/boards/XilinxBoardStore/boards/Xilinx/zcu106/2.4/board.xml as part xczu7ev-ffvc1156-2-e specified in board_part file is either invalid or not available
WARNING: [Board 49-26] cannot add Board Part xilinx.com:zcu106:part0:2.5 available at C:/Xilinx/Vivado/2022.2/data/xhub/boards/XilinxBoardStore/boards/Xilinx/zcu106/2.5/board.xml as part xczu7ev-ffvc1156-2-e specified in board_part file is either invalid or not available
WARNING: [Board 49-26] cannot add Board Part xilinx.com:zcu106:part0:2.6 available at C:/Xilinx/Vivado/2022.2/data/xhub/boards/XilinxBoardStore/boards/Xilinx/zcu106/2.6/board.xml as part xczu7ev-ffvc1156-2-e specified in board_part file is either invalid or not available
WARNING: [Board 49-26] cannot add Board Part xilinx.com:zcu111:part0:1.2 available at C:/Xilinx/Vivado/2022.2/data/xhub/boards/XilinxBoardStore/boards/Xilinx/zcu111/1.2/board.xml as part xczu28dr-ffvg1517-2-e specified in board_part file is either invalid or not available
WARNING: [Board 49-26] cannot add Board Part xilinx.com:zcu111:part0:1.3 available at C:/Xilinx/Vivado/2022.2/data/xhub/boards/XilinxBoardStore/boards/Xilinx/zcu111/1.3/board.xml as part xczu28dr-ffvg1517-2-e specified in board_part file is either invalid or not available
WARNING: [Board 49-26] cannot add Board Part xilinx.com:zcu111:part0:1.4 available at C:/Xilinx/Vivado/2022.2/data/xhub/boards/XilinxBoardStore/boards/Xilinx/zcu111/1.4/board.xml as part xczu28dr-ffvg1517-2-e specified in board_part file is either invalid or not available
WARNING: [Board 49-26] cannot add Board Part xilinx.com:zcu1275:part0:1.0 available at C:/Xilinx/Vivado/2022.2/data/xhub/boards/XilinxBoardStore/boards/Xilinx/zcu1275/1.0/board.xml as part xczu29dr-ffvf1760-2-e specified in board_part file is either invalid or not available
WARNING: [Board 49-26] cannot add Board Part xilinx.com:zcu1285:part0:1.0 available at C:/Xilinx/Vivado/2022.2/data/xhub/boards/XilinxBoardStore/boards/Xilinx/zcu1285/1.0/board.xml as part xczu39dr-ffvf1760-2-i specified in board_part file is either invalid or not available
WARNING: [Board 49-26] cannot add Board Part xilinx.com:zcu208:part0:2.0 available at C:/Xilinx/Vivado/2022.2/data/xhub/boards/XilinxBoardStore/boards/Xilinx/zcu208/production/2.0/board.xml as part xczu48dr-fsvg1517-2-e specified in board_part file is either invalid or not available
WARNING: [Board 49-26] cannot add Board Part xilinx.com:zcu208ld:part0:2.0 available at C:/Xilinx/Vivado/2022.2/data/xhub/boards/XilinxBoardStore/boards/Xilinx/zcu208ld/production/2.0/board.xml as part xczu58dr-fsvg1517-2-i specified in board_part file is either invalid or not available
WARNING: [Board 49-26] cannot add Board Part xilinx.com:zcu216:part0:2.0 available at C:/Xilinx/Vivado/2022.2/data/xhub/boards/XilinxBoardStore/boards/Xilinx/zcu216/production/2.0/board.xml as part xczu49dr-ffvf1760-2-e specified in board_part file is either invalid or not available
WARNING: [Board 49-26] cannot add Board Part xilinx.com:zcu216ld:part0:2.0 available at C:/Xilinx/Vivado/2022.2/data/xhub/boards/XilinxBoardStore/boards/Xilinx/zcu216ld/production/2.0/board.xml as part xczu59dr-ffvf1760-2-i specified in board_part file is either invalid or not available
WARNING: [Board 49-26] cannot add Board Part xilinx.com:zcu670:part0:2.0 available at C:/Xilinx/Vivado/2022.2/data/xhub/boards/XilinxBoardStore/boards/Xilinx/zcu670/2.0/board.xml as part xczu67dr-fsve1156-2-i specified in board_part file is either invalid or not available
WARNING: [Board 49-26] cannot add Board Part xilinx.com:zcu670ld:part0:1.0 available at C:/Xilinx/Vivado/2022.2/data/xhub/boards/XilinxBoardStore/boards/Xilinx/zcu670ld/1.0/board.xml as part xczu57dr-fsve1156-2-i specified in board_part file is either invalid or not available
INFO: [IP_Flow 19-1700] Loaded user IP repository 'c:/Users/Shane/Documents/Classes/ECE_385/Lab_7/lab_7_2/ip_repo'.
INFO: [IP_Flow 19-2313] Loaded Vivado IP repository 'C:/Xilinx/Vivado/2022.2/data/ip'.
open_project: Time (s): cpu = 00:00:27 ; elapsed = 00:00:15 . Memory (MB): peak = 1178.117 ; gain = 426.250
update_compile_order -fileset sources_1
create_ip_run [get_files -of_objects [get_fileset sources_1] C:/Users/Shane/Documents/Classes/ECE_385/Lab_7/lab_7_2/lab_7_2.srcs/sources_1/bd/mb_block/mb_block.bd]
synth_design -rtl -rtl_skip_mlo -name rtl_1
Command: synth_design -rtl -rtl_skip_mlo -name rtl_1
Starting synth_design
Using part: xc7s50csga324-1
Top: mb_usb_hdmi_top
INFO: [Device 21-403] Loading part xc7s50csga324-1
INFO: [Synth 8-11241] undeclared symbol 'REGCCE', assumed default net type 'wire' [C:/Xilinx/Vivado/2022.2/data/verilog/src/unimacro/BRAM_SINGLE_MACRO.v:2170]
---------------------------------------------------------------------------------
Starting RTL Elaboration : Time (s): cpu = 00:00:04 ; elapsed = 00:00:04 . Memory (MB): peak = 1923.188 ; gain = 396.805
---------------------------------------------------------------------------------
INFO: [Synth 8-6157] synthesizing module 'mb_usb_hdmi_top' [C:/Users/Shane/Documents/Classes/ECE_385/Lab_7/lab_7_2/lab_7_2.srcs/sources_1/imports/lab_7_1_provided_fa24/mb_usb_hdmi_top.sv:14]
INFO: [Synth 8-6157] synthesizing module 'mb_block' [c:/Users/Shane/Documents/Classes/ECE_385/Lab_7/lab_7_2/lab_7_2.gen/sources_1/bd/mb_block/synth/mb_block.v:422]
INFO: [Synth 8-6157] synthesizing module 'mb_block_axi_uartlite_0_0' [C:/Users/Shane/Documents/Classes/ECE_385/Lab_7/lab_7_2/.Xil/Vivado-44764-HP/realtime/mb_block_axi_uartlite_0_0_stub.v:5]
INFO: [Synth 8-6155] done synthesizing module 'mb_block_axi_uartlite_0_0' (0#1) [C:/Users/Shane/Documents/Classes/ECE_385/Lab_7/lab_7_2/.Xil/Vivado-44764-HP/realtime/mb_block_axi_uartlite_0_0_stub.v:5]
INFO: [Synth 8-6157] synthesizing module 'mb_block_clk_wiz_1_0' [C:/Users/Shane/Documents/Classes/ECE_385/Lab_7/lab_7_2/.Xil/Vivado-44764-HP/realtime/mb_block_clk_wiz_1_0_stub.v:5]
INFO: [Synth 8-6155] done synthesizing module 'mb_block_clk_wiz_1_0' (0#1) [C:/Users/Shane/Documents/Classes/ECE_385/Lab_7/lab_7_2/.Xil/Vivado-44764-HP/realtime/mb_block_clk_wiz_1_0_stub.v:5]
INFO: [Synth 8-6157] synthesizing module 'mb_block_hdmi_text_controller_0_1' [C:/Users/Shane/Documents/Classes/ECE_385/Lab_7/lab_7_2/.Xil/Vivado-44764-HP/realtime/mb_block_hdmi_text_controller_0_1_stub.v:5]
INFO: [Synth 8-6155] done synthesizing module 'mb_block_hdmi_text_controller_0_1' (0#1) [C:/Users/Shane/Documents/Classes/ECE_385/Lab_7/lab_7_2/.Xil/Vivado-44764-HP/realtime/mb_block_hdmi_text_controller_0_1_stub.v:5]
INFO: [Synth 8-6157] synthesizing module 'mb_block_mdm_1_0' [C:/Users/Shane/Documents/Classes/ECE_385/Lab_7/lab_7_2/.Xil/Vivado-44764-HP/realtime/mb_block_mdm_1_0_stub.v:5]
INFO: [Synth 8-6155] done synthesizing module 'mb_block_mdm_1_0' (0#1) [C:/Users/Shane/Documents/Classes/ECE_385/Lab_7/lab_7_2/.Xil/Vivado-44764-HP/realtime/mb_block_mdm_1_0_stub.v:5]
INFO: [Synth 8-6157] synthesizing module 'mb_block_microblaze_0_0' [C:/Users/Shane/Documents/Classes/ECE_385/Lab_7/lab_7_2/.Xil/Vivado-44764-HP/realtime/mb_block_microblaze_0_0_stub.v:5]
INFO: [Synth 8-6155] done synthesizing module 'mb_block_microblaze_0_0' (0#1) [C:/Users/Shane/Documents/Classes/ECE_385/Lab_7/lab_7_2/.Xil/Vivado-44764-HP/realtime/mb_block_microblaze_0_0_stub.v:5]
INFO: [Synth 8-6157] synthesizing module 'mb_block_microblaze_0_axi_intc_0' [C:/Users/Shane/Documents/Classes/ECE_385/Lab_7/lab_7_2/.Xil/Vivado-44764-HP/realtime/mb_block_microblaze_0_axi_intc_0_stub.v:5]
INFO: [Synth 8-6155] done synthesizing module 'mb_block_microblaze_0_axi_intc_0' (0#1) [C:/Users/Shane/Documents/Classes/ECE_385/Lab_7/lab_7_2/.Xil/Vivado-44764-HP/realtime/mb_block_microblaze_0_axi_intc_0_stub.v:5]
INFO: [Synth 8-6157] synthesizing module 'mb_block_microblaze_0_axi_periph_0' [c:/Users/Shane/Documents/Classes/ECE_385/Lab_7/lab_7_2/lab_7_2.gen/sources_1/bd/mb_block/synth/mb_block.v:830]
INFO: [Synth 8-6157] synthesizing module 'm00_couplers_imp_1TK4492' [c:/Users/Shane/Documents/Classes/ECE_385/Lab_7/lab_7_2/lab_7_2.gen/sources_1/bd/mb_block/synth/mb_block.v:12]
INFO: [Synth 8-6155] done synthesizing module 'm00_couplers_imp_1TK4492' (0#1) [c:/Users/Shane/Documents/Classes/ECE_385/Lab_7/lab_7_2/lab_7_2.gen/sources_1/bd/mb_block/synth/mb_block.v:12]
INFO: [Synth 8-6157] synthesizing module 'm01_couplers_imp_UT2LJ' [c:/Users/Shane/Documents/Classes/ECE_385/Lab_7/lab_7_2/lab_7_2.gen/sources_1/bd/mb_block/synth/mb_block.v:144]
INFO: [Synth 8-6155] done synthesizing module 'm01_couplers_imp_UT2LJ' (0#1) [c:/Users/Shane/Documents/Classes/ECE_385/Lab_7/lab_7_2/lab_7_2.gen/sources_1/bd/mb_block/synth/mb_block.v:144]
INFO: [Synth 8-6157] synthesizing module 'm02_couplers_imp_1ST4AV9' [c:/Users/Shane/Documents/Classes/ECE_385/Lab_7/lab_7_2/lab_7_2.gen/sources_1/bd/mb_block/synth/mb_block.v:276]
INFO: [Synth 8-6155] done synthesizing module 'm02_couplers_imp_1ST4AV9' (0#1) [c:/Users/Shane/Documents/Classes/ECE_385/Lab_7/lab_7_2/lab_7_2.gen/sources_1/bd/mb_block/synth/mb_block.v:276]
INFO: [Synth 8-6157] synthesizing module 's00_couplers_imp_5YIJ0K' [c:/Users/Shane/Documents/Classes/ECE_385/Lab_7/lab_7_2/lab_7_2.gen/sources_1/bd/mb_block/synth/mb_block.v:1660]
INFO: [Synth 8-6155] done synthesizing module 's00_couplers_imp_5YIJ0K' (0#1) [c:/Users/Shane/Documents/Classes/ECE_385/Lab_7/lab_7_2/lab_7_2.gen/sources_1/bd/mb_block/synth/mb_block.v:1660]
INFO: [Synth 8-6157] synthesizing module 'mb_block_xbar_0' [C:/Users/Shane/Documents/Classes/ECE_385/Lab_7/lab_7_2/.Xil/Vivado-44764-HP/realtime/mb_block_xbar_0_stub.v:5]
INFO: [Synth 8-6155] done synthesizing module 'mb_block_xbar_0' (0#1) [C:/Users/Shane/Documents/Classes/ECE_385/Lab_7/lab_7_2/.Xil/Vivado-44764-HP/realtime/mb_block_xbar_0_stub.v:5]
INFO: [Synth 8-6155] done synthesizing module 'mb_block_microblaze_0_axi_periph_0' (0#1) [c:/Users/Shane/Documents/Classes/ECE_385/Lab_7/lab_7_2/lab_7_2.gen/sources_1/bd/mb_block/synth/mb_block.v:830]
INFO: [Synth 8-6157] synthesizing module 'microblaze_0_local_memory_imp_G5BFEQ' [c:/Users/Shane/Documents/Classes/ECE_385/Lab_7/lab_7_2/lab_7_2.gen/sources_1/bd/mb_block/synth/mb_block.v:1426]
INFO: [Synth 8-6157] synthesizing module 'mb_block_dlmb_bram_if_cntlr_0' [C:/Users/Shane/Documents/Classes/ECE_385/Lab_7/lab_7_2/.Xil/Vivado-44764-HP/realtime/mb_block_dlmb_bram_if_cntlr_0_stub.v:5]
INFO: [Synth 8-6155] done synthesizing module 'mb_block_dlmb_bram_if_cntlr_0' (0#1) [C:/Users/Shane/Documents/Classes/ECE_385/Lab_7/lab_7_2/.Xil/Vivado-44764-HP/realtime/mb_block_dlmb_bram_if_cntlr_0_stub.v:5]
INFO: [Synth 8-6157] synthesizing module 'mb_block_dlmb_v10_0' [C:/Users/Shane/Documents/Classes/ECE_385/Lab_7/lab_7_2/.Xil/Vivado-44764-HP/realtime/mb_block_dlmb_v10_0_stub.v:5]
INFO: [Synth 8-6155] done synthesizing module 'mb_block_dlmb_v10_0' (0#1) [C:/Users/Shane/Documents/Classes/ECE_385/Lab_7/lab_7_2/.Xil/Vivado-44764-HP/realtime/mb_block_dlmb_v10_0_stub.v:5]
WARNING: [Synth 8-7071] port 'LMB_Rst' of module 'mb_block_dlmb_v10_0' is unconnected for instance 'dlmb_v10' [c:/Users/Shane/Documents/Classes/ECE_385/Lab_7/lab_7_2/lab_7_2.gen/sources_1/bd/mb_block/synth/mb_block.v:1572]
WARNING: [Synth 8-7023] instance 'dlmb_v10' of module 'mb_block_dlmb_v10_0' has 25 connections declared, but only 24 given [c:/Users/Shane/Documents/Classes/ECE_385/Lab_7/lab_7_2/lab_7_2.gen/sources_1/bd/mb_block/synth/mb_block.v:1572]
INFO: [Synth 8-6157] synthesizing module 'mb_block_ilmb_bram_if_cntlr_0' [C:/Users/Shane/Documents/Classes/ECE_385/Lab_7/lab_7_2/.Xil/Vivado-44764-HP/realtime/mb_block_ilmb_bram_if_cntlr_0_stub.v:5]
INFO: [Synth 8-6155] done synthesizing module 'mb_block_ilmb_bram_if_cntlr_0' (0#1) [C:/Users/Shane/Documents/Classes/ECE_385/Lab_7/lab_7_2/.Xil/Vivado-44764-HP/realtime/mb_block_ilmb_bram_if_cntlr_0_stub.v:5]
INFO: [Synth 8-6157] synthesizing module 'mb_block_ilmb_v10_0' [C:/Users/Shane/Documents/Classes/ECE_385/Lab_7/lab_7_2/.Xil/Vivado-44764-HP/realtime/mb_block_ilmb_v10_0_stub.v:5]
INFO: [Synth 8-6155] done synthesizing module 'mb_block_ilmb_v10_0' (0#1) [C:/Users/Shane/Documents/Classes/ECE_385/Lab_7/lab_7_2/.Xil/Vivado-44764-HP/realtime/mb_block_ilmb_v10_0_stub.v:5]
WARNING: [Synth 8-7071] port 'LMB_Rst' of module 'mb_block_ilmb_v10_0' is unconnected for instance 'ilmb_v10' [c:/Users/Shane/Documents/Classes/ECE_385/Lab_7/lab_7_2/lab_7_2.gen/sources_1/bd/mb_block/synth/mb_block.v:1618]
WARNING: [Synth 8-7023] instance 'ilmb_v10' of module 'mb_block_ilmb_v10_0' has 25 connections declared, but only 24 given [c:/Users/Shane/Documents/Classes/ECE_385/Lab_7/lab_7_2/lab_7_2.gen/sources_1/bd/mb_block/synth/mb_block.v:1618]
INFO: [Synth 8-6157] synthesizing module 'mb_block_lmb_bram_0' [C:/Users/Shane/Documents/Classes/ECE_385/Lab_7/lab_7_2/.Xil/Vivado-44764-HP/realtime/mb_block_lmb_bram_0_stub.v:5]
INFO: [Synth 8-6155] done synthesizing module 'mb_block_lmb_bram_0' (0#1) [C:/Users/Shane/Documents/Classes/ECE_385/Lab_7/lab_7_2/.Xil/Vivado-44764-HP/realtime/mb_block_lmb_bram_0_stub.v:5]
WARNING: [Synth 8-7071] port 'rsta_busy' of module 'mb_block_lmb_bram_0' is unconnected for instance 'lmb_bram' [c:/Users/Shane/Documents/Classes/ECE_385/Lab_7/lab_7_2/lab_7_2.gen/sources_1/bd/mb_block/synth/mb_block.v:1643]
WARNING: [Synth 8-7071] port 'rstb_busy' of module 'mb_block_lmb_bram_0' is unconnected for instance 'lmb_bram' [c:/Users/Shane/Documents/Classes/ECE_385/Lab_7/lab_7_2/lab_7_2.gen/sources_1/bd/mb_block/synth/mb_block.v:1643]
WARNING: [Synth 8-7023] instance 'lmb_bram' of module 'mb_block_lmb_bram_0' has 16 connections declared, but only 14 given [c:/Users/Shane/Documents/Classes/ECE_385/Lab_7/lab_7_2/lab_7_2.gen/sources_1/bd/mb_block/synth/mb_block.v:1643]
INFO: [Synth 8-6155] done synthesizing module 'microblaze_0_local_memory_imp_G5BFEQ' (0#1) [c:/Users/Shane/Documents/Classes/ECE_385/Lab_7/lab_7_2/lab_7_2.gen/sources_1/bd/mb_block/synth/mb_block.v:1426]
INFO: [Synth 8-6157] synthesizing module 'mb_block_rst_clk_wiz_1_100M_0' [C:/Users/Shane/Documents/Classes/ECE_385/Lab_7/lab_7_2/.Xil/Vivado-44764-HP/realtime/mb_block_rst_clk_wiz_1_100M_0_stub.v:5]
INFO: [Synth 8-6155] done synthesizing module 'mb_block_rst_clk_wiz_1_100M_0' (0#1) [C:/Users/Shane/Documents/Classes/ECE_385/Lab_7/lab_7_2/.Xil/Vivado-44764-HP/realtime/mb_block_rst_clk_wiz_1_100M_0_stub.v:5]
WARNING: [Synth 8-7071] port 'peripheral_reset' of module 'mb_block_rst_clk_wiz_1_100M_0' is unconnected for instance 'rst_clk_wiz_1_100M' [c:/Users/Shane/Documents/Classes/ECE_385/Lab_7/lab_7_2/lab_7_2.gen/sources_1/bd/mb_block/synth/mb_block.v:819]
WARNING: [Synth 8-7071] port 'interconnect_aresetn' of module 'mb_block_rst_clk_wiz_1_100M_0' is unconnected for instance 'rst_clk_wiz_1_100M' [c:/Users/Shane/Documents/Classes/ECE_385/Lab_7/lab_7_2/lab_7_2.gen/sources_1/bd/mb_block/synth/mb_block.v:819]
WARNING: [Synth 8-7023] instance 'rst_clk_wiz_1_100M' of module 'mb_block_rst_clk_wiz_1_100M_0' has 10 connections declared, but only 8 given [c:/Users/Shane/Documents/Classes/ECE_385/Lab_7/lab_7_2/lab_7_2.gen/sources_1/bd/mb_block/synth/mb_block.v:819]
INFO: [Synth 8-6155] done synthesizing module 'mb_block' (0#1) [c:/Users/Shane/Documents/Classes/ECE_385/Lab_7/lab_7_2/lab_7_2.gen/sources_1/bd/mb_block/synth/mb_block.v:422]
INFO: [Synth 8-6155] done synthesizing module 'mb_usb_hdmi_top' (0#1) [C:/Users/Shane/Documents/Classes/ECE_385/Lab_7/lab_7_2/lab_7_2.srcs/sources_1/imports/lab_7_1_provided_fa24/mb_usb_hdmi_top.sv:14]
WARNING: [Synth 8-7129] Port M_ACLK in module s00_couplers_imp_5YIJ0K is either unconnected or has no load
WARNING: [Synth 8-7129] Port M_ARESETN in module s00_couplers_imp_5YIJ0K is either unconnected or has no load
WARNING: [Synth 8-7129] Port S_ACLK in module s00_couplers_imp_5YIJ0K is either unconnected or has no load
WARNING: [Synth 8-7129] Port S_ARESETN in module s00_couplers_imp_5YIJ0K is either unconnected or has no load
WARNING: [Synth 8-7129] Port M_ACLK in module m02_couplers_imp_1ST4AV9 is either unconnected or has no load
WARNING: [Synth 8-7129] Port M_ARESETN in module m02_couplers_imp_1ST4AV9 is either unconnected or has no load
WARNING: [Synth 8-7129] Port S_ACLK in module m02_couplers_imp_1ST4AV9 is either unconnected or has no load
WARNING: [Synth 8-7129] Port S_ARESETN in module m02_couplers_imp_1ST4AV9 is either unconnected or has no load
WARNING: [Synth 8-7129] Port M_ACLK in module m01_couplers_imp_UT2LJ is either unconnected or has no load
WARNING: [Synth 8-7129] Port M_ARESETN in module m01_couplers_imp_UT2LJ is either unconnected or has no load
WARNING: [Synth 8-7129] Port S_ACLK in module m01_couplers_imp_UT2LJ is either unconnected or has no load
WARNING: [Synth 8-7129] Port S_ARESETN in module m01_couplers_imp_UT2LJ is either unconnected or has no load
WARNING: [Synth 8-7129] Port M_ACLK in module m00_couplers_imp_1TK4492 is either unconnected or has no load
WARNING: [Synth 8-7129] Port M_ARESETN in module m00_couplers_imp_1TK4492 is either unconnected or has no load
WARNING: [Synth 8-7129] Port S_ACLK in module m00_couplers_imp_1TK4492 is either unconnected or has no load
WARNING: [Synth 8-7129] Port S_ARESETN in module m00_couplers_imp_1TK4492 is either unconnected or has no load
WARNING: [Synth 8-7129] Port M00_ACLK in module mb_block_microblaze_0_axi_periph_0 is either unconnected or has no load
WARNING: [Synth 8-7129] Port M00_ARESETN in module mb_block_microblaze_0_axi_periph_0 is either unconnected or has no load
WARNING: [Synth 8-7129] Port M01_ACLK in module mb_block_microblaze_0_axi_periph_0 is either unconnected or has no load
WARNING: [Synth 8-7129] Port M01_ARESETN in module mb_block_microblaze_0_axi_periph_0 is either unconnected or has no load
WARNING: [Synth 8-7129] Port M02_ACLK in module mb_block_microblaze_0_axi_periph_0 is either unconnected or has no load
WARNING: [Synth 8-7129] Port M02_ARESETN in module mb_block_microblaze_0_axi_periph_0 is either unconnected or has no load
WARNING: [Synth 8-7129] Port S00_ACLK in module mb_block_microblaze_0_axi_periph_0 is either unconnected or has no load
WARNING: [Synth 8-7129] Port S00_ARESETN in module mb_block_microblaze_0_axi_periph_0 is either unconnected or has no load
---------------------------------------------------------------------------------
Finished RTL Elaboration : Time (s): cpu = 00:00:06 ; elapsed = 00:00:06 . Memory (MB): peak = 2018.473 ; gain = 492.090
---------------------------------------------------------------------------------
---------------------------------------------------------------------------------
Start Handling Custom Attributes
---------------------------------------------------------------------------------
---------------------------------------------------------------------------------
Finished Handling Custom Attributes : Time (s): cpu = 00:00:06 ; elapsed = 00:00:06 . Memory (MB): peak = 2018.473 ; gain = 492.090
---------------------------------------------------------------------------------
---------------------------------------------------------------------------------
Finished RTL Optimization Phase 1 : Time (s): cpu = 00:00:06 ; elapsed = 00:00:06 . Memory (MB): peak = 2018.473 ; gain = 492.090
---------------------------------------------------------------------------------
INFO: [Project 1-454] Reading design checkpoint 'c:/Users/Shane/Documents/Classes/ECE_385/Lab_7/lab_7_2/lab_7_2.gen/sources_1/bd/mb_block/ip/mb_block_axi_uartlite_0_0/mb_block_axi_uartlite_0_0.dcp' for cell 'mb_block/axi_uartlite_0'
INFO: [Project 1-454] Reading design checkpoint 'c:/Users/Shane/Documents/Classes/ECE_385/Lab_7/lab_7_2/lab_7_2.gen/sources_1/bd/mb_block/ip/mb_block_clk_wiz_1_0/mb_block_clk_wiz_1_0.dcp' for cell 'mb_block/clk_wiz_1'
INFO: [Project 1-454] Reading design checkpoint 'c:/Users/Shane/Documents/Classes/ECE_385/Lab_7/lab_7_2/lab_7_2.gen/sources_1/bd/mb_block/ip/mb_block_hdmi_text_controller_0_1/mb_block_hdmi_text_controller_0_1.dcp' for cell 'mb_block/hdmi_text_controller_0'
INFO: [Project 1-454] Reading design checkpoint 'c:/Users/Shane/Documents/Classes/ECE_385/Lab_7/lab_7_2/lab_7_2.gen/sources_1/bd/mb_block/ip/mb_block_mdm_1_0/mb_block_mdm_1_0.dcp' for cell 'mb_block/mdm_1'
INFO: [Project 1-454] Reading design checkpoint 'c:/Users/Shane/Documents/Classes/ECE_385/Lab_7/lab_7_2/lab_7_2.gen/sources_1/bd/mb_block/ip/mb_block_microblaze_0_0/mb_block_microblaze_0_0.dcp' for cell 'mb_block/microblaze_0'
INFO: [Project 1-454] Reading design checkpoint 'c:/Users/Shane/Documents/Classes/ECE_385/Lab_7/lab_7_2/lab_7_2.gen/sources_1/bd/mb_block/ip/mb_block_microblaze_0_axi_intc_0/mb_block_microblaze_0_axi_intc_0.dcp' for cell 'mb_block/microblaze_0_axi_intc'
INFO: [Project 1-454] Reading design checkpoint 'c:/Users/Shane/Documents/Classes/ECE_385/Lab_7/lab_7_2/lab_7_2.gen/sources_1/bd/mb_block/ip/mb_block_rst_clk_wiz_1_100M_0/mb_block_rst_clk_wiz_1_100M_0.dcp' for cell 'mb_block/rst_clk_wiz_1_100M'
INFO: [Project 1-454] Reading design checkpoint 'c:/Users/Shane/Documents/Classes/ECE_385/Lab_7/lab_7_2/lab_7_2.gen/sources_1/bd/mb_block/ip/mb_block_xbar_0/mb_block_xbar_0.dcp' for cell 'mb_block/microblaze_0_axi_periph/xbar'
INFO: [Project 1-454] Reading design checkpoint 'c:/Users/Shane/Documents/Classes/ECE_385/Lab_7/lab_7_2/lab_7_2.gen/sources_1/bd/mb_block/ip/mb_block_dlmb_bram_if_cntlr_0/mb_block_dlmb_bram_if_cntlr_0.dcp' for cell 'mb_block/microblaze_0_local_memory/dlmb_bram_if_cntlr'
INFO: [Project 1-454] Reading design checkpoint 'c:/Users/Shane/Documents/Classes/ECE_385/Lab_7/lab_7_2/lab_7_2.gen/sources_1/bd/mb_block/ip/mb_block_dlmb_v10_0/mb_block_dlmb_v10_0.dcp' for cell 'mb_block/microblaze_0_local_memory/dlmb_v10'
INFO: [Project 1-454] Reading design checkpoint 'c:/Users/Shane/Documents/Classes/ECE_385/Lab_7/lab_7_2/lab_7_2.gen/sources_1/bd/mb_block/ip/mb_block_ilmb_bram_if_cntlr_0/mb_block_ilmb_bram_if_cntlr_0.dcp' for cell 'mb_block/microblaze_0_local_memory/ilmb_bram_if_cntlr'
INFO: [Project 1-454] Reading design checkpoint 'c:/Users/Shane/Documents/Classes/ECE_385/Lab_7/lab_7_2/lab_7_2.gen/sources_1/bd/mb_block/ip/mb_block_ilmb_v10_0/mb_block_ilmb_v10_0.dcp' for cell 'mb_block/microblaze_0_local_memory/ilmb_v10'
INFO: [Project 1-454] Reading design checkpoint 'c:/Users/Shane/Documents/Classes/ECE_385/Lab_7/lab_7_2/lab_7_2.gen/sources_1/bd/mb_block/ip/mb_block_lmb_bram_0/mb_block_lmb_bram_0.dcp' for cell 'mb_block/microblaze_0_local_memory/lmb_bram'
Netlist sorting complete. Time (s): cpu = 00:00:00 ; elapsed = 00:00:00.181 . Memory (MB): peak = 2033.852 ; gain = 0.000
INFO: [Netlist 29-17] Analyzing 527 Unisim elements for replacement
INFO: [Netlist 29-28] Unisim Transformation completed in 0 CPU seconds
INFO: [Project 1-479] Netlist was created with Vivado 2022.2
INFO: [Project 1-570] Preparing netlist for logic optimization
WARNING: [Constraints 18-550] Could not create 'IBUF_LOW_PWR' constraint because net 'mb_block/hdmi_text_controller_0/axi_aclk' is not directly connected to top level port. Synthesis is ignored for IBUF_LOW_PWR but preserved for implementation.

Processing XDC Constraints
Initializing timing engine
Parsing XDC File [c:/Users/Shane/Documents/Classes/ECE_385/Lab_7/lab_7_2/lab_7_2.gen/sources_1/bd/mb_block/ip/mb_block_microblaze_0_0/mb_block_microblaze_0_0.xdc] for cell 'mb_block/microblaze_0/U0'
Finished Parsing XDC File [c:/Users/Shane/Documents/Classes/ECE_385/Lab_7/lab_7_2/lab_7_2.gen/sources_1/bd/mb_block/ip/mb_block_microblaze_0_0/mb_block_microblaze_0_0.xdc] for cell 'mb_block/microblaze_0/U0'
INFO: [Project 1-236] Implementation specific constraints were found while reading constraint file [c:/Users/Shane/Documents/Classes/ECE_385/Lab_7/lab_7_2/lab_7_2.gen/sources_1/bd/mb_block/ip/mb_block_microblaze_0_0/mb_block_microblaze_0_0.xdc]. These constraints will be ignored for synthesis but will be used in implementation. Impacted constraints are listed in the file [.Xil/mb_usb_hdmi_top_propImpl.xdc].
Resolution: To avoid this warning, move constraints listed in [.Xil/mb_usb_hdmi_top_propImpl.xdc] to another XDC file and exclude this new file from synthesis with the used_in_synthesis property (File Properties dialog in GUI) and re-run elaboration/synthesis.
Parsing XDC File [c:/Users/Shane/Documents/Classes/ECE_385/Lab_7/lab_7_2/lab_7_2.gen/sources_1/bd/mb_block/ip/mb_block_microblaze_0_axi_intc_0/mb_block_microblaze_0_axi_intc_0.xdc] for cell 'mb_block/microblaze_0_axi_intc/U0'
Finished Parsing XDC File [c:/Users/Shane/Documents/Classes/ECE_385/Lab_7/lab_7_2/lab_7_2.gen/sources_1/bd/mb_block/ip/mb_block_microblaze_0_axi_intc_0/mb_block_microblaze_0_axi_intc_0.xdc] for cell 'mb_block/microblaze_0_axi_intc/U0'
Parsing XDC File [c:/Users/Shane/Documents/Classes/ECE_385/Lab_7/lab_7_2/lab_7_2.gen/sources_1/bd/mb_block/ip/mb_block_clk_wiz_1_0/mb_block_clk_wiz_1_0_board.xdc] for cell 'mb_block/clk_wiz_1/inst'
Finished Parsing XDC File [c:/Users/Shane/Documents/Classes/ECE_385/Lab_7/lab_7_2/lab_7_2.gen/sources_1/bd/mb_block/ip/mb_block_clk_wiz_1_0/mb_block_clk_wiz_1_0_board.xdc] for cell 'mb_block/clk_wiz_1/inst'
Parsing XDC File [c:/Users/Shane/Documents/Classes/ECE_385/Lab_7/lab_7_2/lab_7_2.gen/sources_1/bd/mb_block/ip/mb_block_clk_wiz_1_0/mb_block_clk_wiz_1_0.xdc] for cell 'mb_block/clk_wiz_1/inst'
Finished Parsing XDC File [c:/Users/Shane/Documents/Classes/ECE_385/Lab_7/lab_7_2/lab_7_2.gen/sources_1/bd/mb_block/ip/mb_block_clk_wiz_1_0/mb_block_clk_wiz_1_0.xdc] for cell 'mb_block/clk_wiz_1/inst'
INFO: [Project 1-236] Implementation specific constraints were found while reading constraint file [c:/Users/Shane/Documents/Classes/ECE_385/Lab_7/lab_7_2/lab_7_2.gen/sources_1/bd/mb_block/ip/mb_block_clk_wiz_1_0/mb_block_clk_wiz_1_0.xdc]. These constraints will be ignored for synthesis but will be used in implementation. Impacted constraints are listed in the file [.Xil/mb_usb_hdmi_top_propImpl.xdc].
Resolution: To avoid this warning, move constraints listed in [.Xil/mb_usb_hdmi_top_propImpl.xdc] to another XDC file and exclude this new file from synthesis with the used_in_synthesis property (File Properties dialog in GUI) and re-run elaboration/synthesis.
Parsing XDC File [c:/Users/Shane/Documents/Classes/ECE_385/Lab_7/lab_7_2/lab_7_2.gen/sources_1/bd/mb_block/ip/mb_block_rst_clk_wiz_1_100M_0/mb_block_rst_clk_wiz_1_100M_0_board.xdc] for cell 'mb_block/rst_clk_wiz_1_100M/U0'
Finished Parsing XDC File [c:/Users/Shane/Documents/Classes/ECE_385/Lab_7/lab_7_2/lab_7_2.gen/sources_1/bd/mb_block/ip/mb_block_rst_clk_wiz_1_100M_0/mb_block_rst_clk_wiz_1_100M_0_board.xdc] for cell 'mb_block/rst_clk_wiz_1_100M/U0'
Parsing XDC File [c:/Users/Shane/Documents/Classes/ECE_385/Lab_7/lab_7_2/lab_7_2.gen/sources_1/bd/mb_block/ip/mb_block_rst_clk_wiz_1_100M_0/mb_block_rst_clk_wiz_1_100M_0.xdc] for cell 'mb_block/rst_clk_wiz_1_100M/U0'
Finished Parsing XDC File [c:/Users/Shane/Documents/Classes/ECE_385/Lab_7/lab_7_2/lab_7_2.gen/sources_1/bd/mb_block/ip/mb_block_rst_clk_wiz_1_100M_0/mb_block_rst_clk_wiz_1_100M_0.xdc] for cell 'mb_block/rst_clk_wiz_1_100M/U0'
Parsing XDC File [c:/Users/Shane/Documents/Classes/ECE_385/Lab_7/lab_7_2/lab_7_2.gen/sources_1/bd/mb_block/ip/mb_block_axi_uartlite_0_0/mb_block_axi_uartlite_0_0_board.xdc] for cell 'mb_block/axi_uartlite_0/U0'
Finished Parsing XDC File [c:/Users/Shane/Documents/Classes/ECE_385/Lab_7/lab_7_2/lab_7_2.gen/sources_1/bd/mb_block/ip/mb_block_axi_uartlite_0_0/mb_block_axi_uartlite_0_0_board.xdc] for cell 'mb_block/axi_uartlite_0/U0'
Parsing XDC File [c:/Users/Shane/Documents/Classes/ECE_385/Lab_7/lab_7_2/lab_7_2.gen/sources_1/bd/mb_block/ip/mb_block_axi_uartlite_0_0/mb_block_axi_uartlite_0_0.xdc] for cell 'mb_block/axi_uartlite_0/U0'
Finished Parsing XDC File [c:/Users/Shane/Documents/Classes/ECE_385/Lab_7/lab_7_2/lab_7_2.gen/sources_1/bd/mb_block/ip/mb_block_axi_uartlite_0_0/mb_block_axi_uartlite_0_0.xdc] for cell 'mb_block/axi_uartlite_0/U0'
Parsing XDC File [c:/Users/Shane/Documents/Classes/ECE_385/Lab_7/lab_7_2/lab_7_2.gen/sources_1/bd/mb_block/ip/mb_block_hdmi_text_controller_0_1/src/clk_wiz_0/clk_wiz_0.xdc] for cell 'mb_block/hdmi_text_controller_0/inst/clk_wiz/inst'
Finished Parsing XDC File [c:/Users/Shane/Documents/Classes/ECE_385/Lab_7/lab_7_2/lab_7_2.gen/sources_1/bd/mb_block/ip/mb_block_hdmi_text_controller_0_1/src/clk_wiz_0/clk_wiz_0.xdc] for cell 'mb_block/hdmi_text_controller_0/inst/clk_wiz/inst'
INFO: [Project 1-236] Implementation specific constraints were found while reading constraint file [c:/Users/Shane/Documents/Classes/ECE_385/Lab_7/lab_7_2/lab_7_2.gen/sources_1/bd/mb_block/ip/mb_block_hdmi_text_controller_0_1/src/clk_wiz_0/clk_wiz_0.xdc]. These constraints will be ignored for synthesis but will be used in implementation. Impacted constraints are listed in the file [.Xil/mb_usb_hdmi_top_propImpl.xdc].
Resolution: To avoid this warning, move constraints listed in [.Xil/mb_usb_hdmi_top_propImpl.xdc] to another XDC file and exclude this new file from synthesis with the used_in_synthesis property (File Properties dialog in GUI) and re-run elaboration/synthesis.
INFO: [Timing 38-2] Deriving generated clocks
Parsing XDC File [C:/Users/Shane/Documents/Classes/ECE_385/Lab_7/lab_7_2/lab_7_2.srcs/constrs_1/imports/lab7_1_provided_fa24/mb_usb_hdmi_top.xdc]
CRITICAL WARNING: [Constraints 18-1056] Clock 'clk_100' completely overrides clock 'Clk'.
New: create_clock -period 10.000 -name clk_100 -waveform {0.000 5.000} [get_ports Clk], [C:/Users/Shane/Documents/Classes/ECE_385/Lab_7/lab_7_2/lab_7_2.srcs/constrs_1/imports/lab7_1_provided_fa24/mb_usb_hdmi_top.xdc:1]
Previous: create_clock -period 10.000 [get_ports Clk], [c:/Users/Shane/Documents/Classes/ECE_385/Lab_7/lab_7_2/lab_7_2.gen/sources_1/bd/mb_block/ip/mb_block_clk_wiz_1_0/mb_block_clk_wiz_1_0.xdc:56]
Resolution: Review the constraint files and remove the redundant clock definition(s). If the clock constraints are not saved in a file, you can first save the constraints to an XDC file and reload the design once the constraints have been corrected.
WARNING: [Vivado 12-584] No ports matched 'gpio_usb_int_tri_i[0]'. [C:/Users/Shane/Documents/Classes/ECE_385/Lab_7/lab_7_2/lab_7_2.srcs/constrs_1/imports/lab7_1_provided_fa24/mb_usb_hdmi_top.xdc:12]
WARNING: [Vivado 12-584] No ports matched 'usb_spi_miso'. [C:/Users/Shane/Documents/Classes/ECE_385/Lab_7/lab_7_2/lab_7_2.srcs/constrs_1/imports/lab7_1_provided_fa24/mb_usb_hdmi_top.xdc:13]
WARNING: [Vivado 12-584] No ports matched 'usb_spi_mosi'. [C:/Users/Shane/Documents/Classes/ECE_385/Lab_7/lab_7_2/lab_7_2.srcs/constrs_1/imports/lab7_1_provided_fa24/mb_usb_hdmi_top.xdc:14]
WARNING: [Vivado 12-584] No ports matched 'usb_spi_sclk'. [C:/Users/Shane/Documents/Classes/ECE_385/Lab_7/lab_7_2/lab_7_2.srcs/constrs_1/imports/lab7_1_provided_fa24/mb_usb_hdmi_top.xdc:15]
WARNING: [Vivado 12-584] No ports matched 'gpio_usb_int_tri_i[0]'. [C:/Users/Shane/Documents/Classes/ECE_385/Lab_7/lab_7_2/lab_7_2.srcs/constrs_1/imports/lab7_1_provided_fa24/mb_usb_hdmi_top.xdc:16]
WARNING: [Vivado 12-584] No ports matched 'usb_spi_sclk'. [C:/Users/Shane/Documents/Classes/ECE_385/Lab_7/lab_7_2/lab_7_2.srcs/constrs_1/imports/lab7_1_provided_fa24/mb_usb_hdmi_top.xdc:17]
WARNING: [Vivado 12-584] No ports matched 'usb_spi_mosi'. [C:/Users/Shane/Documents/Classes/ECE_385/Lab_7/lab_7_2/lab_7_2.srcs/constrs_1/imports/lab7_1_provided_fa24/mb_usb_hdmi_top.xdc:18]
WARNING: [Vivado 12-584] No ports matched 'usb_spi_miso'. [C:/Users/Shane/Documents/Classes/ECE_385/Lab_7/lab_7_2/lab_7_2.srcs/constrs_1/imports/lab7_1_provided_fa24/mb_usb_hdmi_top.xdc:19]
WARNING: [Vivado 12-584] No ports matched 'gpio_usb_rst_tri_o'. [C:/Users/Shane/Documents/Classes/ECE_385/Lab_7/lab_7_2/lab_7_2.srcs/constrs_1/imports/lab7_1_provided_fa24/mb_usb_hdmi_top.xdc:21]
WARNING: [Vivado 12-584] No ports matched 'gpio_usb_rst_tri_o'. [C:/Users/Shane/Documents/Classes/ECE_385/Lab_7/lab_7_2/lab_7_2.srcs/constrs_1/imports/lab7_1_provided_fa24/mb_usb_hdmi_top.xdc:22]
WARNING: [Vivado 12-584] No ports matched 'usb_spi_ss'. [C:/Users/Shane/Documents/Classes/ECE_385/Lab_7/lab_7_2/lab_7_2.srcs/constrs_1/imports/lab7_1_provided_fa24/mb_usb_hdmi_top.xdc:23]
WARNING: [Vivado 12-584] No ports matched 'usb_spi_ss'. [C:/Users/Shane/Documents/Classes/ECE_385/Lab_7/lab_7_2/lab_7_2.srcs/constrs_1/imports/lab7_1_provided_fa24/mb_usb_hdmi_top.xdc:24]
WARNING: [Vivado 12-584] No ports matched 'hex_gridA[3]'. [C:/Users/Shane/Documents/Classes/ECE_385/Lab_7/lab_7_2/lab_7_2.srcs/constrs_1/imports/lab7_1_provided_fa24/mb_usb_hdmi_top.xdc:27]
WARNING: [Vivado 12-584] No ports matched 'hex_gridA[2]'. [C:/Users/Shane/Documents/Classes/ECE_385/Lab_7/lab_7_2/lab_7_2.srcs/constrs_1/imports/lab7_1_provided_fa24/mb_usb_hdmi_top.xdc:28]
WARNING: [Vivado 12-584] No ports matched 'hex_gridA[1]'. [C:/Users/Shane/Documents/Classes/ECE_385/Lab_7/lab_7_2/lab_7_2.srcs/constrs_1/imports/lab7_1_provided_fa24/mb_usb_hdmi_top.xdc:29]
WARNING: [Vivado 12-584] No ports matched 'hex_gridA[0]'. [C:/Users/Shane/Documents/Classes/ECE_385/Lab_7/lab_7_2/lab_7_2.srcs/constrs_1/imports/lab7_1_provided_fa24/mb_usb_hdmi_top.xdc:30]
WARNING: [Vivado 12-584] No ports matched 'hex_gridB[3]'. [C:/Users/Shane/Documents/Classes/ECE_385/Lab_7/lab_7_2/lab_7_2.srcs/constrs_1/imports/lab7_1_provided_fa24/mb_usb_hdmi_top.xdc:31]
WARNING: [Vivado 12-584] No ports matched 'hex_gridB[2]'. [C:/Users/Shane/Documents/Classes/ECE_385/Lab_7/lab_7_2/lab_7_2.srcs/constrs_1/imports/lab7_1_provided_fa24/mb_usb_hdmi_top.xdc:32]
WARNING: [Vivado 12-584] No ports matched 'hex_gridB[1]'. [C:/Users/Shane/Documents/Classes/ECE_385/Lab_7/lab_7_2/lab_7_2.srcs/constrs_1/imports/lab7_1_provided_fa24/mb_usb_hdmi_top.xdc:33]
WARNING: [Vivado 12-584] No ports matched 'hex_gridB[0]'. [C:/Users/Shane/Documents/Classes/ECE_385/Lab_7/lab_7_2/lab_7_2.srcs/constrs_1/imports/lab7_1_provided_fa24/mb_usb_hdmi_top.xdc:34]
WARNING: [Vivado 12-584] No ports matched 'hex_segA[7]'. [C:/Users/Shane/Documents/Classes/ECE_385/Lab_7/lab_7_2/lab_7_2.srcs/constrs_1/imports/lab7_1_provided_fa24/mb_usb_hdmi_top.xdc:35]
WARNING: [Vivado 12-584] No ports matched 'hex_segA[6]'. [C:/Users/Shane/Documents/Classes/ECE_385/Lab_7/lab_7_2/lab_7_2.srcs/constrs_1/imports/lab7_1_provided_fa24/mb_usb_hdmi_top.xdc:36]
WARNING: [Vivado 12-584] No ports matched 'hex_segA[5]'. [C:/Users/Shane/Documents/Classes/ECE_385/Lab_7/lab_7_2/lab_7_2.srcs/constrs_1/imports/lab7_1_provided_fa24/mb_usb_hdmi_top.xdc:37]
WARNING: [Vivado 12-584] No ports matched 'hex_segA[4]'. [C:/Users/Shane/Documents/Classes/ECE_385/Lab_7/lab_7_2/lab_7_2.srcs/constrs_1/imports/lab7_1_provided_fa24/mb_usb_hdmi_top.xdc:38]
WARNING: [Vivado 12-584] No ports matched 'hex_segA[3]'. [C:/Users/Shane/Documents/Classes/ECE_385/Lab_7/lab_7_2/lab_7_2.srcs/constrs_1/imports/lab7_1_provided_fa24/mb_usb_hdmi_top.xdc:39]
WARNING: [Vivado 12-584] No ports matched 'hex_segA[2]'. [C:/Users/Shane/Documents/Classes/ECE_385/Lab_7/lab_7_2/lab_7_2.srcs/constrs_1/imports/lab7_1_provided_fa24/mb_usb_hdmi_top.xdc:40]
WARNING: [Vivado 12-584] No ports matched 'hex_segA[1]'. [C:/Users/Shane/Documents/Classes/ECE_385/Lab_7/lab_7_2/lab_7_2.srcs/constrs_1/imports/lab7_1_provided_fa24/mb_usb_hdmi_top.xdc:41]
WARNING: [Vivado 12-584] No ports matched 'hex_segA[0]'. [C:/Users/Shane/Documents/Classes/ECE_385/Lab_7/lab_7_2/lab_7_2.srcs/constrs_1/imports/lab7_1_provided_fa24/mb_usb_hdmi_top.xdc:42]
WARNING: [Vivado 12-584] No ports matched 'hex_segB[7]'. [C:/Users/Shane/Documents/Classes/ECE_385/Lab_7/lab_7_2/lab_7_2.srcs/constrs_1/imports/lab7_1_provided_fa24/mb_usb_hdmi_top.xdc:43]
WARNING: [Vivado 12-584] No ports matched 'hex_segB[6]'. [C:/Users/Shane/Documents/Classes/ECE_385/Lab_7/lab_7_2/lab_7_2.srcs/constrs_1/imports/lab7_1_provided_fa24/mb_usb_hdmi_top.xdc:44]
WARNING: [Vivado 12-584] No ports matched 'hex_segB[5]'. [C:/Users/Shane/Documents/Classes/ECE_385/Lab_7/lab_7_2/lab_7_2.srcs/constrs_1/imports/lab7_1_provided_fa24/mb_usb_hdmi_top.xdc:45]
WARNING: [Vivado 12-584] No ports matched 'hex_segB[4]'. [C:/Users/Shane/Documents/Classes/ECE_385/Lab_7/lab_7_2/lab_7_2.srcs/constrs_1/imports/lab7_1_provided_fa24/mb_usb_hdmi_top.xdc:46]
WARNING: [Vivado 12-584] No ports matched 'hex_segB[3]'. [C:/Users/Shane/Documents/Classes/ECE_385/Lab_7/lab_7_2/lab_7_2.srcs/constrs_1/imports/lab7_1_provided_fa24/mb_usb_hdmi_top.xdc:47]
WARNING: [Vivado 12-584] No ports matched 'hex_segB[2]'. [C:/Users/Shane/Documents/Classes/ECE_385/Lab_7/lab_7_2/lab_7_2.srcs/constrs_1/imports/lab7_1_provided_fa24/mb_usb_hdmi_top.xdc:48]
WARNING: [Vivado 12-584] No ports matched 'hex_segB[1]'. [C:/Users/Shane/Documents/Classes/ECE_385/Lab_7/lab_7_2/lab_7_2.srcs/constrs_1/imports/lab7_1_provided_fa24/mb_usb_hdmi_top.xdc:49]
WARNING: [Vivado 12-584] No ports matched 'hex_segB[0]'. [C:/Users/Shane/Documents/Classes/ECE_385/Lab_7/lab_7_2/lab_7_2.srcs/constrs_1/imports/lab7_1_provided_fa24/mb_usb_hdmi_top.xdc:50]
WARNING: [Vivado 12-584] No ports matched 'hex_gridA[0]'. [C:/Users/Shane/Documents/Classes/ECE_385/Lab_7/lab_7_2/lab_7_2.srcs/constrs_1/imports/lab7_1_provided_fa24/mb_usb_hdmi_top.xdc:51]
WARNING: [Vivado 12-584] No ports matched 'hex_gridA[1]'. [C:/Users/Shane/Documents/Classes/ECE_385/Lab_7/lab_7_2/lab_7_2.srcs/constrs_1/imports/lab7_1_provided_fa24/mb_usb_hdmi_top.xdc:52]
WARNING: [Vivado 12-584] No ports matched 'hex_gridA[2]'. [C:/Users/Shane/Documents/Classes/ECE_385/Lab_7/lab_7_2/lab_7_2.srcs/constrs_1/imports/lab7_1_provided_fa24/mb_usb_hdmi_top.xdc:53]
WARNING: [Vivado 12-584] No ports matched 'hex_gridA[3]'. [C:/Users/Shane/Documents/Classes/ECE_385/Lab_7/lab_7_2/lab_7_2.srcs/constrs_1/imports/lab7_1_provided_fa24/mb_usb_hdmi_top.xdc:54]
WARNING: [Vivado 12-584] No ports matched 'hex_segA[0]'. [C:/Users/Shane/Documents/Classes/ECE_385/Lab_7/lab_7_2/lab_7_2.srcs/constrs_1/imports/lab7_1_provided_fa24/mb_usb_hdmi_top.xdc:55]
WARNING: [Vivado 12-584] No ports matched 'hex_segA[1]'. [C:/Users/Shane/Documents/Classes/ECE_385/Lab_7/lab_7_2/lab_7_2.srcs/constrs_1/imports/lab7_1_provided_fa24/mb_usb_hdmi_top.xdc:56]
WARNING: [Vivado 12-584] No ports matched 'hex_segA[2]'. [C:/Users/Shane/Documents/Classes/ECE_385/Lab_7/lab_7_2/lab_7_2.srcs/constrs_1/imports/lab7_1_provided_fa24/mb_usb_hdmi_top.xdc:57]
WARNING: [Vivado 12-584] No ports matched 'hex_segA[3]'. [C:/Users/Shane/Documents/Classes/ECE_385/Lab_7/lab_7_2/lab_7_2.srcs/constrs_1/imports/lab7_1_provided_fa24/mb_usb_hdmi_top.xdc:58]
WARNING: [Vivado 12-584] No ports matched 'hex_segA[4]'. [C:/Users/Shane/Documents/Classes/ECE_385/Lab_7/lab_7_2/lab_7_2.srcs/constrs_1/imports/lab7_1_provided_fa24/mb_usb_hdmi_top.xdc:59]
WARNING: [Vivado 12-584] No ports matched 'hex_segA[5]'. [C:/Users/Shane/Documents/Classes/ECE_385/Lab_7/lab_7_2/lab_7_2.srcs/constrs_1/imports/lab7_1_provided_fa24/mb_usb_hdmi_top.xdc:60]
WARNING: [Vivado 12-584] No ports matched 'hex_segA[6]'. [C:/Users/Shane/Documents/Classes/ECE_385/Lab_7/lab_7_2/lab_7_2.srcs/constrs_1/imports/lab7_1_provided_fa24/mb_usb_hdmi_top.xdc:61]
WARNING: [Vivado 12-584] No ports matched 'hex_segA[7]'. [C:/Users/Shane/Documents/Classes/ECE_385/Lab_7/lab_7_2/lab_7_2.srcs/constrs_1/imports/lab7_1_provided_fa24/mb_usb_hdmi_top.xdc:62]
WARNING: [Vivado 12-584] No ports matched 'hex_segB[0]'. [C:/Users/Shane/Documents/Classes/ECE_385/Lab_7/lab_7_2/lab_7_2.srcs/constrs_1/imports/lab7_1_provided_fa24/mb_usb_hdmi_top.xdc:63]
WARNING: [Vivado 12-584] No ports matched 'hex_segB[1]'. [C:/Users/Shane/Documents/Classes/ECE_385/Lab_7/lab_7_2/lab_7_2.srcs/constrs_1/imports/lab7_1_provided_fa24/mb_usb_hdmi_top.xdc:64]
WARNING: [Vivado 12-584] No ports matched 'hex_segB[2]'. [C:/Users/Shane/Documents/Classes/ECE_385/Lab_7/lab_7_2/lab_7_2.srcs/constrs_1/imports/lab7_1_provided_fa24/mb_usb_hdmi_top.xdc:65]
WARNING: [Vivado 12-584] No ports matched 'hex_segB[3]'. [C:/Users/Shane/Documents/Classes/ECE_385/Lab_7/lab_7_2/lab_7_2.srcs/constrs_1/imports/lab7_1_provided_fa24/mb_usb_hdmi_top.xdc:66]
WARNING: [Vivado 12-584] No ports matched 'hex_segB[4]'. [C:/Users/Shane/Documents/Classes/ECE_385/Lab_7/lab_7_2/lab_7_2.srcs/constrs_1/imports/lab7_1_provided_fa24/mb_usb_hdmi_top.xdc:67]
WARNING: [Vivado 12-584] No ports matched 'hex_segB[5]'. [C:/Users/Shane/Documents/Classes/ECE_385/Lab_7/lab_7_2/lab_7_2.srcs/constrs_1/imports/lab7_1_provided_fa24/mb_usb_hdmi_top.xdc:68]
WARNING: [Vivado 12-584] No ports matched 'hex_segB[6]'. [C:/Users/Shane/Documents/Classes/ECE_385/Lab_7/lab_7_2/lab_7_2.srcs/constrs_1/imports/lab7_1_provided_fa24/mb_usb_hdmi_top.xdc:69]
WARNING: [Vivado 12-584] No ports matched 'hex_segB[7]'. [C:/Users/Shane/Documents/Classes/ECE_385/Lab_7/lab_7_2/lab_7_2.srcs/constrs_1/imports/lab7_1_provided_fa24/mb_usb_hdmi_top.xdc:70]
WARNING: [Vivado 12-584] No ports matched 'hex_gridB[0]'. [C:/Users/Shane/Documents/Classes/ECE_385/Lab_7/lab_7_2/lab_7_2.srcs/constrs_1/imports/lab7_1_provided_fa24/mb_usb_hdmi_top.xdc:71]
WARNING: [Vivado 12-584] No ports matched 'hex_gridB[1]'. [C:/Users/Shane/Documents/Classes/ECE_385/Lab_7/lab_7_2/lab_7_2.srcs/constrs_1/imports/lab7_1_provided_fa24/mb_usb_hdmi_top.xdc:72]
WARNING: [Vivado 12-584] No ports matched 'hex_gridB[2]'. [C:/Users/Shane/Documents/Classes/ECE_385/Lab_7/lab_7_2/lab_7_2.srcs/constrs_1/imports/lab7_1_provided_fa24/mb_usb_hdmi_top.xdc:73]
WARNING: [Vivado 12-584] No ports matched 'hex_gridB[3]'. [C:/Users/Shane/Documents/Classes/ECE_385/Lab_7/lab_7_2/lab_7_2.srcs/constrs_1/imports/lab7_1_provided_fa24/mb_usb_hdmi_top.xdc:74]
Finished Parsing XDC File [C:/Users/Shane/Documents/Classes/ECE_385/Lab_7/lab_7_2/lab_7_2.srcs/constrs_1/imports/lab7_1_provided_fa24/mb_usb_hdmi_top.xdc]
WARNING: [Project 1-498] One or more constraints failed evaluation while reading constraint file [C:/Users/Shane/Documents/Classes/ECE_385/Lab_7/lab_7_2/lab_7_2.srcs/constrs_1/imports/lab7_1_provided_fa24/mb_usb_hdmi_top.xdc] and the design contains unresolved black boxes. These constraints will be read post-synthesis (as long as their source constraint file is marked as used_in_implementation) and should be applied correctly then. You should review the constraints listed in the file [.Xil/mb_usb_hdmi_top_propImpl.xdc] and check the run log file to verify that these constraints were correctly applied.
INFO: [Timing 38-2] Deriving generated clocks
Parsing XDC File [c:/Users/Shane/Documents/Classes/ECE_385/Lab_7/lab_7_2/lab_7_2.gen/sources_1/bd/mb_block/ip/mb_block_microblaze_0_axi_intc_0/mb_block_microblaze_0_axi_intc_0_clocks.xdc] for cell 'mb_block/microblaze_0_axi_intc/U0'
Finished Parsing XDC File [c:/Users/Shane/Documents/Classes/ECE_385/Lab_7/lab_7_2/lab_7_2.gen/sources_1/bd/mb_block/ip/mb_block_microblaze_0_axi_intc_0/mb_block_microblaze_0_axi_intc_0_clocks.xdc] for cell 'mb_block/microblaze_0_axi_intc/U0'
Parsing XDC File [c:/Users/Shane/Documents/Classes/ECE_385/Lab_7/lab_7_2/lab_7_2.gen/sources_1/bd/mb_block/ip/mb_block_mdm_1_0/mb_block_mdm_1_0.xdc] for cell 'mb_block/mdm_1/U0'
Finished Parsing XDC File [c:/Users/Shane/Documents/Classes/ECE_385/Lab_7/lab_7_2/lab_7_2.gen/sources_1/bd/mb_block/ip/mb_block_mdm_1_0/mb_block_mdm_1_0.xdc] for cell 'mb_block/mdm_1/U0'
INFO: [Project 1-236] Implementation specific constraints were found while reading constraint file [c:/Users/Shane/Documents/Classes/ECE_385/Lab_7/lab_7_2/lab_7_2.gen/sources_1/bd/mb_block/ip/mb_block_mdm_1_0/mb_block_mdm_1_0.xdc]. These constraints will be ignored for synthesis but will be used in implementation. Impacted constraints are listed in the file [.Xil/mb_usb_hdmi_top_propImpl.xdc].
Resolution: To avoid this warning, move constraints listed in [.Xil/mb_usb_hdmi_top_propImpl.xdc] to another XDC file and exclude this new file from synthesis with the used_in_synthesis property (File Properties dialog in GUI) and re-run elaboration/synthesis.
Completed Processing XDC Constraints

Netlist sorting complete. Time (s): cpu = 00:00:00 ; elapsed = 00:00:00.010 . Memory (MB): peak = 2100.312 ; gain = 0.000
INFO: [Project 1-111] Unisim Transformation Summary:
  A total of 241 instances were transformed.
  LUT6_2 => LUT6_2 (LUT5, LUT6): 145 instances
  RAM16X1D => RAM32X1D (RAMD32(x2)): 32 instances
  RAM32X1D => RAM32X1D (RAMD32(x2)): 64 instances

RTL Elaboration Complete:  : Time (s): cpu = 00:00:19 ; elapsed = 00:00:13 . Memory (MB): peak = 2173.855 ; gain = 647.473
68 Infos, 96 Warnings, 1 Critical Warnings and 0 Errors encountered.
synth_design completed successfully
synth_design: Time (s): cpu = 00:00:22 ; elapsed = 00:00:23 . Memory (MB): peak = 2173.855 ; gain = 957.641
ipx::edit_ip_in_project -upgrade true -name hdmi_text_controller_v1_0_project -directory C:/Users/Shane/Documents/Classes/ECE_385/Lab_7/lab_7_2/lab_7_2.tmp/hdmi_text_controller_v1_0_project c:/Users/Shane/Documents/Classes/ECE_385/Lab_7/lab_7_2/ip_repo/hdmi_text_controller_1_0/component.xml
INFO: [ProjectBase 1-489] The host OS only allows 260 characters in a normal path. The project is stored in a path with more than 80 characters. If you experience issues with IP, Block Designs, or files not being found, please consider moving the project to a location with a shorter path. Alternately consider using the OS subst command to map part of the path to a drive letter.
Current project path is 'c:/users/shane/documents/classes/ece_385/lab_7/lab_7_2/lab_7_2.tmp/hdmi_text_controller_v1_0_project'
INFO: [IP_Flow 19-234] Refreshing IP repositories
INFO: [IP_Flow 19-1704] No user IP repositories specified
INFO: [IP_Flow 19-2313] Loaded Vivado IP repository 'C:/Xilinx/Vivado/2022.2/data/ip'.
WARNING: [Board 49-26] cannot add Board Part xilinx.com:ac701:part0:1.4 available at C:/Xilinx/Vivado/2022.2/data/xhub/boards/XilinxBoardStore/boards/Xilinx/ac701/1.4/board.xml as part xc7a200tfbg676-2 specified in board_part file is either invalid or not available
WARNING: [Board 49-26] cannot add Board Part xilinx.com:k26c:part0:1.2 available at C:/Xilinx/Vivado/2022.2/data/xhub/boards/XilinxBoardStore/boards/Xilinx/k26c/1.2/board.xml as part xck26-sfvc784-2lv-c specified in board_part file is either invalid or not available
WARNING: [Board 49-26] cannot add Board Part xilinx.com:k26c:part0:1.3 available at C:/Xilinx/Vivado/2022.2/data/xhub/boards/XilinxBoardStore/boards/Xilinx/k26c/1.3/board.xml as part xck26-sfvc784-2lv-c specified in board_part file is either invalid or not available
WARNING: [Board 49-26] cannot add Board Part xilinx.com:k26c:part0:1.4 available at C:/Xilinx/Vivado/2022.2/data/xhub/boards/XilinxBoardStore/boards/Xilinx/k26c/1.4/board.xml as part xck26-sfvc784-2lv-c specified in board_part file is either invalid or not available
WARNING: [Board 49-26] cannot add Board Part xilinx.com:k26i:part0:1.2 available at C:/Xilinx/Vivado/2022.2/data/xhub/boards/XilinxBoardStore/boards/Xilinx/k26i/1.2/board.xml as part xck26-sfvc784-2lvi-i specified in board_part file is either invalid or not available
WARNING: [Board 49-26] cannot add Board Part xilinx.com:k26i:part0:1.3 available at C:/Xilinx/Vivado/2022.2/data/xhub/boards/XilinxBoardStore/boards/Xilinx/k26i/1.3/board.xml as part xck26-sfvc784-2lvi-i specified in board_part file is either invalid or not available
WARNING: [Board 49-26] cannot add Board Part xilinx.com:k26i:part0:1.4 available at C:/Xilinx/Vivado/2022.2/data/xhub/boards/XilinxBoardStore/boards/Xilinx/k26i/1.4/board.xml as part xck26-sfvc784-2lvi-i specified in board_part file is either invalid or not available
WARNING: [Board 49-26] cannot add Board Part xilinx.com:kc705:part0:1.6 available at C:/Xilinx/Vivado/2022.2/data/xhub/boards/XilinxBoardStore/boards/Xilinx/kc705/1.6/board.xml as part xc7k325tffg900-2 specified in board_part file is either invalid or not available
WARNING: [Board 49-26] cannot add Board Part xilinx.com:kcu105:part0:1.6 available at C:/Xilinx/Vivado/2022.2/data/xhub/boards/XilinxBoardStore/boards/Xilinx/kcu105/1.6/board.xml as part xcku040-ffva1156-2-e specified in board_part file is either invalid or not available
WARNING: [Board 49-26] cannot add Board Part xilinx.com:kcu105:part0:1.7 available at C:/Xilinx/Vivado/2022.2/data/xhub/boards/XilinxBoardStore/boards/Xilinx/kcu105/1.7/board.xml as part xcku040-ffva1156-2-e specified in board_part file is either invalid or not available
WARNING: [Board 49-26] cannot add Board Part xilinx.com:kcu116:part0:1.4 available at C:/Xilinx/Vivado/2022.2/data/xhub/boards/XilinxBoardStore/boards/Xilinx/kcu116/1.4/board.xml as part xcku5p-ffvb676-2-e specified in board_part file is either invalid or not available
WARNING: [Board 49-26] cannot add Board Part xilinx.com:kcu116:part0:1.5 available at C:/Xilinx/Vivado/2022.2/data/xhub/boards/XilinxBoardStore/boards/Xilinx/kcu116/1.5/board.xml as part xcku5p-ffvb676-2-e specified in board_part file is either invalid or not available
WARNING: [Board 49-26] cannot add Board Part xilinx.com:kcu1500:part0:1.2 available at C:/Xilinx/Vivado/2022.2/data/xhub/boards/XilinxBoardStore/boards/Xilinx/kcu1500/1.2/board.xml as part xcku115-flvb2104-2-e specified in board_part file is either invalid or not available
WARNING: [Board 49-26] cannot add Board Part xilinx.com:kr260_som:part0:1.0 available at C:/Xilinx/Vivado/2022.2/data/xhub/boards/XilinxBoardStore/boards/Xilinx/kr260_som/1.0/board.xml as part xck26-sfvc784-2lv-c specified in board_part file is either invalid or not available
WARNING: [Board 49-26] cannot add Board Part xilinx.com:kr260_som:part0:1.1 available at C:/Xilinx/Vivado/2022.2/data/xhub/boards/XilinxBoardStore/boards/Xilinx/kr260_som/1.1/board.xml as part xck26-sfvc784-2lv-c specified in board_part file is either invalid or not available
WARNING: [Board 49-26] cannot add Board Part xilinx.com:kv260_som:part0:1.2 available at C:/Xilinx/Vivado/2022.2/data/xhub/boards/XilinxBoardStore/boards/Xilinx/kv260_som/1.2/board.xml as part xck26-sfvc784-2lv-c specified in board_part file is either invalid or not available
WARNING: [Board 49-26] cannot add Board Part xilinx.com:kv260_som:part0:1.3 available at C:/Xilinx/Vivado/2022.2/data/xhub/boards/XilinxBoardStore/boards/Xilinx/kv260_som/1.3/board.xml as part xck26-sfvc784-2lv-c specified in board_part file is either invalid or not available
WARNING: [Board 49-26] cannot add Board Part xilinx.com:kv260_som:part0:1.4 available at C:/Xilinx/Vivado/2022.2/data/xhub/boards/XilinxBoardStore/boards/Xilinx/kv260_som/1.4/board.xml as part xck26-sfvc784-2lv-c specified in board_part file is either invalid or not available
WARNING: [Board 49-26] cannot add Board Part xilinx.com:vc707:part0:1.4 available at C:/Xilinx/Vivado/2022.2/data/xhub/boards/XilinxBoardStore/boards/Xilinx/vc707/1.4/board.xml as part xc7vx485tffg1761-2 specified in board_part file is either invalid or not available
WARNING: [Board 49-26] cannot add Board Part xilinx.com:vc709:part0:1.8 available at C:/Xilinx/Vivado/2022.2/data/xhub/boards/XilinxBoardStore/boards/Xilinx/vc709/1.8/board.xml as part xc7vx690tffg1761-2 specified in board_part file is either invalid or not available
WARNING: [Board 49-26] cannot add Board Part xilinx.com:vck190:part0:2.2 available at C:/Xilinx/Vivado/2022.2/data/xhub/boards/XilinxBoardStore/boards/Xilinx/vck190/production/2.2/board.xml as part xcvc1902-vsva2197-2mp-e-s specified in board_part file is either invalid or not available
WARNING: [Board 49-26] cannot add Board Part xilinx.com:vck190:part0:3.0 available at C:/Xilinx/Vivado/2022.2/data/xhub/boards/XilinxBoardStore/boards/Xilinx/vck190/production/3.0/board.xml as part xcvc1902-vsva2197-2mp-e-s specified in board_part file is either invalid or not available
WARNING: [Board 49-26] cannot add Board Part xilinx.com:vck190:part0:3.1 available at C:/Xilinx/Vivado/2022.2/data/xhub/boards/XilinxBoardStore/boards/Xilinx/vck190/production/3.1/board.xml as part xcvc1902-vsva2197-2mp-e-s specified in board_part file is either invalid or not available
WARNING: [Board 49-26] cannot add Board Part xilinx.com:vck190_newl:part0:1.0 available at C:/Xilinx/Vivado/2022.2/data/xhub/boards/XilinxBoardStore/boards/Xilinx/vck190_newl/production/1.0/board.xml as part xcvc1902-vsva2197-2mp-e-s specified in board_part file is either invalid or not available
WARNING: [Board 49-26] cannot add Board Part xilinx.com:vcu108:part0:1.6 available at C:/Xilinx/Vivado/2022.2/data/xhub/boards/XilinxBoardStore/boards/Xilinx/vcu108/1.6/board.xml as part xcvu095-ffva2104-2-e specified in board_part file is either invalid or not available
WARNING: [Board 49-26] cannot add Board Part xilinx.com:vcu108:part0:1.7 available at C:/Xilinx/Vivado/2022.2/data/xhub/boards/XilinxBoardStore/boards/Xilinx/vcu108/1.7/board.xml as part xcvu095-ffva2104-2-e specified in board_part file is either invalid or not available
WARNING: [Board 49-26] cannot add Board Part xilinx.com:vcu110:part0:1.4 available at C:/Xilinx/Vivado/2022.2/data/xhub/boards/XilinxBoardStore/boards/Xilinx/vcu110/1.4/board.xml as part xcvu190-flgc2104-2-e specified in board_part file is either invalid or not available
WARNING: [Board 49-26] cannot add Board Part xilinx.com:vcu118:part0:2.0 available at C:/Xilinx/Vivado/2022.2/data/xhub/boards/XilinxBoardStore/boards/Xilinx/vcu118/2.0/board.xml as part xcvu9p-flga2104-2l-e specified in board_part file is either invalid or not available
WARNING: [Board 49-26] cannot add Board Part xilinx.com:vcu118:part0:2.3 available at C:/Xilinx/Vivado/2022.2/data/xhub/boards/XilinxBoardStore/boards/Xilinx/vcu118/2.3/board.xml as part xcvu9p-flga2104-2l-e specified in board_part file is either invalid or not available
WARNING: [Board 49-26] cannot add Board Part xilinx.com:vcu118:part0:2.4 available at C:/Xilinx/Vivado/2022.2/data/xhub/boards/XilinxBoardStore/boards/Xilinx/vcu118/2.4/board.xml as part xcvu9p-flga2104-2l-e specified in board_part file is either invalid or not available
WARNING: [Board 49-26] cannot add Board Part xilinx.com:vcu128:part0:1.0 available at C:/Xilinx/Vivado/2022.2/data/xhub/boards/XilinxBoardStore/boards/Xilinx/vcu128/production/1.0/board.xml as part xcvu37p-fsvh2892-2l-e specified in board_part file is either invalid or not available
WARNING: [Board 49-26] cannot add Board Part xilinx.com:vcu129:part0:1.0 available at C:/Xilinx/Vivado/2022.2/data/xhub/boards/XilinxBoardStore/boards/Xilinx/vcu129/production/1.0/board.xml as part xcvu29p-fsga2577-2l-e specified in board_part file is either invalid or not available
WARNING: [Board 49-26] cannot add Board Part xilinx.com:vcu1525:part0:1.3 available at C:/Xilinx/Vivado/2022.2/data/xhub/boards/XilinxBoardStore/boards/Xilinx/vcu1525/1.3/board.xml as part xcvu9p-fsgd2104-2l-e specified in board_part file is either invalid or not available
WARNING: [Board 49-26] cannot add Board Part xilinx.com:vek280_es:part0:1.0 available at C:/Xilinx/Vivado/2022.2/data/xhub/boards/XilinxBoardStore/boards/Xilinx/vek280/es/1.0/board.xml as part xcve2802-vsvh1760-2lp-e-s-es1 specified in board_part file is either invalid or not available
WARNING: [Board 49-26] cannot add Board Part xilinx.com:vermeo_t1_mpsoc:part0:1.0 available at C:/Xilinx/Vivado/2022.2/data/xhub/boards/XilinxBoardStore/boards/Xilinx/vermeo_t1_mpsoc/1.0/board.xml as part xczu19eg-ffvd1760-2l-e specified in board_part file is either invalid or not available
WARNING: [Board 49-26] cannot add Board Part xilinx.com:vermeo_t1_rfsoc:part0:1.0 available at C:/Xilinx/Vivado/2022.2/data/xhub/boards/XilinxBoardStore/boards/Xilinx/vermeo_t1_rfsoc/1.0/board.xml as part xczu21dr-ffvd1156-2l-e specified in board_part file is either invalid or not available
WARNING: [Board 49-26] cannot add Board Part xilinx.com:vhk158_es:part0:1.0 available at C:/Xilinx/Vivado/2022.2/data/xhub/boards/XilinxBoardStore/boards/Xilinx/vhk158/es/1.0/board.xml as part xcvh1582-vsva3697-2mp-e-s-es1 specified in board_part file is either invalid or not available
WARNING: [Board 49-26] cannot add Board Part xilinx.com:vmk180:part0:2.2 available at C:/Xilinx/Vivado/2022.2/data/xhub/boards/XilinxBoardStore/boards/Xilinx/vmk180/production/2.2/board.xml as part xcvm1802-vsva2197-2mp-e-s specified in board_part file is either invalid or not available
WARNING: [Board 49-26] cannot add Board Part xilinx.com:vmk180:part0:3.0 available at C:/Xilinx/Vivado/2022.2/data/xhub/boards/XilinxBoardStore/boards/Xilinx/vmk180/production/3.0/board.xml as part xcvm1802-vsva2197-2mp-e-s specified in board_part file is either invalid or not available
WARNING: [Board 49-26] cannot add Board Part xilinx.com:vmk180:part0:3.1 available at C:/Xilinx/Vivado/2022.2/data/xhub/boards/XilinxBoardStore/boards/Xilinx/vmk180/production/3.1/board.xml as part xcvm1802-vsva2197-2mp-e-s specified in board_part file is either invalid or not available
WARNING: [Board 49-26] cannot add Board Part xilinx.com:vmk180_newl:part0:1.0 available at C:/Xilinx/Vivado/2022.2/data/xhub/boards/XilinxBoardStore/boards/Xilinx/vmk180_newl/production/1.0/board.xml as part xcvm1802-vsva2197-2mp-e-s specified in board_part file is either invalid or not available
WARNING: [Board 49-26] cannot add Board Part xilinx.com:vpk120:part0:1.0 available at C:/Xilinx/Vivado/2022.2/data/xhub/boards/XilinxBoardStore/boards/Xilinx/vpk120/production/1.0/board.xml as part xcvp1202-vsva2785-2mp-e-s specified in board_part file is either invalid or not available
WARNING: [Board 49-26] cannot add Board Part xilinx.com:vpk120_es:part0:1.2 available at C:/Xilinx/Vivado/2022.2/data/xhub/boards/XilinxBoardStore/boards/Xilinx/vpk120/es/1.2/board.xml as part xcvp1202-vsva2785-2mp-e-s-es1 specified in board_part file is either invalid or not available
WARNING: [Board 49-26] cannot add Board Part xilinx.com:vpk120_es_revb:part0:1.0 available at C:/Xilinx/Vivado/2022.2/data/xhub/boards/XilinxBoardStore/boards/Xilinx/vpk120_revb/es/1.0/board.xml as part xcvp1202-vsva2785-2mp-e-s-es1 specified in board_part file is either invalid or not available
WARNING: [Board 49-26] cannot add Board Part xilinx.com:vpk180_es:part0:1.0 available at C:/Xilinx/Vivado/2022.2/data/xhub/boards/XilinxBoardStore/boards/Xilinx/vpk180/es/1.0/board.xml as part xcvp1802-lsvc4072-2mp-e-s-es1 specified in board_part file is either invalid or not available
WARNING: [Board 49-26] cannot add Board Part xilinx.com:zc702:part0:1.4 available at C:/Xilinx/Vivado/2022.2/data/xhub/boards/XilinxBoardStore/boards/Xilinx/zc702/1.4/board.xml as part xc7z020clg484-1 specified in board_part file is either invalid or not available
WARNING: [Board 49-26] cannot add Board Part xilinx.com:zc706:part0:1.4 available at C:/Xilinx/Vivado/2022.2/data/xhub/boards/XilinxBoardStore/boards/Xilinx/zc706/1.4/board.xml as part xc7z045ffg900-2 specified in board_part file is either invalid or not available
WARNING: [Board 49-26] cannot add Board Part xilinx.com:zcu102:part0:3.3 available at C:/Xilinx/Vivado/2022.2/data/xhub/boards/XilinxBoardStore/boards/Xilinx/zcu102/3.3/board.xml as part xczu9eg-ffvb1156-2-e specified in board_part file is either invalid or not available
WARNING: [Board 49-26] cannot add Board Part xilinx.com:zcu102:part0:3.4 available at C:/Xilinx/Vivado/2022.2/data/xhub/boards/XilinxBoardStore/boards/Xilinx/zcu102/3.4/board.xml as part xczu9eg-ffvb1156-2-e specified in board_part file is either invalid or not available
WARNING: [Board 49-26] cannot add Board Part xilinx.com:zcu104:part0:1.1 available at C:/Xilinx/Vivado/2022.2/data/xhub/boards/XilinxBoardStore/boards/Xilinx/zcu104/1.1/board.xml as part xczu7ev-ffvc1156-2-e specified in board_part file is either invalid or not available
WARNING: [Board 49-26] cannot add Board Part xilinx.com:zcu106:part0:2.4 available at C:/Xilinx/Vivado/2022.2/data/xhub/boards/XilinxBoardStore/boards/Xilinx/zcu106/2.4/board.xml as part xczu7ev-ffvc1156-2-e specified in board_part file is either invalid or not available
WARNING: [Board 49-26] cannot add Board Part xilinx.com:zcu106:part0:2.5 available at C:/Xilinx/Vivado/2022.2/data/xhub/boards/XilinxBoardStore/boards/Xilinx/zcu106/2.5/board.xml as part xczu7ev-ffvc1156-2-e specified in board_part file is either invalid or not available
WARNING: [Board 49-26] cannot add Board Part xilinx.com:zcu106:part0:2.6 available at C:/Xilinx/Vivado/2022.2/data/xhub/boards/XilinxBoardStore/boards/Xilinx/zcu106/2.6/board.xml as part xczu7ev-ffvc1156-2-e specified in board_part file is either invalid or not available
WARNING: [Board 49-26] cannot add Board Part xilinx.com:zcu111:part0:1.2 available at C:/Xilinx/Vivado/2022.2/data/xhub/boards/XilinxBoardStore/boards/Xilinx/zcu111/1.2/board.xml as part xczu28dr-ffvg1517-2-e specified in board_part file is either invalid or not available
WARNING: [Board 49-26] cannot add Board Part xilinx.com:zcu111:part0:1.3 available at C:/Xilinx/Vivado/2022.2/data/xhub/boards/XilinxBoardStore/boards/Xilinx/zcu111/1.3/board.xml as part xczu28dr-ffvg1517-2-e specified in board_part file is either invalid or not available
WARNING: [Board 49-26] cannot add Board Part xilinx.com:zcu111:part0:1.4 available at C:/Xilinx/Vivado/2022.2/data/xhub/boards/XilinxBoardStore/boards/Xilinx/zcu111/1.4/board.xml as part xczu28dr-ffvg1517-2-e specified in board_part file is either invalid or not available
WARNING: [Board 49-26] cannot add Board Part xilinx.com:zcu1275:part0:1.0 available at C:/Xilinx/Vivado/2022.2/data/xhub/boards/XilinxBoardStore/boards/Xilinx/zcu1275/1.0/board.xml as part xczu29dr-ffvf1760-2-e specified in board_part file is either invalid or not available
WARNING: [Board 49-26] cannot add Board Part xilinx.com:zcu1285:part0:1.0 available at C:/Xilinx/Vivado/2022.2/data/xhub/boards/XilinxBoardStore/boards/Xilinx/zcu1285/1.0/board.xml as part xczu39dr-ffvf1760-2-i specified in board_part file is either invalid or not available
WARNING: [Board 49-26] cannot add Board Part xilinx.com:zcu208:part0:2.0 available at C:/Xilinx/Vivado/2022.2/data/xhub/boards/XilinxBoardStore/boards/Xilinx/zcu208/production/2.0/board.xml as part xczu48dr-fsvg1517-2-e specified in board_part file is either invalid or not available
WARNING: [Board 49-26] cannot add Board Part xilinx.com:zcu208ld:part0:2.0 available at C:/Xilinx/Vivado/2022.2/data/xhub/boards/XilinxBoardStore/boards/Xilinx/zcu208ld/production/2.0/board.xml as part xczu58dr-fsvg1517-2-i specified in board_part file is either invalid or not available
WARNING: [Board 49-26] cannot add Board Part xilinx.com:zcu216:part0:2.0 available at C:/Xilinx/Vivado/2022.2/data/xhub/boards/XilinxBoardStore/boards/Xilinx/zcu216/production/2.0/board.xml as part xczu49dr-ffvf1760-2-e specified in board_part file is either invalid or not available
WARNING: [Board 49-26] cannot add Board Part xilinx.com:zcu216ld:part0:2.0 available at C:/Xilinx/Vivado/2022.2/data/xhub/boards/XilinxBoardStore/boards/Xilinx/zcu216ld/production/2.0/board.xml as part xczu59dr-ffvf1760-2-i specified in board_part file is either invalid or not available
WARNING: [Board 49-26] cannot add Board Part xilinx.com:zcu670:part0:2.0 available at C:/Xilinx/Vivado/2022.2/data/xhub/boards/XilinxBoardStore/boards/Xilinx/zcu670/2.0/board.xml as part xczu67dr-fsve1156-2-i specified in board_part file is either invalid or not available
WARNING: [Board 49-26] cannot add Board Part xilinx.com:zcu670ld:part0:1.0 available at C:/Xilinx/Vivado/2022.2/data/xhub/boards/XilinxBoardStore/boards/Xilinx/zcu670ld/1.0/board.xml as part xczu57dr-fsve1156-2-i specified in board_part file is either invalid or not available
INFO: [IP_Flow 19-234] Refreshing IP repositories
INFO: [IP_Flow 19-1700] Loaded user IP repository 'c:/Users/Shane/Documents/Classes/ECE_385/Lab_7/lab_7_2/ip_repo'.
INFO: [IP_Flow 19-795] Syncing license key meta-data
ipx::edit_ip_in_project: Time (s): cpu = 00:00:10 ; elapsed = 00:00:09 . Memory (MB): peak = 2259.004 ; gain = 10.164
update_compile_order -fileset sources_1
generate_target Simulation [get_files c:/Users/Shane/Documents/Classes/ECE_385/Lab_7/lab_7_2/ip_repo/hdmi_text_controller_1_0/src/hdmi_tx_0/hdmi_tx_0.xci]
INFO: [IP_Flow 19-1686] Generating 'Simulation' target for IP 'vga_to_hdmi'...
export_ip_user_files -of_objects [get_files c:/Users/Shane/Documents/Classes/ECE_385/Lab_7/lab_7_2/ip_repo/hdmi_text_controller_1_0/src/hdmi_tx_0/hdmi_tx_0.xci] -no_script -sync -force -quiet
export_simulation -of_objects [get_files c:/Users/Shane/Documents/Classes/ECE_385/Lab_7/lab_7_2/ip_repo/hdmi_text_controller_1_0/src/hdmi_tx_0/hdmi_tx_0.xci] -directory c:/users/shane/documents/classes/ece_385/lab_7/lab_7_2/lab_7_2.tmp/hdmi_text_controller_v1_0_project/hdmi_text_controller_v1_0_project.ip_user_files/sim_scripts -ip_user_files_dir c:/users/shane/documents/classes/ece_385/lab_7/lab_7_2/lab_7_2.tmp/hdmi_text_controller_v1_0_project/hdmi_text_controller_v1_0_project.ip_user_files -ipstatic_source_dir c:/users/shane/documents/classes/ece_385/lab_7/lab_7_2/lab_7_2.tmp/hdmi_text_controller_v1_0_project/hdmi_text_controller_v1_0_project.ip_user_files/ipstatic -lib_map_path [list {modelsim=c:/users/shane/documents/classes/ece_385/lab_7/lab_7_2/lab_7_2.tmp/hdmi_text_controller_v1_0_project/hdmi_text_controller_v1_0_project.cache/compile_simlib/modelsim} {questa=c:/users/shane/documents/classes/ece_385/lab_7/lab_7_2/lab_7_2.tmp/hdmi_text_controller_v1_0_project/hdmi_text_controller_v1_0_project.cache/compile_simlib/questa} {riviera=c:/users/shane/documents/classes/ece_385/lab_7/lab_7_2/lab_7_2.tmp/hdmi_text_controller_v1_0_project/hdmi_text_controller_v1_0_project.cache/compile_simlib/riviera} {activehdl=c:/users/shane/documents/classes/ece_385/lab_7/lab_7_2/lab_7_2.tmp/hdmi_text_controller_v1_0_project/hdmi_text_controller_v1_0_project.cache/compile_simlib/activehdl}] -use_ip_compiled_libs -force -quiet
generate_target Simulation [get_files c:/Users/Shane/Documents/Classes/ECE_385/Lab_7/lab_7_2/ip_repo/hdmi_text_controller_1_0/src/clk_wiz_0/clk_wiz_0.xci]
INFO: [IP_Flow 19-1686] Generating 'Simulation' target for IP 'clk_wiz'...
export_ip_user_files -of_objects [get_files c:/Users/Shane/Documents/Classes/ECE_385/Lab_7/lab_7_2/ip_repo/hdmi_text_controller_1_0/src/clk_wiz_0/clk_wiz_0.xci] -no_script -sync -force -quiet
export_simulation -of_objects [get_files c:/Users/Shane/Documents/Classes/ECE_385/Lab_7/lab_7_2/ip_repo/hdmi_text_controller_1_0/src/clk_wiz_0/clk_wiz_0.xci] -directory c:/users/shane/documents/classes/ece_385/lab_7/lab_7_2/lab_7_2.tmp/hdmi_text_controller_v1_0_project/hdmi_text_controller_v1_0_project.ip_user_files/sim_scripts -ip_user_files_dir c:/users/shane/documents/classes/ece_385/lab_7/lab_7_2/lab_7_2.tmp/hdmi_text_controller_v1_0_project/hdmi_text_controller_v1_0_project.ip_user_files -ipstatic_source_dir c:/users/shane/documents/classes/ece_385/lab_7/lab_7_2/lab_7_2.tmp/hdmi_text_controller_v1_0_project/hdmi_text_controller_v1_0_project.ip_user_files/ipstatic -lib_map_path [list {modelsim=c:/users/shane/documents/classes/ece_385/lab_7/lab_7_2/lab_7_2.tmp/hdmi_text_controller_v1_0_project/hdmi_text_controller_v1_0_project.cache/compile_simlib/modelsim} {questa=c:/users/shane/documents/classes/ece_385/lab_7/lab_7_2/lab_7_2.tmp/hdmi_text_controller_v1_0_project/hdmi_text_controller_v1_0_project.cache/compile_simlib/questa} {riviera=c:/users/shane/documents/classes/ece_385/lab_7/lab_7_2/lab_7_2.tmp/hdmi_text_controller_v1_0_project/hdmi_text_controller_v1_0_project.cache/compile_simlib/riviera} {activehdl=c:/users/shane/documents/classes/ece_385/lab_7/lab_7_2/lab_7_2.tmp/hdmi_text_controller_v1_0_project/hdmi_text_controller_v1_0_project.cache/compile_simlib/activehdl}] -use_ip_compiled_libs -force -quiet
generate_target Simulation [get_files c:/Users/Shane/Documents/Classes/ECE_385/Lab_7/lab_7_2/ip_repo/hdmi_text_controller_1_0/src/blk_mem_gen_0/blk_mem_gen_0.xci]
INFO: [IP_Flow 19-1686] Generating 'Simulation' target for IP 'sram0'...
export_ip_user_files -of_objects [get_files c:/Users/Shane/Documents/Classes/ECE_385/Lab_7/lab_7_2/ip_repo/hdmi_text_controller_1_0/src/blk_mem_gen_0/blk_mem_gen_0.xci] -no_script -sync -force -quiet
export_simulation -of_objects [get_files c:/Users/Shane/Documents/Classes/ECE_385/Lab_7/lab_7_2/ip_repo/hdmi_text_controller_1_0/src/blk_mem_gen_0/blk_mem_gen_0.xci] -directory c:/users/shane/documents/classes/ece_385/lab_7/lab_7_2/lab_7_2.tmp/hdmi_text_controller_v1_0_project/hdmi_text_controller_v1_0_project.ip_user_files/sim_scripts -ip_user_files_dir c:/users/shane/documents/classes/ece_385/lab_7/lab_7_2/lab_7_2.tmp/hdmi_text_controller_v1_0_project/hdmi_text_controller_v1_0_project.ip_user_files -ipstatic_source_dir c:/users/shane/documents/classes/ece_385/lab_7/lab_7_2/lab_7_2.tmp/hdmi_text_controller_v1_0_project/hdmi_text_controller_v1_0_project.ip_user_files/ipstatic -lib_map_path [list {modelsim=c:/users/shane/documents/classes/ece_385/lab_7/lab_7_2/lab_7_2.tmp/hdmi_text_controller_v1_0_project/hdmi_text_controller_v1_0_project.cache/compile_simlib/modelsim} {questa=c:/users/shane/documents/classes/ece_385/lab_7/lab_7_2/lab_7_2.tmp/hdmi_text_controller_v1_0_project/hdmi_text_controller_v1_0_project.cache/compile_simlib/questa} {riviera=c:/users/shane/documents/classes/ece_385/lab_7/lab_7_2/lab_7_2.tmp/hdmi_text_controller_v1_0_project/hdmi_text_controller_v1_0_project.cache/compile_simlib/riviera} {activehdl=c:/users/shane/documents/classes/ece_385/lab_7/lab_7_2/lab_7_2.tmp/hdmi_text_controller_v1_0_project/hdmi_text_controller_v1_0_project.cache/compile_simlib/activehdl}] -use_ip_compiled_libs -force -quiet
launch_simulation
Command: launch_simulation 
INFO: [Vivado 12-12493] Simulation top is 'hdmi_text_controller_tb'
WARNING: [Vivado 12-13340] Unable to auto find GCC executables from simulator install path! (path not set)
WARNING: [Vivado 12-13277] Compiled library path does not exist: ''
INFO: [Vivado 12-5698] Checking validity of IPs in the design for the 'XSim' simulator...
INFO: [Vivado 12-5682] Launching behavioral simulation in 'c:/users/shane/documents/classes/ece_385/lab_7/lab_7_2/lab_7_2.tmp/hdmi_text_controller_v1_0_project/hdmi_text_controller_v1_0_project.sim/sim_1/behav/xsim'
INFO: [Vivado 12-13660] Precompiled IP simulation library mode is enabled (default). The design IP libraries will be referenced from the compiled library path. Please note that if the precompiled version of the library is not found from the path or the IP is in locked state, then the library source files for these IPs will be compiled locally as part of the compile order.
INFO: [Vivado 12-4795] Using compiled simulation libraries for IPs
INFO: [SIM-utils-51] Simulation object is 'sim_1'
INFO: [SIM-utils-72] Using boost library from 'C:/Xilinx/Vivado/2022.2/tps/boost_1_72_0'
INFO: [USF-XSim-7] Finding pre-compiled libraries...
INFO: [USF-XSim-11] File 'C:/Xilinx/Vivado/2022.2/data/xsim/xsim.ini' copied to run dir:'c:/users/shane/documents/classes/ece_385/lab_7/lab_7_2/lab_7_2.tmp/hdmi_text_controller_v1_0_project/hdmi_text_controller_v1_0_project.sim/sim_1/behav/xsim'
INFO: [SIM-utils-54] Inspecting design source files for 'hdmi_text_controller_tb' in fileset 'sim_1'...
INFO: [USF-XSim-97] Finding global include files...
INFO: [USF-XSim-98] Fetching design files from 'sim_1'...
INFO: [USF-XSim-2] XSim::Compile design
INFO: [USF-XSim-61] Executing 'COMPILE and ANALYZE' step in 'c:/users/shane/documents/classes/ece_385/lab_7/lab_7_2/lab_7_2.tmp/hdmi_text_controller_v1_0_project/hdmi_text_controller_v1_0_project.sim/sim_1/behav/xsim'
"xvlog --incr --relax -L uvm -prj hdmi_text_controller_tb_vlog.prj"
ERROR: [XSIM 43-4307] Invalid entry in the project file, expecting a file name but specified path '../../../../hdmi_text_controller_v1_0_project.gen/sources_1/ip/clk_wiz_0' represents a directory name.
ERROR: [XSIM 43-3217] hdmi_text_controller_tb_vlog.prj (line 3): Incorrect project file syntax. Correct syntax is one of: vhdl <worklib> <file>, verilog <worklib> <file> [<file> ...] [[-d <macro>] ...] [[-i <include>] ...], or NOSORT. Presence of NOSORT on a line of its own disables file order sorting.
INFO: [USF-XSim-69] 'compile' step finished in '2' seconds
INFO: [USF-XSim-99] Step results log file:'C:/Users/Shane/Documents/Classes/ECE_385/Lab_7/lab_7_2/lab_7_2.tmp/hdmi_text_controller_v1_0_project/hdmi_text_controller_v1_0_project.sim/sim_1/behav/xsim/xvlog.log'
ERROR: [USF-XSim-62] 'compile' step failed with error(s). Please check the Tcl console output or 'C:/Users/Shane/Documents/Classes/ECE_385/Lab_7/lab_7_2/lab_7_2.tmp/hdmi_text_controller_v1_0_project/hdmi_text_controller_v1_0_project.sim/sim_1/behav/xsim/xvlog.log' file for more information.
ERROR: [Vivado 12-4473] Detected error while running simulation. Please correct the issue and retry this operation.
ERROR: [Common 17-39] 'launch_simulation' failed due to earlier errors.
set_property library xil_defaultlib [get_files]
INFO: [filemgmt 56-586] Changing the library of an IP is not allowed
INFO: [filemgmt 56-586] Changing the library of an IP is not allowed
INFO: [filemgmt 56-586] Changing the library of an IP is not allowed
set_property -name {xsim.simulate.runtime} -value {all} -objects [get_filesets sim_1]
set_property dataflow_viewer_settings "min_width=16"   [current_fileset]
WARNING: [filemgmt 56-199] Attempt to get parsing info during refresh. "On-the-fly" syntax checking information may be incorrect. [c:\Users\Shane\Documents\Classes\ECE_385\Lab_7\lab_7_2\ip_repo\hdmi_text_controller_1_0\src\hdmi_text_controller_v1_0.sv:]
WARNING: [filemgmt 56-199] Attempt to get parsing info during refresh. "On-the-fly" syntax checking information may be incorrect. [c:\Users\Shane\Documents\Classes\ECE_385\Lab_7\lab_7_2\ip_repo\hdmi_text_controller_1_0\src\Color_Mapper.sv:]
WARNING: [filemgmt 56-199] Attempt to get parsing info during refresh. "On-the-fly" syntax checking information may be incorrect. [c:\Users\Shane\Documents\Classes\ECE_385\Lab_7\lab_7_2\ip_repo\hdmi_text_controller_1_0\src\hdmi_text_controller_v1_0_tb.sv:]
WARNING: [filemgmt 56-199] Attempt to get parsing info during refresh. "On-the-fly" syntax checking information may be incorrect. [c:\Users\Shane\Documents\Classes\ECE_385\Lab_7\lab_7_2\ip_repo\hdmi_text_controller_1_0\src\hdmi_text_controller_v1_0.sv:]
WARNING: [filemgmt 56-199] Attempt to get parsing info during refresh. "On-the-fly" syntax checking information may be incorrect. [c:\Users\Shane\Documents\Classes\ECE_385\Lab_7\lab_7_2\ip_repo\hdmi_text_controller_1_0\src\Color_Mapper.sv:]
WARNING: [filemgmt 56-199] Attempt to get parsing info during refresh. "On-the-fly" syntax checking information may be incorrect. [c:\Users\Shane\Documents\Classes\ECE_385\Lab_7\lab_7_2\ip_repo\hdmi_text_controller_1_0\src\hdmi_text_controller_v1_0_tb.sv:]
ERROR: [Common 17-180] Spawn failed: No error
generate_target all [get_files c:/Users/Shane/Documents/Classes/ECE_385/Lab_7/lab_7_2/ip_repo/hdmi_text_controller_1_0/src/hdmi_tx_0/hdmi_tx_0.xci]
INFO: [IP_Flow 19-1686] Generating 'Instantiation Template' target for IP 'vga_to_hdmi'...
INFO: [IP_Flow 19-1686] Generating 'Synthesis' target for IP 'vga_to_hdmi'...
WARNING: [Vivado 12-4154] User modified property 'Library' (with value 'xil_defaultlib') was detected on 'c:/users/shane/documents/classes/ece_385/lab_7/lab_7_2/lab_7_2.tmp/hdmi_text_controller_v1_0_project/hdmi_text_controller_v1_0_project.gen/sources_1/ip/hdmi_tx_0/hdl/encode.v'.
WARNING: [Vivado 12-4154] User modified property 'Library' (with value 'xil_defaultlib') was detected on 'c:/users/shane/documents/classes/ece_385/lab_7/lab_7_2/lab_7_2.tmp/hdmi_text_controller_v1_0_project/hdmi_text_controller_v1_0_project.gen/sources_1/ip/hdmi_tx_0/hdl/serdes_10_to_1.v'.
WARNING: [Vivado 12-4154] User modified property 'Library' (with value 'xil_defaultlib') was detected on 'c:/users/shane/documents/classes/ece_385/lab_7/lab_7_2/lab_7_2.tmp/hdmi_text_controller_v1_0_project/hdmi_text_controller_v1_0_project.gen/sources_1/ip/hdmi_tx_0/hdl/srldelay.v'.
WARNING: [Vivado 12-4154] User modified property 'Library' (with value 'xil_defaultlib') was detected on 'c:/users/shane/documents/classes/ece_385/lab_7/lab_7_2/lab_7_2.tmp/hdmi_text_controller_v1_0_project/hdmi_text_controller_v1_0_project.gen/sources_1/ip/hdmi_tx_0/hdl/hdmi_tx_v1_0.v'.
WARNING: [Vivado 12-4154] User modified property 'Library' (with value 'xil_defaultlib') was detected on 'c:/users/shane/documents/classes/ece_385/lab_7/lab_7_2/lab_7_2.tmp/hdmi_text_controller_v1_0_project/hdmi_text_controller_v1_0_project.gen/sources_1/ip/hdmi_tx_0/sim/hdmi_tx_0.v'.
WARNING: [Vivado 12-4152] One or more user modified properties were detected. The reset_target command can be used to reset the targets data which will also reset all target properties.
generate_target all [get_files c:/Users/Shane/Documents/Classes/ECE_385/Lab_7/lab_7_2/ip_repo/hdmi_text_controller_1_0/src/clk_wiz_0/clk_wiz_0.xci]
INFO: [IP_Flow 19-1686] Generating 'Instantiation Template' target for IP 'clk_wiz'...
INFO: [IP_Flow 19-1686] Generating 'Synthesis' target for IP 'clk_wiz'...
INFO: [IP_Flow 19-1686] Generating 'Implementation' target for IP 'clk_wiz'...
INFO: [IP_Flow 19-1686] Generating 'Change Log' target for IP 'clk_wiz'...
WARNING: [Vivado 12-4154] User modified property 'Library' (with value 'xil_defaultlib') was detected on 'c:/users/shane/documents/classes/ece_385/lab_7/lab_7_2/lab_7_2.tmp/hdmi_text_controller_v1_0_project/hdmi_text_controller_v1_0_project.gen/sources_1/ip/clk_wiz_0/mmcm_pll_drp_func_7s_mmcm.vh'.
WARNING: [Vivado 12-4154] User modified property 'Library' (with value 'xil_defaultlib') was detected on 'c:/users/shane/documents/classes/ece_385/lab_7/lab_7_2/lab_7_2.tmp/hdmi_text_controller_v1_0_project/hdmi_text_controller_v1_0_project.gen/sources_1/ip/clk_wiz_0/mmcm_pll_drp_func_7s_pll.vh'.
WARNING: [Vivado 12-4154] User modified property 'Library' (with value 'xil_defaultlib') was detected on 'c:/users/shane/documents/classes/ece_385/lab_7/lab_7_2/lab_7_2.tmp/hdmi_text_controller_v1_0_project/hdmi_text_controller_v1_0_project.gen/sources_1/ip/clk_wiz_0/mmcm_pll_drp_func_us_mmcm.vh'.
WARNING: [Vivado 12-4154] User modified property 'Library' (with value 'xil_defaultlib') was detected on 'c:/users/shane/documents/classes/ece_385/lab_7/lab_7_2/lab_7_2.tmp/hdmi_text_controller_v1_0_project/hdmi_text_controller_v1_0_project.gen/sources_1/ip/clk_wiz_0/mmcm_pll_drp_func_us_pll.vh'.
WARNING: [Vivado 12-4154] User modified property 'Library' (with value 'xil_defaultlib') was detected on 'c:/users/shane/documents/classes/ece_385/lab_7/lab_7_2/lab_7_2.tmp/hdmi_text_controller_v1_0_project/hdmi_text_controller_v1_0_project.gen/sources_1/ip/clk_wiz_0/mmcm_pll_drp_func_us_plus_pll.vh'.
WARNING: [Vivado 12-4154] User modified property 'Library' (with value 'xil_defaultlib') was detected on 'c:/users/shane/documents/classes/ece_385/lab_7/lab_7_2/lab_7_2.tmp/hdmi_text_controller_v1_0_project/hdmi_text_controller_v1_0_project.gen/sources_1/ip/clk_wiz_0/mmcm_pll_drp_func_us_plus_mmcm.vh'.
WARNING: [Vivado 12-4154] User modified property 'Library' (with value 'xil_defaultlib') was detected on 'c:/users/shane/documents/classes/ece_385/lab_7/lab_7_2/lab_7_2.tmp/hdmi_text_controller_v1_0_project/hdmi_text_controller_v1_0_project.gen/sources_1/ip/clk_wiz_0/clk_wiz_0_clk_wiz.v'.
WARNING: [Vivado 12-4154] User modified property 'Library' (with value 'xil_defaultlib') was detected on 'c:/users/shane/documents/classes/ece_385/lab_7/lab_7_2/lab_7_2.tmp/hdmi_text_controller_v1_0_project/hdmi_text_controller_v1_0_project.gen/sources_1/ip/clk_wiz_0/clk_wiz_0.v'.
WARNING: [Vivado 12-4152] One or more user modified properties were detected. The reset_target command can be used to reset the targets data which will also reset all target properties.
generate_target all [get_files c:/Users/Shane/Documents/Classes/ECE_385/Lab_7/lab_7_2/ip_repo/hdmi_text_controller_1_0/src/blk_mem_gen_0/blk_mem_gen_0.xci]
INFO: [IP_Flow 19-1686] Generating 'Instantiation Template' target for IP 'sram0'...
INFO: [IP_Flow 19-1686] Generating 'Synthesis' target for IP 'sram0'...
INFO: [IP_Flow 19-1686] Generating 'Miscellaneous' target for IP 'sram0'...
INFO: [IP_Flow 19-1686] Generating 'Change Log' target for IP 'sram0'...
WARNING: [Vivado 12-4154] User modified property 'Library' (with value 'xil_defaultlib') was detected on 'c:/users/shane/documents/classes/ece_385/lab_7/lab_7_2/lab_7_2.tmp/hdmi_text_controller_v1_0_project/hdmi_text_controller_v1_0_project.gen/sources_1/ip/blk_mem_gen_0/simulation/blk_mem_gen_v8_4.v'.
WARNING: [Vivado 12-4154] User modified property 'Library' (with value 'xil_defaultlib') was detected on 'c:/users/shane/documents/classes/ece_385/lab_7/lab_7_2/lab_7_2.tmp/hdmi_text_controller_v1_0_project/hdmi_text_controller_v1_0_project.gen/sources_1/ip/blk_mem_gen_0/sim/blk_mem_gen_0.v'.
WARNING: [Vivado 12-4152] One or more user modified properties were detected. The reset_target command can be used to reset the targets data which will also reset all target properties.
synth_design -rtl -rtl_skip_mlo -name rtl_1
Command: synth_design -rtl -rtl_skip_mlo -name rtl_1
Starting synth_design
Using part: xc7s50csga324-1
Top: hdmi_text_controller_v1_0
INFO: [Synth 8-11241] undeclared symbol 'REGCCE', assumed default net type 'wire' [C:/Xilinx/Vivado/2022.2/data/verilog/src/unimacro/BRAM_SINGLE_MACRO.v:2170]
WARNING: [Synth 8-11065] parameter 'CTRLTOKEN0' becomes localparam in 'encode' with formal parameter declaration list [c:/users/shane/documents/classes/ece_385/lab_7/lab_7_2/lab_7_2.tmp/hdmi_text_controller_v1_0_project/hdmi_text_controller_v1_0_project.gen/sources_1/ip/hdmi_tx_0/hdl/encode.v:145]
WARNING: [Synth 8-11065] parameter 'CTRLTOKEN1' becomes localparam in 'encode' with formal parameter declaration list [c:/users/shane/documents/classes/ece_385/lab_7/lab_7_2/lab_7_2.tmp/hdmi_text_controller_v1_0_project/hdmi_text_controller_v1_0_project.gen/sources_1/ip/hdmi_tx_0/hdl/encode.v:146]
WARNING: [Synth 8-11065] parameter 'CTRLTOKEN2' becomes localparam in 'encode' with formal parameter declaration list [c:/users/shane/documents/classes/ece_385/lab_7/lab_7_2/lab_7_2.tmp/hdmi_text_controller_v1_0_project/hdmi_text_controller_v1_0_project.gen/sources_1/ip/hdmi_tx_0/hdl/encode.v:147]
WARNING: [Synth 8-11065] parameter 'CTRLTOKEN3' becomes localparam in 'encode' with formal parameter declaration list [c:/users/shane/documents/classes/ece_385/lab_7/lab_7_2/lab_7_2.tmp/hdmi_text_controller_v1_0_project/hdmi_text_controller_v1_0_project.gen/sources_1/ip/hdmi_tx_0/hdl/encode.v:148]
---------------------------------------------------------------------------------
Starting RTL Elaboration : Time (s): cpu = 00:00:07 ; elapsed = 00:00:07 . Memory (MB): peak = 2411.797 ; gain = 69.977
---------------------------------------------------------------------------------
INFO: [Synth 8-6157] synthesizing module 'hdmi_text_controller_v1_0' [c:/Users/Shane/Documents/Classes/ECE_385/Lab_7/lab_7_2/ip_repo/hdmi_text_controller_1_0/src/hdmi_text_controller_v1_0.sv:10]
INFO: [Synth 8-6157] synthesizing module 'hdmi_text_controller_v1_0_AXI' [c:/Users/Shane/Documents/Classes/ECE_385/Lab_7/lab_7_2/ip_repo/hdmi_text_controller_1_0/src/hdmi_text_controller_v1_0_AXI.sv:28]
	Parameter C_S_AXI_DATA_WIDTH bound to: 32 - type: integer 
	Parameter C_S_AXI_ADDR_WIDTH bound to: 13 - type: integer 
INFO: [Synth 8-6155] done synthesizing module 'hdmi_text_controller_v1_0_AXI' (0#1) [c:/Users/Shane/Documents/Classes/ECE_385/Lab_7/lab_7_2/ip_repo/hdmi_text_controller_1_0/src/hdmi_text_controller_v1_0_AXI.sv:28]
INFO: [Synth 8-638] synthesizing module 'blk_mem_gen_0' [c:/users/shane/documents/classes/ece_385/lab_7/lab_7_2/lab_7_2.tmp/hdmi_text_controller_v1_0_project/hdmi_text_controller_v1_0_project.gen/sources_1/ip/blk_mem_gen_0/synth/blk_mem_gen_0.vhd:76]
	Parameter C_FAMILY bound to: spartan7 - type: string 
	Parameter C_XDEVICEFAMILY bound to: spartan7 - type: string 
	Parameter C_ELABORATION_DIR bound to: ./ - type: string 
	Parameter C_INTERFACE_TYPE bound to: 0 - type: integer 
	Parameter C_AXI_TYPE bound to: 1 - type: integer 
	Parameter C_AXI_SLAVE_TYPE bound to: 0 - type: integer 
	Parameter C_USE_BRAM_BLOCK bound to: 0 - type: integer 
	Parameter C_ENABLE_32BIT_ADDRESS bound to: 0 - type: integer 
	Parameter C_CTRL_ECC_ALGO bound to: NONE - type: string 
	Parameter C_HAS_AXI_ID bound to: 0 - type: integer 
	Parameter C_AXI_ID_WIDTH bound to: 4 - type: integer 
	Parameter C_MEM_TYPE bound to: 2 - type: integer 
	Parameter C_BYTE_SIZE bound to: 8 - type: integer 
	Parameter C_ALGORITHM bound to: 1 - type: integer 
	Parameter C_PRIM_TYPE bound to: 1 - type: integer 
	Parameter C_LOAD_INIT_FILE bound to: 0 - type: integer 
	Parameter C_INIT_FILE_NAME bound to: no_coe_file_loaded - type: string 
	Parameter C_INIT_FILE bound to: blk_mem_gen_0.mem - type: string 
	Parameter C_USE_DEFAULT_DATA bound to: 0 - type: integer 
	Parameter C_DEFAULT_DATA bound to: 0 - type: string 
	Parameter C_HAS_RSTA bound to: 0 - type: integer 
	Parameter C_RST_PRIORITY_A bound to: CE - type: string 
	Parameter C_RSTRAM_A bound to: 0 - type: integer 
	Parameter C_INITA_VAL bound to: 0 - type: string 
	Parameter C_HAS_ENA bound to: 1 - type: integer 
	Parameter C_HAS_REGCEA bound to: 0 - type: integer 
	Parameter C_USE_BYTE_WEA bound to: 1 - type: integer 
	Parameter C_WEA_WIDTH bound to: 4 - type: integer 
	Parameter C_WRITE_MODE_A bound to: WRITE_FIRST - type: string 
	Parameter C_WRITE_WIDTH_A bound to: 32 - type: integer 
	Parameter C_READ_WIDTH_A bound to: 32 - type: integer 
	Parameter C_WRITE_DEPTH_A bound to: 1200 - type: integer 
	Parameter C_READ_DEPTH_A bound to: 1200 - type: integer 
	Parameter C_ADDRA_WIDTH bound to: 11 - type: integer 
	Parameter C_HAS_RSTB bound to: 0 - type: integer 
	Parameter C_RST_PRIORITY_B bound to: CE - type: string 
	Parameter C_RSTRAM_B bound to: 0 - type: integer 
	Parameter C_INITB_VAL bound to: 0 - type: string 
	Parameter C_HAS_ENB bound to: 1 - type: integer 
	Parameter C_HAS_REGCEB bound to: 0 - type: integer 
	Parameter C_USE_BYTE_WEB bound to: 1 - type: integer 
	Parameter C_WEB_WIDTH bound to: 4 - type: integer 
	Parameter C_WRITE_MODE_B bound to: WRITE_FIRST - type: string 
	Parameter C_WRITE_WIDTH_B bound to: 32 - type: integer 
	Parameter C_READ_WIDTH_B bound to: 32 - type: integer 
	Parameter C_WRITE_DEPTH_B bound to: 1200 - type: integer 
	Parameter C_READ_DEPTH_B bound to: 1200 - type: integer 
	Parameter C_ADDRB_WIDTH bound to: 11 - type: integer 
	Parameter C_HAS_MEM_OUTPUT_REGS_A bound to: 0 - type: integer 
	Parameter C_HAS_MEM_OUTPUT_REGS_B bound to: 0 - type: integer 
	Parameter C_HAS_MUX_OUTPUT_REGS_A bound to: 0 - type: integer 
	Parameter C_HAS_MUX_OUTPUT_REGS_B bound to: 0 - type: integer 
	Parameter C_MUX_PIPELINE_STAGES bound to: 0 - type: integer 
	Parameter C_HAS_SOFTECC_INPUT_REGS_A bound to: 0 - type: integer 
	Parameter C_HAS_SOFTECC_OUTPUT_REGS_B bound to: 0 - type: integer 
	Parameter C_USE_SOFTECC bound to: 0 - type: integer 
	Parameter C_USE_ECC bound to: 0 - type: integer 
	Parameter C_EN_ECC_PIPE bound to: 0 - type: integer 
	Parameter C_READ_LATENCY_A bound to: 1 - type: integer 
	Parameter C_READ_LATENCY_B bound to: 1 - type: integer 
	Parameter C_HAS_INJECTERR bound to: 0 - type: integer 
	Parameter C_SIM_COLLISION_CHECK bound to: ALL - type: string 
	Parameter C_COMMON_CLK bound to: 0 - type: integer 
	Parameter C_DISABLE_WARN_BHV_COLL bound to: 0 - type: integer 
	Parameter C_EN_SLEEP_PIN bound to: 0 - type: integer 
	Parameter C_USE_URAM bound to: 0 - type: integer 
	Parameter C_EN_RDADDRA_CHG bound to: 0 - type: integer 
	Parameter C_EN_RDADDRB_CHG bound to: 0 - type: integer 
	Parameter C_EN_DEEPSLEEP_PIN bound to: 0 - type: integer 
	Parameter C_EN_SHUTDOWN_PIN bound to: 0 - type: integer 
	Parameter C_EN_SAFETY_CKT bound to: 0 - type: integer 
	Parameter C_DISABLE_WARN_BHV_RANGE bound to: 0 - type: integer 
	Parameter C_COUNT_36K_BRAM bound to: 2 - type: string 
	Parameter C_COUNT_18K_BRAM bound to: 0 - type: string 
	Parameter C_EST_POWER_SUMMARY bound to: Estimated Power for IP     :     10.7492 mW - type: string 
INFO: [Synth 8-3491] module 'blk_mem_gen_v8_4_5' declared at 'c:/users/shane/documents/classes/ece_385/lab_7/lab_7_2/lab_7_2.tmp/hdmi_text_controller_v1_0_project/hdmi_text_controller_v1_0_project.gen/sources_1/ip/blk_mem_gen_0/hdl/blk_mem_gen_v8_4_vhsyn_rfs.vhd:195321' bound to instance 'U0' of component 'blk_mem_gen_v8_4_5' [c:/users/shane/documents/classes/ece_385/lab_7/lab_7_2/lab_7_2.tmp/hdmi_text_controller_v1_0_project/hdmi_text_controller_v1_0_project.gen/sources_1/ip/blk_mem_gen_0/synth/blk_mem_gen_0.vhd:249]
INFO: [Synth 8-256] done synthesizing module 'blk_mem_gen_0' (0#1) [c:/users/shane/documents/classes/ece_385/lab_7/lab_7_2/lab_7_2.tmp/hdmi_text_controller_v1_0_project/hdmi_text_controller_v1_0_project.gen/sources_1/ip/blk_mem_gen_0/synth/blk_mem_gen_0.vhd:76]
INFO: [Synth 8-6157] synthesizing module 'clk_wiz_0' [c:/users/shane/documents/classes/ece_385/lab_7/lab_7_2/lab_7_2.tmp/hdmi_text_controller_v1_0_project/hdmi_text_controller_v1_0_project.gen/sources_1/ip/clk_wiz_0/clk_wiz_0.v:69]
INFO: [Synth 8-6157] synthesizing module 'clk_wiz_0_clk_wiz' [c:/users/shane/documents/classes/ece_385/lab_7/lab_7_2/lab_7_2.tmp/hdmi_text_controller_v1_0_project/hdmi_text_controller_v1_0_project.gen/sources_1/ip/clk_wiz_0/clk_wiz_0_clk_wiz.v:69]
INFO: [Synth 8-6157] synthesizing module 'IBUF' [C:/Xilinx/Vivado/2022.2/scripts/rt/data/unisim_comp.v:71326]
INFO: [Synth 8-6155] done synthesizing module 'IBUF' (0#1) [C:/Xilinx/Vivado/2022.2/scripts/rt/data/unisim_comp.v:71326]
INFO: [Synth 8-6157] synthesizing module 'MMCME2_ADV' [C:/Xilinx/Vivado/2022.2/scripts/rt/data/unisim_comp.v:79852]
	Parameter BANDWIDTH bound to: OPTIMIZED - type: string 
	Parameter CLKFBOUT_MULT_F bound to: 10.000000 - type: double 
	Parameter CLKFBOUT_PHASE bound to: 0.000000 - type: double 
	Parameter CLKFBOUT_USE_FINE_PS bound to: FALSE - type: string 
	Parameter CLKIN1_PERIOD bound to: 10.000000 - type: double 
	Parameter CLKOUT0_DIVIDE_F bound to: 40.000000 - type: double 
	Parameter CLKOUT0_DUTY_CYCLE bound to: 0.500000 - type: double 
	Parameter CLKOUT0_PHASE bound to: 0.000000 - type: double 
	Parameter CLKOUT0_USE_FINE_PS bound to: FALSE - type: string 
	Parameter CLKOUT1_DIVIDE bound to: 8 - type: integer 
	Parameter CLKOUT1_DUTY_CYCLE bound to: 0.500000 - type: double 
	Parameter CLKOUT1_PHASE bound to: 0.000000 - type: double 
	Parameter CLKOUT1_USE_FINE_PS bound to: FALSE - type: string 
	Parameter CLKOUT4_CASCADE bound to: FALSE - type: string 
	Parameter COMPENSATION bound to: ZHOLD - type: string 
	Parameter DIVCLK_DIVIDE bound to: 1 - type: integer 
	Parameter STARTUP_WAIT bound to: FALSE - type: string 
INFO: [Synth 8-6155] done synthesizing module 'MMCME2_ADV' (0#1) [C:/Xilinx/Vivado/2022.2/scripts/rt/data/unisim_comp.v:79852]
INFO: [Synth 8-6157] synthesizing module 'BUFG' [C:/Xilinx/Vivado/2022.2/scripts/rt/data/unisim_comp.v:1082]
INFO: [Synth 8-6155] done synthesizing module 'BUFG' (0#1) [C:/Xilinx/Vivado/2022.2/scripts/rt/data/unisim_comp.v:1082]
INFO: [Synth 8-6155] done synthesizing module 'clk_wiz_0_clk_wiz' (0#1) [c:/users/shane/documents/classes/ece_385/lab_7/lab_7_2/lab_7_2.tmp/hdmi_text_controller_v1_0_project/hdmi_text_controller_v1_0_project.gen/sources_1/ip/clk_wiz_0/clk_wiz_0_clk_wiz.v:69]
INFO: [Synth 8-6155] done synthesizing module 'clk_wiz_0' (0#1) [c:/users/shane/documents/classes/ece_385/lab_7/lab_7_2/lab_7_2.tmp/hdmi_text_controller_v1_0_project/hdmi_text_controller_v1_0_project.gen/sources_1/ip/clk_wiz_0/clk_wiz_0.v:69]
INFO: [Synth 8-6157] synthesizing module 'vga_controller' [c:/Users/Shane/Documents/Classes/ECE_385/Lab_7/lab_7_2/ip_repo/hdmi_text_controller_1_0/src/VGA_controller.sv:26]
INFO: [Synth 8-6155] done synthesizing module 'vga_controller' (0#1) [c:/Users/Shane/Documents/Classes/ECE_385/Lab_7/lab_7_2/ip_repo/hdmi_text_controller_1_0/src/VGA_controller.sv:26]
WARNING: [Synth 8-7071] port 'sync' of module 'vga_controller' is unconnected for instance 'vga' [c:/Users/Shane/Documents/Classes/ECE_385/Lab_7/lab_7_2/ip_repo/hdmi_text_controller_1_0/src/hdmi_text_controller_v1_0.sv:148]
WARNING: [Synth 8-7023] instance 'vga' of module 'vga_controller' has 8 connections declared, but only 7 given [c:/Users/Shane/Documents/Classes/ECE_385/Lab_7/lab_7_2/ip_repo/hdmi_text_controller_1_0/src/hdmi_text_controller_v1_0.sv:148]
INFO: [Synth 8-6157] synthesizing module 'hdmi_tx_0' [c:/users/shane/documents/classes/ece_385/lab_7/lab_7_2/lab_7_2.tmp/hdmi_text_controller_v1_0_project/hdmi_text_controller_v1_0_project.gen/sources_1/ip/hdmi_tx_0/synth/hdmi_tx_0.v:53]
INFO: [Synth 8-6157] synthesizing module 'hdmi_tx_v1_0' [c:/users/shane/documents/classes/ece_385/lab_7/lab_7_2/lab_7_2.tmp/hdmi_text_controller_v1_0_project/hdmi_text_controller_v1_0_project.gen/sources_1/ip/hdmi_tx_0/hdl/hdmi_tx_v1_0.v:70]
INFO: [Synth 8-6157] synthesizing module 'srldelay' [c:/users/shane/documents/classes/ece_385/lab_7/lab_7_2/lab_7_2.tmp/hdmi_text_controller_v1_0_project/hdmi_text_controller_v1_0_project.gen/sources_1/ip/hdmi_tx_0/hdl/srldelay.v:70]
INFO: [Synth 8-6157] synthesizing module 'SRL16E' [C:/Xilinx/Vivado/2022.2/scripts/rt/data/unisim_comp.v:131644]
INFO: [Synth 8-6155] done synthesizing module 'SRL16E' (0#1) [C:/Xilinx/Vivado/2022.2/scripts/rt/data/unisim_comp.v:131644]
INFO: [Synth 8-6155] done synthesizing module 'srldelay' (0#1) [c:/users/shane/documents/classes/ece_385/lab_7/lab_7_2/lab_7_2.tmp/hdmi_text_controller_v1_0_project/hdmi_text_controller_v1_0_project.gen/sources_1/ip/hdmi_tx_0/hdl/srldelay.v:70]
INFO: [Synth 8-6157] synthesizing module 'encode' [c:/users/shane/documents/classes/ece_385/lab_7/lab_7_2/lab_7_2.tmp/hdmi_text_controller_v1_0_project/hdmi_text_controller_v1_0_project.gen/sources_1/ip/hdmi_tx_0/hdl/encode.v:79]
INFO: [Synth 8-6155] done synthesizing module 'encode' (0#1) [c:/users/shane/documents/classes/ece_385/lab_7/lab_7_2/lab_7_2.tmp/hdmi_text_controller_v1_0_project/hdmi_text_controller_v1_0_project.gen/sources_1/ip/hdmi_tx_0/hdl/encode.v:79]
INFO: [Synth 8-6157] synthesizing module 'encode__parameterized0' [c:/users/shane/documents/classes/ece_385/lab_7/lab_7_2/lab_7_2.tmp/hdmi_text_controller_v1_0_project/hdmi_text_controller_v1_0_project.gen/sources_1/ip/hdmi_tx_0/hdl/encode.v:79]
INFO: [Synth 8-6155] done synthesizing module 'encode__parameterized0' (0#1) [c:/users/shane/documents/classes/ece_385/lab_7/lab_7_2/lab_7_2.tmp/hdmi_text_controller_v1_0_project/hdmi_text_controller_v1_0_project.gen/sources_1/ip/hdmi_tx_0/hdl/encode.v:79]
INFO: [Synth 8-6157] synthesizing module 'encode__parameterized1' [c:/users/shane/documents/classes/ece_385/lab_7/lab_7_2/lab_7_2.tmp/hdmi_text_controller_v1_0_project/hdmi_text_controller_v1_0_project.gen/sources_1/ip/hdmi_tx_0/hdl/encode.v:79]
INFO: [Synth 8-6155] done synthesizing module 'encode__parameterized1' (0#1) [c:/users/shane/documents/classes/ece_385/lab_7/lab_7_2/lab_7_2.tmp/hdmi_text_controller_v1_0_project/hdmi_text_controller_v1_0_project.gen/sources_1/ip/hdmi_tx_0/hdl/encode.v:79]
INFO: [Synth 8-6157] synthesizing module 'serdes_10_to_1' [c:/users/shane/documents/classes/ece_385/lab_7/lab_7_2/lab_7_2.tmp/hdmi_text_controller_v1_0_project/hdmi_text_controller_v1_0_project.gen/sources_1/ip/hdmi_tx_0/hdl/serdes_10_to_1.v:43]
INFO: [Synth 8-6157] synthesizing module 'OSERDESE2' [C:/Xilinx/Vivado/2022.2/scripts/rt/data/unisim_comp.v:94875]
INFO: [Synth 8-6155] done synthesizing module 'OSERDESE2' (0#1) [C:/Xilinx/Vivado/2022.2/scripts/rt/data/unisim_comp.v:94875]
INFO: [Synth 8-6157] synthesizing module 'OSERDESE2__parameterized0' [C:/Xilinx/Vivado/2022.2/scripts/rt/data/unisim_comp.v:94875]
INFO: [Synth 8-6155] done synthesizing module 'OSERDESE2__parameterized0' (0#1) [C:/Xilinx/Vivado/2022.2/scripts/rt/data/unisim_comp.v:94875]
INFO: [Synth 8-6155] done synthesizing module 'serdes_10_to_1' (0#1) [c:/users/shane/documents/classes/ece_385/lab_7/lab_7_2/lab_7_2.tmp/hdmi_text_controller_v1_0_project/hdmi_text_controller_v1_0_project.gen/sources_1/ip/hdmi_tx_0/hdl/serdes_10_to_1.v:43]
INFO: [Synth 8-6157] synthesizing module 'OBUFDS' [C:/Xilinx/Vivado/2022.2/scripts/rt/data/unisim_comp.v:90676]
INFO: [Synth 8-6155] done synthesizing module 'OBUFDS' (0#1) [C:/Xilinx/Vivado/2022.2/scripts/rt/data/unisim_comp.v:90676]
INFO: [Synth 8-6155] done synthesizing module 'hdmi_tx_v1_0' (0#1) [c:/users/shane/documents/classes/ece_385/lab_7/lab_7_2/lab_7_2.tmp/hdmi_text_controller_v1_0_project/hdmi_text_controller_v1_0_project.gen/sources_1/ip/hdmi_tx_0/hdl/hdmi_tx_v1_0.v:70]
INFO: [Synth 8-6155] done synthesizing module 'hdmi_tx_0' (0#1) [c:/users/shane/documents/classes/ece_385/lab_7/lab_7_2/lab_7_2.tmp/hdmi_text_controller_v1_0_project/hdmi_text_controller_v1_0_project.gen/sources_1/ip/hdmi_tx_0/synth/hdmi_tx_0.v:53]
INFO: [Synth 8-6157] synthesizing module 'color_mapper' [c:/Users/Shane/Documents/Classes/ECE_385/Lab_7/lab_7_2/ip_repo/hdmi_text_controller_1_0/src/Color_Mapper.sv:17]
INFO: [Synth 8-6157] synthesizing module 'font_rom' [c:/Users/Shane/Documents/Classes/ECE_385/Lab_7/lab_7_2/ip_repo/hdmi_text_controller_1_0/src/font_rom.sv:1]
INFO: [Synth 8-6155] done synthesizing module 'font_rom' (0#1) [c:/Users/Shane/Documents/Classes/ECE_385/Lab_7/lab_7_2/ip_repo/hdmi_text_controller_1_0/src/font_rom.sv:1]
INFO: [Synth 8-6155] done synthesizing module 'color_mapper' (0#1) [c:/Users/Shane/Documents/Classes/ECE_385/Lab_7/lab_7_2/ip_repo/hdmi_text_controller_1_0/src/Color_Mapper.sv:17]
WARNING: [Synth 8-689] width (12) of port connection 'addr' does not match port width (11) of module 'color_mapper' [c:/Users/Shane/Documents/Classes/ECE_385/Lab_7/lab_7_2/ip_repo/hdmi_text_controller_1_0/src/hdmi_text_controller_v1_0.sv:190]
INFO: [Synth 8-6155] done synthesizing module 'hdmi_text_controller_v1_0' (0#1) [c:/Users/Shane/Documents/Classes/ECE_385/Lab_7/lab_7_2/ip_repo/hdmi_text_controller_1_0/src/hdmi_text_controller_v1_0.sv:10]
WARNING: [Synth 8-3848] Net ctrl_reg in module/entity hdmi_text_controller_v1_0_AXI does not have driver. [c:/Users/Shane/Documents/Classes/ECE_385/Lab_7/lab_7_2/ip_repo/hdmi_text_controller_1_0/src/hdmi_text_controller_v1_0_AXI.sv:48]
WARNING: [Synth 8-6014] Unused sequential element hdmi_ctl1_reg was removed.  [c:/users/shane/documents/classes/ece_385/lab_7/lab_7_2/lab_7_2.tmp/hdmi_text_controller_v1_0_project/hdmi_text_controller_v1_0_project.gen/sources_1/ip/hdmi_tx_0/hdl/hdmi_tx_v1_0.v:148]
WARNING: [Synth 8-3848] Net sram_dinb in module/entity hdmi_text_controller_v1_0 does not have driver. [c:/Users/Shane/Documents/Classes/ECE_385/Lab_7/lab_7_2/ip_repo/hdmi_text_controller_1_0/src/hdmi_text_controller_v1_0.sv:75]
WARNING: [Synth 8-7129] Port ctrl_reg[31] in module color_mapper is either unconnected or has no load
WARNING: [Synth 8-7129] Port ctrl_reg[30] in module color_mapper is either unconnected or has no load
WARNING: [Synth 8-7129] Port ctrl_reg[29] in module color_mapper is either unconnected or has no load
WARNING: [Synth 8-7129] Port ctrl_reg[28] in module color_mapper is either unconnected or has no load
WARNING: [Synth 8-7129] Port ctrl_reg[27] in module color_mapper is either unconnected or has no load
WARNING: [Synth 8-7129] Port ctrl_reg[26] in module color_mapper is either unconnected or has no load
WARNING: [Synth 8-7129] Port ctrl_reg[25] in module color_mapper is either unconnected or has no load
WARNING: [Synth 8-7129] Port ctrl_reg[24] in module color_mapper is either unconnected or has no load
WARNING: [Synth 8-7129] Port ctrl_reg[23] in module color_mapper is either unconnected or has no load
WARNING: [Synth 8-7129] Port ctrl_reg[22] in module color_mapper is either unconnected or has no load
WARNING: [Synth 8-7129] Port ctrl_reg[21] in module color_mapper is either unconnected or has no load
WARNING: [Synth 8-7129] Port ctrl_reg[20] in module color_mapper is either unconnected or has no load
WARNING: [Synth 8-7129] Port ctrl_reg[19] in module color_mapper is either unconnected or has no load
WARNING: [Synth 8-7129] Port ctrl_reg[18] in module color_mapper is either unconnected or has no load
WARNING: [Synth 8-7129] Port ctrl_reg[17] in module color_mapper is either unconnected or has no load
WARNING: [Synth 8-7129] Port ctrl_reg[16] in module color_mapper is either unconnected or has no load
WARNING: [Synth 8-7129] Port ctrl_reg[15] in module color_mapper is either unconnected or has no load
WARNING: [Synth 8-7129] Port ctrl_reg[14] in module color_mapper is either unconnected or has no load
WARNING: [Synth 8-7129] Port ctrl_reg[13] in module color_mapper is either unconnected or has no load
WARNING: [Synth 8-7129] Port ctrl_reg[12] in module color_mapper is either unconnected or has no load
WARNING: [Synth 8-7129] Port ctrl_reg[11] in module color_mapper is either unconnected or has no load
WARNING: [Synth 8-7129] Port ctrl_reg[10] in module color_mapper is either unconnected or has no load
WARNING: [Synth 8-7129] Port ctrl_reg[9] in module color_mapper is either unconnected or has no load
WARNING: [Synth 8-7129] Port ctrl_reg[8] in module color_mapper is either unconnected or has no load
WARNING: [Synth 8-7129] Port ctrl_reg[7] in module color_mapper is either unconnected or has no load
WARNING: [Synth 8-7129] Port ctrl_reg[6] in module color_mapper is either unconnected or has no load
WARNING: [Synth 8-7129] Port ctrl_reg[5] in module color_mapper is either unconnected or has no load
WARNING: [Synth 8-7129] Port ctrl_reg[4] in module color_mapper is either unconnected or has no load
WARNING: [Synth 8-7129] Port ctrl_reg[3] in module color_mapper is either unconnected or has no load
WARNING: [Synth 8-7129] Port ctrl_reg[2] in module color_mapper is either unconnected or has no load
WARNING: [Synth 8-7129] Port ctrl_reg[1] in module color_mapper is either unconnected or has no load
WARNING: [Synth 8-7129] Port ctrl_reg[0] in module color_mapper is either unconnected or has no load
WARNING: [Synth 8-7129] Port CLKB in module blk_mem_output_block is either unconnected or has no load
WARNING: [Synth 8-7129] Port SBITERR_I in module blk_mem_output_block is either unconnected or has no load
WARNING: [Synth 8-7129] Port DBITERR_I in module blk_mem_output_block is either unconnected or has no load
WARNING: [Synth 8-7129] Port RDADDRECC_I[10] in module blk_mem_output_block is either unconnected or has no load
WARNING: [Synth 8-7129] Port RDADDRECC_I[9] in module blk_mem_output_block is either unconnected or has no load
WARNING: [Synth 8-7129] Port RDADDRECC_I[8] in module blk_mem_output_block is either unconnected or has no load
WARNING: [Synth 8-7129] Port RDADDRECC_I[7] in module blk_mem_output_block is either unconnected or has no load
WARNING: [Synth 8-7129] Port RDADDRECC_I[6] in module blk_mem_output_block is either unconnected or has no load
WARNING: [Synth 8-7129] Port RDADDRECC_I[5] in module blk_mem_output_block is either unconnected or has no load
WARNING: [Synth 8-7129] Port RDADDRECC_I[4] in module blk_mem_output_block is either unconnected or has no load
WARNING: [Synth 8-7129] Port RDADDRECC_I[3] in module blk_mem_output_block is either unconnected or has no load
WARNING: [Synth 8-7129] Port RDADDRECC_I[2] in module blk_mem_output_block is either unconnected or has no load
WARNING: [Synth 8-7129] Port RDADDRECC_I[1] in module blk_mem_output_block is either unconnected or has no load
WARNING: [Synth 8-7129] Port RDADDRECC_I[0] in module blk_mem_output_block is either unconnected or has no load
WARNING: [Synth 8-7129] Port SSRA in module blk_mem_gen_prim_wrapper__parameterized0 is either unconnected or has no load
WARNING: [Synth 8-7129] Port SSRB in module blk_mem_gen_prim_wrapper__parameterized0 is either unconnected or has no load
WARNING: [Synth 8-7129] Port SLEEP in module blk_mem_gen_prim_wrapper__parameterized0 is either unconnected or has no load
WARNING: [Synth 8-7129] Port INJECTSBITERR in module blk_mem_gen_prim_wrapper__parameterized0 is either unconnected or has no load
WARNING: [Synth 8-7129] Port INJECTDBITERR in module blk_mem_gen_prim_wrapper__parameterized0 is either unconnected or has no load
WARNING: [Synth 8-7129] Port ECCPIPECE in module blk_mem_gen_prim_wrapper__parameterized0 is either unconnected or has no load
WARNING: [Synth 8-7129] Port SSRA in module blk_mem_gen_prim_wrapper is either unconnected or has no load
WARNING: [Synth 8-7129] Port SSRB in module blk_mem_gen_prim_wrapper is either unconnected or has no load
WARNING: [Synth 8-7129] Port SLEEP in module blk_mem_gen_prim_wrapper is either unconnected or has no load
WARNING: [Synth 8-7129] Port INJECTSBITERR in module blk_mem_gen_prim_wrapper is either unconnected or has no load
WARNING: [Synth 8-7129] Port INJECTDBITERR in module blk_mem_gen_prim_wrapper is either unconnected or has no load
WARNING: [Synth 8-7129] Port ECCPIPECE in module blk_mem_gen_prim_wrapper is either unconnected or has no load
WARNING: [Synth 8-7129] Port REGCEA[0] in module blk_mem_gen_generic_cstr is either unconnected or has no load
WARNING: [Synth 8-7129] Port REGCEB[0] in module blk_mem_gen_generic_cstr is either unconnected or has no load
WARNING: [Synth 8-7129] Port INJECTSBITERR in module blk_mem_gen_generic_cstr is either unconnected or has no load
WARNING: [Synth 8-7129] Port INJECTDBITERR in module blk_mem_gen_generic_cstr is either unconnected or has no load
WARNING: [Synth 8-7129] Port RSTA in module blk_mem_input_block is either unconnected or has no load
WARNING: [Synth 8-7129] Port REGCEA in module blk_mem_input_block is either unconnected or has no load
WARNING: [Synth 8-7129] Port RSTB in module blk_mem_input_block is either unconnected or has no load
WARNING: [Synth 8-7129] Port REGCEB in module blk_mem_input_block is either unconnected or has no load
WARNING: [Synth 8-7129] Port INJECTDBITERR in module blk_mem_input_block is either unconnected or has no load
WARNING: [Synth 8-7129] Port INJECTSBITERR in module blk_mem_input_block is either unconnected or has no load
WARNING: [Synth 8-7129] Port S_AClk in module blk_mem_gen_v8_4_5_synth is either unconnected or has no load
WARNING: [Synth 8-7129] Port S_ARESETN in module blk_mem_gen_v8_4_5_synth is either unconnected or has no load
WARNING: [Synth 8-7129] Port S_AXI_AWID[3] in module blk_mem_gen_v8_4_5_synth is either unconnected or has no load
WARNING: [Synth 8-7129] Port S_AXI_AWID[2] in module blk_mem_gen_v8_4_5_synth is either unconnected or has no load
WARNING: [Synth 8-7129] Port S_AXI_AWID[1] in module blk_mem_gen_v8_4_5_synth is either unconnected or has no load
WARNING: [Synth 8-7129] Port S_AXI_AWID[0] in module blk_mem_gen_v8_4_5_synth is either unconnected or has no load
WARNING: [Synth 8-7129] Port S_AXI_AWADDR[31] in module blk_mem_gen_v8_4_5_synth is either unconnected or has no load
WARNING: [Synth 8-7129] Port S_AXI_AWADDR[30] in module blk_mem_gen_v8_4_5_synth is either unconnected or has no load
WARNING: [Synth 8-7129] Port S_AXI_AWADDR[29] in module blk_mem_gen_v8_4_5_synth is either unconnected or has no load
WARNING: [Synth 8-7129] Port S_AXI_AWADDR[28] in module blk_mem_gen_v8_4_5_synth is either unconnected or has no load
WARNING: [Synth 8-7129] Port S_AXI_AWADDR[27] in module blk_mem_gen_v8_4_5_synth is either unconnected or has no load
WARNING: [Synth 8-7129] Port S_AXI_AWADDR[26] in module blk_mem_gen_v8_4_5_synth is either unconnected or has no load
WARNING: [Synth 8-7129] Port S_AXI_AWADDR[25] in module blk_mem_gen_v8_4_5_synth is either unconnected or has no load
WARNING: [Synth 8-7129] Port S_AXI_AWADDR[24] in module blk_mem_gen_v8_4_5_synth is either unconnected or has no load
WARNING: [Synth 8-7129] Port S_AXI_AWADDR[23] in module blk_mem_gen_v8_4_5_synth is either unconnected or has no load
WARNING: [Synth 8-7129] Port S_AXI_AWADDR[22] in module blk_mem_gen_v8_4_5_synth is either unconnected or has no load
WARNING: [Synth 8-7129] Port S_AXI_AWADDR[21] in module blk_mem_gen_v8_4_5_synth is either unconnected or has no load
WARNING: [Synth 8-7129] Port S_AXI_AWADDR[20] in module blk_mem_gen_v8_4_5_synth is either unconnected or has no load
WARNING: [Synth 8-7129] Port S_AXI_AWADDR[19] in module blk_mem_gen_v8_4_5_synth is either unconnected or has no load
WARNING: [Synth 8-7129] Port S_AXI_AWADDR[18] in module blk_mem_gen_v8_4_5_synth is either unconnected or has no load
WARNING: [Synth 8-7129] Port S_AXI_AWADDR[17] in module blk_mem_gen_v8_4_5_synth is either unconnected or has no load
WARNING: [Synth 8-7129] Port S_AXI_AWADDR[16] in module blk_mem_gen_v8_4_5_synth is either unconnected or has no load
WARNING: [Synth 8-7129] Port S_AXI_AWADDR[15] in module blk_mem_gen_v8_4_5_synth is either unconnected or has no load
WARNING: [Synth 8-7129] Port S_AXI_AWADDR[14] in module blk_mem_gen_v8_4_5_synth is either unconnected or has no load
WARNING: [Synth 8-7129] Port S_AXI_AWADDR[13] in module blk_mem_gen_v8_4_5_synth is either unconnected or has no load
WARNING: [Synth 8-7129] Port S_AXI_AWADDR[12] in module blk_mem_gen_v8_4_5_synth is either unconnected or has no load
WARNING: [Synth 8-7129] Port S_AXI_AWADDR[11] in module blk_mem_gen_v8_4_5_synth is either unconnected or has no load
WARNING: [Synth 8-7129] Port S_AXI_AWADDR[10] in module blk_mem_gen_v8_4_5_synth is either unconnected or has no load
WARNING: [Synth 8-7129] Port S_AXI_AWADDR[9] in module blk_mem_gen_v8_4_5_synth is either unconnected or has no load
WARNING: [Synth 8-7129] Port S_AXI_AWADDR[8] in module blk_mem_gen_v8_4_5_synth is either unconnected or has no load
WARNING: [Synth 8-7129] Port S_AXI_AWADDR[7] in module blk_mem_gen_v8_4_5_synth is either unconnected or has no load
WARNING: [Synth 8-7129] Port S_AXI_AWADDR[6] in module blk_mem_gen_v8_4_5_synth is either unconnected or has no load
INFO: [Common 17-14] Message 'Synth 8-7129' appears 100 times and further instances of the messages will be disabled. Use the Tcl command set_msg_config to change the current settings.
---------------------------------------------------------------------------------
Finished RTL Elaboration : Time (s): cpu = 00:00:20 ; elapsed = 00:00:19 . Memory (MB): peak = 2763.742 ; gain = 421.922
---------------------------------------------------------------------------------
---------------------------------------------------------------------------------
Start Handling Custom Attributes
---------------------------------------------------------------------------------
---------------------------------------------------------------------------------
Finished Handling Custom Attributes : Time (s): cpu = 00:00:20 ; elapsed = 00:00:19 . Memory (MB): peak = 2763.742 ; gain = 421.922
---------------------------------------------------------------------------------
---------------------------------------------------------------------------------
Finished RTL Optimization Phase 1 : Time (s): cpu = 00:00:20 ; elapsed = 00:00:19 . Memory (MB): peak = 2763.742 ; gain = 421.922
---------------------------------------------------------------------------------
Netlist sorting complete. Time (s): cpu = 00:00:00 ; elapsed = 00:00:00.026 . Memory (MB): peak = 2763.742 ; gain = 0.000
INFO: [Netlist 29-17] Analyzing 7 Unisim elements for replacement
INFO: [Netlist 29-28] Unisim Transformation completed in 0 CPU seconds
INFO: [Project 1-570] Preparing netlist for logic optimization

Processing XDC Constraints
Initializing timing engine
Parsing XDC File [c:/users/shane/documents/classes/ece_385/lab_7/lab_7_2/lab_7_2.tmp/hdmi_text_controller_v1_0_project/hdmi_text_controller_v1_0_project.gen/sources_1/ip/clk_wiz_0/clk_wiz_0_board.xdc] for cell 'clk_wiz/inst'
Finished Parsing XDC File [c:/users/shane/documents/classes/ece_385/lab_7/lab_7_2/lab_7_2.tmp/hdmi_text_controller_v1_0_project/hdmi_text_controller_v1_0_project.gen/sources_1/ip/clk_wiz_0/clk_wiz_0_board.xdc] for cell 'clk_wiz/inst'
Parsing XDC File [c:/users/shane/documents/classes/ece_385/lab_7/lab_7_2/lab_7_2.tmp/hdmi_text_controller_v1_0_project/hdmi_text_controller_v1_0_project.gen/sources_1/ip/clk_wiz_0/clk_wiz_0.xdc] for cell 'clk_wiz/inst'
Finished Parsing XDC File [c:/users/shane/documents/classes/ece_385/lab_7/lab_7_2/lab_7_2.tmp/hdmi_text_controller_v1_0_project/hdmi_text_controller_v1_0_project.gen/sources_1/ip/clk_wiz_0/clk_wiz_0.xdc] for cell 'clk_wiz/inst'
INFO: [Project 1-236] Implementation specific constraints were found while reading constraint file [c:/users/shane/documents/classes/ece_385/lab_7/lab_7_2/lab_7_2.tmp/hdmi_text_controller_v1_0_project/hdmi_text_controller_v1_0_project.gen/sources_1/ip/clk_wiz_0/clk_wiz_0.xdc]. These constraints will be ignored for synthesis but will be used in implementation. Impacted constraints are listed in the file [.Xil/hdmi_text_controller_v1_0_propImpl.xdc].
Resolution: To avoid this warning, move constraints listed in [.Xil/hdmi_text_controller_v1_0_propImpl.xdc] to another XDC file and exclude this new file from synthesis with the used_in_synthesis property (File Properties dialog in GUI) and re-run elaboration/synthesis.
INFO: [Timing 38-2] Deriving generated clocks
Completed Processing XDC Constraints

Netlist sorting complete. Time (s): cpu = 00:00:00 ; elapsed = 00:00:00 . Memory (MB): peak = 2818.773 ; gain = 0.000
INFO: [Project 1-111] Unisim Transformation Summary:
No Unisim elements were transformed.

RTL Elaboration Complete:  : Time (s): cpu = 00:00:25 ; elapsed = 00:00:22 . Memory (MB): peak = 2838.605 ; gain = 496.785
53 Infos, 110 Warnings, 0 Critical Warnings and 0 Errors encountered.
synth_design completed successfully
synth_design: Time (s): cpu = 00:00:25 ; elapsed = 00:00:22 . Memory (MB): peak = 2838.605 ; gain = 496.785
current_project lab_7_2
current_project hdmi_text_controller_v1_0_project
launch_simulation
Command: launch_simulation 
INFO: [Vivado 12-12493] Simulation top is 'hdmi_text_controller_tb'
WARNING: [Vivado 12-13340] Unable to auto find GCC executables from simulator install path! (path not set)
WARNING: [Vivado 12-13277] Compiled library path does not exist: ''
INFO: [Vivado 12-5698] Checking validity of IPs in the design for the 'XSim' simulator...
INFO: [Vivado 12-5682] Launching behavioral simulation in 'c:/users/shane/documents/classes/ece_385/lab_7/lab_7_2/lab_7_2.tmp/hdmi_text_controller_v1_0_project/hdmi_text_controller_v1_0_project.sim/sim_1/behav/xsim'
INFO: [Vivado 12-13660] Precompiled IP simulation library mode is enabled (default). The design IP libraries will be referenced from the compiled library path. Please note that if the precompiled version of the library is not found from the path or the IP is in locked state, then the library source files for these IPs will be compiled locally as part of the compile order.
INFO: [Vivado 12-4795] Using compiled simulation libraries for IPs
INFO: [SIM-utils-51] Simulation object is 'sim_1'
INFO: [SIM-utils-72] Using boost library from 'C:/Xilinx/Vivado/2022.2/tps/boost_1_72_0'
INFO: [USF-XSim-7] Finding pre-compiled libraries...
INFO: [USF-XSim-11] File 'C:/Xilinx/Vivado/2022.2/data/xsim/xsim.ini' copied to run dir:'c:/users/shane/documents/classes/ece_385/lab_7/lab_7_2/lab_7_2.tmp/hdmi_text_controller_v1_0_project/hdmi_text_controller_v1_0_project.sim/sim_1/behav/xsim'
INFO: [SIM-utils-54] Inspecting design source files for 'hdmi_text_controller_tb' in fileset 'sim_1'...
INFO: [USF-XSim-97] Finding global include files...
INFO: [USF-XSim-98] Fetching design files from 'sim_1'...
INFO: [USF-XSim-2] XSim::Compile design
INFO: [USF-XSim-61] Executing 'COMPILE and ANALYZE' step in 'c:/users/shane/documents/classes/ece_385/lab_7/lab_7_2/lab_7_2.tmp/hdmi_text_controller_v1_0_project/hdmi_text_controller_v1_0_project.sim/sim_1/behav/xsim'
"xvlog --incr --relax -L uvm -prj hdmi_text_controller_tb_vlog.prj"
INFO: [VRFC 10-2263] Analyzing Verilog file "c:/users/shane/documents/classes/ece_385/lab_7/lab_7_2/lab_7_2.tmp/hdmi_text_controller_v1_0_project/hdmi_text_controller_v1_0_project.gen/sources_1/ip/hdmi_tx_0/hdl/encode.v" into library xil_defaultlib
INFO: [VRFC 10-311] analyzing module encode
INFO: [VRFC 10-2263] Analyzing Verilog file "c:/users/shane/documents/classes/ece_385/lab_7/lab_7_2/lab_7_2.tmp/hdmi_text_controller_v1_0_project/hdmi_text_controller_v1_0_project.gen/sources_1/ip/hdmi_tx_0/hdl/serdes_10_to_1.v" into library xil_defaultlib
INFO: [VRFC 10-311] analyzing module serdes_10_to_1
INFO: [VRFC 10-2263] Analyzing Verilog file "c:/users/shane/documents/classes/ece_385/lab_7/lab_7_2/lab_7_2.tmp/hdmi_text_controller_v1_0_project/hdmi_text_controller_v1_0_project.gen/sources_1/ip/hdmi_tx_0/hdl/srldelay.v" into library xil_defaultlib
INFO: [VRFC 10-311] analyzing module srldelay
INFO: [VRFC 10-2263] Analyzing Verilog file "c:/users/shane/documents/classes/ece_385/lab_7/lab_7_2/lab_7_2.tmp/hdmi_text_controller_v1_0_project/hdmi_text_controller_v1_0_project.gen/sources_1/ip/hdmi_tx_0/hdl/hdmi_tx_v1_0.v" into library xil_defaultlib
INFO: [VRFC 10-311] analyzing module hdmi_tx_v1_0
INFO: [VRFC 10-2263] Analyzing Verilog file "c:/users/shane/documents/classes/ece_385/lab_7/lab_7_2/lab_7_2.tmp/hdmi_text_controller_v1_0_project/hdmi_text_controller_v1_0_project.gen/sources_1/ip/hdmi_tx_0/sim/hdmi_tx_0.v" into library xil_defaultlib
INFO: [VRFC 10-311] analyzing module hdmi_tx_0
INFO: [VRFC 10-2263] Analyzing Verilog file "c:/users/shane/documents/classes/ece_385/lab_7/lab_7_2/lab_7_2.tmp/hdmi_text_controller_v1_0_project/hdmi_text_controller_v1_0_project.gen/sources_1/ip/clk_wiz_0/clk_wiz_0_clk_wiz.v" into library xil_defaultlib
INFO: [VRFC 10-311] analyzing module clk_wiz_0_clk_wiz
INFO: [VRFC 10-2263] Analyzing Verilog file "c:/users/shane/documents/classes/ece_385/lab_7/lab_7_2/lab_7_2.tmp/hdmi_text_controller_v1_0_project/hdmi_text_controller_v1_0_project.gen/sources_1/ip/clk_wiz_0/clk_wiz_0.v" into library xil_defaultlib
INFO: [VRFC 10-311] analyzing module clk_wiz_0
INFO: [VRFC 10-2263] Analyzing Verilog file "c:/users/shane/documents/classes/ece_385/lab_7/lab_7_2/lab_7_2.tmp/hdmi_text_controller_v1_0_project/hdmi_text_controller_v1_0_project.ip_user_files/ipstatic/simulation/blk_mem_gen_v8_4.v" into library xil_defaultlib
INFO: [VRFC 10-311] analyzing module STATE_LOGIC_v8_4
INFO: [VRFC 10-311] analyzing module beh_vlog_muxf7_v8_4
INFO: [VRFC 10-311] analyzing module beh_vlog_ff_clr_v8_4
INFO: [VRFC 10-311] analyzing module beh_vlog_ff_pre_v8_4
INFO: [VRFC 10-311] analyzing module beh_vlog_ff_ce_clr_v8_4
INFO: [VRFC 10-311] analyzing module write_netlist_v8_4
INFO: [VRFC 10-311] analyzing module read_netlist_v8_4
INFO: [VRFC 10-311] analyzing module blk_mem_axi_write_wrapper_beh_v8_4
INFO: [VRFC 10-311] analyzing module blk_mem_axi_read_wrapper_beh_v8_4
INFO: [VRFC 10-311] analyzing module blk_mem_axi_regs_fwd_v8_4
INFO: [VRFC 10-311] analyzing module blk_mem_gen_v8_4_5_output_stage
INFO: [VRFC 10-311] analyzing module blk_mem_gen_v8_4_5_softecc_output_reg_stage
INFO: [VRFC 10-311] analyzing module blk_mem_gen_v8_4_5_mem_module
INFO: [VRFC 10-311] analyzing module blk_mem_gen_v8_4_5
INFO: [VRFC 10-2263] Analyzing Verilog file "c:/users/shane/documents/classes/ece_385/lab_7/lab_7_2/lab_7_2.tmp/hdmi_text_controller_v1_0_project/hdmi_text_controller_v1_0_project.gen/sources_1/ip/blk_mem_gen_0/sim/blk_mem_gen_0.v" into library xil_defaultlib
INFO: [VRFC 10-311] analyzing module blk_mem_gen_0
INFO: [VRFC 10-2263] Analyzing SystemVerilog file "c:/users/shane/documents/classes/ece_385/lab_7/lab_7_2/ip_repo/hdmi_text_controller_1_0/src/Color_Mapper.sv" into library xil_defaultlib
INFO: [VRFC 10-311] analyzing module color_mapper
INFO: [VRFC 10-2263] Analyzing SystemVerilog file "c:/users/shane/documents/classes/ece_385/lab_7/lab_7_2/ip_repo/hdmi_text_controller_1_0/src/VGA_controller.sv" into library xil_defaultlib
INFO: [VRFC 10-311] analyzing module vga_controller
INFO: [VRFC 10-2263] Analyzing SystemVerilog file "c:/users/shane/documents/classes/ece_385/lab_7/lab_7_2/ip_repo/hdmi_text_controller_1_0/src/font_rom.sv" into library xil_defaultlib
INFO: [VRFC 10-311] analyzing module font_rom
INFO: [VRFC 10-2263] Analyzing SystemVerilog file "c:/users/shane/documents/classes/ece_385/lab_7/lab_7_2/ip_repo/hdmi_text_controller_1_0/src/hdmi_text_controller_v1_0.sv" into library xil_defaultlib
INFO: [VRFC 10-311] analyzing module hdmi_text_controller_v1_0
INFO: [VRFC 10-2263] Analyzing SystemVerilog file "c:/users/shane/documents/classes/ece_385/lab_7/lab_7_2/ip_repo/hdmi_text_controller_1_0/src/hdmi_text_controller_v1_0_AXI.sv" into library xil_defaultlib
INFO: [VRFC 10-311] analyzing module hdmi_text_controller_v1_0_AXI
INFO: [VRFC 10-2263] Analyzing SystemVerilog file "c:/users/shane/documents/classes/ece_385/lab_7/lab_7_2/ip_repo/hdmi_text_controller_1_0/src/hdmi_text_controller_v1_0_tb.sv" into library xil_defaultlib
INFO: [VRFC 10-311] analyzing module hdmi_text_controller_tb
INFO: [VRFC 10-2263] Analyzing Verilog file "c:/users/shane/documents/classes/ece_385/lab_7/lab_7_2/lab_7_2.tmp/hdmi_text_controller_v1_0_project/hdmi_text_controller_v1_0_project.sim/sim_1/behav/xsim/glbl.v" into library xil_defaultlib
INFO: [VRFC 10-311] analyzing module glbl
INFO: [USF-XSim-69] 'compile' step finished in '3' seconds
INFO: [USF-XSim-3] XSim::Elaborate design
INFO: [USF-XSim-61] Executing 'ELABORATE' step in 'c:/users/shane/documents/classes/ece_385/lab_7/lab_7_2/lab_7_2.tmp/hdmi_text_controller_v1_0_project/hdmi_text_controller_v1_0_project.sim/sim_1/behav/xsim'
"xelab --incr --debug typical --relax --mt 2 -L xil_defaultlib -L uvm -L unisims_ver -L unimacro_ver -L secureip -L xpm --snapshot hdmi_text_controller_tb_behav xil_defaultlib.hdmi_text_controller_tb xil_defaultlib.glbl -log elaborate.log"
Vivado Simulator v2022.2
Copyright 1986-1999, 2001-2022 Xilinx, Inc. All Rights Reserved.
Running: C:/Xilinx/Vivado/2022.2/bin/unwrapped/win64.o/xelab.exe --incr --debug typical --relax --mt 2 -L xil_defaultlib -L uvm -L unisims_ver -L unimacro_ver -L secureip -L xpm --snapshot hdmi_text_controller_tb_behav xil_defaultlib.hdmi_text_controller_tb xil_defaultlib.glbl -log elaborate.log 
Using 2 slave threads.
Starting static elaboration
Pass Through NonSizing Optimizer
WARNING: [VRFC 10-3091] actual bit length 32 differs from formal bit length 16 for port 'axi_awaddr' [c:/users/shane/documents/classes/ece_385/lab_7/lab_7_2/ip_repo/hdmi_text_controller_1_0/src/hdmi_text_controller_v1_0_tb.sv:74]
WARNING: [VRFC 10-3091] actual bit length 32 differs from formal bit length 16 for port 'axi_araddr' [c:/users/shane/documents/classes/ece_385/lab_7/lab_7_2/ip_repo/hdmi_text_controller_1_0/src/hdmi_text_controller_v1_0_tb.sv:88]
WARNING: [VRFC 10-3091] actual bit length 12 differs from formal bit length 11 for port 'addr' [c:/users/shane/documents/classes/ece_385/lab_7/lab_7_2/ip_repo/hdmi_text_controller_1_0/src/hdmi_text_controller_v1_0.sv:190]
Completed static elaboration
Starting simulation data flow analysis
WARNING: [XSIM 43-4099] "c:/users/shane/documents/classes/ece_385/lab_7/lab_7_2/ip_repo/hdmi_text_controller_1_0/src/VGA_controller.sv" Line 26. Module vga_controller doesn't have a timescale but at least one module in design has a timescale.
WARNING: [XSIM 43-4099] "c:/users/shane/documents/classes/ece_385/lab_7/lab_7_2/ip_repo/hdmi_text_controller_1_0/src/Color_Mapper.sv" Line 17. Module color_mapper doesn't have a timescale but at least one module in design has a timescale.
WARNING: [XSIM 43-4099] "c:/users/shane/documents/classes/ece_385/lab_7/lab_7_2/ip_repo/hdmi_text_controller_1_0/src/font_rom.sv" Line 1. Module font_rom doesn't have a timescale but at least one module in design has a timescale.
WARNING: [XSIM 43-4099] "c:/users/shane/documents/classes/ece_385/lab_7/lab_7_2/ip_repo/hdmi_text_controller_1_0/src/VGA_controller.sv" Line 26. Module vga_controller doesn't have a timescale but at least one module in design has a timescale.
WARNING: [XSIM 43-4099] "c:/users/shane/documents/classes/ece_385/lab_7/lab_7_2/ip_repo/hdmi_text_controller_1_0/src/Color_Mapper.sv" Line 17. Module color_mapper doesn't have a timescale but at least one module in design has a timescale.
WARNING: [XSIM 43-4099] "c:/users/shane/documents/classes/ece_385/lab_7/lab_7_2/ip_repo/hdmi_text_controller_1_0/src/font_rom.sv" Line 1. Module font_rom doesn't have a timescale but at least one module in design has a timescale.
Completed simulation data flow analysis
Time Resolution for simulation is 1ps
Compiling module xil_defaultlib.hdmi_text_controller_v1_0_AXI(C_...
Compiling module xil_defaultlib.blk_mem_gen_v8_4_5_output_stage(...
Compiling module xil_defaultlib.blk_mem_gen_v8_4_5_softecc_outpu...
Compiling module xil_defaultlib.blk_mem_gen_v8_4_5_mem_module(C_...
Compiling module xil_defaultlib.blk_mem_gen_v8_4_5(C_FAMILY="spa...
Compiling module xil_defaultlib.blk_mem_gen_0
Compiling module unisims_ver.IBUF
Compiling module unisims_ver.MMCME2_ADV(CLKFBOUT_MULT_F=10.0,...
Compiling module unisims_ver.BUFG
Compiling module xil_defaultlib.clk_wiz_0_clk_wiz
Compiling module xil_defaultlib.clk_wiz_0
Compiling module xil_defaultlib.vga_controller
Compiling module unisims_ver.SRL16E_default
Compiling module xil_defaultlib.srldelay(WIDTH=40,TAPS=4'b1010)
Compiling module xil_defaultlib.encode_default
Compiling module xil_defaultlib.encode(CHANNEL="GREEN")
Compiling module xil_defaultlib.encode(CHANNEL="RED")
Compiling module unisims_ver.OSERDESE2(DATA_RATE_TQ="SDR",DAT...
Compiling module unisims_ver.OSERDESE2(DATA_RATE_TQ="SDR",DAT...
Compiling module xil_defaultlib.serdes_10_to_1
Compiling module unisims_ver.OBUFDS(IOSTANDARD="TMDS_33")
Compiling module xil_defaultlib.hdmi_tx_v1_0(C_RED_WIDTH=4,C_GRE...
Compiling module xil_defaultlib.hdmi_tx_0
Compiling module xil_defaultlib.font_rom
Compiling module xil_defaultlib.color_mapper
Compiling module xil_defaultlib.hdmi_text_controller_v1_0(C_AXI_...
Compiling module xil_defaultlib.hdmi_text_controller_tb
Compiling module xil_defaultlib.glbl
Built simulation snapshot hdmi_text_controller_tb_behav
run_program: Time (s): cpu = 00:00:00 ; elapsed = 00:00:09 . Memory (MB): peak = 2838.605 ; gain = 0.000
INFO: [USF-XSim-69] 'elaborate' step finished in '9' seconds
INFO: [USF-XSim-4] XSim::Simulate design
INFO: [USF-XSim-61] Executing 'SIMULATE' step in 'c:/users/shane/documents/classes/ece_385/lab_7/lab_7_2/lab_7_2.tmp/hdmi_text_controller_v1_0_project/hdmi_text_controller_v1_0_project.sim/sim_1/behav/xsim'
INFO: [USF-XSim-98] *** Running xsim
   with args "hdmi_text_controller_tb_behav -key {Behavioral:sim_1:Functional:hdmi_text_controller_tb} -tclbatch {hdmi_text_controller_tb.tcl} -view {c:/users/shane/documents/classes/ece_385/lab_7/lab_7_2/lab_7_2.tmp/hdmi_text_controller_v1_0_project/hdmi_text_controller_tb_behav.wcfg} -log {simulate.log}"
INFO: [USF-XSim-8] Loading simulator feature
Time resolution is 1 ps
open_wave_config c:/users/shane/documents/classes/ece_385/lab_7/lab_7_2/lab_7_2.tmp/hdmi_text_controller_v1_0_project/hdmi_text_controller_tb_behav.wcfg
source hdmi_text_controller_tb.tcl
# set curr_wave [current_wave_config]
# if { [string length $curr_wave] == 0 } {
#   if { [llength [get_objects]] > 0} {
#     add_wave /
#     set_property needs_save false [current_wave_config]
#   } else {
#      send_msg_id Add_Wave-1 WARNING "No top level signals found. Simulator will start without a wave window. If you want to open a wave window go to 'File->New Waveform Configuration' or type 'create_wave_config' in the TCL console."
#   }
# }
# run all
Block Memory Generator module hdmi_text_controller_tb.hdmi_text_controller_v1_0_inst.sram0.inst.\native_mem_module.blk_mem_gen_v8_4_5_inst  is using a behavioral model for simulation which will not precisely model memory collision behavior.
first color reg: 00000000
second color reg: 00000000
$finish called at time : 240 ns : File "c:/users/shane/documents/classes/ece_385/lab_7/lab_7_2/ip_repo/hdmi_text_controller_1_0/src/hdmi_text_controller_v1_0_tb.sv" Line 338
INFO: [USF-XSim-96] XSim completed. Design snapshot 'hdmi_text_controller_tb_behav' loaded.
INFO: [USF-XSim-97] XSim simulation ran for all
launch_simulation: Time (s): cpu = 00:00:10 ; elapsed = 00:00:17 . Memory (MB): peak = 2868.203 ; gain = 29.598
WARNING: [filemgmt 56-199] Attempt to get parsing info during refresh. "On-the-fly" syntax checking information may be incorrect. [c:\Users\Shane\Documents\Classes\ECE_385\Lab_7\lab_7_2\ip_repo\hdmi_text_controller_1_0\src\hdmi_text_controller_v1_0.sv:]
WARNING: [filemgmt 56-199] Attempt to get parsing info during refresh. "On-the-fly" syntax checking information may be incorrect. [c:\Users\Shane\Documents\Classes\ECE_385\Lab_7\lab_7_2\ip_repo\hdmi_text_controller_1_0\src\hdmi_text_controller_v1_0_AXI.sv:]
WARNING: [filemgmt 56-199] Attempt to get parsing info during refresh. "On-the-fly" syntax checking information may be incorrect. [c:\Users\Shane\Documents\Classes\ECE_385\Lab_7\lab_7_2\ip_repo\hdmi_text_controller_1_0\src\Color_Mapper.sv:]
WARNING: [filemgmt 56-199] Attempt to get parsing info during refresh. "On-the-fly" syntax checking information may be incorrect. [c:\Users\Shane\Documents\Classes\ECE_385\Lab_7\lab_7_2\ip_repo\hdmi_text_controller_1_0\src\hdmi_text_controller_v1_0_tb.sv:]
ERROR: [Common 17-180] Spawn failed: No error
WARNING: [filemgmt 56-199] Attempt to get parsing info during refresh. "On-the-fly" syntax checking information may be incorrect. [c:\Users\Shane\Documents\Classes\ECE_385\Lab_7\lab_7_2\ip_repo\hdmi_text_controller_1_0\src\hdmi_text_controller_v1_0.sv:]
WARNING: [filemgmt 56-199] Attempt to get parsing info during refresh. "On-the-fly" syntax checking information may be incorrect. [c:\Users\Shane\Documents\Classes\ECE_385\Lab_7\lab_7_2\ip_repo\hdmi_text_controller_1_0\src\hdmi_text_controller_v1_0_AXI.sv:]
WARNING: [filemgmt 56-199] Attempt to get parsing info during refresh. "On-the-fly" syntax checking information may be incorrect. [c:\Users\Shane\Documents\Classes\ECE_385\Lab_7\lab_7_2\ip_repo\hdmi_text_controller_1_0\src\Color_Mapper.sv:]
WARNING: [filemgmt 56-199] Attempt to get parsing info during refresh. "On-the-fly" syntax checking information may be incorrect. [c:\Users\Shane\Documents\Classes\ECE_385\Lab_7\lab_7_2\ip_repo\hdmi_text_controller_1_0\src\hdmi_text_controller_v1_0_tb.sv:]
ERROR: [Common 17-180] Spawn failed: No error
WARNING: [filemgmt 56-199] Attempt to get parsing info during refresh. "On-the-fly" syntax checking information may be incorrect. [c:\Users\Shane\Documents\Classes\ECE_385\Lab_7\lab_7_2\ip_repo\hdmi_text_controller_1_0\src\hdmi_text_controller_v1_0.sv:]
WARNING: [filemgmt 56-199] Attempt to get parsing info during refresh. "On-the-fly" syntax checking information may be incorrect. [c:\Users\Shane\Documents\Classes\ECE_385\Lab_7\lab_7_2\ip_repo\hdmi_text_controller_1_0\src\hdmi_text_controller_v1_0_AXI.sv:]
WARNING: [filemgmt 56-199] Attempt to get parsing info during refresh. "On-the-fly" syntax checking information may be incorrect. [c:\Users\Shane\Documents\Classes\ECE_385\Lab_7\lab_7_2\ip_repo\hdmi_text_controller_1_0\src\Color_Mapper.sv:]
WARNING: [filemgmt 56-199] Attempt to get parsing info during refresh. "On-the-fly" syntax checking information may be incorrect. [c:\Users\Shane\Documents\Classes\ECE_385\Lab_7\lab_7_2\ip_repo\hdmi_text_controller_1_0\src\hdmi_text_controller_v1_0_tb.sv:]
WARNING: [filemgmt 56-199] Attempt to get parsing info during refresh. "On-the-fly" syntax checking information may be incorrect. [c:\Users\Shane\Documents\Classes\ECE_385\Lab_7\lab_7_2\ip_repo\hdmi_text_controller_1_0\src\hdmi_text_controller_v1_0.sv:]
WARNING: [filemgmt 56-199] Attempt to get parsing info during refresh. "On-the-fly" syntax checking information may be incorrect. [c:\Users\Shane\Documents\Classes\ECE_385\Lab_7\lab_7_2\ip_repo\hdmi_text_controller_1_0\src\hdmi_text_controller_v1_0_AXI.sv:]
WARNING: [filemgmt 56-199] Attempt to get parsing info during refresh. "On-the-fly" syntax checking information may be incorrect. [c:\Users\Shane\Documents\Classes\ECE_385\Lab_7\lab_7_2\ip_repo\hdmi_text_controller_1_0\src\Color_Mapper.sv:]
WARNING: [filemgmt 56-199] Attempt to get parsing info during refresh. "On-the-fly" syntax checking information may be incorrect. [c:\Users\Shane\Documents\Classes\ECE_385\Lab_7\lab_7_2\ip_repo\hdmi_text_controller_1_0\src\hdmi_text_controller_v1_0_tb.sv:]
ERROR: [Common 17-180] Spawn failed: No error
WARNING: [filemgmt 56-199] Attempt to get parsing info during refresh. "On-the-fly" syntax checking information may be incorrect. [c:\Users\Shane\Documents\Classes\ECE_385\Lab_7\lab_7_2\ip_repo\hdmi_text_controller_1_0\src\hdmi_text_controller_v1_0.sv:]
WARNING: [filemgmt 56-199] Attempt to get parsing info during refresh. "On-the-fly" syntax checking information may be incorrect. [c:\Users\Shane\Documents\Classes\ECE_385\Lab_7\lab_7_2\ip_repo\hdmi_text_controller_1_0\src\hdmi_text_controller_v1_0_AXI.sv:]
WARNING: [filemgmt 56-199] Attempt to get parsing info during refresh. "On-the-fly" syntax checking information may be incorrect. [c:\Users\Shane\Documents\Classes\ECE_385\Lab_7\lab_7_2\ip_repo\hdmi_text_controller_1_0\src\Color_Mapper.sv:]
WARNING: [filemgmt 56-199] Attempt to get parsing info during refresh. "On-the-fly" syntax checking information may be incorrect. [c:\Users\Shane\Documents\Classes\ECE_385\Lab_7\lab_7_2\ip_repo\hdmi_text_controller_1_0\src\hdmi_text_controller_v1_0_tb.sv:]
ERROR: [Common 17-180] Spawn failed: No error
WARNING: [filemgmt 56-199] Attempt to get parsing info during refresh. "On-the-fly" syntax checking information may be incorrect. [c:\Users\Shane\Documents\Classes\ECE_385\Lab_7\lab_7_2\ip_repo\hdmi_text_controller_1_0\src\hdmi_text_controller_v1_0.sv:]
WARNING: [filemgmt 56-199] Attempt to get parsing info during refresh. "On-the-fly" syntax checking information may be incorrect. [c:\Users\Shane\Documents\Classes\ECE_385\Lab_7\lab_7_2\ip_repo\hdmi_text_controller_1_0\src\hdmi_text_controller_v1_0_AXI.sv:]
WARNING: [filemgmt 56-199] Attempt to get parsing info during refresh. "On-the-fly" syntax checking information may be incorrect. [c:\Users\Shane\Documents\Classes\ECE_385\Lab_7\lab_7_2\ip_repo\hdmi_text_controller_1_0\src\Color_Mapper.sv:]
WARNING: [filemgmt 56-199] Attempt to get parsing info during refresh. "On-the-fly" syntax checking information may be incorrect. [c:\Users\Shane\Documents\Classes\ECE_385\Lab_7\lab_7_2\ip_repo\hdmi_text_controller_1_0\src\hdmi_text_controller_v1_0_tb.sv:]
ERROR: [Common 17-180] Spawn failed: No error
WARNING: [filemgmt 56-199] Attempt to get parsing info during refresh. "On-the-fly" syntax checking information may be incorrect. [c:\Users\Shane\Documents\Classes\ECE_385\Lab_7\lab_7_2\ip_repo\hdmi_text_controller_1_0\src\hdmi_text_controller_v1_0.sv:]
WARNING: [filemgmt 56-199] Attempt to get parsing info during refresh. "On-the-fly" syntax checking information may be incorrect. [c:\Users\Shane\Documents\Classes\ECE_385\Lab_7\lab_7_2\ip_repo\hdmi_text_controller_1_0\src\hdmi_text_controller_v1_0_AXI.sv:]
WARNING: [filemgmt 56-199] Attempt to get parsing info during refresh. "On-the-fly" syntax checking information may be incorrect. [c:\Users\Shane\Documents\Classes\ECE_385\Lab_7\lab_7_2\ip_repo\hdmi_text_controller_1_0\src\Color_Mapper.sv:]
WARNING: [filemgmt 56-199] Attempt to get parsing info during refresh. "On-the-fly" syntax checking information may be incorrect. [c:\Users\Shane\Documents\Classes\ECE_385\Lab_7\lab_7_2\ip_repo\hdmi_text_controller_1_0\src\hdmi_text_controller_v1_0_tb.sv:]
ERROR: [Common 17-180] Spawn failed: No error
WARNING: [filemgmt 56-199] Attempt to get parsing info during refresh. "On-the-fly" syntax checking information may be incorrect. [c:\Users\Shane\Documents\Classes\ECE_385\Lab_7\lab_7_2\ip_repo\hdmi_text_controller_1_0\src\hdmi_text_controller_v1_0.sv:]
WARNING: [filemgmt 56-199] Attempt to get parsing info during refresh. "On-the-fly" syntax checking information may be incorrect. [c:\Users\Shane\Documents\Classes\ECE_385\Lab_7\lab_7_2\ip_repo\hdmi_text_controller_1_0\src\hdmi_text_controller_v1_0_AXI.sv:]
WARNING: [filemgmt 56-199] Attempt to get parsing info during refresh. "On-the-fly" syntax checking information may be incorrect. [c:\Users\Shane\Documents\Classes\ECE_385\Lab_7\lab_7_2\ip_repo\hdmi_text_controller_1_0\src\Color_Mapper.sv:]
WARNING: [filemgmt 56-199] Attempt to get parsing info during refresh. "On-the-fly" syntax checking information may be incorrect. [c:\Users\Shane\Documents\Classes\ECE_385\Lab_7\lab_7_2\ip_repo\hdmi_text_controller_1_0\src\hdmi_text_controller_v1_0_tb.sv:]
ERROR: [Common 17-180] Spawn failed: No error
WARNING: [filemgmt 56-199] Attempt to get parsing info during refresh. "On-the-fly" syntax checking information may be incorrect. [c:\Users\Shane\Documents\Classes\ECE_385\Lab_7\lab_7_2\ip_repo\hdmi_text_controller_1_0\src\hdmi_text_controller_v1_0.sv:]
WARNING: [filemgmt 56-199] Attempt to get parsing info during refresh. "On-the-fly" syntax checking information may be incorrect. [c:\Users\Shane\Documents\Classes\ECE_385\Lab_7\lab_7_2\ip_repo\hdmi_text_controller_1_0\src\hdmi_text_controller_v1_0_AXI.sv:]
WARNING: [filemgmt 56-199] Attempt to get parsing info during refresh. "On-the-fly" syntax checking information may be incorrect. [c:\Users\Shane\Documents\Classes\ECE_385\Lab_7\lab_7_2\ip_repo\hdmi_text_controller_1_0\src\Color_Mapper.sv:]
WARNING: [filemgmt 56-199] Attempt to get parsing info during refresh. "On-the-fly" syntax checking information may be incorrect. [c:\Users\Shane\Documents\Classes\ECE_385\Lab_7\lab_7_2\ip_repo\hdmi_text_controller_1_0\src\hdmi_text_controller_v1_0_tb.sv:]
ERROR: [Common 17-180] Spawn failed: No error
WARNING: [filemgmt 56-199] Attempt to get parsing info during refresh. "On-the-fly" syntax checking information may be incorrect. [c:\Users\Shane\Documents\Classes\ECE_385\Lab_7\lab_7_2\ip_repo\hdmi_text_controller_1_0\src\hdmi_text_controller_v1_0.sv:]
WARNING: [filemgmt 56-199] Attempt to get parsing info during refresh. "On-the-fly" syntax checking information may be incorrect. [c:\Users\Shane\Documents\Classes\ECE_385\Lab_7\lab_7_2\ip_repo\hdmi_text_controller_1_0\src\hdmi_text_controller_v1_0_AXI.sv:]
WARNING: [filemgmt 56-199] Attempt to get parsing info during refresh. "On-the-fly" syntax checking information may be incorrect. [c:\Users\Shane\Documents\Classes\ECE_385\Lab_7\lab_7_2\ip_repo\hdmi_text_controller_1_0\src\Color_Mapper.sv:]
WARNING: [filemgmt 56-199] Attempt to get parsing info during refresh. "On-the-fly" syntax checking information may be incorrect. [c:\Users\Shane\Documents\Classes\ECE_385\Lab_7\lab_7_2\ip_repo\hdmi_text_controller_1_0\src\hdmi_text_controller_v1_0_tb.sv:]
WARNING: [filemgmt 56-199] Attempt to get parsing info during refresh. "On-the-fly" syntax checking information may be incorrect. [c:\Users\Shane\Documents\Classes\ECE_385\Lab_7\lab_7_2\ip_repo\hdmi_text_controller_1_0\src\hdmi_text_controller_v1_0.sv:]
WARNING: [filemgmt 56-199] Attempt to get parsing info during refresh. "On-the-fly" syntax checking information may be incorrect. [c:\Users\Shane\Documents\Classes\ECE_385\Lab_7\lab_7_2\ip_repo\hdmi_text_controller_1_0\src\hdmi_text_controller_v1_0_AXI.sv:]
WARNING: [filemgmt 56-199] Attempt to get parsing info during refresh. "On-the-fly" syntax checking information may be incorrect. [c:\Users\Shane\Documents\Classes\ECE_385\Lab_7\lab_7_2\ip_repo\hdmi_text_controller_1_0\src\Color_Mapper.sv:]
WARNING: [filemgmt 56-199] Attempt to get parsing info during refresh. "On-the-fly" syntax checking information may be incorrect. [c:\Users\Shane\Documents\Classes\ECE_385\Lab_7\lab_7_2\ip_repo\hdmi_text_controller_1_0\src\hdmi_text_controller_v1_0_tb.sv:]
ERROR: [Common 17-180] Spawn failed: No error
WARNING: [filemgmt 56-199] Attempt to get parsing info during refresh. "On-the-fly" syntax checking information may be incorrect. [c:\Users\Shane\Documents\Classes\ECE_385\Lab_7\lab_7_2\ip_repo\hdmi_text_controller_1_0\src\hdmi_text_controller_v1_0.sv:]
WARNING: [filemgmt 56-199] Attempt to get parsing info during refresh. "On-the-fly" syntax checking information may be incorrect. [c:\Users\Shane\Documents\Classes\ECE_385\Lab_7\lab_7_2\ip_repo\hdmi_text_controller_1_0\src\hdmi_text_controller_v1_0_AXI.sv:]
WARNING: [filemgmt 56-199] Attempt to get parsing info during refresh. "On-the-fly" syntax checking information may be incorrect. [c:\Users\Shane\Documents\Classes\ECE_385\Lab_7\lab_7_2\ip_repo\hdmi_text_controller_1_0\src\Color_Mapper.sv:]
WARNING: [filemgmt 56-199] Attempt to get parsing info during refresh. "On-the-fly" syntax checking information may be incorrect. [c:\Users\Shane\Documents\Classes\ECE_385\Lab_7\lab_7_2\ip_repo\hdmi_text_controller_1_0\src\hdmi_text_controller_v1_0_tb.sv:]
ERROR: [Common 17-180] Spawn failed: No error
WARNING: [filemgmt 56-199] Attempt to get parsing info during refresh. "On-the-fly" syntax checking information may be incorrect. [c:\Users\Shane\Documents\Classes\ECE_385\Lab_7\lab_7_2\ip_repo\hdmi_text_controller_1_0\src\hdmi_text_controller_v1_0.sv:]
WARNING: [filemgmt 56-199] Attempt to get parsing info during refresh. "On-the-fly" syntax checking information may be incorrect. [c:\Users\Shane\Documents\Classes\ECE_385\Lab_7\lab_7_2\ip_repo\hdmi_text_controller_1_0\src\hdmi_text_controller_v1_0_AXI.sv:]
WARNING: [filemgmt 56-199] Attempt to get parsing info during refresh. "On-the-fly" syntax checking information may be incorrect. [c:\Users\Shane\Documents\Classes\ECE_385\Lab_7\lab_7_2\ip_repo\hdmi_text_controller_1_0\src\Color_Mapper.sv:]
WARNING: [filemgmt 56-199] Attempt to get parsing info during refresh. "On-the-fly" syntax checking information may be incorrect. [c:\Users\Shane\Documents\Classes\ECE_385\Lab_7\lab_7_2\ip_repo\hdmi_text_controller_1_0\src\hdmi_text_controller_v1_0_tb.sv:]
ERROR: [Common 17-180] Spawn failed: No error
WARNING: [filemgmt 56-199] Attempt to get parsing info during refresh. "On-the-fly" syntax checking information may be incorrect. [c:\Users\Shane\Documents\Classes\ECE_385\Lab_7\lab_7_2\ip_repo\hdmi_text_controller_1_0\src\hdmi_text_controller_v1_0.sv:]
WARNING: [filemgmt 56-199] Attempt to get parsing info during refresh. "On-the-fly" syntax checking information may be incorrect. [c:\Users\Shane\Documents\Classes\ECE_385\Lab_7\lab_7_2\ip_repo\hdmi_text_controller_1_0\src\hdmi_text_controller_v1_0_AXI.sv:]
WARNING: [filemgmt 56-199] Attempt to get parsing info during refresh. "On-the-fly" syntax checking information may be incorrect. [c:\Users\Shane\Documents\Classes\ECE_385\Lab_7\lab_7_2\ip_repo\hdmi_text_controller_1_0\src\Color_Mapper.sv:]
WARNING: [filemgmt 56-199] Attempt to get parsing info during refresh. "On-the-fly" syntax checking information may be incorrect. [c:\Users\Shane\Documents\Classes\ECE_385\Lab_7\lab_7_2\ip_repo\hdmi_text_controller_1_0\src\hdmi_text_controller_v1_0_tb.sv:]
ERROR: [Common 17-180] Spawn failed: No error
WARNING: [filemgmt 56-199] Attempt to get parsing info during refresh. "On-the-fly" syntax checking information may be incorrect. [c:\Users\Shane\Documents\Classes\ECE_385\Lab_7\lab_7_2\ip_repo\hdmi_text_controller_1_0\src\hdmi_text_controller_v1_0.sv:]
WARNING: [filemgmt 56-199] Attempt to get parsing info during refresh. "On-the-fly" syntax checking information may be incorrect. [c:\Users\Shane\Documents\Classes\ECE_385\Lab_7\lab_7_2\ip_repo\hdmi_text_controller_1_0\src\hdmi_text_controller_v1_0_AXI.sv:]
WARNING: [filemgmt 56-199] Attempt to get parsing info during refresh. "On-the-fly" syntax checking information may be incorrect. [c:\Users\Shane\Documents\Classes\ECE_385\Lab_7\lab_7_2\ip_repo\hdmi_text_controller_1_0\src\Color_Mapper.sv:]
WARNING: [filemgmt 56-199] Attempt to get parsing info during refresh. "On-the-fly" syntax checking information may be incorrect. [c:\Users\Shane\Documents\Classes\ECE_385\Lab_7\lab_7_2\ip_repo\hdmi_text_controller_1_0\src\hdmi_text_controller_v1_0_tb.sv:]
ERROR: [Common 17-180] Spawn failed: No error
close_sim
INFO: [Simtcl 6-16] Simulation closed
launch_simulation
Command: launch_simulation 
INFO: [Vivado 12-12493] Simulation top is 'hdmi_text_controller_tb'
WARNING: [Vivado 12-13340] Unable to auto find GCC executables from simulator install path! (path not set)
WARNING: [Vivado 12-13277] Compiled library path does not exist: ''
INFO: [Vivado 12-5698] Checking validity of IPs in the design for the 'XSim' simulator...
INFO: [Vivado 12-5682] Launching behavioral simulation in 'c:/users/shane/documents/classes/ece_385/lab_7/lab_7_2/lab_7_2.tmp/hdmi_text_controller_v1_0_project/hdmi_text_controller_v1_0_project.sim/sim_1/behav/xsim'
INFO: [Vivado 12-13660] Precompiled IP simulation library mode is enabled (default). The design IP libraries will be referenced from the compiled library path. Please note that if the precompiled version of the library is not found from the path or the IP is in locked state, then the library source files for these IPs will be compiled locally as part of the compile order.
INFO: [Vivado 12-4795] Using compiled simulation libraries for IPs
INFO: [SIM-utils-51] Simulation object is 'sim_1'
INFO: [SIM-utils-72] Using boost library from 'C:/Xilinx/Vivado/2022.2/tps/boost_1_72_0'
INFO: [USF-XSim-7] Finding pre-compiled libraries...
INFO: [USF-XSim-11] File 'C:/Xilinx/Vivado/2022.2/data/xsim/xsim.ini' copied to run dir:'c:/users/shane/documents/classes/ece_385/lab_7/lab_7_2/lab_7_2.tmp/hdmi_text_controller_v1_0_project/hdmi_text_controller_v1_0_project.sim/sim_1/behav/xsim'
INFO: [SIM-utils-54] Inspecting design source files for 'hdmi_text_controller_tb' in fileset 'sim_1'...
INFO: [USF-XSim-97] Finding global include files...
INFO: [USF-XSim-98] Fetching design files from 'sim_1'...
INFO: [USF-XSim-2] XSim::Compile design
INFO: [USF-XSim-61] Executing 'COMPILE and ANALYZE' step in 'c:/users/shane/documents/classes/ece_385/lab_7/lab_7_2/lab_7_2.tmp/hdmi_text_controller_v1_0_project/hdmi_text_controller_v1_0_project.sim/sim_1/behav/xsim'
"xvlog --incr --relax -L uvm -prj hdmi_text_controller_tb_vlog.prj"
INFO: [VRFC 10-2263] Analyzing SystemVerilog file "c:/users/shane/documents/classes/ece_385/lab_7/lab_7_2/ip_repo/hdmi_text_controller_1_0/src/Color_Mapper.sv" into library xil_defaultlib
INFO: [VRFC 10-311] analyzing module color_mapper
INFO: [VRFC 10-2263] Analyzing SystemVerilog file "c:/users/shane/documents/classes/ece_385/lab_7/lab_7_2/ip_repo/hdmi_text_controller_1_0/src/VGA_controller.sv" into library xil_defaultlib
INFO: [VRFC 10-311] analyzing module vga_controller
INFO: [VRFC 10-2263] Analyzing SystemVerilog file "c:/users/shane/documents/classes/ece_385/lab_7/lab_7_2/ip_repo/hdmi_text_controller_1_0/src/font_rom.sv" into library xil_defaultlib
INFO: [VRFC 10-311] analyzing module font_rom
INFO: [VRFC 10-2263] Analyzing SystemVerilog file "c:/users/shane/documents/classes/ece_385/lab_7/lab_7_2/ip_repo/hdmi_text_controller_1_0/src/hdmi_text_controller_v1_0.sv" into library xil_defaultlib
INFO: [VRFC 10-311] analyzing module hdmi_text_controller_v1_0
INFO: [VRFC 10-2263] Analyzing SystemVerilog file "c:/users/shane/documents/classes/ece_385/lab_7/lab_7_2/ip_repo/hdmi_text_controller_1_0/src/hdmi_text_controller_v1_0_AXI.sv" into library xil_defaultlib
INFO: [VRFC 10-311] analyzing module hdmi_text_controller_v1_0_AXI
INFO: [VRFC 10-2263] Analyzing SystemVerilog file "c:/users/shane/documents/classes/ece_385/lab_7/lab_7_2/ip_repo/hdmi_text_controller_1_0/src/hdmi_text_controller_v1_0_tb.sv" into library xil_defaultlib
INFO: [VRFC 10-311] analyzing module hdmi_text_controller_tb
INFO: [USF-XSim-69] 'compile' step finished in '2' seconds
INFO: [USF-XSim-3] XSim::Elaborate design
INFO: [USF-XSim-61] Executing 'ELABORATE' step in 'c:/users/shane/documents/classes/ece_385/lab_7/lab_7_2/lab_7_2.tmp/hdmi_text_controller_v1_0_project/hdmi_text_controller_v1_0_project.sim/sim_1/behav/xsim'
"xelab --incr --debug typical --relax --mt 2 -L xil_defaultlib -L uvm -L unisims_ver -L unimacro_ver -L secureip -L xpm --snapshot hdmi_text_controller_tb_behav xil_defaultlib.hdmi_text_controller_tb xil_defaultlib.glbl -log elaborate.log"
Vivado Simulator v2022.2
Copyright 1986-1999, 2001-2022 Xilinx, Inc. All Rights Reserved.
Running: C:/Xilinx/Vivado/2022.2/bin/unwrapped/win64.o/xelab.exe --incr --debug typical --relax --mt 2 -L xil_defaultlib -L uvm -L unisims_ver -L unimacro_ver -L secureip -L xpm --snapshot hdmi_text_controller_tb_behav xil_defaultlib.hdmi_text_controller_tb xil_defaultlib.glbl -log elaborate.log 
Using 2 slave threads.
Starting static elaboration
Pass Through NonSizing Optimizer
WARNING: [VRFC 10-3091] actual bit length 32 differs from formal bit length 16 for port 'axi_awaddr' [c:/users/shane/documents/classes/ece_385/lab_7/lab_7_2/ip_repo/hdmi_text_controller_1_0/src/hdmi_text_controller_v1_0_tb.sv:74]
WARNING: [VRFC 10-3091] actual bit length 32 differs from formal bit length 16 for port 'axi_araddr' [c:/users/shane/documents/classes/ece_385/lab_7/lab_7_2/ip_repo/hdmi_text_controller_1_0/src/hdmi_text_controller_v1_0_tb.sv:88]
WARNING: [VRFC 10-3091] actual bit length 12 differs from formal bit length 11 for port 'addr' [c:/users/shane/documents/classes/ece_385/lab_7/lab_7_2/ip_repo/hdmi_text_controller_1_0/src/hdmi_text_controller_v1_0.sv:190]
Completed static elaboration
Starting simulation data flow analysis
WARNING: [XSIM 43-4099] "c:/users/shane/documents/classes/ece_385/lab_7/lab_7_2/ip_repo/hdmi_text_controller_1_0/src/VGA_controller.sv" Line 26. Module vga_controller doesn't have a timescale but at least one module in design has a timescale.
WARNING: [XSIM 43-4099] "c:/users/shane/documents/classes/ece_385/lab_7/lab_7_2/ip_repo/hdmi_text_controller_1_0/src/Color_Mapper.sv" Line 17. Module color_mapper doesn't have a timescale but at least one module in design has a timescale.
WARNING: [XSIM 43-4099] "c:/users/shane/documents/classes/ece_385/lab_7/lab_7_2/ip_repo/hdmi_text_controller_1_0/src/font_rom.sv" Line 1. Module font_rom doesn't have a timescale but at least one module in design has a timescale.
WARNING: [XSIM 43-4099] "c:/users/shane/documents/classes/ece_385/lab_7/lab_7_2/ip_repo/hdmi_text_controller_1_0/src/VGA_controller.sv" Line 26. Module vga_controller doesn't have a timescale but at least one module in design has a timescale.
WARNING: [XSIM 43-4099] "c:/users/shane/documents/classes/ece_385/lab_7/lab_7_2/ip_repo/hdmi_text_controller_1_0/src/Color_Mapper.sv" Line 17. Module color_mapper doesn't have a timescale but at least one module in design has a timescale.
WARNING: [XSIM 43-4099] "c:/users/shane/documents/classes/ece_385/lab_7/lab_7_2/ip_repo/hdmi_text_controller_1_0/src/font_rom.sv" Line 1. Module font_rom doesn't have a timescale but at least one module in design has a timescale.
Completed simulation data flow analysis
Time Resolution for simulation is 1ps
Compiling module xil_defaultlib.hdmi_text_controller_v1_0_AXI(C_...
Compiling module xil_defaultlib.blk_mem_gen_v8_4_5_output_stage(...
Compiling module xil_defaultlib.blk_mem_gen_v8_4_5_softecc_outpu...
Compiling module xil_defaultlib.blk_mem_gen_v8_4_5_mem_module(C_...
Compiling module xil_defaultlib.blk_mem_gen_v8_4_5(C_FAMILY="spa...
Compiling module xil_defaultlib.blk_mem_gen_0
Compiling module unisims_ver.IBUF
Compiling module unisims_ver.MMCME2_ADV(CLKFBOUT_MULT_F=10.0,...
Compiling module unisims_ver.BUFG
Compiling module xil_defaultlib.clk_wiz_0_clk_wiz
Compiling module xil_defaultlib.clk_wiz_0
Compiling module xil_defaultlib.vga_controller
Compiling module unisims_ver.SRL16E_default
Compiling module xil_defaultlib.srldelay(WIDTH=40,TAPS=4'b1010)
Compiling module xil_defaultlib.encode_default
Compiling module xil_defaultlib.encode(CHANNEL="GREEN")
Compiling module xil_defaultlib.encode(CHANNEL="RED")
Compiling module unisims_ver.OSERDESE2(DATA_RATE_TQ="SDR",DAT...
Compiling module unisims_ver.OSERDESE2(DATA_RATE_TQ="SDR",DAT...
Compiling module xil_defaultlib.serdes_10_to_1
Compiling module unisims_ver.OBUFDS(IOSTANDARD="TMDS_33")
Compiling module xil_defaultlib.hdmi_tx_v1_0(C_RED_WIDTH=4,C_GRE...
Compiling module xil_defaultlib.hdmi_tx_0
Compiling module xil_defaultlib.font_rom
Compiling module xil_defaultlib.color_mapper
Compiling module xil_defaultlib.hdmi_text_controller_v1_0(C_AXI_...
Compiling module xil_defaultlib.hdmi_text_controller_tb
Compiling module xil_defaultlib.glbl
Built simulation snapshot hdmi_text_controller_tb_behav
run_program: Time (s): cpu = 00:00:01 ; elapsed = 00:00:08 . Memory (MB): peak = 2873.367 ; gain = 0.000
INFO: [USF-XSim-69] 'elaborate' step finished in '8' seconds
INFO: [USF-XSim-4] XSim::Simulate design
INFO: [USF-XSim-61] Executing 'SIMULATE' step in 'c:/users/shane/documents/classes/ece_385/lab_7/lab_7_2/lab_7_2.tmp/hdmi_text_controller_v1_0_project/hdmi_text_controller_v1_0_project.sim/sim_1/behav/xsim'
INFO: [USF-XSim-98] *** Running xsim
   with args "hdmi_text_controller_tb_behav -key {Behavioral:sim_1:Functional:hdmi_text_controller_tb} -tclbatch {hdmi_text_controller_tb.tcl} -view {c:/users/shane/documents/classes/ece_385/lab_7/lab_7_2/lab_7_2.tmp/hdmi_text_controller_v1_0_project/hdmi_text_controller_tb_behav.wcfg} -log {simulate.log}"
INFO: [USF-XSim-8] Loading simulator feature
Time resolution is 1 ps
open_wave_config c:/users/shane/documents/classes/ece_385/lab_7/lab_7_2/lab_7_2.tmp/hdmi_text_controller_v1_0_project/hdmi_text_controller_tb_behav.wcfg
source hdmi_text_controller_tb.tcl
# set curr_wave [current_wave_config]
# if { [string length $curr_wave] == 0 } {
#   if { [llength [get_objects]] > 0} {
#     add_wave /
#     set_property needs_save false [current_wave_config]
#   } else {
#      send_msg_id Add_Wave-1 WARNING "No top level signals found. Simulator will start without a wave window. If you want to open a wave window go to 'File->New Waveform Configuration' or type 'create_wave_config' in the TCL console."
#   }
# }
# run all
Block Memory Generator module hdmi_text_controller_tb.hdmi_text_controller_v1_0_inst.sram0.inst.\native_mem_module.blk_mem_gen_v8_4_5_inst  is using a behavioral model for simulation which will not precisely model memory collision behavior.
blk_mem_gen_v8_4_5 collision detected at time: 120000, Instance: hdmi_text_controller_tb.hdmi_text_controller_v1_0_inst.sram0.inst.\native_mem_module.blk_mem_gen_v8_4_5_inst , A write address: 0, B  read address: 0
first color reg: 00000000
random reg: 00005555
$finish called at time : 240 ns : File "c:/users/shane/documents/classes/ece_385/lab_7/lab_7_2/ip_repo/hdmi_text_controller_1_0/src/hdmi_text_controller_v1_0_tb.sv" Line 338
INFO: [USF-XSim-96] XSim completed. Design snapshot 'hdmi_text_controller_tb_behav' loaded.
INFO: [USF-XSim-97] XSim simulation ran for all
launch_simulation: Time (s): cpu = 00:00:08 ; elapsed = 00:00:14 . Memory (MB): peak = 2875.805 ; gain = 2.438
WARNING: [filemgmt 56-199] Attempt to get parsing info during refresh. "On-the-fly" syntax checking information may be incorrect. [c:\Users\Shane\Documents\Classes\ECE_385\Lab_7\lab_7_2\ip_repo\hdmi_text_controller_1_0\src\hdmi_text_controller_v1_0.sv:]
WARNING: [filemgmt 56-199] Attempt to get parsing info during refresh. "On-the-fly" syntax checking information may be incorrect. [c:\Users\Shane\Documents\Classes\ECE_385\Lab_7\lab_7_2\ip_repo\hdmi_text_controller_1_0\src\hdmi_text_controller_v1_0_AXI.sv:]
WARNING: [filemgmt 56-199] Attempt to get parsing info during refresh. "On-the-fly" syntax checking information may be incorrect. [c:\Users\Shane\Documents\Classes\ECE_385\Lab_7\lab_7_2\ip_repo\hdmi_text_controller_1_0\src\Color_Mapper.sv:]
WARNING: [filemgmt 56-199] Attempt to get parsing info during refresh. "On-the-fly" syntax checking information may be incorrect. [c:\Users\Shane\Documents\Classes\ECE_385\Lab_7\lab_7_2\ip_repo\hdmi_text_controller_1_0\src\hdmi_text_controller_v1_0_tb.sv:]
ERROR: [Common 17-180] Spawn failed: No error
WARNING: [filemgmt 56-199] Attempt to get parsing info during refresh. "On-the-fly" syntax checking information may be incorrect. [c:\Users\Shane\Documents\Classes\ECE_385\Lab_7\lab_7_2\ip_repo\hdmi_text_controller_1_0\src\hdmi_text_controller_v1_0.sv:]
WARNING: [filemgmt 56-199] Attempt to get parsing info during refresh. "On-the-fly" syntax checking information may be incorrect. [c:\Users\Shane\Documents\Classes\ECE_385\Lab_7\lab_7_2\ip_repo\hdmi_text_controller_1_0\src\hdmi_text_controller_v1_0_AXI.sv:]
WARNING: [filemgmt 56-199] Attempt to get parsing info during refresh. "On-the-fly" syntax checking information may be incorrect. [c:\Users\Shane\Documents\Classes\ECE_385\Lab_7\lab_7_2\ip_repo\hdmi_text_controller_1_0\src\Color_Mapper.sv:]
WARNING: [filemgmt 56-199] Attempt to get parsing info during refresh. "On-the-fly" syntax checking information may be incorrect. [c:\Users\Shane\Documents\Classes\ECE_385\Lab_7\lab_7_2\ip_repo\hdmi_text_controller_1_0\src\hdmi_text_controller_v1_0_tb.sv:]
ERROR: [Common 17-180] Spawn failed: No error
WARNING: [filemgmt 56-199] Attempt to get parsing info during refresh. "On-the-fly" syntax checking information may be incorrect. [c:\Users\Shane\Documents\Classes\ECE_385\Lab_7\lab_7_2\ip_repo\hdmi_text_controller_1_0\src\hdmi_text_controller_v1_0.sv:]
WARNING: [filemgmt 56-199] Attempt to get parsing info during refresh. "On-the-fly" syntax checking information may be incorrect. [c:\Users\Shane\Documents\Classes\ECE_385\Lab_7\lab_7_2\ip_repo\hdmi_text_controller_1_0\src\hdmi_text_controller_v1_0_AXI.sv:]
WARNING: [filemgmt 56-199] Attempt to get parsing info during refresh. "On-the-fly" syntax checking information may be incorrect. [c:\Users\Shane\Documents\Classes\ECE_385\Lab_7\lab_7_2\ip_repo\hdmi_text_controller_1_0\src\Color_Mapper.sv:]
WARNING: [filemgmt 56-199] Attempt to get parsing info during refresh. "On-the-fly" syntax checking information may be incorrect. [c:\Users\Shane\Documents\Classes\ECE_385\Lab_7\lab_7_2\ip_repo\hdmi_text_controller_1_0\src\hdmi_text_controller_v1_0_tb.sv:]
WARNING: [filemgmt 56-199] Attempt to get parsing info during refresh. "On-the-fly" syntax checking information may be incorrect. [c:\Users\Shane\Documents\Classes\ECE_385\Lab_7\lab_7_2\ip_repo\hdmi_text_controller_1_0\src\hdmi_text_controller_v1_0.sv:]
WARNING: [filemgmt 56-199] Attempt to get parsing info during refresh. "On-the-fly" syntax checking information may be incorrect. [c:\Users\Shane\Documents\Classes\ECE_385\Lab_7\lab_7_2\ip_repo\hdmi_text_controller_1_0\src\hdmi_text_controller_v1_0_AXI.sv:]
WARNING: [filemgmt 56-199] Attempt to get parsing info during refresh. "On-the-fly" syntax checking information may be incorrect. [c:\Users\Shane\Documents\Classes\ECE_385\Lab_7\lab_7_2\ip_repo\hdmi_text_controller_1_0\src\Color_Mapper.sv:]
WARNING: [filemgmt 56-199] Attempt to get parsing info during refresh. "On-the-fly" syntax checking information may be incorrect. [c:\Users\Shane\Documents\Classes\ECE_385\Lab_7\lab_7_2\ip_repo\hdmi_text_controller_1_0\src\hdmi_text_controller_v1_0_tb.sv:]
ERROR: [Common 17-180] Spawn failed: No error
WARNING: [filemgmt 56-199] Attempt to get parsing info during refresh. "On-the-fly" syntax checking information may be incorrect. [c:\Users\Shane\Documents\Classes\ECE_385\Lab_7\lab_7_2\ip_repo\hdmi_text_controller_1_0\src\hdmi_text_controller_v1_0.sv:]
WARNING: [filemgmt 56-199] Attempt to get parsing info during refresh. "On-the-fly" syntax checking information may be incorrect. [c:\Users\Shane\Documents\Classes\ECE_385\Lab_7\lab_7_2\ip_repo\hdmi_text_controller_1_0\src\hdmi_text_controller_v1_0_AXI.sv:]
WARNING: [filemgmt 56-199] Attempt to get parsing info during refresh. "On-the-fly" syntax checking information may be incorrect. [c:\Users\Shane\Documents\Classes\ECE_385\Lab_7\lab_7_2\ip_repo\hdmi_text_controller_1_0\src\Color_Mapper.sv:]
WARNING: [filemgmt 56-199] Attempt to get parsing info during refresh. "On-the-fly" syntax checking information may be incorrect. [c:\Users\Shane\Documents\Classes\ECE_385\Lab_7\lab_7_2\ip_repo\hdmi_text_controller_1_0\src\hdmi_text_controller_v1_0_tb.sv:]
ERROR: [Common 17-180] Spawn failed: No error
current_wave_config {hdmi_text_controller_tb_behav.wcfg}
hdmi_text_controller_tb_behav.wcfg
add_wave {{/hdmi_text_controller_tb/hdmi_text_controller_v1_0_inst/hdmi_text_controller_v1_0_AXI_inst/palette}} 
save_wave_config {c:/users/shane/documents/classes/ece_385/lab_7/lab_7_2/lab_7_2.tmp/hdmi_text_controller_v1_0_project/hdmi_text_controller_tb_behav.wcfg}
close_sim
INFO: [Simtcl 6-16] Simulation closed
launch_simulation
Command: launch_simulation 
INFO: [Vivado 12-12493] Simulation top is 'hdmi_text_controller_tb'
WARNING: [Vivado 12-13340] Unable to auto find GCC executables from simulator install path! (path not set)
WARNING: [Vivado 12-13277] Compiled library path does not exist: ''
INFO: [Vivado 12-5698] Checking validity of IPs in the design for the 'XSim' simulator...
INFO: [Vivado 12-5682] Launching behavioral simulation in 'c:/users/shane/documents/classes/ece_385/lab_7/lab_7_2/lab_7_2.tmp/hdmi_text_controller_v1_0_project/hdmi_text_controller_v1_0_project.sim/sim_1/behav/xsim'
INFO: [Vivado 12-13660] Precompiled IP simulation library mode is enabled (default). The design IP libraries will be referenced from the compiled library path. Please note that if the precompiled version of the library is not found from the path or the IP is in locked state, then the library source files for these IPs will be compiled locally as part of the compile order.
INFO: [Vivado 12-4795] Using compiled simulation libraries for IPs
INFO: [SIM-utils-51] Simulation object is 'sim_1'
INFO: [SIM-utils-72] Using boost library from 'C:/Xilinx/Vivado/2022.2/tps/boost_1_72_0'
INFO: [USF-XSim-7] Finding pre-compiled libraries...
INFO: [USF-XSim-11] File 'C:/Xilinx/Vivado/2022.2/data/xsim/xsim.ini' copied to run dir:'c:/users/shane/documents/classes/ece_385/lab_7/lab_7_2/lab_7_2.tmp/hdmi_text_controller_v1_0_project/hdmi_text_controller_v1_0_project.sim/sim_1/behav/xsim'
INFO: [SIM-utils-54] Inspecting design source files for 'hdmi_text_controller_tb' in fileset 'sim_1'...
INFO: [USF-XSim-97] Finding global include files...
INFO: [USF-XSim-98] Fetching design files from 'sim_1'...
INFO: [USF-XSim-2] XSim::Compile design
INFO: [USF-XSim-61] Executing 'COMPILE and ANALYZE' step in 'c:/users/shane/documents/classes/ece_385/lab_7/lab_7_2/lab_7_2.tmp/hdmi_text_controller_v1_0_project/hdmi_text_controller_v1_0_project.sim/sim_1/behav/xsim'
"xvlog --incr --relax -L uvm -prj hdmi_text_controller_tb_vlog.prj"
INFO: [VRFC 10-2263] Analyzing SystemVerilog file "c:/users/shane/documents/classes/ece_385/lab_7/lab_7_2/ip_repo/hdmi_text_controller_1_0/src/Color_Mapper.sv" into library xil_defaultlib
INFO: [VRFC 10-311] analyzing module color_mapper
INFO: [VRFC 10-2263] Analyzing SystemVerilog file "c:/users/shane/documents/classes/ece_385/lab_7/lab_7_2/ip_repo/hdmi_text_controller_1_0/src/VGA_controller.sv" into library xil_defaultlib
INFO: [VRFC 10-311] analyzing module vga_controller
INFO: [VRFC 10-2263] Analyzing SystemVerilog file "c:/users/shane/documents/classes/ece_385/lab_7/lab_7_2/ip_repo/hdmi_text_controller_1_0/src/font_rom.sv" into library xil_defaultlib
INFO: [VRFC 10-311] analyzing module font_rom
INFO: [VRFC 10-2263] Analyzing SystemVerilog file "c:/users/shane/documents/classes/ece_385/lab_7/lab_7_2/ip_repo/hdmi_text_controller_1_0/src/hdmi_text_controller_v1_0.sv" into library xil_defaultlib
INFO: [VRFC 10-311] analyzing module hdmi_text_controller_v1_0
INFO: [VRFC 10-2263] Analyzing SystemVerilog file "c:/users/shane/documents/classes/ece_385/lab_7/lab_7_2/ip_repo/hdmi_text_controller_1_0/src/hdmi_text_controller_v1_0_AXI.sv" into library xil_defaultlib
INFO: [VRFC 10-311] analyzing module hdmi_text_controller_v1_0_AXI
INFO: [VRFC 10-2263] Analyzing SystemVerilog file "c:/users/shane/documents/classes/ece_385/lab_7/lab_7_2/ip_repo/hdmi_text_controller_1_0/src/hdmi_text_controller_v1_0_tb.sv" into library xil_defaultlib
INFO: [VRFC 10-311] analyzing module hdmi_text_controller_tb
INFO: [USF-XSim-69] 'compile' step finished in '1' seconds
INFO: [USF-XSim-3] XSim::Elaborate design
INFO: [USF-XSim-61] Executing 'ELABORATE' step in 'c:/users/shane/documents/classes/ece_385/lab_7/lab_7_2/lab_7_2.tmp/hdmi_text_controller_v1_0_project/hdmi_text_controller_v1_0_project.sim/sim_1/behav/xsim'
"xelab --incr --debug typical --relax --mt 2 -L xil_defaultlib -L uvm -L unisims_ver -L unimacro_ver -L secureip -L xpm --snapshot hdmi_text_controller_tb_behav xil_defaultlib.hdmi_text_controller_tb xil_defaultlib.glbl -log elaborate.log"
Vivado Simulator v2022.2
Copyright 1986-1999, 2001-2022 Xilinx, Inc. All Rights Reserved.
Running: C:/Xilinx/Vivado/2022.2/bin/unwrapped/win64.o/xelab.exe --incr --debug typical --relax --mt 2 -L xil_defaultlib -L uvm -L unisims_ver -L unimacro_ver -L secureip -L xpm --snapshot hdmi_text_controller_tb_behav xil_defaultlib.hdmi_text_controller_tb xil_defaultlib.glbl -log elaborate.log 
Using 2 slave threads.
Starting static elaboration
Pass Through NonSizing Optimizer
WARNING: [VRFC 10-3091] actual bit length 32 differs from formal bit length 16 for port 'axi_awaddr' [c:/users/shane/documents/classes/ece_385/lab_7/lab_7_2/ip_repo/hdmi_text_controller_1_0/src/hdmi_text_controller_v1_0_tb.sv:74]
WARNING: [VRFC 10-3091] actual bit length 32 differs from formal bit length 16 for port 'axi_araddr' [c:/users/shane/documents/classes/ece_385/lab_7/lab_7_2/ip_repo/hdmi_text_controller_1_0/src/hdmi_text_controller_v1_0_tb.sv:88]
WARNING: [VRFC 10-3091] actual bit length 12 differs from formal bit length 11 for port 'addr' [c:/users/shane/documents/classes/ece_385/lab_7/lab_7_2/ip_repo/hdmi_text_controller_1_0/src/hdmi_text_controller_v1_0.sv:190]
Completed static elaboration
Starting simulation data flow analysis
WARNING: [XSIM 43-4099] "c:/users/shane/documents/classes/ece_385/lab_7/lab_7_2/ip_repo/hdmi_text_controller_1_0/src/VGA_controller.sv" Line 26. Module vga_controller doesn't have a timescale but at least one module in design has a timescale.
WARNING: [XSIM 43-4099] "c:/users/shane/documents/classes/ece_385/lab_7/lab_7_2/ip_repo/hdmi_text_controller_1_0/src/Color_Mapper.sv" Line 17. Module color_mapper doesn't have a timescale but at least one module in design has a timescale.
WARNING: [XSIM 43-4099] "c:/users/shane/documents/classes/ece_385/lab_7/lab_7_2/ip_repo/hdmi_text_controller_1_0/src/font_rom.sv" Line 1. Module font_rom doesn't have a timescale but at least one module in design has a timescale.
WARNING: [XSIM 43-4099] "c:/users/shane/documents/classes/ece_385/lab_7/lab_7_2/ip_repo/hdmi_text_controller_1_0/src/VGA_controller.sv" Line 26. Module vga_controller doesn't have a timescale but at least one module in design has a timescale.
WARNING: [XSIM 43-4099] "c:/users/shane/documents/classes/ece_385/lab_7/lab_7_2/ip_repo/hdmi_text_controller_1_0/src/Color_Mapper.sv" Line 17. Module color_mapper doesn't have a timescale but at least one module in design has a timescale.
WARNING: [XSIM 43-4099] "c:/users/shane/documents/classes/ece_385/lab_7/lab_7_2/ip_repo/hdmi_text_controller_1_0/src/font_rom.sv" Line 1. Module font_rom doesn't have a timescale but at least one module in design has a timescale.
Completed simulation data flow analysis
Time Resolution for simulation is 1ps
Compiling module xil_defaultlib.hdmi_text_controller_v1_0_AXI(C_...
Compiling module xil_defaultlib.blk_mem_gen_v8_4_5_output_stage(...
Compiling module xil_defaultlib.blk_mem_gen_v8_4_5_softecc_outpu...
Compiling module xil_defaultlib.blk_mem_gen_v8_4_5_mem_module(C_...
Compiling module xil_defaultlib.blk_mem_gen_v8_4_5(C_FAMILY="spa...
Compiling module xil_defaultlib.blk_mem_gen_0
Compiling module unisims_ver.IBUF
Compiling module unisims_ver.MMCME2_ADV(CLKFBOUT_MULT_F=10.0,...
Compiling module unisims_ver.BUFG
Compiling module xil_defaultlib.clk_wiz_0_clk_wiz
Compiling module xil_defaultlib.clk_wiz_0
Compiling module xil_defaultlib.vga_controller
Compiling module unisims_ver.SRL16E_default
Compiling module xil_defaultlib.srldelay(WIDTH=40,TAPS=4'b1010)
Compiling module xil_defaultlib.encode_default
Compiling module xil_defaultlib.encode(CHANNEL="GREEN")
Compiling module xil_defaultlib.encode(CHANNEL="RED")
Compiling module unisims_ver.OSERDESE2(DATA_RATE_TQ="SDR",DAT...
Compiling module unisims_ver.OSERDESE2(DATA_RATE_TQ="SDR",DAT...
Compiling module xil_defaultlib.serdes_10_to_1
Compiling module unisims_ver.OBUFDS(IOSTANDARD="TMDS_33")
Compiling module xil_defaultlib.hdmi_tx_v1_0(C_RED_WIDTH=4,C_GRE...
Compiling module xil_defaultlib.hdmi_tx_0
Compiling module xil_defaultlib.font_rom
Compiling module xil_defaultlib.color_mapper
Compiling module xil_defaultlib.hdmi_text_controller_v1_0(C_AXI_...
Compiling module xil_defaultlib.hdmi_text_controller_tb
Compiling module xil_defaultlib.glbl
Built simulation snapshot hdmi_text_controller_tb_behav
run_program: Time (s): cpu = 00:00:02 ; elapsed = 00:00:11 . Memory (MB): peak = 2878.414 ; gain = 0.000
INFO: [USF-XSim-69] 'elaborate' step finished in '11' seconds
INFO: [USF-XSim-4] XSim::Simulate design
INFO: [USF-XSim-61] Executing 'SIMULATE' step in 'c:/users/shane/documents/classes/ece_385/lab_7/lab_7_2/lab_7_2.tmp/hdmi_text_controller_v1_0_project/hdmi_text_controller_v1_0_project.sim/sim_1/behav/xsim'
INFO: [USF-XSim-98] *** Running xsim
   with args "hdmi_text_controller_tb_behav -key {Behavioral:sim_1:Functional:hdmi_text_controller_tb} -tclbatch {hdmi_text_controller_tb.tcl} -view {c:/users/shane/documents/classes/ece_385/lab_7/lab_7_2/lab_7_2.tmp/hdmi_text_controller_v1_0_project/hdmi_text_controller_tb_behav.wcfg} -log {simulate.log}"
INFO: [USF-XSim-8] Loading simulator feature
Time resolution is 1 ps
open_wave_config c:/users/shane/documents/classes/ece_385/lab_7/lab_7_2/lab_7_2.tmp/hdmi_text_controller_v1_0_project/hdmi_text_controller_tb_behav.wcfg
source hdmi_text_controller_tb.tcl
# set curr_wave [current_wave_config]
# if { [string length $curr_wave] == 0 } {
#   if { [llength [get_objects]] > 0} {
#     add_wave /
#     set_property needs_save false [current_wave_config]
#   } else {
#      send_msg_id Add_Wave-1 WARNING "No top level signals found. Simulator will start without a wave window. If you want to open a wave window go to 'File->New Waveform Configuration' or type 'create_wave_config' in the TCL console."
#   }
# }
# run all
Block Memory Generator module hdmi_text_controller_tb.hdmi_text_controller_v1_0_inst.sram0.inst.\native_mem_module.blk_mem_gen_v8_4_5_inst  is using a behavioral model for simulation which will not precisely model memory collision behavior.
blk_mem_gen_v8_4_5 collision detected at time: 120000, Instance: hdmi_text_controller_tb.hdmi_text_controller_v1_0_inst.sram0.inst.\native_mem_module.blk_mem_gen_v8_4_5_inst , A write address: 0, B  read address: 0
first color reg: 00000000
random reg: 00005555
$finish called at time : 240 ns : File "c:/users/shane/documents/classes/ece_385/lab_7/lab_7_2/ip_repo/hdmi_text_controller_1_0/src/hdmi_text_controller_v1_0_tb.sv" Line 338
INFO: [USF-XSim-96] XSim completed. Design snapshot 'hdmi_text_controller_tb_behav' loaded.
INFO: [USF-XSim-97] XSim simulation ran for all
launch_simulation: Time (s): cpu = 00:00:11 ; elapsed = 00:00:18 . Memory (MB): peak = 2879.840 ; gain = 1.426
WARNING: [filemgmt 56-199] Attempt to get parsing info during refresh. "On-the-fly" syntax checking information may be incorrect. [c:\Users\Shane\Documents\Classes\ECE_385\Lab_7\lab_7_2\ip_repo\hdmi_text_controller_1_0\src\hdmi_text_controller_v1_0.sv:]
WARNING: [filemgmt 56-199] Attempt to get parsing info during refresh. "On-the-fly" syntax checking information may be incorrect. [c:\Users\Shane\Documents\Classes\ECE_385\Lab_7\lab_7_2\ip_repo\hdmi_text_controller_1_0\src\hdmi_text_controller_v1_0_AXI.sv:]
WARNING: [filemgmt 56-199] Attempt to get parsing info during refresh. "On-the-fly" syntax checking information may be incorrect. [c:\Users\Shane\Documents\Classes\ECE_385\Lab_7\lab_7_2\ip_repo\hdmi_text_controller_1_0\src\Color_Mapper.sv:]
WARNING: [filemgmt 56-199] Attempt to get parsing info during refresh. "On-the-fly" syntax checking information may be incorrect. [c:\Users\Shane\Documents\Classes\ECE_385\Lab_7\lab_7_2\ip_repo\hdmi_text_controller_1_0\src\hdmi_text_controller_v1_0_tb.sv:]
ERROR: [Common 17-180] Spawn failed: No error
WARNING: [filemgmt 56-199] Attempt to get parsing info during refresh. "On-the-fly" syntax checking information may be incorrect. [c:\Users\Shane\Documents\Classes\ECE_385\Lab_7\lab_7_2\ip_repo\hdmi_text_controller_1_0\src\hdmi_text_controller_v1_0.sv:]
WARNING: [filemgmt 56-199] Attempt to get parsing info during refresh. "On-the-fly" syntax checking information may be incorrect. [c:\Users\Shane\Documents\Classes\ECE_385\Lab_7\lab_7_2\ip_repo\hdmi_text_controller_1_0\src\hdmi_text_controller_v1_0_AXI.sv:]
WARNING: [filemgmt 56-199] Attempt to get parsing info during refresh. "On-the-fly" syntax checking information may be incorrect. [c:\Users\Shane\Documents\Classes\ECE_385\Lab_7\lab_7_2\ip_repo\hdmi_text_controller_1_0\src\Color_Mapper.sv:]
WARNING: [filemgmt 56-199] Attempt to get parsing info during refresh. "On-the-fly" syntax checking information may be incorrect. [c:\Users\Shane\Documents\Classes\ECE_385\Lab_7\lab_7_2\ip_repo\hdmi_text_controller_1_0\src\hdmi_text_controller_v1_0_tb.sv:]
ERROR: [Common 17-180] Spawn failed: No error
WARNING: [filemgmt 56-199] Attempt to get parsing info during refresh. "On-the-fly" syntax checking information may be incorrect. [c:\Users\Shane\Documents\Classes\ECE_385\Lab_7\lab_7_2\ip_repo\hdmi_text_controller_1_0\src\hdmi_text_controller_v1_0.sv:]
WARNING: [filemgmt 56-199] Attempt to get parsing info during refresh. "On-the-fly" syntax checking information may be incorrect. [c:\Users\Shane\Documents\Classes\ECE_385\Lab_7\lab_7_2\ip_repo\hdmi_text_controller_1_0\src\hdmi_text_controller_v1_0_AXI.sv:]
WARNING: [filemgmt 56-199] Attempt to get parsing info during refresh. "On-the-fly" syntax checking information may be incorrect. [c:\Users\Shane\Documents\Classes\ECE_385\Lab_7\lab_7_2\ip_repo\hdmi_text_controller_1_0\src\Color_Mapper.sv:]
WARNING: [filemgmt 56-199] Attempt to get parsing info during refresh. "On-the-fly" syntax checking information may be incorrect. [c:\Users\Shane\Documents\Classes\ECE_385\Lab_7\lab_7_2\ip_repo\hdmi_text_controller_1_0\src\hdmi_text_controller_v1_0_tb.sv:]
ERROR: [Common 17-180] Spawn failed: No error
WARNING: [filemgmt 56-199] Attempt to get parsing info during refresh. "On-the-fly" syntax checking information may be incorrect. [c:\Users\Shane\Documents\Classes\ECE_385\Lab_7\lab_7_2\ip_repo\hdmi_text_controller_1_0\src\hdmi_text_controller_v1_0.sv:]
WARNING: [filemgmt 56-199] Attempt to get parsing info during refresh. "On-the-fly" syntax checking information may be incorrect. [c:\Users\Shane\Documents\Classes\ECE_385\Lab_7\lab_7_2\ip_repo\hdmi_text_controller_1_0\src\hdmi_text_controller_v1_0_AXI.sv:]
WARNING: [filemgmt 56-199] Attempt to get parsing info during refresh. "On-the-fly" syntax checking information may be incorrect. [c:\Users\Shane\Documents\Classes\ECE_385\Lab_7\lab_7_2\ip_repo\hdmi_text_controller_1_0\src\Color_Mapper.sv:]
WARNING: [filemgmt 56-199] Attempt to get parsing info during refresh. "On-the-fly" syntax checking information may be incorrect. [c:\Users\Shane\Documents\Classes\ECE_385\Lab_7\lab_7_2\ip_repo\hdmi_text_controller_1_0\src\hdmi_text_controller_v1_0_tb.sv:]
ERROR: [Common 17-180] Spawn failed: No error
WARNING: [filemgmt 56-199] Attempt to get parsing info during refresh. "On-the-fly" syntax checking information may be incorrect. [c:\Users\Shane\Documents\Classes\ECE_385\Lab_7\lab_7_2\ip_repo\hdmi_text_controller_1_0\src\hdmi_text_controller_v1_0.sv:]
WARNING: [filemgmt 56-199] Attempt to get parsing info during refresh. "On-the-fly" syntax checking information may be incorrect. [c:\Users\Shane\Documents\Classes\ECE_385\Lab_7\lab_7_2\ip_repo\hdmi_text_controller_1_0\src\hdmi_text_controller_v1_0_AXI.sv:]
WARNING: [filemgmt 56-199] Attempt to get parsing info during refresh. "On-the-fly" syntax checking information may be incorrect. [c:\Users\Shane\Documents\Classes\ECE_385\Lab_7\lab_7_2\ip_repo\hdmi_text_controller_1_0\src\Color_Mapper.sv:]
WARNING: [filemgmt 56-199] Attempt to get parsing info during refresh. "On-the-fly" syntax checking information may be incorrect. [c:\Users\Shane\Documents\Classes\ECE_385\Lab_7\lab_7_2\ip_repo\hdmi_text_controller_1_0\src\hdmi_text_controller_v1_0_tb.sv:]
ERROR: [Common 17-180] Spawn failed: No error
save_wave_config {c:/users/shane/documents/classes/ece_385/lab_7/lab_7_2/lab_7_2.tmp/hdmi_text_controller_v1_0_project/hdmi_text_controller_tb_behav.wcfg}
close_sim
INFO: [Simtcl 6-16] Simulation closed
launch_simulation
Command: launch_simulation 
INFO: [Vivado 12-12493] Simulation top is 'hdmi_text_controller_tb'
WARNING: [Vivado 12-13340] Unable to auto find GCC executables from simulator install path! (path not set)
WARNING: [Vivado 12-13277] Compiled library path does not exist: ''
INFO: [Vivado 12-5698] Checking validity of IPs in the design for the 'XSim' simulator...
INFO: [Vivado 12-5682] Launching behavioral simulation in 'c:/users/shane/documents/classes/ece_385/lab_7/lab_7_2/lab_7_2.tmp/hdmi_text_controller_v1_0_project/hdmi_text_controller_v1_0_project.sim/sim_1/behav/xsim'
INFO: [Vivado 12-13660] Precompiled IP simulation library mode is enabled (default). The design IP libraries will be referenced from the compiled library path. Please note that if the precompiled version of the library is not found from the path or the IP is in locked state, then the library source files for these IPs will be compiled locally as part of the compile order.
INFO: [Vivado 12-4795] Using compiled simulation libraries for IPs
INFO: [SIM-utils-51] Simulation object is 'sim_1'
INFO: [SIM-utils-72] Using boost library from 'C:/Xilinx/Vivado/2022.2/tps/boost_1_72_0'
INFO: [USF-XSim-7] Finding pre-compiled libraries...
INFO: [USF-XSim-11] File 'C:/Xilinx/Vivado/2022.2/data/xsim/xsim.ini' copied to run dir:'c:/users/shane/documents/classes/ece_385/lab_7/lab_7_2/lab_7_2.tmp/hdmi_text_controller_v1_0_project/hdmi_text_controller_v1_0_project.sim/sim_1/behav/xsim'
INFO: [SIM-utils-54] Inspecting design source files for 'hdmi_text_controller_tb' in fileset 'sim_1'...
INFO: [USF-XSim-97] Finding global include files...
INFO: [USF-XSim-98] Fetching design files from 'sim_1'...
INFO: [USF-XSim-2] XSim::Compile design
INFO: [USF-XSim-61] Executing 'COMPILE and ANALYZE' step in 'c:/users/shane/documents/classes/ece_385/lab_7/lab_7_2/lab_7_2.tmp/hdmi_text_controller_v1_0_project/hdmi_text_controller_v1_0_project.sim/sim_1/behav/xsim'
"xvlog --incr --relax -L uvm -prj hdmi_text_controller_tb_vlog.prj"
INFO: [VRFC 10-2263] Analyzing SystemVerilog file "c:/users/shane/documents/classes/ece_385/lab_7/lab_7_2/ip_repo/hdmi_text_controller_1_0/src/Color_Mapper.sv" into library xil_defaultlib
INFO: [VRFC 10-311] analyzing module color_mapper
INFO: [VRFC 10-2263] Analyzing SystemVerilog file "c:/users/shane/documents/classes/ece_385/lab_7/lab_7_2/ip_repo/hdmi_text_controller_1_0/src/VGA_controller.sv" into library xil_defaultlib
INFO: [VRFC 10-311] analyzing module vga_controller
INFO: [VRFC 10-2263] Analyzing SystemVerilog file "c:/users/shane/documents/classes/ece_385/lab_7/lab_7_2/ip_repo/hdmi_text_controller_1_0/src/font_rom.sv" into library xil_defaultlib
INFO: [VRFC 10-311] analyzing module font_rom
INFO: [VRFC 10-2263] Analyzing SystemVerilog file "c:/users/shane/documents/classes/ece_385/lab_7/lab_7_2/ip_repo/hdmi_text_controller_1_0/src/hdmi_text_controller_v1_0.sv" into library xil_defaultlib
INFO: [VRFC 10-311] analyzing module hdmi_text_controller_v1_0
INFO: [VRFC 10-2263] Analyzing SystemVerilog file "c:/users/shane/documents/classes/ece_385/lab_7/lab_7_2/ip_repo/hdmi_text_controller_1_0/src/hdmi_text_controller_v1_0_AXI.sv" into library xil_defaultlib
INFO: [VRFC 10-311] analyzing module hdmi_text_controller_v1_0_AXI
INFO: [VRFC 10-2263] Analyzing SystemVerilog file "c:/users/shane/documents/classes/ece_385/lab_7/lab_7_2/ip_repo/hdmi_text_controller_1_0/src/hdmi_text_controller_v1_0_tb.sv" into library xil_defaultlib
INFO: [VRFC 10-311] analyzing module hdmi_text_controller_tb
INFO: [USF-XSim-69] 'compile' step finished in '2' seconds
INFO: [USF-XSim-3] XSim::Elaborate design
INFO: [USF-XSim-61] Executing 'ELABORATE' step in 'c:/users/shane/documents/classes/ece_385/lab_7/lab_7_2/lab_7_2.tmp/hdmi_text_controller_v1_0_project/hdmi_text_controller_v1_0_project.sim/sim_1/behav/xsim'
"xelab --incr --debug typical --relax --mt 2 -L xil_defaultlib -L uvm -L unisims_ver -L unimacro_ver -L secureip -L xpm --snapshot hdmi_text_controller_tb_behav xil_defaultlib.hdmi_text_controller_tb xil_defaultlib.glbl -log elaborate.log"
Vivado Simulator v2022.2
Copyright 1986-1999, 2001-2022 Xilinx, Inc. All Rights Reserved.
Running: C:/Xilinx/Vivado/2022.2/bin/unwrapped/win64.o/xelab.exe --incr --debug typical --relax --mt 2 -L xil_defaultlib -L uvm -L unisims_ver -L unimacro_ver -L secureip -L xpm --snapshot hdmi_text_controller_tb_behav xil_defaultlib.hdmi_text_controller_tb xil_defaultlib.glbl -log elaborate.log 
Using 2 slave threads.
Starting static elaboration
Pass Through NonSizing Optimizer
WARNING: [VRFC 10-3091] actual bit length 32 differs from formal bit length 16 for port 'axi_awaddr' [c:/users/shane/documents/classes/ece_385/lab_7/lab_7_2/ip_repo/hdmi_text_controller_1_0/src/hdmi_text_controller_v1_0_tb.sv:74]
WARNING: [VRFC 10-3091] actual bit length 32 differs from formal bit length 16 for port 'axi_araddr' [c:/users/shane/documents/classes/ece_385/lab_7/lab_7_2/ip_repo/hdmi_text_controller_1_0/src/hdmi_text_controller_v1_0_tb.sv:88]
WARNING: [VRFC 10-3091] actual bit length 12 differs from formal bit length 11 for port 'addr' [c:/users/shane/documents/classes/ece_385/lab_7/lab_7_2/ip_repo/hdmi_text_controller_1_0/src/hdmi_text_controller_v1_0.sv:190]
Completed static elaboration
Starting simulation data flow analysis
WARNING: [XSIM 43-4099] "c:/users/shane/documents/classes/ece_385/lab_7/lab_7_2/ip_repo/hdmi_text_controller_1_0/src/VGA_controller.sv" Line 26. Module vga_controller doesn't have a timescale but at least one module in design has a timescale.
WARNING: [XSIM 43-4099] "c:/users/shane/documents/classes/ece_385/lab_7/lab_7_2/ip_repo/hdmi_text_controller_1_0/src/Color_Mapper.sv" Line 17. Module color_mapper doesn't have a timescale but at least one module in design has a timescale.
WARNING: [XSIM 43-4099] "c:/users/shane/documents/classes/ece_385/lab_7/lab_7_2/ip_repo/hdmi_text_controller_1_0/src/font_rom.sv" Line 1. Module font_rom doesn't have a timescale but at least one module in design has a timescale.
WARNING: [XSIM 43-4099] "c:/users/shane/documents/classes/ece_385/lab_7/lab_7_2/ip_repo/hdmi_text_controller_1_0/src/VGA_controller.sv" Line 26. Module vga_controller doesn't have a timescale but at least one module in design has a timescale.
WARNING: [XSIM 43-4099] "c:/users/shane/documents/classes/ece_385/lab_7/lab_7_2/ip_repo/hdmi_text_controller_1_0/src/Color_Mapper.sv" Line 17. Module color_mapper doesn't have a timescale but at least one module in design has a timescale.
WARNING: [XSIM 43-4099] "c:/users/shane/documents/classes/ece_385/lab_7/lab_7_2/ip_repo/hdmi_text_controller_1_0/src/font_rom.sv" Line 1. Module font_rom doesn't have a timescale but at least one module in design has a timescale.
Completed simulation data flow analysis
Time Resolution for simulation is 1ps
Compiling module xil_defaultlib.hdmi_text_controller_v1_0_AXI(C_...
Compiling module xil_defaultlib.blk_mem_gen_v8_4_5_output_stage(...
Compiling module xil_defaultlib.blk_mem_gen_v8_4_5_softecc_outpu...
Compiling module xil_defaultlib.blk_mem_gen_v8_4_5_mem_module(C_...
Compiling module xil_defaultlib.blk_mem_gen_v8_4_5(C_FAMILY="spa...
Compiling module xil_defaultlib.blk_mem_gen_0
Compiling module unisims_ver.IBUF
Compiling module unisims_ver.MMCME2_ADV(CLKFBOUT_MULT_F=10.0,...
Compiling module unisims_ver.BUFG
Compiling module xil_defaultlib.clk_wiz_0_clk_wiz
Compiling module xil_defaultlib.clk_wiz_0
Compiling module xil_defaultlib.vga_controller
Compiling module unisims_ver.SRL16E_default
Compiling module xil_defaultlib.srldelay(WIDTH=40,TAPS=4'b1010)
Compiling module xil_defaultlib.encode_default
Compiling module xil_defaultlib.encode(CHANNEL="GREEN")
Compiling module xil_defaultlib.encode(CHANNEL="RED")
Compiling module unisims_ver.OSERDESE2(DATA_RATE_TQ="SDR",DAT...
Compiling module unisims_ver.OSERDESE2(DATA_RATE_TQ="SDR",DAT...
Compiling module xil_defaultlib.serdes_10_to_1
Compiling module unisims_ver.OBUFDS(IOSTANDARD="TMDS_33")
Compiling module xil_defaultlib.hdmi_tx_v1_0(C_RED_WIDTH=4,C_GRE...
Compiling module xil_defaultlib.hdmi_tx_0
Compiling module xil_defaultlib.font_rom
Compiling module xil_defaultlib.color_mapper
Compiling module xil_defaultlib.hdmi_text_controller_v1_0(C_AXI_...
Compiling module xil_defaultlib.hdmi_text_controller_tb
Compiling module xil_defaultlib.glbl
Built simulation snapshot hdmi_text_controller_tb_behav
run_program: Time (s): cpu = 00:00:00 ; elapsed = 00:00:07 . Memory (MB): peak = 2880.230 ; gain = 0.000
INFO: [USF-XSim-69] 'elaborate' step finished in '7' seconds
INFO: [USF-XSim-4] XSim::Simulate design
INFO: [USF-XSim-61] Executing 'SIMULATE' step in 'c:/users/shane/documents/classes/ece_385/lab_7/lab_7_2/lab_7_2.tmp/hdmi_text_controller_v1_0_project/hdmi_text_controller_v1_0_project.sim/sim_1/behav/xsim'
INFO: [USF-XSim-98] *** Running xsim
   with args "hdmi_text_controller_tb_behav -key {Behavioral:sim_1:Functional:hdmi_text_controller_tb} -tclbatch {hdmi_text_controller_tb.tcl} -view {c:/users/shane/documents/classes/ece_385/lab_7/lab_7_2/lab_7_2.tmp/hdmi_text_controller_v1_0_project/hdmi_text_controller_tb_behav.wcfg} -log {simulate.log}"
INFO: [USF-XSim-8] Loading simulator feature
Time resolution is 1 ps
open_wave_config c:/users/shane/documents/classes/ece_385/lab_7/lab_7_2/lab_7_2.tmp/hdmi_text_controller_v1_0_project/hdmi_text_controller_tb_behav.wcfg
source hdmi_text_controller_tb.tcl
# set curr_wave [current_wave_config]
# if { [string length $curr_wave] == 0 } {
#   if { [llength [get_objects]] > 0} {
#     add_wave /
#     set_property needs_save false [current_wave_config]
#   } else {
#      send_msg_id Add_Wave-1 WARNING "No top level signals found. Simulator will start without a wave window. If you want to open a wave window go to 'File->New Waveform Configuration' or type 'create_wave_config' in the TCL console."
#   }
# }
# run all
Block Memory Generator module hdmi_text_controller_tb.hdmi_text_controller_v1_0_inst.sram0.inst.\native_mem_module.blk_mem_gen_v8_4_5_inst  is using a behavioral model for simulation which will not precisely model memory collision behavior.
blk_mem_gen_v8_4_5 collision detected at time: 120000, Instance: hdmi_text_controller_tb.hdmi_text_controller_v1_0_inst.sram0.inst.\native_mem_module.blk_mem_gen_v8_4_5_inst , A write address: 0, B  read address: 0
first color reg: 00000000
random reg: 00005555
4af
$finish called at time : 240 ns : File "c:/users/shane/documents/classes/ece_385/lab_7/lab_7_2/ip_repo/hdmi_text_controller_1_0/src/hdmi_text_controller_v1_0_tb.sv" Line 339
INFO: [USF-XSim-96] XSim completed. Design snapshot 'hdmi_text_controller_tb_behav' loaded.
INFO: [USF-XSim-97] XSim simulation ran for all
launch_simulation: Time (s): cpu = 00:00:06 ; elapsed = 00:00:12 . Memory (MB): peak = 2881.723 ; gain = 1.492
close_sim
INFO: [Simtcl 6-16] Simulation closed
launch_simulation
Command: launch_simulation 
INFO: [Vivado 12-12493] Simulation top is 'hdmi_text_controller_tb'
WARNING: [Vivado 12-13340] Unable to auto find GCC executables from simulator install path! (path not set)
WARNING: [Vivado 12-13277] Compiled library path does not exist: ''
INFO: [Vivado 12-5698] Checking validity of IPs in the design for the 'XSim' simulator...
INFO: [Vivado 12-5682] Launching behavioral simulation in 'c:/users/shane/documents/classes/ece_385/lab_7/lab_7_2/lab_7_2.tmp/hdmi_text_controller_v1_0_project/hdmi_text_controller_v1_0_project.sim/sim_1/behav/xsim'
INFO: [Vivado 12-13660] Precompiled IP simulation library mode is enabled (default). The design IP libraries will be referenced from the compiled library path. Please note that if the precompiled version of the library is not found from the path or the IP is in locked state, then the library source files for these IPs will be compiled locally as part of the compile order.
INFO: [Vivado 12-4795] Using compiled simulation libraries for IPs
INFO: [SIM-utils-51] Simulation object is 'sim_1'
INFO: [SIM-utils-72] Using boost library from 'C:/Xilinx/Vivado/2022.2/tps/boost_1_72_0'
INFO: [USF-XSim-7] Finding pre-compiled libraries...
INFO: [USF-XSim-11] File 'C:/Xilinx/Vivado/2022.2/data/xsim/xsim.ini' copied to run dir:'c:/users/shane/documents/classes/ece_385/lab_7/lab_7_2/lab_7_2.tmp/hdmi_text_controller_v1_0_project/hdmi_text_controller_v1_0_project.sim/sim_1/behav/xsim'
INFO: [SIM-utils-54] Inspecting design source files for 'hdmi_text_controller_tb' in fileset 'sim_1'...
INFO: [USF-XSim-97] Finding global include files...
INFO: [USF-XSim-98] Fetching design files from 'sim_1'...
INFO: [USF-XSim-2] XSim::Compile design
INFO: [USF-XSim-61] Executing 'COMPILE and ANALYZE' step in 'c:/users/shane/documents/classes/ece_385/lab_7/lab_7_2/lab_7_2.tmp/hdmi_text_controller_v1_0_project/hdmi_text_controller_v1_0_project.sim/sim_1/behav/xsim'
"xvlog --incr --relax -L uvm -prj hdmi_text_controller_tb_vlog.prj"
INFO: [VRFC 10-2263] Analyzing SystemVerilog file "c:/users/shane/documents/classes/ece_385/lab_7/lab_7_2/ip_repo/hdmi_text_controller_1_0/src/Color_Mapper.sv" into library xil_defaultlib
INFO: [VRFC 10-311] analyzing module color_mapper
INFO: [VRFC 10-2263] Analyzing SystemVerilog file "c:/users/shane/documents/classes/ece_385/lab_7/lab_7_2/ip_repo/hdmi_text_controller_1_0/src/VGA_controller.sv" into library xil_defaultlib
INFO: [VRFC 10-311] analyzing module vga_controller
INFO: [VRFC 10-2263] Analyzing SystemVerilog file "c:/users/shane/documents/classes/ece_385/lab_7/lab_7_2/ip_repo/hdmi_text_controller_1_0/src/font_rom.sv" into library xil_defaultlib
INFO: [VRFC 10-311] analyzing module font_rom
INFO: [VRFC 10-2263] Analyzing SystemVerilog file "c:/users/shane/documents/classes/ece_385/lab_7/lab_7_2/ip_repo/hdmi_text_controller_1_0/src/hdmi_text_controller_v1_0.sv" into library xil_defaultlib
INFO: [VRFC 10-311] analyzing module hdmi_text_controller_v1_0
INFO: [VRFC 10-2263] Analyzing SystemVerilog file "c:/users/shane/documents/classes/ece_385/lab_7/lab_7_2/ip_repo/hdmi_text_controller_1_0/src/hdmi_text_controller_v1_0_AXI.sv" into library xil_defaultlib
INFO: [VRFC 10-311] analyzing module hdmi_text_controller_v1_0_AXI
INFO: [VRFC 10-2263] Analyzing SystemVerilog file "c:/users/shane/documents/classes/ece_385/lab_7/lab_7_2/ip_repo/hdmi_text_controller_1_0/src/hdmi_text_controller_v1_0_tb.sv" into library xil_defaultlib
INFO: [VRFC 10-311] analyzing module hdmi_text_controller_tb
INFO: [USF-XSim-69] 'compile' step finished in '1' seconds
INFO: [USF-XSim-3] XSim::Elaborate design
INFO: [USF-XSim-61] Executing 'ELABORATE' step in 'c:/users/shane/documents/classes/ece_385/lab_7/lab_7_2/lab_7_2.tmp/hdmi_text_controller_v1_0_project/hdmi_text_controller_v1_0_project.sim/sim_1/behav/xsim'
"xelab --incr --debug typical --relax --mt 2 -L xil_defaultlib -L uvm -L unisims_ver -L unimacro_ver -L secureip -L xpm --snapshot hdmi_text_controller_tb_behav xil_defaultlib.hdmi_text_controller_tb xil_defaultlib.glbl -log elaborate.log"
Vivado Simulator v2022.2
Copyright 1986-1999, 2001-2022 Xilinx, Inc. All Rights Reserved.
Running: C:/Xilinx/Vivado/2022.2/bin/unwrapped/win64.o/xelab.exe --incr --debug typical --relax --mt 2 -L xil_defaultlib -L uvm -L unisims_ver -L unimacro_ver -L secureip -L xpm --snapshot hdmi_text_controller_tb_behav xil_defaultlib.hdmi_text_controller_tb xil_defaultlib.glbl -log elaborate.log 
Using 2 slave threads.
Starting static elaboration
Pass Through NonSizing Optimizer
WARNING: [VRFC 10-3091] actual bit length 32 differs from formal bit length 16 for port 'axi_awaddr' [c:/users/shane/documents/classes/ece_385/lab_7/lab_7_2/ip_repo/hdmi_text_controller_1_0/src/hdmi_text_controller_v1_0_tb.sv:74]
WARNING: [VRFC 10-3091] actual bit length 32 differs from formal bit length 16 for port 'axi_araddr' [c:/users/shane/documents/classes/ece_385/lab_7/lab_7_2/ip_repo/hdmi_text_controller_1_0/src/hdmi_text_controller_v1_0_tb.sv:88]
WARNING: [VRFC 10-3091] actual bit length 12 differs from formal bit length 11 for port 'addr' [c:/users/shane/documents/classes/ece_385/lab_7/lab_7_2/ip_repo/hdmi_text_controller_1_0/src/hdmi_text_controller_v1_0.sv:190]
Completed static elaboration
Starting simulation data flow analysis
WARNING: [XSIM 43-4099] "c:/users/shane/documents/classes/ece_385/lab_7/lab_7_2/ip_repo/hdmi_text_controller_1_0/src/VGA_controller.sv" Line 26. Module vga_controller doesn't have a timescale but at least one module in design has a timescale.
WARNING: [XSIM 43-4099] "c:/users/shane/documents/classes/ece_385/lab_7/lab_7_2/ip_repo/hdmi_text_controller_1_0/src/Color_Mapper.sv" Line 17. Module color_mapper doesn't have a timescale but at least one module in design has a timescale.
WARNING: [XSIM 43-4099] "c:/users/shane/documents/classes/ece_385/lab_7/lab_7_2/ip_repo/hdmi_text_controller_1_0/src/font_rom.sv" Line 1. Module font_rom doesn't have a timescale but at least one module in design has a timescale.
WARNING: [XSIM 43-4099] "c:/users/shane/documents/classes/ece_385/lab_7/lab_7_2/ip_repo/hdmi_text_controller_1_0/src/VGA_controller.sv" Line 26. Module vga_controller doesn't have a timescale but at least one module in design has a timescale.
WARNING: [XSIM 43-4099] "c:/users/shane/documents/classes/ece_385/lab_7/lab_7_2/ip_repo/hdmi_text_controller_1_0/src/Color_Mapper.sv" Line 17. Module color_mapper doesn't have a timescale but at least one module in design has a timescale.
WARNING: [XSIM 43-4099] "c:/users/shane/documents/classes/ece_385/lab_7/lab_7_2/ip_repo/hdmi_text_controller_1_0/src/font_rom.sv" Line 1. Module font_rom doesn't have a timescale but at least one module in design has a timescale.
Completed simulation data flow analysis
Time Resolution for simulation is 1ps
Compiling module xil_defaultlib.hdmi_text_controller_v1_0_AXI(C_...
Compiling module xil_defaultlib.blk_mem_gen_v8_4_5_output_stage(...
Compiling module xil_defaultlib.blk_mem_gen_v8_4_5_softecc_outpu...
Compiling module xil_defaultlib.blk_mem_gen_v8_4_5_mem_module(C_...
Compiling module xil_defaultlib.blk_mem_gen_v8_4_5(C_FAMILY="spa...
Compiling module xil_defaultlib.blk_mem_gen_0
Compiling module unisims_ver.IBUF
Compiling module unisims_ver.MMCME2_ADV(CLKFBOUT_MULT_F=10.0,...
Compiling module unisims_ver.BUFG
Compiling module xil_defaultlib.clk_wiz_0_clk_wiz
Compiling module xil_defaultlib.clk_wiz_0
Compiling module xil_defaultlib.vga_controller
Compiling module unisims_ver.SRL16E_default
Compiling module xil_defaultlib.srldelay(WIDTH=40,TAPS=4'b1010)
Compiling module xil_defaultlib.encode_default
Compiling module xil_defaultlib.encode(CHANNEL="GREEN")
Compiling module xil_defaultlib.encode(CHANNEL="RED")
Compiling module unisims_ver.OSERDESE2(DATA_RATE_TQ="SDR",DAT...
Compiling module unisims_ver.OSERDESE2(DATA_RATE_TQ="SDR",DAT...
Compiling module xil_defaultlib.serdes_10_to_1
Compiling module unisims_ver.OBUFDS(IOSTANDARD="TMDS_33")
Compiling module xil_defaultlib.hdmi_tx_v1_0(C_RED_WIDTH=4,C_GRE...
Compiling module xil_defaultlib.hdmi_tx_0
Compiling module xil_defaultlib.font_rom
Compiling module xil_defaultlib.color_mapper
Compiling module xil_defaultlib.hdmi_text_controller_v1_0(C_AXI_...
Compiling module xil_defaultlib.hdmi_text_controller_tb
Compiling module xil_defaultlib.glbl
Built simulation snapshot hdmi_text_controller_tb_behav
run_program: Time (s): cpu = 00:00:01 ; elapsed = 00:00:08 . Memory (MB): peak = 2882.219 ; gain = 0.000
INFO: [USF-XSim-69] 'elaborate' step finished in '8' seconds
INFO: [USF-XSim-4] XSim::Simulate design
INFO: [USF-XSim-61] Executing 'SIMULATE' step in 'c:/users/shane/documents/classes/ece_385/lab_7/lab_7_2/lab_7_2.tmp/hdmi_text_controller_v1_0_project/hdmi_text_controller_v1_0_project.sim/sim_1/behav/xsim'
INFO: [USF-XSim-98] *** Running xsim
   with args "hdmi_text_controller_tb_behav -key {Behavioral:sim_1:Functional:hdmi_text_controller_tb} -tclbatch {hdmi_text_controller_tb.tcl} -view {c:/users/shane/documents/classes/ece_385/lab_7/lab_7_2/lab_7_2.tmp/hdmi_text_controller_v1_0_project/hdmi_text_controller_tb_behav.wcfg} -log {simulate.log}"
INFO: [USF-XSim-8] Loading simulator feature
Time resolution is 1 ps
open_wave_config c:/users/shane/documents/classes/ece_385/lab_7/lab_7_2/lab_7_2.tmp/hdmi_text_controller_v1_0_project/hdmi_text_controller_tb_behav.wcfg
source hdmi_text_controller_tb.tcl
# set curr_wave [current_wave_config]
# if { [string length $curr_wave] == 0 } {
#   if { [llength [get_objects]] > 0} {
#     add_wave /
#     set_property needs_save false [current_wave_config]
#   } else {
#      send_msg_id Add_Wave-1 WARNING "No top level signals found. Simulator will start without a wave window. If you want to open a wave window go to 'File->New Waveform Configuration' or type 'create_wave_config' in the TCL console."
#   }
# }
# run all
Block Memory Generator module hdmi_text_controller_tb.hdmi_text_controller_v1_0_inst.sram0.inst.\native_mem_module.blk_mem_gen_v8_4_5_inst  is using a behavioral model for simulation which will not precisely model memory collision behavior.
blk_mem_gen_v8_4_5 collision detected at time: 120000, Instance: hdmi_text_controller_tb.hdmi_text_controller_v1_0_inst.sram0.inst.\native_mem_module.blk_mem_gen_v8_4_5_inst , A write address: 0, B  read address: 0
first color reg: 00000000
random reg: 00005555
4af
$finish called at time : 240 ns : File "c:/users/shane/documents/classes/ece_385/lab_7/lab_7_2/ip_repo/hdmi_text_controller_1_0/src/hdmi_text_controller_v1_0_tb.sv" Line 339
INFO: [USF-XSim-96] XSim completed. Design snapshot 'hdmi_text_controller_tb_behav' loaded.
INFO: [USF-XSim-97] XSim simulation ran for all
launch_simulation: Time (s): cpu = 00:00:06 ; elapsed = 00:00:13 . Memory (MB): peak = 2887.359 ; gain = 5.141
current_wave_config {hdmi_text_controller_tb_behav.wcfg}
hdmi_text_controller_tb_behav.wcfg
add_wave {{/hdmi_text_controller_tb/hdmi_text_controller_v1_0_inst/hdmi_text_controller_v1_0_AXI_inst/flag}} 
save_wave_config {c:/users/shane/documents/classes/ece_385/lab_7/lab_7_2/lab_7_2.tmp/hdmi_text_controller_v1_0_project/hdmi_text_controller_tb_behav.wcfg}
close_sim
INFO: [Simtcl 6-16] Simulation closed
launch_simulation
Command: launch_simulation 
INFO: [Vivado 12-12493] Simulation top is 'hdmi_text_controller_tb'
WARNING: [Vivado 12-13340] Unable to auto find GCC executables from simulator install path! (path not set)
WARNING: [Vivado 12-13277] Compiled library path does not exist: ''
INFO: [Vivado 12-5698] Checking validity of IPs in the design for the 'XSim' simulator...
INFO: [Vivado 12-5682] Launching behavioral simulation in 'c:/users/shane/documents/classes/ece_385/lab_7/lab_7_2/lab_7_2.tmp/hdmi_text_controller_v1_0_project/hdmi_text_controller_v1_0_project.sim/sim_1/behav/xsim'
INFO: [Vivado 12-13660] Precompiled IP simulation library mode is enabled (default). The design IP libraries will be referenced from the compiled library path. Please note that if the precompiled version of the library is not found from the path or the IP is in locked state, then the library source files for these IPs will be compiled locally as part of the compile order.
INFO: [Vivado 12-4795] Using compiled simulation libraries for IPs
INFO: [SIM-utils-51] Simulation object is 'sim_1'
INFO: [SIM-utils-72] Using boost library from 'C:/Xilinx/Vivado/2022.2/tps/boost_1_72_0'
INFO: [USF-XSim-7] Finding pre-compiled libraries...
INFO: [USF-XSim-11] File 'C:/Xilinx/Vivado/2022.2/data/xsim/xsim.ini' copied to run dir:'c:/users/shane/documents/classes/ece_385/lab_7/lab_7_2/lab_7_2.tmp/hdmi_text_controller_v1_0_project/hdmi_text_controller_v1_0_project.sim/sim_1/behav/xsim'
INFO: [SIM-utils-54] Inspecting design source files for 'hdmi_text_controller_tb' in fileset 'sim_1'...
INFO: [USF-XSim-97] Finding global include files...
INFO: [USF-XSim-98] Fetching design files from 'sim_1'...
INFO: [USF-XSim-2] XSim::Compile design
INFO: [USF-XSim-61] Executing 'COMPILE and ANALYZE' step in 'c:/users/shane/documents/classes/ece_385/lab_7/lab_7_2/lab_7_2.tmp/hdmi_text_controller_v1_0_project/hdmi_text_controller_v1_0_project.sim/sim_1/behav/xsim'
"xvlog --incr --relax -L uvm -prj hdmi_text_controller_tb_vlog.prj"
INFO: [USF-XSim-69] 'compile' step finished in '1' seconds
INFO: [USF-XSim-3] XSim::Elaborate design
INFO: [USF-XSim-61] Executing 'ELABORATE' step in 'c:/users/shane/documents/classes/ece_385/lab_7/lab_7_2/lab_7_2.tmp/hdmi_text_controller_v1_0_project/hdmi_text_controller_v1_0_project.sim/sim_1/behav/xsim'
"xelab --incr --debug typical --relax --mt 2 -L xil_defaultlib -L uvm -L unisims_ver -L unimacro_ver -L secureip -L xpm --snapshot hdmi_text_controller_tb_behav xil_defaultlib.hdmi_text_controller_tb xil_defaultlib.glbl -log elaborate.log"
Vivado Simulator v2022.2
Copyright 1986-1999, 2001-2022 Xilinx, Inc. All Rights Reserved.
Running: C:/Xilinx/Vivado/2022.2/bin/unwrapped/win64.o/xelab.exe --incr --debug typical --relax --mt 2 -L xil_defaultlib -L uvm -L unisims_ver -L unimacro_ver -L secureip -L xpm --snapshot hdmi_text_controller_tb_behav xil_defaultlib.hdmi_text_controller_tb xil_defaultlib.glbl -log elaborate.log 
Using 2 slave threads.
Starting static elaboration
Pass Through NonSizing Optimizer
WARNING: [VRFC 10-3091] actual bit length 32 differs from formal bit length 16 for port 'axi_awaddr' [c:/users/shane/documents/classes/ece_385/lab_7/lab_7_2/ip_repo/hdmi_text_controller_1_0/src/hdmi_text_controller_v1_0_tb.sv:74]
WARNING: [VRFC 10-3091] actual bit length 32 differs from formal bit length 16 for port 'axi_araddr' [c:/users/shane/documents/classes/ece_385/lab_7/lab_7_2/ip_repo/hdmi_text_controller_1_0/src/hdmi_text_controller_v1_0_tb.sv:88]
WARNING: [VRFC 10-3091] actual bit length 12 differs from formal bit length 11 for port 'addr' [c:/users/shane/documents/classes/ece_385/lab_7/lab_7_2/ip_repo/hdmi_text_controller_1_0/src/hdmi_text_controller_v1_0.sv:190]
Completed static elaboration
INFO: [XSIM 43-4323] No Change in HDL. Linking previously generated obj files to create kernel
INFO: [USF-XSim-69] 'elaborate' step finished in '2' seconds
INFO: [USF-XSim-4] XSim::Simulate design
INFO: [USF-XSim-61] Executing 'SIMULATE' step in 'c:/users/shane/documents/classes/ece_385/lab_7/lab_7_2/lab_7_2.tmp/hdmi_text_controller_v1_0_project/hdmi_text_controller_v1_0_project.sim/sim_1/behav/xsim'
INFO: [USF-XSim-98] *** Running xsim
   with args "hdmi_text_controller_tb_behav -key {Behavioral:sim_1:Functional:hdmi_text_controller_tb} -tclbatch {hdmi_text_controller_tb.tcl} -view {c:/users/shane/documents/classes/ece_385/lab_7/lab_7_2/lab_7_2.tmp/hdmi_text_controller_v1_0_project/hdmi_text_controller_tb_behav.wcfg} -log {simulate.log}"
INFO: [USF-XSim-8] Loading simulator feature
Time resolution is 1 ps
open_wave_config c:/users/shane/documents/classes/ece_385/lab_7/lab_7_2/lab_7_2.tmp/hdmi_text_controller_v1_0_project/hdmi_text_controller_tb_behav.wcfg
source hdmi_text_controller_tb.tcl
# set curr_wave [current_wave_config]
# if { [string length $curr_wave] == 0 } {
#   if { [llength [get_objects]] > 0} {
#     add_wave /
#     set_property needs_save false [current_wave_config]
#   } else {
#      send_msg_id Add_Wave-1 WARNING "No top level signals found. Simulator will start without a wave window. If you want to open a wave window go to 'File->New Waveform Configuration' or type 'create_wave_config' in the TCL console."
#   }
# }
# run all
Block Memory Generator module hdmi_text_controller_tb.hdmi_text_controller_v1_0_inst.sram0.inst.\native_mem_module.blk_mem_gen_v8_4_5_inst  is using a behavioral model for simulation which will not precisely model memory collision behavior.
blk_mem_gen_v8_4_5 collision detected at time: 120000, Instance: hdmi_text_controller_tb.hdmi_text_controller_v1_0_inst.sram0.inst.\native_mem_module.blk_mem_gen_v8_4_5_inst , A write address: 0, B  read address: 0
first color reg: 00000000
random reg: 00005555
4af
$finish called at time : 240 ns : File "c:/users/shane/documents/classes/ece_385/lab_7/lab_7_2/ip_repo/hdmi_text_controller_1_0/src/hdmi_text_controller_v1_0_tb.sv" Line 339
INFO: [USF-XSim-96] XSim completed. Design snapshot 'hdmi_text_controller_tb_behav' loaded.
INFO: [USF-XSim-97] XSim simulation ran for all
launch_simulation: Time (s): cpu = 00:00:06 ; elapsed = 00:00:06 . Memory (MB): peak = 2887.391 ; gain = 0.031
ipx::unload_core c:/Users/Shane/Documents/Classes/ECE_385/Lab_7/lab_7_2/ip_repo/hdmi_text_controller_1_0/component.xml
current_wave_config {hdmi_text_controller_tb_behav.wcfg}
hdmi_text_controller_tb_behav.wcfg
add_wave {{/hdmi_text_controller_tb/hdmi_text_controller_v1_0_inst/hdmi_text_controller_v1_0_AXI_inst/axi_araddr}} 
save_wave_config {c:/users/shane/documents/classes/ece_385/lab_7/lab_7_2/lab_7_2.tmp/hdmi_text_controller_v1_0_project/hdmi_text_controller_tb_behav.wcfg}
close_sim
INFO: [Simtcl 6-16] Simulation closed
launch_simulation
Command: launch_simulation 
INFO: [Vivado 12-12493] Simulation top is 'hdmi_text_controller_tb'
WARNING: [Vivado 12-13340] Unable to auto find GCC executables from simulator install path! (path not set)
WARNING: [Vivado 12-13277] Compiled library path does not exist: ''
INFO: [Vivado 12-5698] Checking validity of IPs in the design for the 'XSim' simulator...
INFO: [Vivado 12-5682] Launching behavioral simulation in 'c:/users/shane/documents/classes/ece_385/lab_7/lab_7_2/lab_7_2.tmp/hdmi_text_controller_v1_0_project/hdmi_text_controller_v1_0_project.sim/sim_1/behav/xsim'
INFO: [Vivado 12-13660] Precompiled IP simulation library mode is enabled (default). The design IP libraries will be referenced from the compiled library path. Please note that if the precompiled version of the library is not found from the path or the IP is in locked state, then the library source files for these IPs will be compiled locally as part of the compile order.
INFO: [Vivado 12-4795] Using compiled simulation libraries for IPs
INFO: [SIM-utils-51] Simulation object is 'sim_1'
INFO: [SIM-utils-72] Using boost library from 'C:/Xilinx/Vivado/2022.2/tps/boost_1_72_0'
INFO: [USF-XSim-7] Finding pre-compiled libraries...
INFO: [USF-XSim-11] File 'C:/Xilinx/Vivado/2022.2/data/xsim/xsim.ini' copied to run dir:'c:/users/shane/documents/classes/ece_385/lab_7/lab_7_2/lab_7_2.tmp/hdmi_text_controller_v1_0_project/hdmi_text_controller_v1_0_project.sim/sim_1/behav/xsim'
INFO: [SIM-utils-54] Inspecting design source files for 'hdmi_text_controller_tb' in fileset 'sim_1'...
INFO: [USF-XSim-97] Finding global include files...
INFO: [USF-XSim-98] Fetching design files from 'sim_1'...
INFO: [USF-XSim-2] XSim::Compile design
INFO: [USF-XSim-61] Executing 'COMPILE and ANALYZE' step in 'c:/users/shane/documents/classes/ece_385/lab_7/lab_7_2/lab_7_2.tmp/hdmi_text_controller_v1_0_project/hdmi_text_controller_v1_0_project.sim/sim_1/behav/xsim'
"xvlog --incr --relax -L uvm -prj hdmi_text_controller_tb_vlog.prj"
INFO: [USF-XSim-69] 'compile' step finished in '1' seconds
INFO: [USF-XSim-3] XSim::Elaborate design
INFO: [USF-XSim-61] Executing 'ELABORATE' step in 'c:/users/shane/documents/classes/ece_385/lab_7/lab_7_2/lab_7_2.tmp/hdmi_text_controller_v1_0_project/hdmi_text_controller_v1_0_project.sim/sim_1/behav/xsim'
"xelab --incr --debug typical --relax --mt 2 -L xil_defaultlib -L uvm -L unisims_ver -L unimacro_ver -L secureip -L xpm --snapshot hdmi_text_controller_tb_behav xil_defaultlib.hdmi_text_controller_tb xil_defaultlib.glbl -log elaborate.log"
Vivado Simulator v2022.2
Copyright 1986-1999, 2001-2022 Xilinx, Inc. All Rights Reserved.
Running: C:/Xilinx/Vivado/2022.2/bin/unwrapped/win64.o/xelab.exe --incr --debug typical --relax --mt 2 -L xil_defaultlib -L uvm -L unisims_ver -L unimacro_ver -L secureip -L xpm --snapshot hdmi_text_controller_tb_behav xil_defaultlib.hdmi_text_controller_tb xil_defaultlib.glbl -log elaborate.log 
Using 2 slave threads.
Starting static elaboration
Pass Through NonSizing Optimizer
WARNING: [VRFC 10-3091] actual bit length 32 differs from formal bit length 16 for port 'axi_awaddr' [c:/users/shane/documents/classes/ece_385/lab_7/lab_7_2/ip_repo/hdmi_text_controller_1_0/src/hdmi_text_controller_v1_0_tb.sv:74]
WARNING: [VRFC 10-3091] actual bit length 32 differs from formal bit length 16 for port 'axi_araddr' [c:/users/shane/documents/classes/ece_385/lab_7/lab_7_2/ip_repo/hdmi_text_controller_1_0/src/hdmi_text_controller_v1_0_tb.sv:88]
WARNING: [VRFC 10-3091] actual bit length 12 differs from formal bit length 11 for port 'addr' [c:/users/shane/documents/classes/ece_385/lab_7/lab_7_2/ip_repo/hdmi_text_controller_1_0/src/hdmi_text_controller_v1_0.sv:190]
Completed static elaboration
INFO: [XSIM 43-4323] No Change in HDL. Linking previously generated obj files to create kernel
INFO: [USF-XSim-69] 'elaborate' step finished in '1' seconds
INFO: [USF-XSim-4] XSim::Simulate design
INFO: [USF-XSim-61] Executing 'SIMULATE' step in 'c:/users/shane/documents/classes/ece_385/lab_7/lab_7_2/lab_7_2.tmp/hdmi_text_controller_v1_0_project/hdmi_text_controller_v1_0_project.sim/sim_1/behav/xsim'
INFO: [USF-XSim-98] *** Running xsim
   with args "hdmi_text_controller_tb_behav -key {Behavioral:sim_1:Functional:hdmi_text_controller_tb} -tclbatch {hdmi_text_controller_tb.tcl} -view {c:/users/shane/documents/classes/ece_385/lab_7/lab_7_2/lab_7_2.tmp/hdmi_text_controller_v1_0_project/hdmi_text_controller_tb_behav.wcfg} -log {simulate.log}"
INFO: [USF-XSim-8] Loading simulator feature
Time resolution is 1 ps
open_wave_config c:/users/shane/documents/classes/ece_385/lab_7/lab_7_2/lab_7_2.tmp/hdmi_text_controller_v1_0_project/hdmi_text_controller_tb_behav.wcfg
source hdmi_text_controller_tb.tcl
# set curr_wave [current_wave_config]
# if { [string length $curr_wave] == 0 } {
#   if { [llength [get_objects]] > 0} {
#     add_wave /
#     set_property needs_save false [current_wave_config]
#   } else {
#      send_msg_id Add_Wave-1 WARNING "No top level signals found. Simulator will start without a wave window. If you want to open a wave window go to 'File->New Waveform Configuration' or type 'create_wave_config' in the TCL console."
#   }
# }
# run all
Block Memory Generator module hdmi_text_controller_tb.hdmi_text_controller_v1_0_inst.sram0.inst.\native_mem_module.blk_mem_gen_v8_4_5_inst  is using a behavioral model for simulation which will not precisely model memory collision behavior.
blk_mem_gen_v8_4_5 collision detected at time: 120000, Instance: hdmi_text_controller_tb.hdmi_text_controller_v1_0_inst.sram0.inst.\native_mem_module.blk_mem_gen_v8_4_5_inst , A write address: 0, B  read address: 0
first color reg: 00000000
random reg: 00005555
4af
$finish called at time : 240 ns : File "c:/users/shane/documents/classes/ece_385/lab_7/lab_7_2/ip_repo/hdmi_text_controller_1_0/src/hdmi_text_controller_v1_0_tb.sv" Line 339
INFO: [USF-XSim-96] XSim completed. Design snapshot 'hdmi_text_controller_tb_behav' loaded.
INFO: [USF-XSim-97] XSim simulation ran for all
launch_simulation: Time (s): cpu = 00:00:06 ; elapsed = 00:00:06 . Memory (MB): peak = 2899.621 ; gain = 5.133
WARNING: [filemgmt 56-199] Attempt to get parsing info during refresh. "On-the-fly" syntax checking information may be incorrect. [c:\Users\Shane\Documents\Classes\ECE_385\Lab_7\lab_7_2\ip_repo\hdmi_text_controller_1_0\src\hdmi_text_controller_v1_0_AXI.sv:]
WARNING: [filemgmt 56-199] Attempt to get parsing info during refresh. "On-the-fly" syntax checking information may be incorrect. [c:\Users\Shane\Documents\Classes\ECE_385\Lab_7\lab_7_2\ip_repo\hdmi_text_controller_1_0\src\hdmi_text_controller_v1_0_tb.sv:]
ERROR: [Common 17-180] Spawn failed: No error
WARNING: [filemgmt 56-199] Attempt to get parsing info during refresh. "On-the-fly" syntax checking information may be incorrect. [c:\Users\Shane\Documents\Classes\ECE_385\Lab_7\lab_7_2\ip_repo\hdmi_text_controller_1_0\src\hdmi_text_controller_v1_0_AXI.sv:]
WARNING: [filemgmt 56-199] Attempt to get parsing info during refresh. "On-the-fly" syntax checking information may be incorrect. [c:\Users\Shane\Documents\Classes\ECE_385\Lab_7\lab_7_2\ip_repo\hdmi_text_controller_1_0\src\hdmi_text_controller_v1_0_tb.sv:]
ERROR: [Common 17-180] Spawn failed: No error
WARNING: [filemgmt 56-199] Attempt to get parsing info during refresh. "On-the-fly" syntax checking information may be incorrect. [c:\Users\Shane\Documents\Classes\ECE_385\Lab_7\lab_7_2\ip_repo\hdmi_text_controller_1_0\src\hdmi_text_controller_v1_0_AXI.sv:]
WARNING: [filemgmt 56-199] Attempt to get parsing info during refresh. "On-the-fly" syntax checking information may be incorrect. [c:\Users\Shane\Documents\Classes\ECE_385\Lab_7\lab_7_2\ip_repo\hdmi_text_controller_1_0\src\hdmi_text_controller_v1_0_tb.sv:]
ERROR: [Common 17-180] Spawn failed: No error
WARNING: [filemgmt 56-199] Attempt to get parsing info during refresh. "On-the-fly" syntax checking information may be incorrect. [c:\Users\Shane\Documents\Classes\ECE_385\Lab_7\lab_7_2\ip_repo\hdmi_text_controller_1_0\src\hdmi_text_controller_v1_0_AXI.sv:]
WARNING: [filemgmt 56-199] Attempt to get parsing info during refresh. "On-the-fly" syntax checking information may be incorrect. [c:\Users\Shane\Documents\Classes\ECE_385\Lab_7\lab_7_2\ip_repo\hdmi_text_controller_1_0\src\hdmi_text_controller_v1_0_tb.sv:]
ERROR: [Common 17-180] Spawn failed: No error
WARNING: [filemgmt 56-199] Attempt to get parsing info during refresh. "On-the-fly" syntax checking information may be incorrect. [c:\Users\Shane\Documents\Classes\ECE_385\Lab_7\lab_7_2\ip_repo\hdmi_text_controller_1_0\src\hdmi_text_controller_v1_0_AXI.sv:]
WARNING: [filemgmt 56-199] Attempt to get parsing info during refresh. "On-the-fly" syntax checking information may be incorrect. [c:\Users\Shane\Documents\Classes\ECE_385\Lab_7\lab_7_2\ip_repo\hdmi_text_controller_1_0\src\hdmi_text_controller_v1_0_tb.sv:]
ERROR: [Common 17-180] Spawn failed: No error
WARNING: [filemgmt 56-199] Attempt to get parsing info during refresh. "On-the-fly" syntax checking information may be incorrect. [c:\Users\Shane\Documents\Classes\ECE_385\Lab_7\lab_7_2\ip_repo\hdmi_text_controller_1_0\src\hdmi_text_controller_v1_0_AXI.sv:]
WARNING: [filemgmt 56-199] Attempt to get parsing info during refresh. "On-the-fly" syntax checking information may be incorrect. [c:\Users\Shane\Documents\Classes\ECE_385\Lab_7\lab_7_2\ip_repo\hdmi_text_controller_1_0\src\hdmi_text_controller_v1_0_tb.sv:]
ERROR: [Common 17-180] Spawn failed: No error
save_wave_config {c:/users/shane/documents/classes/ece_385/lab_7/lab_7_2/lab_7_2.tmp/hdmi_text_controller_v1_0_project/hdmi_text_controller_tb_behav.wcfg}
close_sim
INFO: [Simtcl 6-16] Simulation closed
launch_simulation
Command: launch_simulation 
INFO: [Vivado 12-12493] Simulation top is 'hdmi_text_controller_tb'
WARNING: [Vivado 12-13340] Unable to auto find GCC executables from simulator install path! (path not set)
WARNING: [Vivado 12-13277] Compiled library path does not exist: ''
INFO: [Vivado 12-5698] Checking validity of IPs in the design for the 'XSim' simulator...
INFO: [Vivado 12-5682] Launching behavioral simulation in 'c:/users/shane/documents/classes/ece_385/lab_7/lab_7_2/lab_7_2.tmp/hdmi_text_controller_v1_0_project/hdmi_text_controller_v1_0_project.sim/sim_1/behav/xsim'
INFO: [Vivado 12-13660] Precompiled IP simulation library mode is enabled (default). The design IP libraries will be referenced from the compiled library path. Please note that if the precompiled version of the library is not found from the path or the IP is in locked state, then the library source files for these IPs will be compiled locally as part of the compile order.
INFO: [Vivado 12-4795] Using compiled simulation libraries for IPs
INFO: [SIM-utils-51] Simulation object is 'sim_1'
INFO: [SIM-utils-72] Using boost library from 'C:/Xilinx/Vivado/2022.2/tps/boost_1_72_0'
INFO: [USF-XSim-7] Finding pre-compiled libraries...
INFO: [USF-XSim-11] File 'C:/Xilinx/Vivado/2022.2/data/xsim/xsim.ini' copied to run dir:'c:/users/shane/documents/classes/ece_385/lab_7/lab_7_2/lab_7_2.tmp/hdmi_text_controller_v1_0_project/hdmi_text_controller_v1_0_project.sim/sim_1/behav/xsim'
INFO: [SIM-utils-54] Inspecting design source files for 'hdmi_text_controller_tb' in fileset 'sim_1'...
INFO: [USF-XSim-97] Finding global include files...
INFO: [USF-XSim-98] Fetching design files from 'sim_1'...
INFO: [USF-XSim-2] XSim::Compile design
INFO: [USF-XSim-61] Executing 'COMPILE and ANALYZE' step in 'c:/users/shane/documents/classes/ece_385/lab_7/lab_7_2/lab_7_2.tmp/hdmi_text_controller_v1_0_project/hdmi_text_controller_v1_0_project.sim/sim_1/behav/xsim'
"xvlog --incr --relax -L uvm -prj hdmi_text_controller_tb_vlog.prj"
INFO: [VRFC 10-2263] Analyzing SystemVerilog file "c:/users/shane/documents/classes/ece_385/lab_7/lab_7_2/ip_repo/hdmi_text_controller_1_0/src/Color_Mapper.sv" into library xil_defaultlib
INFO: [VRFC 10-311] analyzing module color_mapper
INFO: [VRFC 10-2263] Analyzing SystemVerilog file "c:/users/shane/documents/classes/ece_385/lab_7/lab_7_2/ip_repo/hdmi_text_controller_1_0/src/VGA_controller.sv" into library xil_defaultlib
INFO: [VRFC 10-311] analyzing module vga_controller
INFO: [VRFC 10-2263] Analyzing SystemVerilog file "c:/users/shane/documents/classes/ece_385/lab_7/lab_7_2/ip_repo/hdmi_text_controller_1_0/src/font_rom.sv" into library xil_defaultlib
INFO: [VRFC 10-311] analyzing module font_rom
INFO: [VRFC 10-2263] Analyzing SystemVerilog file "c:/users/shane/documents/classes/ece_385/lab_7/lab_7_2/ip_repo/hdmi_text_controller_1_0/src/hdmi_text_controller_v1_0.sv" into library xil_defaultlib
INFO: [VRFC 10-311] analyzing module hdmi_text_controller_v1_0
INFO: [VRFC 10-2263] Analyzing SystemVerilog file "c:/users/shane/documents/classes/ece_385/lab_7/lab_7_2/ip_repo/hdmi_text_controller_1_0/src/hdmi_text_controller_v1_0_AXI.sv" into library xil_defaultlib
INFO: [VRFC 10-311] analyzing module hdmi_text_controller_v1_0_AXI
INFO: [VRFC 10-2263] Analyzing SystemVerilog file "c:/users/shane/documents/classes/ece_385/lab_7/lab_7_2/ip_repo/hdmi_text_controller_1_0/src/hdmi_text_controller_v1_0_tb.sv" into library xil_defaultlib
INFO: [VRFC 10-311] analyzing module hdmi_text_controller_tb
INFO: [USF-XSim-69] 'compile' step finished in '2' seconds
INFO: [USF-XSim-3] XSim::Elaborate design
INFO: [USF-XSim-61] Executing 'ELABORATE' step in 'c:/users/shane/documents/classes/ece_385/lab_7/lab_7_2/lab_7_2.tmp/hdmi_text_controller_v1_0_project/hdmi_text_controller_v1_0_project.sim/sim_1/behav/xsim'
"xelab --incr --debug typical --relax --mt 2 -L xil_defaultlib -L uvm -L unisims_ver -L unimacro_ver -L secureip -L xpm --snapshot hdmi_text_controller_tb_behav xil_defaultlib.hdmi_text_controller_tb xil_defaultlib.glbl -log elaborate.log"
Vivado Simulator v2022.2
Copyright 1986-1999, 2001-2022 Xilinx, Inc. All Rights Reserved.
Running: C:/Xilinx/Vivado/2022.2/bin/unwrapped/win64.o/xelab.exe --incr --debug typical --relax --mt 2 -L xil_defaultlib -L uvm -L unisims_ver -L unimacro_ver -L secureip -L xpm --snapshot hdmi_text_controller_tb_behav xil_defaultlib.hdmi_text_controller_tb xil_defaultlib.glbl -log elaborate.log 
Using 2 slave threads.
Starting static elaboration
Pass Through NonSizing Optimizer
WARNING: [VRFC 10-3091] actual bit length 32 differs from formal bit length 16 for port 'axi_awaddr' [c:/users/shane/documents/classes/ece_385/lab_7/lab_7_2/ip_repo/hdmi_text_controller_1_0/src/hdmi_text_controller_v1_0_tb.sv:74]
WARNING: [VRFC 10-3091] actual bit length 32 differs from formal bit length 16 for port 'axi_araddr' [c:/users/shane/documents/classes/ece_385/lab_7/lab_7_2/ip_repo/hdmi_text_controller_1_0/src/hdmi_text_controller_v1_0_tb.sv:88]
WARNING: [VRFC 10-3091] actual bit length 12 differs from formal bit length 11 for port 'addr' [c:/users/shane/documents/classes/ece_385/lab_7/lab_7_2/ip_repo/hdmi_text_controller_1_0/src/hdmi_text_controller_v1_0.sv:190]
Completed static elaboration
Starting simulation data flow analysis
WARNING: [XSIM 43-4099] "c:/users/shane/documents/classes/ece_385/lab_7/lab_7_2/ip_repo/hdmi_text_controller_1_0/src/VGA_controller.sv" Line 26. Module vga_controller doesn't have a timescale but at least one module in design has a timescale.
WARNING: [XSIM 43-4099] "c:/users/shane/documents/classes/ece_385/lab_7/lab_7_2/ip_repo/hdmi_text_controller_1_0/src/Color_Mapper.sv" Line 17. Module color_mapper doesn't have a timescale but at least one module in design has a timescale.
WARNING: [XSIM 43-4099] "c:/users/shane/documents/classes/ece_385/lab_7/lab_7_2/ip_repo/hdmi_text_controller_1_0/src/font_rom.sv" Line 1. Module font_rom doesn't have a timescale but at least one module in design has a timescale.
WARNING: [XSIM 43-4099] "c:/users/shane/documents/classes/ece_385/lab_7/lab_7_2/ip_repo/hdmi_text_controller_1_0/src/VGA_controller.sv" Line 26. Module vga_controller doesn't have a timescale but at least one module in design has a timescale.
WARNING: [XSIM 43-4099] "c:/users/shane/documents/classes/ece_385/lab_7/lab_7_2/ip_repo/hdmi_text_controller_1_0/src/Color_Mapper.sv" Line 17. Module color_mapper doesn't have a timescale but at least one module in design has a timescale.
WARNING: [XSIM 43-4099] "c:/users/shane/documents/classes/ece_385/lab_7/lab_7_2/ip_repo/hdmi_text_controller_1_0/src/font_rom.sv" Line 1. Module font_rom doesn't have a timescale but at least one module in design has a timescale.
Completed simulation data flow analysis
Time Resolution for simulation is 1ps
Compiling module xil_defaultlib.hdmi_text_controller_v1_0_AXI(C_...
Compiling module xil_defaultlib.blk_mem_gen_v8_4_5_output_stage(...
Compiling module xil_defaultlib.blk_mem_gen_v8_4_5_softecc_outpu...
Compiling module xil_defaultlib.blk_mem_gen_v8_4_5_mem_module(C_...
Compiling module xil_defaultlib.blk_mem_gen_v8_4_5(C_FAMILY="spa...
Compiling module xil_defaultlib.blk_mem_gen_0
Compiling module unisims_ver.IBUF
Compiling module unisims_ver.MMCME2_ADV(CLKFBOUT_MULT_F=10.0,...
Compiling module unisims_ver.BUFG
Compiling module xil_defaultlib.clk_wiz_0_clk_wiz
Compiling module xil_defaultlib.clk_wiz_0
Compiling module xil_defaultlib.vga_controller
Compiling module unisims_ver.SRL16E_default
Compiling module xil_defaultlib.srldelay(WIDTH=40,TAPS=4'b1010)
Compiling module xil_defaultlib.encode_default
Compiling module xil_defaultlib.encode(CHANNEL="GREEN")
Compiling module xil_defaultlib.encode(CHANNEL="RED")
Compiling module unisims_ver.OSERDESE2(DATA_RATE_TQ="SDR",DAT...
Compiling module unisims_ver.OSERDESE2(DATA_RATE_TQ="SDR",DAT...
Compiling module xil_defaultlib.serdes_10_to_1
Compiling module unisims_ver.OBUFDS(IOSTANDARD="TMDS_33")
Compiling module xil_defaultlib.hdmi_tx_v1_0(C_RED_WIDTH=4,C_GRE...
Compiling module xil_defaultlib.hdmi_tx_0
Compiling module xil_defaultlib.font_rom
Compiling module xil_defaultlib.color_mapper
Compiling module xil_defaultlib.hdmi_text_controller_v1_0(C_AXI_...
Compiling module xil_defaultlib.hdmi_text_controller_tb
Compiling module xil_defaultlib.glbl
Built simulation snapshot hdmi_text_controller_tb_behav
run_program: Time (s): cpu = 00:00:00 ; elapsed = 00:00:08 . Memory (MB): peak = 2905.148 ; gain = 0.000
INFO: [USF-XSim-69] 'elaborate' step finished in '7' seconds
INFO: [USF-XSim-4] XSim::Simulate design
INFO: [USF-XSim-61] Executing 'SIMULATE' step in 'c:/users/shane/documents/classes/ece_385/lab_7/lab_7_2/lab_7_2.tmp/hdmi_text_controller_v1_0_project/hdmi_text_controller_v1_0_project.sim/sim_1/behav/xsim'
INFO: [USF-XSim-98] *** Running xsim
   with args "hdmi_text_controller_tb_behav -key {Behavioral:sim_1:Functional:hdmi_text_controller_tb} -tclbatch {hdmi_text_controller_tb.tcl} -view {c:/users/shane/documents/classes/ece_385/lab_7/lab_7_2/lab_7_2.tmp/hdmi_text_controller_v1_0_project/hdmi_text_controller_tb_behav.wcfg} -log {simulate.log}"
INFO: [USF-XSim-8] Loading simulator feature
Time resolution is 1 ps
open_wave_config c:/users/shane/documents/classes/ece_385/lab_7/lab_7_2/lab_7_2.tmp/hdmi_text_controller_v1_0_project/hdmi_text_controller_tb_behav.wcfg
source hdmi_text_controller_tb.tcl
# set curr_wave [current_wave_config]
# if { [string length $curr_wave] == 0 } {
#   if { [llength [get_objects]] > 0} {
#     add_wave /
#     set_property needs_save false [current_wave_config]
#   } else {
#      send_msg_id Add_Wave-1 WARNING "No top level signals found. Simulator will start without a wave window. If you want to open a wave window go to 'File->New Waveform Configuration' or type 'create_wave_config' in the TCL console."
#   }
# }
# run all
Block Memory Generator module hdmi_text_controller_tb.hdmi_text_controller_v1_0_inst.sram0.inst.\native_mem_module.blk_mem_gen_v8_4_5_inst  is using a behavioral model for simulation which will not precisely model memory collision behavior.
blk_mem_gen_v8_4_5 collision detected at time: 120000, Instance: hdmi_text_controller_tb.hdmi_text_controller_v1_0_inst.sram0.inst.\native_mem_module.blk_mem_gen_v8_4_5_inst , A write address: 0, B  read address: 0
blk_mem_gen_v8_4_5 WARNING: Address 4b0 is outside range for A Read
blk_mem_gen_v8_4_5 WARNING: Address 4b0 is outside range for A Read
first color reg: 00000000
blk_mem_gen_v8_4_5 WARNING: Address 4b0 is outside range for A Read
random reg: 00000fff
$finish called at time : 240 ns : File "c:/users/shane/documents/classes/ece_385/lab_7/lab_7_2/ip_repo/hdmi_text_controller_1_0/src/hdmi_text_controller_v1_0_tb.sv" Line 338
INFO: [USF-XSim-96] XSim completed. Design snapshot 'hdmi_text_controller_tb_behav' loaded.
INFO: [USF-XSim-97] XSim simulation ran for all
launch_simulation: Time (s): cpu = 00:00:06 ; elapsed = 00:00:12 . Memory (MB): peak = 2905.609 ; gain = 0.461
close_sim
INFO: [Simtcl 6-16] Simulation closed
launch_simulation
Command: launch_simulation 
INFO: [Vivado 12-12493] Simulation top is 'hdmi_text_controller_tb'
WARNING: [Vivado 12-13340] Unable to auto find GCC executables from simulator install path! (path not set)
WARNING: [Vivado 12-13277] Compiled library path does not exist: ''
INFO: [Vivado 12-5698] Checking validity of IPs in the design for the 'XSim' simulator...
INFO: [Vivado 12-5682] Launching behavioral simulation in 'c:/users/shane/documents/classes/ece_385/lab_7/lab_7_2/lab_7_2.tmp/hdmi_text_controller_v1_0_project/hdmi_text_controller_v1_0_project.sim/sim_1/behav/xsim'
INFO: [Vivado 12-13660] Precompiled IP simulation library mode is enabled (default). The design IP libraries will be referenced from the compiled library path. Please note that if the precompiled version of the library is not found from the path or the IP is in locked state, then the library source files for these IPs will be compiled locally as part of the compile order.
INFO: [Vivado 12-4795] Using compiled simulation libraries for IPs
INFO: [SIM-utils-51] Simulation object is 'sim_1'
INFO: [SIM-utils-72] Using boost library from 'C:/Xilinx/Vivado/2022.2/tps/boost_1_72_0'
INFO: [USF-XSim-7] Finding pre-compiled libraries...
INFO: [USF-XSim-11] File 'C:/Xilinx/Vivado/2022.2/data/xsim/xsim.ini' copied to run dir:'c:/users/shane/documents/classes/ece_385/lab_7/lab_7_2/lab_7_2.tmp/hdmi_text_controller_v1_0_project/hdmi_text_controller_v1_0_project.sim/sim_1/behav/xsim'
INFO: [SIM-utils-54] Inspecting design source files for 'hdmi_text_controller_tb' in fileset 'sim_1'...
INFO: [USF-XSim-97] Finding global include files...
INFO: [USF-XSim-98] Fetching design files from 'sim_1'...
INFO: [USF-XSim-2] XSim::Compile design
INFO: [USF-XSim-61] Executing 'COMPILE and ANALYZE' step in 'c:/users/shane/documents/classes/ece_385/lab_7/lab_7_2/lab_7_2.tmp/hdmi_text_controller_v1_0_project/hdmi_text_controller_v1_0_project.sim/sim_1/behav/xsim'
"xvlog --incr --relax -L uvm -prj hdmi_text_controller_tb_vlog.prj"
INFO: [USF-XSim-69] 'compile' step finished in '3' seconds
INFO: [USF-XSim-3] XSim::Elaborate design
INFO: [USF-XSim-61] Executing 'ELABORATE' step in 'c:/users/shane/documents/classes/ece_385/lab_7/lab_7_2/lab_7_2.tmp/hdmi_text_controller_v1_0_project/hdmi_text_controller_v1_0_project.sim/sim_1/behav/xsim'
"xelab --incr --debug typical --relax --mt 2 -L xil_defaultlib -L uvm -L unisims_ver -L unimacro_ver -L secureip -L xpm --snapshot hdmi_text_controller_tb_behav xil_defaultlib.hdmi_text_controller_tb xil_defaultlib.glbl -log elaborate.log"
Vivado Simulator v2022.2
Copyright 1986-1999, 2001-2022 Xilinx, Inc. All Rights Reserved.
Running: C:/Xilinx/Vivado/2022.2/bin/unwrapped/win64.o/xelab.exe --incr --debug typical --relax --mt 2 -L xil_defaultlib -L uvm -L unisims_ver -L unimacro_ver -L secureip -L xpm --snapshot hdmi_text_controller_tb_behav xil_defaultlib.hdmi_text_controller_tb xil_defaultlib.glbl -log elaborate.log 
Using 2 slave threads.
Starting static elaboration
Pass Through NonSizing Optimizer
WARNING: [VRFC 10-3091] actual bit length 32 differs from formal bit length 16 for port 'axi_awaddr' [c:/users/shane/documents/classes/ece_385/lab_7/lab_7_2/ip_repo/hdmi_text_controller_1_0/src/hdmi_text_controller_v1_0_tb.sv:74]
WARNING: [VRFC 10-3091] actual bit length 32 differs from formal bit length 16 for port 'axi_araddr' [c:/users/shane/documents/classes/ece_385/lab_7/lab_7_2/ip_repo/hdmi_text_controller_1_0/src/hdmi_text_controller_v1_0_tb.sv:88]
WARNING: [VRFC 10-3091] actual bit length 12 differs from formal bit length 11 for port 'addr' [c:/users/shane/documents/classes/ece_385/lab_7/lab_7_2/ip_repo/hdmi_text_controller_1_0/src/hdmi_text_controller_v1_0.sv:190]
Completed static elaboration
INFO: [XSIM 43-4323] No Change in HDL. Linking previously generated obj files to create kernel
INFO: [USF-XSim-69] 'elaborate' step finished in '4' seconds
INFO: [USF-XSim-4] XSim::Simulate design
INFO: [USF-XSim-61] Executing 'SIMULATE' step in 'c:/users/shane/documents/classes/ece_385/lab_7/lab_7_2/lab_7_2.tmp/hdmi_text_controller_v1_0_project/hdmi_text_controller_v1_0_project.sim/sim_1/behav/xsim'
INFO: [USF-XSim-98] *** Running xsim
   with args "hdmi_text_controller_tb_behav -key {Behavioral:sim_1:Functional:hdmi_text_controller_tb} -tclbatch {hdmi_text_controller_tb.tcl} -view {c:/users/shane/documents/classes/ece_385/lab_7/lab_7_2/lab_7_2.tmp/hdmi_text_controller_v1_0_project/hdmi_text_controller_tb_behav.wcfg} -log {simulate.log}"
INFO: [USF-XSim-8] Loading simulator feature
Time resolution is 1 ps
open_wave_config c:/users/shane/documents/classes/ece_385/lab_7/lab_7_2/lab_7_2.tmp/hdmi_text_controller_v1_0_project/hdmi_text_controller_tb_behav.wcfg
source hdmi_text_controller_tb.tcl
# set curr_wave [current_wave_config]
# if { [string length $curr_wave] == 0 } {
#   if { [llength [get_objects]] > 0} {
#     add_wave /
#     set_property needs_save false [current_wave_config]
#   } else {
#      send_msg_id Add_Wave-1 WARNING "No top level signals found. Simulator will start without a wave window. If you want to open a wave window go to 'File->New Waveform Configuration' or type 'create_wave_config' in the TCL console."
#   }
# }
# run all
Block Memory Generator module hdmi_text_controller_tb.hdmi_text_controller_v1_0_inst.sram0.inst.\native_mem_module.blk_mem_gen_v8_4_5_inst  is using a behavioral model for simulation which will not precisely model memory collision behavior.
blk_mem_gen_v8_4_5 collision detected at time: 120000, Instance: hdmi_text_controller_tb.hdmi_text_controller_v1_0_inst.sram0.inst.\native_mem_module.blk_mem_gen_v8_4_5_inst , A write address: 0, B  read address: 0
blk_mem_gen_v8_4_5 WARNING: Address 4b0 is outside range for A Read
blk_mem_gen_v8_4_5 WARNING: Address 4b0 is outside range for A Read
first color reg: 00000000
blk_mem_gen_v8_4_5 WARNING: Address 4b0 is outside range for A Read
random reg: 00000fff
$finish called at time : 240 ns : File "c:/users/shane/documents/classes/ece_385/lab_7/lab_7_2/ip_repo/hdmi_text_controller_1_0/src/hdmi_text_controller_v1_0_tb.sv" Line 338
INFO: [USF-XSim-96] XSim completed. Design snapshot 'hdmi_text_controller_tb_behav' loaded.
INFO: [USF-XSim-97] XSim simulation ran for all
launch_simulation: Time (s): cpu = 00:00:13 ; elapsed = 00:00:13 . Memory (MB): peak = 2907.090 ; gain = 0.789
WARNING: [filemgmt 56-199] Attempt to get parsing info during refresh. "On-the-fly" syntax checking information may be incorrect. [c:\Users\Shane\Documents\Classes\ECE_385\Lab_7\lab_7_2\ip_repo\hdmi_text_controller_1_0\src\hdmi_text_controller_v1_0_AXI.sv:]
WARNING: [filemgmt 56-199] Attempt to get parsing info during refresh. "On-the-fly" syntax checking information may be incorrect. [c:\Users\Shane\Documents\Classes\ECE_385\Lab_7\lab_7_2\ip_repo\hdmi_text_controller_1_0\src\hdmi_text_controller_v1_0_tb.sv:]
ERROR: [Common 17-180] Spawn failed: No error
WARNING: [filemgmt 56-199] Attempt to get parsing info during refresh. "On-the-fly" syntax checking information may be incorrect. [c:\Users\Shane\Documents\Classes\ECE_385\Lab_7\lab_7_2\ip_repo\hdmi_text_controller_1_0\src\hdmi_text_controller_v1_0_AXI.sv:]
WARNING: [filemgmt 56-199] Attempt to get parsing info during refresh. "On-the-fly" syntax checking information may be incorrect. [c:\Users\Shane\Documents\Classes\ECE_385\Lab_7\lab_7_2\ip_repo\hdmi_text_controller_1_0\src\hdmi_text_controller_v1_0_tb.sv:]
ERROR: [Common 17-180] Spawn failed: No error
WARNING: [filemgmt 56-199] Attempt to get parsing info during refresh. "On-the-fly" syntax checking information may be incorrect. [c:\Users\Shane\Documents\Classes\ECE_385\Lab_7\lab_7_2\ip_repo\hdmi_text_controller_1_0\src\hdmi_text_controller_v1_0_AXI.sv:]
WARNING: [filemgmt 56-199] Attempt to get parsing info during refresh. "On-the-fly" syntax checking information may be incorrect. [c:\Users\Shane\Documents\Classes\ECE_385\Lab_7\lab_7_2\ip_repo\hdmi_text_controller_1_0\src\hdmi_text_controller_v1_0_tb.sv:]
WARNING: [filemgmt 56-199] Attempt to get parsing info during refresh. "On-the-fly" syntax checking information may be incorrect. [c:\Users\Shane\Documents\Classes\ECE_385\Lab_7\lab_7_2\ip_repo\hdmi_text_controller_1_0\src\hdmi_text_controller_v1_0_AXI.sv:]
WARNING: [filemgmt 56-199] Attempt to get parsing info during refresh. "On-the-fly" syntax checking information may be incorrect. [c:\Users\Shane\Documents\Classes\ECE_385\Lab_7\lab_7_2\ip_repo\hdmi_text_controller_1_0\src\hdmi_text_controller_v1_0_tb.sv:]
WARNING: [filemgmt 56-199] Attempt to get parsing info during refresh. "On-the-fly" syntax checking information may be incorrect. [c:\Users\Shane\Documents\Classes\ECE_385\Lab_7\lab_7_2\ip_repo\hdmi_text_controller_1_0\src\hdmi_text_controller_v1_0_AXI.sv:]
WARNING: [filemgmt 56-199] Attempt to get parsing info during refresh. "On-the-fly" syntax checking information may be incorrect. [c:\Users\Shane\Documents\Classes\ECE_385\Lab_7\lab_7_2\ip_repo\hdmi_text_controller_1_0\src\hdmi_text_controller_v1_0_tb.sv:]
ERROR: [Common 17-180] Spawn failed: No error
WARNING: [filemgmt 56-199] Attempt to get parsing info during refresh. "On-the-fly" syntax checking information may be incorrect. [c:\Users\Shane\Documents\Classes\ECE_385\Lab_7\lab_7_2\ip_repo\hdmi_text_controller_1_0\src\hdmi_text_controller_v1_0_AXI.sv:]
WARNING: [filemgmt 56-199] Attempt to get parsing info during refresh. "On-the-fly" syntax checking information may be incorrect. [c:\Users\Shane\Documents\Classes\ECE_385\Lab_7\lab_7_2\ip_repo\hdmi_text_controller_1_0\src\hdmi_text_controller_v1_0_tb.sv:]
ERROR: [Common 17-180] Spawn failed: No error
WARNING: [filemgmt 56-199] Attempt to get parsing info during refresh. "On-the-fly" syntax checking information may be incorrect. [c:\Users\Shane\Documents\Classes\ECE_385\Lab_7\lab_7_2\ip_repo\hdmi_text_controller_1_0\src\hdmi_text_controller_v1_0_AXI.sv:]
WARNING: [filemgmt 56-199] Attempt to get parsing info during refresh. "On-the-fly" syntax checking information may be incorrect. [c:\Users\Shane\Documents\Classes\ECE_385\Lab_7\lab_7_2\ip_repo\hdmi_text_controller_1_0\src\hdmi_text_controller_v1_0_tb.sv:]
WARNING: [filemgmt 56-199] Attempt to get parsing info during refresh. "On-the-fly" syntax checking information may be incorrect. [c:\Users\Shane\Documents\Classes\ECE_385\Lab_7\lab_7_2\ip_repo\hdmi_text_controller_1_0\src\hdmi_text_controller_v1_0_AXI.sv:]
WARNING: [filemgmt 56-199] Attempt to get parsing info during refresh. "On-the-fly" syntax checking information may be incorrect. [c:\Users\Shane\Documents\Classes\ECE_385\Lab_7\lab_7_2\ip_repo\hdmi_text_controller_1_0\src\hdmi_text_controller_v1_0_tb.sv:]
ERROR: [Common 17-180] Spawn failed: No error
WARNING: [filemgmt 56-199] Attempt to get parsing info during refresh. "On-the-fly" syntax checking information may be incorrect. [c:\Users\Shane\Documents\Classes\ECE_385\Lab_7\lab_7_2\ip_repo\hdmi_text_controller_1_0\src\hdmi_text_controller_v1_0_AXI.sv:]
WARNING: [filemgmt 56-199] Attempt to get parsing info during refresh. "On-the-fly" syntax checking information may be incorrect. [c:\Users\Shane\Documents\Classes\ECE_385\Lab_7\lab_7_2\ip_repo\hdmi_text_controller_1_0\src\hdmi_text_controller_v1_0_tb.sv:]
WARNING: [filemgmt 56-199] Attempt to get parsing info during refresh. "On-the-fly" syntax checking information may be incorrect. [c:\Users\Shane\Documents\Classes\ECE_385\Lab_7\lab_7_2\ip_repo\hdmi_text_controller_1_0\src\hdmi_text_controller_v1_0_AXI.sv:]
WARNING: [filemgmt 56-199] Attempt to get parsing info during refresh. "On-the-fly" syntax checking information may be incorrect. [c:\Users\Shane\Documents\Classes\ECE_385\Lab_7\lab_7_2\ip_repo\hdmi_text_controller_1_0\src\hdmi_text_controller_v1_0_tb.sv:]
ERROR: [Common 17-180] Spawn failed: No error
WARNING: [filemgmt 56-199] Attempt to get parsing info during refresh. "On-the-fly" syntax checking information may be incorrect. [c:\Users\Shane\Documents\Classes\ECE_385\Lab_7\lab_7_2\ip_repo\hdmi_text_controller_1_0\src\hdmi_text_controller_v1_0_AXI.sv:]
WARNING: [filemgmt 56-199] Attempt to get parsing info during refresh. "On-the-fly" syntax checking information may be incorrect. [c:\Users\Shane\Documents\Classes\ECE_385\Lab_7\lab_7_2\ip_repo\hdmi_text_controller_1_0\src\hdmi_text_controller_v1_0_tb.sv:]
ERROR: [Common 17-180] Spawn failed: No error
WARNING: [filemgmt 56-199] Attempt to get parsing info during refresh. "On-the-fly" syntax checking information may be incorrect. [c:\Users\Shane\Documents\Classes\ECE_385\Lab_7\lab_7_2\ip_repo\hdmi_text_controller_1_0\src\hdmi_text_controller_v1_0_AXI.sv:]
WARNING: [filemgmt 56-199] Attempt to get parsing info during refresh. "On-the-fly" syntax checking information may be incorrect. [c:\Users\Shane\Documents\Classes\ECE_385\Lab_7\lab_7_2\ip_repo\hdmi_text_controller_1_0\src\hdmi_text_controller_v1_0_tb.sv:]
ERROR: [Common 17-180] Spawn failed: No error
WARNING: [filemgmt 56-199] Attempt to get parsing info during refresh. "On-the-fly" syntax checking information may be incorrect. [c:\Users\Shane\Documents\Classes\ECE_385\Lab_7\lab_7_2\ip_repo\hdmi_text_controller_1_0\src\hdmi_text_controller_v1_0_AXI.sv:]
WARNING: [filemgmt 56-199] Attempt to get parsing info during refresh. "On-the-fly" syntax checking information may be incorrect. [c:\Users\Shane\Documents\Classes\ECE_385\Lab_7\lab_7_2\ip_repo\hdmi_text_controller_1_0\src\hdmi_text_controller_v1_0_tb.sv:]
ERROR: [Common 17-180] Spawn failed: No error
WARNING: [filemgmt 56-199] Attempt to get parsing info during refresh. "On-the-fly" syntax checking information may be incorrect. [c:\Users\Shane\Documents\Classes\ECE_385\Lab_7\lab_7_2\ip_repo\hdmi_text_controller_1_0\src\hdmi_text_controller_v1_0_AXI.sv:]
WARNING: [filemgmt 56-199] Attempt to get parsing info during refresh. "On-the-fly" syntax checking information may be incorrect. [c:\Users\Shane\Documents\Classes\ECE_385\Lab_7\lab_7_2\ip_repo\hdmi_text_controller_1_0\src\hdmi_text_controller_v1_0_tb.sv:]
ERROR: [Common 17-180] Spawn failed: No error
WARNING: [filemgmt 56-199] Attempt to get parsing info during refresh. "On-the-fly" syntax checking information may be incorrect. [c:\Users\Shane\Documents\Classes\ECE_385\Lab_7\lab_7_2\ip_repo\hdmi_text_controller_1_0\src\hdmi_text_controller_v1_0_AXI.sv:]
WARNING: [filemgmt 56-199] Attempt to get parsing info during refresh. "On-the-fly" syntax checking information may be incorrect. [c:\Users\Shane\Documents\Classes\ECE_385\Lab_7\lab_7_2\ip_repo\hdmi_text_controller_1_0\src\hdmi_text_controller_v1_0_tb.sv:]
ERROR: [Common 17-180] Spawn failed: No error
WARNING: [filemgmt 56-199] Attempt to get parsing info during refresh. "On-the-fly" syntax checking information may be incorrect. [c:\Users\Shane\Documents\Classes\ECE_385\Lab_7\lab_7_2\ip_repo\hdmi_text_controller_1_0\src\hdmi_text_controller_v1_0_AXI.sv:]
WARNING: [filemgmt 56-199] Attempt to get parsing info during refresh. "On-the-fly" syntax checking information may be incorrect. [c:\Users\Shane\Documents\Classes\ECE_385\Lab_7\lab_7_2\ip_repo\hdmi_text_controller_1_0\src\hdmi_text_controller_v1_0_tb.sv:]
ERROR: [Common 17-180] Spawn failed: No error
WARNING: [filemgmt 56-199] Attempt to get parsing info during refresh. "On-the-fly" syntax checking information may be incorrect. [c:\Users\Shane\Documents\Classes\ECE_385\Lab_7\lab_7_2\ip_repo\hdmi_text_controller_1_0\src\hdmi_text_controller_v1_0_AXI.sv:]
WARNING: [filemgmt 56-199] Attempt to get parsing info during refresh. "On-the-fly" syntax checking information may be incorrect. [c:\Users\Shane\Documents\Classes\ECE_385\Lab_7\lab_7_2\ip_repo\hdmi_text_controller_1_0\src\hdmi_text_controller_v1_0_tb.sv:]
WARNING: [filemgmt 56-199] Attempt to get parsing info during refresh. "On-the-fly" syntax checking information may be incorrect. [c:\Users\Shane\Documents\Classes\ECE_385\Lab_7\lab_7_2\ip_repo\hdmi_text_controller_1_0\src\hdmi_text_controller_v1_0_AXI.sv:]
WARNING: [filemgmt 56-199] Attempt to get parsing info during refresh. "On-the-fly" syntax checking information may be incorrect. [c:\Users\Shane\Documents\Classes\ECE_385\Lab_7\lab_7_2\ip_repo\hdmi_text_controller_1_0\src\hdmi_text_controller_v1_0_tb.sv:]
ERROR: [Common 17-180] Spawn failed: No error
WARNING: [filemgmt 56-199] Attempt to get parsing info during refresh. "On-the-fly" syntax checking information may be incorrect. [c:\Users\Shane\Documents\Classes\ECE_385\Lab_7\lab_7_2\ip_repo\hdmi_text_controller_1_0\src\hdmi_text_controller_v1_0_AXI.sv:]
WARNING: [filemgmt 56-199] Attempt to get parsing info during refresh. "On-the-fly" syntax checking information may be incorrect. [c:\Users\Shane\Documents\Classes\ECE_385\Lab_7\lab_7_2\ip_repo\hdmi_text_controller_1_0\src\hdmi_text_controller_v1_0_tb.sv:]
WARNING: [filemgmt 56-199] Attempt to get parsing info during refresh. "On-the-fly" syntax checking information may be incorrect. [c:\Users\Shane\Documents\Classes\ECE_385\Lab_7\lab_7_2\ip_repo\hdmi_text_controller_1_0\src\hdmi_text_controller_v1_0_AXI.sv:]
WARNING: [filemgmt 56-199] Attempt to get parsing info during refresh. "On-the-fly" syntax checking information may be incorrect. [c:\Users\Shane\Documents\Classes\ECE_385\Lab_7\lab_7_2\ip_repo\hdmi_text_controller_1_0\src\hdmi_text_controller_v1_0_tb.sv:]
ERROR: [Common 17-180] Spawn failed: No error
WARNING: [filemgmt 56-199] Attempt to get parsing info during refresh. "On-the-fly" syntax checking information may be incorrect. [c:\Users\Shane\Documents\Classes\ECE_385\Lab_7\lab_7_2\ip_repo\hdmi_text_controller_1_0\src\hdmi_text_controller_v1_0_AXI.sv:]
WARNING: [filemgmt 56-199] Attempt to get parsing info during refresh. "On-the-fly" syntax checking information may be incorrect. [c:\Users\Shane\Documents\Classes\ECE_385\Lab_7\lab_7_2\ip_repo\hdmi_text_controller_1_0\src\hdmi_text_controller_v1_0_tb.sv:]
ERROR: [Common 17-180] Spawn failed: No error
WARNING: [filemgmt 56-199] Attempt to get parsing info during refresh. "On-the-fly" syntax checking information may be incorrect. [c:\Users\Shane\Documents\Classes\ECE_385\Lab_7\lab_7_2\ip_repo\hdmi_text_controller_1_0\src\hdmi_text_controller_v1_0_AXI.sv:]
WARNING: [filemgmt 56-199] Attempt to get parsing info during refresh. "On-the-fly" syntax checking information may be incorrect. [c:\Users\Shane\Documents\Classes\ECE_385\Lab_7\lab_7_2\ip_repo\hdmi_text_controller_1_0\src\hdmi_text_controller_v1_0_tb.sv:]
ERROR: [Common 17-180] Spawn failed: No error
WARNING: [filemgmt 56-199] Attempt to get parsing info during refresh. "On-the-fly" syntax checking information may be incorrect. [c:\Users\Shane\Documents\Classes\ECE_385\Lab_7\lab_7_2\ip_repo\hdmi_text_controller_1_0\src\hdmi_text_controller_v1_0_AXI.sv:]
WARNING: [filemgmt 56-199] Attempt to get parsing info during refresh. "On-the-fly" syntax checking information may be incorrect. [c:\Users\Shane\Documents\Classes\ECE_385\Lab_7\lab_7_2\ip_repo\hdmi_text_controller_1_0\src\hdmi_text_controller_v1_0_tb.sv:]
ERROR: [Common 17-180] Spawn failed: No error
WARNING: [filemgmt 56-199] Attempt to get parsing info during refresh. "On-the-fly" syntax checking information may be incorrect. [c:\Users\Shane\Documents\Classes\ECE_385\Lab_7\lab_7_2\ip_repo\hdmi_text_controller_1_0\src\hdmi_text_controller_v1_0_AXI.sv:]
WARNING: [filemgmt 56-199] Attempt to get parsing info during refresh. "On-the-fly" syntax checking information may be incorrect. [c:\Users\Shane\Documents\Classes\ECE_385\Lab_7\lab_7_2\ip_repo\hdmi_text_controller_1_0\src\hdmi_text_controller_v1_0_tb.sv:]
ERROR: [Common 17-180] Spawn failed: No error
WARNING: [filemgmt 56-199] Attempt to get parsing info during refresh. "On-the-fly" syntax checking information may be incorrect. [c:\Users\Shane\Documents\Classes\ECE_385\Lab_7\lab_7_2\ip_repo\hdmi_text_controller_1_0\src\hdmi_text_controller_v1_0_AXI.sv:]
WARNING: [filemgmt 56-199] Attempt to get parsing info during refresh. "On-the-fly" syntax checking information may be incorrect. [c:\Users\Shane\Documents\Classes\ECE_385\Lab_7\lab_7_2\ip_repo\hdmi_text_controller_1_0\src\hdmi_text_controller_v1_0_tb.sv:]
ERROR: [Common 17-180] Spawn failed: No error
WARNING: [filemgmt 56-199] Attempt to get parsing info during refresh. "On-the-fly" syntax checking information may be incorrect. [c:\Users\Shane\Documents\Classes\ECE_385\Lab_7\lab_7_2\ip_repo\hdmi_text_controller_1_0\src\hdmi_text_controller_v1_0_AXI.sv:]
WARNING: [filemgmt 56-199] Attempt to get parsing info during refresh. "On-the-fly" syntax checking information may be incorrect. [c:\Users\Shane\Documents\Classes\ECE_385\Lab_7\lab_7_2\ip_repo\hdmi_text_controller_1_0\src\hdmi_text_controller_v1_0_tb.sv:]
ERROR: [Common 17-180] Spawn failed: No error
WARNING: [filemgmt 56-199] Attempt to get parsing info during refresh. "On-the-fly" syntax checking information may be incorrect. [c:\Users\Shane\Documents\Classes\ECE_385\Lab_7\lab_7_2\ip_repo\hdmi_text_controller_1_0\src\hdmi_text_controller_v1_0_AXI.sv:]
WARNING: [filemgmt 56-199] Attempt to get parsing info during refresh. "On-the-fly" syntax checking information may be incorrect. [c:\Users\Shane\Documents\Classes\ECE_385\Lab_7\lab_7_2\ip_repo\hdmi_text_controller_1_0\src\hdmi_text_controller_v1_0_tb.sv:]
ERROR: [Common 17-180] Spawn failed: No error
WARNING: [filemgmt 56-199] Attempt to get parsing info during refresh. "On-the-fly" syntax checking information may be incorrect. [c:\Users\Shane\Documents\Classes\ECE_385\Lab_7\lab_7_2\ip_repo\hdmi_text_controller_1_0\src\hdmi_text_controller_v1_0_AXI.sv:]
WARNING: [filemgmt 56-199] Attempt to get parsing info during refresh. "On-the-fly" syntax checking information may be incorrect. [c:\Users\Shane\Documents\Classes\ECE_385\Lab_7\lab_7_2\ip_repo\hdmi_text_controller_1_0\src\hdmi_text_controller_v1_0_tb.sv:]
ERROR: [Common 17-180] Spawn failed: No error
WARNING: [filemgmt 56-199] Attempt to get parsing info during refresh. "On-the-fly" syntax checking information may be incorrect. [c:\Users\Shane\Documents\Classes\ECE_385\Lab_7\lab_7_2\ip_repo\hdmi_text_controller_1_0\src\hdmi_text_controller_v1_0_AXI.sv:]
WARNING: [filemgmt 56-199] Attempt to get parsing info during refresh. "On-the-fly" syntax checking information may be incorrect. [c:\Users\Shane\Documents\Classes\ECE_385\Lab_7\lab_7_2\ip_repo\hdmi_text_controller_1_0\src\hdmi_text_controller_v1_0_tb.sv:]
WARNING: [filemgmt 56-199] Attempt to get parsing info during refresh. "On-the-fly" syntax checking information may be incorrect. [c:\Users\Shane\Documents\Classes\ECE_385\Lab_7\lab_7_2\ip_repo\hdmi_text_controller_1_0\src\hdmi_text_controller_v1_0_AXI.sv:]
WARNING: [filemgmt 56-199] Attempt to get parsing info during refresh. "On-the-fly" syntax checking information may be incorrect. [c:\Users\Shane\Documents\Classes\ECE_385\Lab_7\lab_7_2\ip_repo\hdmi_text_controller_1_0\src\hdmi_text_controller_v1_0_tb.sv:]
ERROR: [Common 17-180] Spawn failed: No error
WARNING: [filemgmt 56-199] Attempt to get parsing info during refresh. "On-the-fly" syntax checking information may be incorrect. [c:\Users\Shane\Documents\Classes\ECE_385\Lab_7\lab_7_2\ip_repo\hdmi_text_controller_1_0\src\hdmi_text_controller_v1_0_AXI.sv:]
WARNING: [filemgmt 56-199] Attempt to get parsing info during refresh. "On-the-fly" syntax checking information may be incorrect. [c:\Users\Shane\Documents\Classes\ECE_385\Lab_7\lab_7_2\ip_repo\hdmi_text_controller_1_0\src\hdmi_text_controller_v1_0_tb.sv:]
WARNING: [filemgmt 56-199] Attempt to get parsing info during refresh. "On-the-fly" syntax checking information may be incorrect. [c:\Users\Shane\Documents\Classes\ECE_385\Lab_7\lab_7_2\ip_repo\hdmi_text_controller_1_0\src\hdmi_text_controller_v1_0_AXI.sv:]
WARNING: [filemgmt 56-199] Attempt to get parsing info during refresh. "On-the-fly" syntax checking information may be incorrect. [c:\Users\Shane\Documents\Classes\ECE_385\Lab_7\lab_7_2\ip_repo\hdmi_text_controller_1_0\src\hdmi_text_controller_v1_0_tb.sv:]
ERROR: [Common 17-180] Spawn failed: No error
WARNING: [filemgmt 56-199] Attempt to get parsing info during refresh. "On-the-fly" syntax checking information may be incorrect. [c:\Users\Shane\Documents\Classes\ECE_385\Lab_7\lab_7_2\ip_repo\hdmi_text_controller_1_0\src\hdmi_text_controller_v1_0_AXI.sv:]
WARNING: [filemgmt 56-199] Attempt to get parsing info during refresh. "On-the-fly" syntax checking information may be incorrect. [c:\Users\Shane\Documents\Classes\ECE_385\Lab_7\lab_7_2\ip_repo\hdmi_text_controller_1_0\src\hdmi_text_controller_v1_0_tb.sv:]
WARNING: [filemgmt 56-199] Attempt to get parsing info during refresh. "On-the-fly" syntax checking information may be incorrect. [c:\Users\Shane\Documents\Classes\ECE_385\Lab_7\lab_7_2\ip_repo\hdmi_text_controller_1_0\src\hdmi_text_controller_v1_0_AXI.sv:]
WARNING: [filemgmt 56-199] Attempt to get parsing info during refresh. "On-the-fly" syntax checking information may be incorrect. [c:\Users\Shane\Documents\Classes\ECE_385\Lab_7\lab_7_2\ip_repo\hdmi_text_controller_1_0\src\hdmi_text_controller_v1_0_tb.sv:]
ERROR: [Common 17-180] Spawn failed: No error
WARNING: [filemgmt 56-199] Attempt to get parsing info during refresh. "On-the-fly" syntax checking information may be incorrect. [c:\Users\Shane\Documents\Classes\ECE_385\Lab_7\lab_7_2\ip_repo\hdmi_text_controller_1_0\src\hdmi_text_controller_v1_0_AXI.sv:]
WARNING: [filemgmt 56-199] Attempt to get parsing info during refresh. "On-the-fly" syntax checking information may be incorrect. [c:\Users\Shane\Documents\Classes\ECE_385\Lab_7\lab_7_2\ip_repo\hdmi_text_controller_1_0\src\hdmi_text_controller_v1_0_tb.sv:]
WARNING: [filemgmt 56-199] Attempt to get parsing info during refresh. "On-the-fly" syntax checking information may be incorrect. [c:\Users\Shane\Documents\Classes\ECE_385\Lab_7\lab_7_2\ip_repo\hdmi_text_controller_1_0\src\hdmi_text_controller_v1_0_AXI.sv:]
WARNING: [filemgmt 56-199] Attempt to get parsing info during refresh. "On-the-fly" syntax checking information may be incorrect. [c:\Users\Shane\Documents\Classes\ECE_385\Lab_7\lab_7_2\ip_repo\hdmi_text_controller_1_0\src\hdmi_text_controller_v1_0_tb.sv:]
ERROR: [Common 17-180] Spawn failed: No error
WARNING: [filemgmt 56-199] Attempt to get parsing info during refresh. "On-the-fly" syntax checking information may be incorrect. [c:\Users\Shane\Documents\Classes\ECE_385\Lab_7\lab_7_2\ip_repo\hdmi_text_controller_1_0\src\hdmi_text_controller_v1_0_AXI.sv:]
WARNING: [filemgmt 56-199] Attempt to get parsing info during refresh. "On-the-fly" syntax checking information may be incorrect. [c:\Users\Shane\Documents\Classes\ECE_385\Lab_7\lab_7_2\ip_repo\hdmi_text_controller_1_0\src\hdmi_text_controller_v1_0_tb.sv:]
WARNING: [filemgmt 56-199] Attempt to get parsing info during refresh. "On-the-fly" syntax checking information may be incorrect. [c:\Users\Shane\Documents\Classes\ECE_385\Lab_7\lab_7_2\ip_repo\hdmi_text_controller_1_0\src\hdmi_text_controller_v1_0_AXI.sv:]
WARNING: [filemgmt 56-199] Attempt to get parsing info during refresh. "On-the-fly" syntax checking information may be incorrect. [c:\Users\Shane\Documents\Classes\ECE_385\Lab_7\lab_7_2\ip_repo\hdmi_text_controller_1_0\src\hdmi_text_controller_v1_0_tb.sv:]
WARNING: [filemgmt 56-199] Attempt to get parsing info during refresh. "On-the-fly" syntax checking information may be incorrect. [c:\Users\Shane\Documents\Classes\ECE_385\Lab_7\lab_7_2\ip_repo\hdmi_text_controller_1_0\src\hdmi_text_controller_v1_0_AXI.sv:]
WARNING: [filemgmt 56-199] Attempt to get parsing info during refresh. "On-the-fly" syntax checking information may be incorrect. [c:\Users\Shane\Documents\Classes\ECE_385\Lab_7\lab_7_2\ip_repo\hdmi_text_controller_1_0\src\hdmi_text_controller_v1_0_tb.sv:]
ERROR: [Common 17-180] Spawn failed: No error
WARNING: [filemgmt 56-199] Attempt to get parsing info during refresh. "On-the-fly" syntax checking information may be incorrect. [c:\Users\Shane\Documents\Classes\ECE_385\Lab_7\lab_7_2\ip_repo\hdmi_text_controller_1_0\src\hdmi_text_controller_v1_0_AXI.sv:]
WARNING: [filemgmt 56-199] Attempt to get parsing info during refresh. "On-the-fly" syntax checking information may be incorrect. [c:\Users\Shane\Documents\Classes\ECE_385\Lab_7\lab_7_2\ip_repo\hdmi_text_controller_1_0\src\hdmi_text_controller_v1_0_tb.sv:]
ERROR: [Common 17-180] Spawn failed: No error
close_sim
INFO: [Simtcl 6-16] Simulation closed
launch_simulation
Command: launch_simulation 
INFO: [Vivado 12-12493] Simulation top is 'hdmi_text_controller_tb'
WARNING: [Vivado 12-13340] Unable to auto find GCC executables from simulator install path! (path not set)
WARNING: [Vivado 12-13277] Compiled library path does not exist: ''
INFO: [Vivado 12-5698] Checking validity of IPs in the design for the 'XSim' simulator...
INFO: [Vivado 12-5682] Launching behavioral simulation in 'c:/users/shane/documents/classes/ece_385/lab_7/lab_7_2/lab_7_2.tmp/hdmi_text_controller_v1_0_project/hdmi_text_controller_v1_0_project.sim/sim_1/behav/xsim'
INFO: [Vivado 12-13660] Precompiled IP simulation library mode is enabled (default). The design IP libraries will be referenced from the compiled library path. Please note that if the precompiled version of the library is not found from the path or the IP is in locked state, then the library source files for these IPs will be compiled locally as part of the compile order.
INFO: [Vivado 12-4795] Using compiled simulation libraries for IPs
INFO: [SIM-utils-51] Simulation object is 'sim_1'
INFO: [SIM-utils-72] Using boost library from 'C:/Xilinx/Vivado/2022.2/tps/boost_1_72_0'
INFO: [USF-XSim-7] Finding pre-compiled libraries...
INFO: [USF-XSim-11] File 'C:/Xilinx/Vivado/2022.2/data/xsim/xsim.ini' copied to run dir:'c:/users/shane/documents/classes/ece_385/lab_7/lab_7_2/lab_7_2.tmp/hdmi_text_controller_v1_0_project/hdmi_text_controller_v1_0_project.sim/sim_1/behav/xsim'
INFO: [SIM-utils-54] Inspecting design source files for 'hdmi_text_controller_tb' in fileset 'sim_1'...
INFO: [USF-XSim-97] Finding global include files...
INFO: [USF-XSim-98] Fetching design files from 'sim_1'...
INFO: [USF-XSim-2] XSim::Compile design
INFO: [USF-XSim-61] Executing 'COMPILE and ANALYZE' step in 'c:/users/shane/documents/classes/ece_385/lab_7/lab_7_2/lab_7_2.tmp/hdmi_text_controller_v1_0_project/hdmi_text_controller_v1_0_project.sim/sim_1/behav/xsim'
"xvlog --incr --relax -L uvm -prj hdmi_text_controller_tb_vlog.prj"
INFO: [VRFC 10-2263] Analyzing SystemVerilog file "c:/users/shane/documents/classes/ece_385/lab_7/lab_7_2/ip_repo/hdmi_text_controller_1_0/src/Color_Mapper.sv" into library xil_defaultlib
INFO: [VRFC 10-311] analyzing module color_mapper
INFO: [VRFC 10-2263] Analyzing SystemVerilog file "c:/users/shane/documents/classes/ece_385/lab_7/lab_7_2/ip_repo/hdmi_text_controller_1_0/src/VGA_controller.sv" into library xil_defaultlib
INFO: [VRFC 10-311] analyzing module vga_controller
INFO: [VRFC 10-2263] Analyzing SystemVerilog file "c:/users/shane/documents/classes/ece_385/lab_7/lab_7_2/ip_repo/hdmi_text_controller_1_0/src/font_rom.sv" into library xil_defaultlib
INFO: [VRFC 10-311] analyzing module font_rom
INFO: [VRFC 10-2263] Analyzing SystemVerilog file "c:/users/shane/documents/classes/ece_385/lab_7/lab_7_2/ip_repo/hdmi_text_controller_1_0/src/hdmi_text_controller_v1_0.sv" into library xil_defaultlib
INFO: [VRFC 10-311] analyzing module hdmi_text_controller_v1_0
INFO: [VRFC 10-2263] Analyzing SystemVerilog file "c:/users/shane/documents/classes/ece_385/lab_7/lab_7_2/ip_repo/hdmi_text_controller_1_0/src/hdmi_text_controller_v1_0_AXI.sv" into library xil_defaultlib
INFO: [VRFC 10-311] analyzing module hdmi_text_controller_v1_0_AXI
INFO: [VRFC 10-2263] Analyzing SystemVerilog file "c:/users/shane/documents/classes/ece_385/lab_7/lab_7_2/ip_repo/hdmi_text_controller_1_0/src/hdmi_text_controller_v1_0_tb.sv" into library xil_defaultlib
INFO: [VRFC 10-311] analyzing module hdmi_text_controller_tb
INFO: [USF-XSim-69] 'compile' step finished in '2' seconds
INFO: [USF-XSim-3] XSim::Elaborate design
INFO: [USF-XSim-61] Executing 'ELABORATE' step in 'c:/users/shane/documents/classes/ece_385/lab_7/lab_7_2/lab_7_2.tmp/hdmi_text_controller_v1_0_project/hdmi_text_controller_v1_0_project.sim/sim_1/behav/xsim'
"xelab --incr --debug typical --relax --mt 2 -L xil_defaultlib -L uvm -L unisims_ver -L unimacro_ver -L secureip -L xpm --snapshot hdmi_text_controller_tb_behav xil_defaultlib.hdmi_text_controller_tb xil_defaultlib.glbl -log elaborate.log"
Vivado Simulator v2022.2
Copyright 1986-1999, 2001-2022 Xilinx, Inc. All Rights Reserved.
Running: C:/Xilinx/Vivado/2022.2/bin/unwrapped/win64.o/xelab.exe --incr --debug typical --relax --mt 2 -L xil_defaultlib -L uvm -L unisims_ver -L unimacro_ver -L secureip -L xpm --snapshot hdmi_text_controller_tb_behav xil_defaultlib.hdmi_text_controller_tb xil_defaultlib.glbl -log elaborate.log 
Using 2 slave threads.
Starting static elaboration
Pass Through NonSizing Optimizer
WARNING: [VRFC 10-3091] actual bit length 32 differs from formal bit length 16 for port 'axi_awaddr' [c:/users/shane/documents/classes/ece_385/lab_7/lab_7_2/ip_repo/hdmi_text_controller_1_0/src/hdmi_text_controller_v1_0_tb.sv:74]
WARNING: [VRFC 10-3091] actual bit length 32 differs from formal bit length 16 for port 'axi_araddr' [c:/users/shane/documents/classes/ece_385/lab_7/lab_7_2/ip_repo/hdmi_text_controller_1_0/src/hdmi_text_controller_v1_0_tb.sv:88]
WARNING: [VRFC 10-3091] actual bit length 12 differs from formal bit length 11 for port 'addr' [c:/users/shane/documents/classes/ece_385/lab_7/lab_7_2/ip_repo/hdmi_text_controller_1_0/src/hdmi_text_controller_v1_0.sv:190]
Completed static elaboration
Starting simulation data flow analysis
WARNING: [XSIM 43-4099] "c:/users/shane/documents/classes/ece_385/lab_7/lab_7_2/ip_repo/hdmi_text_controller_1_0/src/VGA_controller.sv" Line 26. Module vga_controller doesn't have a timescale but at least one module in design has a timescale.
WARNING: [XSIM 43-4099] "c:/users/shane/documents/classes/ece_385/lab_7/lab_7_2/ip_repo/hdmi_text_controller_1_0/src/Color_Mapper.sv" Line 17. Module color_mapper doesn't have a timescale but at least one module in design has a timescale.
WARNING: [XSIM 43-4099] "c:/users/shane/documents/classes/ece_385/lab_7/lab_7_2/ip_repo/hdmi_text_controller_1_0/src/font_rom.sv" Line 1. Module font_rom doesn't have a timescale but at least one module in design has a timescale.
WARNING: [XSIM 43-4099] "c:/users/shane/documents/classes/ece_385/lab_7/lab_7_2/ip_repo/hdmi_text_controller_1_0/src/VGA_controller.sv" Line 26. Module vga_controller doesn't have a timescale but at least one module in design has a timescale.
WARNING: [XSIM 43-4099] "c:/users/shane/documents/classes/ece_385/lab_7/lab_7_2/ip_repo/hdmi_text_controller_1_0/src/Color_Mapper.sv" Line 17. Module color_mapper doesn't have a timescale but at least one module in design has a timescale.
WARNING: [XSIM 43-4099] "c:/users/shane/documents/classes/ece_385/lab_7/lab_7_2/ip_repo/hdmi_text_controller_1_0/src/font_rom.sv" Line 1. Module font_rom doesn't have a timescale but at least one module in design has a timescale.
Completed simulation data flow analysis
Time Resolution for simulation is 1ps
Compiling module xil_defaultlib.hdmi_text_controller_v1_0_AXI(C_...
Compiling module xil_defaultlib.blk_mem_gen_v8_4_5_output_stage(...
Compiling module xil_defaultlib.blk_mem_gen_v8_4_5_softecc_outpu...
Compiling module xil_defaultlib.blk_mem_gen_v8_4_5_mem_module(C_...
Compiling module xil_defaultlib.blk_mem_gen_v8_4_5(C_FAMILY="spa...
Compiling module xil_defaultlib.blk_mem_gen_0
Compiling module unisims_ver.IBUF
Compiling module unisims_ver.MMCME2_ADV(CLKFBOUT_MULT_F=10.0,...
Compiling module unisims_ver.BUFG
Compiling module xil_defaultlib.clk_wiz_0_clk_wiz
Compiling module xil_defaultlib.clk_wiz_0
Compiling module xil_defaultlib.vga_controller
Compiling module unisims_ver.SRL16E_default
Compiling module xil_defaultlib.srldelay(WIDTH=40,TAPS=4'b1010)
Compiling module xil_defaultlib.encode_default
Compiling module xil_defaultlib.encode(CHANNEL="GREEN")
Compiling module xil_defaultlib.encode(CHANNEL="RED")
Compiling module unisims_ver.OSERDESE2(DATA_RATE_TQ="SDR",DAT...
Compiling module unisims_ver.OSERDESE2(DATA_RATE_TQ="SDR",DAT...
Compiling module xil_defaultlib.serdes_10_to_1
Compiling module unisims_ver.OBUFDS(IOSTANDARD="TMDS_33")
Compiling module xil_defaultlib.hdmi_tx_v1_0(C_RED_WIDTH=4,C_GRE...
Compiling module xil_defaultlib.hdmi_tx_0
Compiling module xil_defaultlib.font_rom
Compiling module xil_defaultlib.color_mapper
Compiling module xil_defaultlib.hdmi_text_controller_v1_0(C_AXI_...
Compiling module xil_defaultlib.hdmi_text_controller_tb
Compiling module xil_defaultlib.glbl
Built simulation snapshot hdmi_text_controller_tb_behav
run_program: Time (s): cpu = 00:00:02 ; elapsed = 00:00:18 . Memory (MB): peak = 2912.414 ; gain = 0.000
INFO: [USF-XSim-69] 'elaborate' step finished in '18' seconds
INFO: [USF-XSim-4] XSim::Simulate design
INFO: [USF-XSim-61] Executing 'SIMULATE' step in 'c:/users/shane/documents/classes/ece_385/lab_7/lab_7_2/lab_7_2.tmp/hdmi_text_controller_v1_0_project/hdmi_text_controller_v1_0_project.sim/sim_1/behav/xsim'
INFO: [USF-XSim-98] *** Running xsim
   with args "hdmi_text_controller_tb_behav -key {Behavioral:sim_1:Functional:hdmi_text_controller_tb} -tclbatch {hdmi_text_controller_tb.tcl} -view {c:/users/shane/documents/classes/ece_385/lab_7/lab_7_2/lab_7_2.tmp/hdmi_text_controller_v1_0_project/hdmi_text_controller_tb_behav.wcfg} -log {simulate.log}"
INFO: [USF-XSim-8] Loading simulator feature
Time resolution is 1 ps
open_wave_config c:/users/shane/documents/classes/ece_385/lab_7/lab_7_2/lab_7_2.tmp/hdmi_text_controller_v1_0_project/hdmi_text_controller_tb_behav.wcfg
source hdmi_text_controller_tb.tcl
# set curr_wave [current_wave_config]
# if { [string length $curr_wave] == 0 } {
#   if { [llength [get_objects]] > 0} {
#     add_wave /
#     set_property needs_save false [current_wave_config]
#   } else {
#      send_msg_id Add_Wave-1 WARNING "No top level signals found. Simulator will start without a wave window. If you want to open a wave window go to 'File->New Waveform Configuration' or type 'create_wave_config' in the TCL console."
#   }
# }
# run all
Block Memory Generator module hdmi_text_controller_tb.hdmi_text_controller_v1_0_inst.sram0.inst.\native_mem_module.blk_mem_gen_v8_4_5_inst  is using a behavioral model for simulation which will not precisely model memory collision behavior.
blk_mem_gen_v8_4_5 collision detected at time: 120000, Instance: hdmi_text_controller_tb.hdmi_text_controller_v1_0_inst.sram0.inst.\native_mem_module.blk_mem_gen_v8_4_5_inst , A write address: 0, B  read address: 0
blk_mem_gen_v8_4_5 WARNING: Address 4b1 is outside range for A Read
blk_mem_gen_v8_4_5 WARNING: Address 4b1 is outside range for A Read
first color reg: 00000000
blk_mem_gen_v8_4_5 WARNING: Address 4b1 is outside range for A Read
random reg: 00000fff
$finish called at time : 240 ns : File "c:/users/shane/documents/classes/ece_385/lab_7/lab_7_2/ip_repo/hdmi_text_controller_1_0/src/hdmi_text_controller_v1_0_tb.sv" Line 339
INFO: [USF-XSim-96] XSim completed. Design snapshot 'hdmi_text_controller_tb_behav' loaded.
INFO: [USF-XSim-97] XSim simulation ran for all
launch_simulation: Time (s): cpu = 00:00:11 ; elapsed = 00:00:25 . Memory (MB): peak = 2913.473 ; gain = 1.059
