#-----------------------------------------------------------
# Vivado v2022.2 (64-bit)
# SW Build 3671981 on Fri Oct 14 05:00:03 MDT 2022
# IP Build 3669848 on Fri Oct 14 08:30:02 MDT 2022
# Start of session at: Wed Nov  6 08:30:59 2024
# Process ID: 26300
# Current directory: C:/Users/Shane/Documents/Classes/ECE_385/Lab_7/lab_7_2
# Command line: vivado.exe -gui_launcher_event rodinguilauncherevent41868 C:\Users\Shane\Documents\Classes\ECE_385\Lab_7\lab_7_2\lab_7_2.xpr
# Log file: C:/Users/Shane/Documents/Classes/ECE_385/Lab_7/lab_7_2/vivado.log
# Journal file: C:/Users/Shane/Documents/Classes/ECE_385/Lab_7/lab_7_2\vivado.jou
# Running On: HP, OS: Windows, CPU Frequency: 3418 MHz, CPU Physical cores: 4, Host memory: 16917 MB
#-----------------------------------------------------------
start_gui
open_project C:/Users/Shane/Documents/Classes/ECE_385/Lab_7/lab_7_2/lab_7_2.xpr
WARNING: [Board 49-26] cannot add Board Part xilinx.com:ac701:part0:1.4 available at C:/Xilinx/Vivado/2022.2/data/xhub/boards/XilinxBoardStore/boards/Xilinx/ac701/1.4/board.xml as part xc7a200tfbg676-2 specified in board_part file is either invalid or not available
WARNING: [Board 49-26] cannot add Board Part xilinx.com:k26c:part0:1.2 available at C:/Xilinx/Vivado/2022.2/data/xhub/boards/XilinxBoardStore/boards/Xilinx/k26c/1.2/board.xml as part xck26-sfvc784-2lv-c specified in board_part file is either invalid or not available
WARNING: [Board 49-26] cannot add Board Part xilinx.com:k26c:part0:1.3 available at C:/Xilinx/Vivado/2022.2/data/xhub/boards/XilinxBoardStore/boards/Xilinx/k26c/1.3/board.xml as part xck26-sfvc784-2lv-c specified in board_part file is either invalid or not available
WARNING: [Board 49-26] cannot add Board Part xilinx.com:k26c:part0:1.4 available at C:/Xilinx/Vivado/2022.2/data/xhub/boards/XilinxBoardStore/boards/Xilinx/k26c/1.4/board.xml as part xck26-sfvc784-2lv-c specified in board_part file is either invalid or not available
WARNING: [Board 49-26] cannot add Board Part xilinx.com:k26i:part0:1.2 available at C:/Xilinx/Vivado/2022.2/data/xhub/boards/XilinxBoardStore/boards/Xilinx/k26i/1.2/board.xml as part xck26-sfvc784-2lvi-i specified in board_part file is either invalid or not available
WARNING: [Board 49-26] cannot add Board Part xilinx.com:k26i:part0:1.3 available at C:/Xilinx/Vivado/2022.2/data/xhub/boards/XilinxBoardStore/boards/Xilinx/k26i/1.3/board.xml as part xck26-sfvc784-2lvi-i specified in board_part file is either invalid or not available
WARNING: [Board 49-26] cannot add Board Part xilinx.com:k26i:part0:1.4 available at C:/Xilinx/Vivado/2022.2/data/xhub/boards/XilinxBoardStore/boards/Xilinx/k26i/1.4/board.xml as part xck26-sfvc784-2lvi-i specified in board_part file is either invalid or not available
WARNING: [Board 49-26] cannot add Board Part xilinx.com:kc705:part0:1.6 available at C:/Xilinx/Vivado/2022.2/data/xhub/boards/XilinxBoardStore/boards/Xilinx/kc705/1.6/board.xml as part xc7k325tffg900-2 specified in board_part file is either invalid or not available
WARNING: [Board 49-26] cannot add Board Part xilinx.com:kcu105:part0:1.6 available at C:/Xilinx/Vivado/2022.2/data/xhub/boards/XilinxBoardStore/boards/Xilinx/kcu105/1.6/board.xml as part xcku040-ffva1156-2-e specified in board_part file is either invalid or not available
WARNING: [Board 49-26] cannot add Board Part xilinx.com:kcu105:part0:1.7 available at C:/Xilinx/Vivado/2022.2/data/xhub/boards/XilinxBoardStore/boards/Xilinx/kcu105/1.7/board.xml as part xcku040-ffva1156-2-e specified in board_part file is either invalid or not available
WARNING: [Board 49-26] cannot add Board Part xilinx.com:kcu116:part0:1.4 available at C:/Xilinx/Vivado/2022.2/data/xhub/boards/XilinxBoardStore/boards/Xilinx/kcu116/1.4/board.xml as part xcku5p-ffvb676-2-e specified in board_part file is either invalid or not available
WARNING: [Board 49-26] cannot add Board Part xilinx.com:kcu116:part0:1.5 available at C:/Xilinx/Vivado/2022.2/data/xhub/boards/XilinxBoardStore/boards/Xilinx/kcu116/1.5/board.xml as part xcku5p-ffvb676-2-e specified in board_part file is either invalid or not available
WARNING: [Board 49-26] cannot add Board Part xilinx.com:kcu1500:part0:1.2 available at C:/Xilinx/Vivado/2022.2/data/xhub/boards/XilinxBoardStore/boards/Xilinx/kcu1500/1.2/board.xml as part xcku115-flvb2104-2-e specified in board_part file is either invalid or not available
WARNING: [Board 49-26] cannot add Board Part xilinx.com:kr260_som:part0:1.0 available at C:/Xilinx/Vivado/2022.2/data/xhub/boards/XilinxBoardStore/boards/Xilinx/kr260_som/1.0/board.xml as part xck26-sfvc784-2lv-c specified in board_part file is either invalid or not available
WARNING: [Board 49-26] cannot add Board Part xilinx.com:kr260_som:part0:1.1 available at C:/Xilinx/Vivado/2022.2/data/xhub/boards/XilinxBoardStore/boards/Xilinx/kr260_som/1.1/board.xml as part xck26-sfvc784-2lv-c specified in board_part file is either invalid or not available
WARNING: [Board 49-26] cannot add Board Part xilinx.com:kv260_som:part0:1.2 available at C:/Xilinx/Vivado/2022.2/data/xhub/boards/XilinxBoardStore/boards/Xilinx/kv260_som/1.2/board.xml as part xck26-sfvc784-2lv-c specified in board_part file is either invalid or not available
WARNING: [Board 49-26] cannot add Board Part xilinx.com:kv260_som:part0:1.3 available at C:/Xilinx/Vivado/2022.2/data/xhub/boards/XilinxBoardStore/boards/Xilinx/kv260_som/1.3/board.xml as part xck26-sfvc784-2lv-c specified in board_part file is either invalid or not available
WARNING: [Board 49-26] cannot add Board Part xilinx.com:kv260_som:part0:1.4 available at C:/Xilinx/Vivado/2022.2/data/xhub/boards/XilinxBoardStore/boards/Xilinx/kv260_som/1.4/board.xml as part xck26-sfvc784-2lv-c specified in board_part file is either invalid or not available
WARNING: [Board 49-26] cannot add Board Part xilinx.com:vc707:part0:1.4 available at C:/Xilinx/Vivado/2022.2/data/xhub/boards/XilinxBoardStore/boards/Xilinx/vc707/1.4/board.xml as part xc7vx485tffg1761-2 specified in board_part file is either invalid or not available
WARNING: [Board 49-26] cannot add Board Part xilinx.com:vc709:part0:1.8 available at C:/Xilinx/Vivado/2022.2/data/xhub/boards/XilinxBoardStore/boards/Xilinx/vc709/1.8/board.xml as part xc7vx690tffg1761-2 specified in board_part file is either invalid or not available
WARNING: [Board 49-26] cannot add Board Part xilinx.com:vck190:part0:2.2 available at C:/Xilinx/Vivado/2022.2/data/xhub/boards/XilinxBoardStore/boards/Xilinx/vck190/production/2.2/board.xml as part xcvc1902-vsva2197-2mp-e-s specified in board_part file is either invalid or not available
WARNING: [Board 49-26] cannot add Board Part xilinx.com:vck190:part0:3.0 available at C:/Xilinx/Vivado/2022.2/data/xhub/boards/XilinxBoardStore/boards/Xilinx/vck190/production/3.0/board.xml as part xcvc1902-vsva2197-2mp-e-s specified in board_part file is either invalid or not available
WARNING: [Board 49-26] cannot add Board Part xilinx.com:vck190:part0:3.1 available at C:/Xilinx/Vivado/2022.2/data/xhub/boards/XilinxBoardStore/boards/Xilinx/vck190/production/3.1/board.xml as part xcvc1902-vsva2197-2mp-e-s specified in board_part file is either invalid or not available
WARNING: [Board 49-26] cannot add Board Part xilinx.com:vck190_newl:part0:1.0 available at C:/Xilinx/Vivado/2022.2/data/xhub/boards/XilinxBoardStore/boards/Xilinx/vck190_newl/production/1.0/board.xml as part xcvc1902-vsva2197-2mp-e-s specified in board_part file is either invalid or not available
WARNING: [Board 49-26] cannot add Board Part xilinx.com:vcu108:part0:1.6 available at C:/Xilinx/Vivado/2022.2/data/xhub/boards/XilinxBoardStore/boards/Xilinx/vcu108/1.6/board.xml as part xcvu095-ffva2104-2-e specified in board_part file is either invalid or not available
WARNING: [Board 49-26] cannot add Board Part xilinx.com:vcu108:part0:1.7 available at C:/Xilinx/Vivado/2022.2/data/xhub/boards/XilinxBoardStore/boards/Xilinx/vcu108/1.7/board.xml as part xcvu095-ffva2104-2-e specified in board_part file is either invalid or not available
WARNING: [Board 49-26] cannot add Board Part xilinx.com:vcu110:part0:1.4 available at C:/Xilinx/Vivado/2022.2/data/xhub/boards/XilinxBoardStore/boards/Xilinx/vcu110/1.4/board.xml as part xcvu190-flgc2104-2-e specified in board_part file is either invalid or not available
WARNING: [Board 49-26] cannot add Board Part xilinx.com:vcu118:part0:2.0 available at C:/Xilinx/Vivado/2022.2/data/xhub/boards/XilinxBoardStore/boards/Xilinx/vcu118/2.0/board.xml as part xcvu9p-flga2104-2l-e specified in board_part file is either invalid or not available
WARNING: [Board 49-26] cannot add Board Part xilinx.com:vcu118:part0:2.3 available at C:/Xilinx/Vivado/2022.2/data/xhub/boards/XilinxBoardStore/boards/Xilinx/vcu118/2.3/board.xml as part xcvu9p-flga2104-2l-e specified in board_part file is either invalid or not available
WARNING: [Board 49-26] cannot add Board Part xilinx.com:vcu118:part0:2.4 available at C:/Xilinx/Vivado/2022.2/data/xhub/boards/XilinxBoardStore/boards/Xilinx/vcu118/2.4/board.xml as part xcvu9p-flga2104-2l-e specified in board_part file is either invalid or not available
WARNING: [Board 49-26] cannot add Board Part xilinx.com:vcu128:part0:1.0 available at C:/Xilinx/Vivado/2022.2/data/xhub/boards/XilinxBoardStore/boards/Xilinx/vcu128/production/1.0/board.xml as part xcvu37p-fsvh2892-2l-e specified in board_part file is either invalid or not available
WARNING: [Board 49-26] cannot add Board Part xilinx.com:vcu129:part0:1.0 available at C:/Xilinx/Vivado/2022.2/data/xhub/boards/XilinxBoardStore/boards/Xilinx/vcu129/production/1.0/board.xml as part xcvu29p-fsga2577-2l-e specified in board_part file is either invalid or not available
WARNING: [Board 49-26] cannot add Board Part xilinx.com:vcu1525:part0:1.3 available at C:/Xilinx/Vivado/2022.2/data/xhub/boards/XilinxBoardStore/boards/Xilinx/vcu1525/1.3/board.xml as part xcvu9p-fsgd2104-2l-e specified in board_part file is either invalid or not available
WARNING: [Board 49-26] cannot add Board Part xilinx.com:vek280_es:part0:1.0 available at C:/Xilinx/Vivado/2022.2/data/xhub/boards/XilinxBoardStore/boards/Xilinx/vek280/es/1.0/board.xml as part xcve2802-vsvh1760-2lp-e-s-es1 specified in board_part file is either invalid or not available
WARNING: [Board 49-26] cannot add Board Part xilinx.com:vermeo_t1_mpsoc:part0:1.0 available at C:/Xilinx/Vivado/2022.2/data/xhub/boards/XilinxBoardStore/boards/Xilinx/vermeo_t1_mpsoc/1.0/board.xml as part xczu19eg-ffvd1760-2l-e specified in board_part file is either invalid or not available
WARNING: [Board 49-26] cannot add Board Part xilinx.com:vermeo_t1_rfsoc:part0:1.0 available at C:/Xilinx/Vivado/2022.2/data/xhub/boards/XilinxBoardStore/boards/Xilinx/vermeo_t1_rfsoc/1.0/board.xml as part xczu21dr-ffvd1156-2l-e specified in board_part file is either invalid or not available
WARNING: [Board 49-26] cannot add Board Part xilinx.com:vhk158_es:part0:1.0 available at C:/Xilinx/Vivado/2022.2/data/xhub/boards/XilinxBoardStore/boards/Xilinx/vhk158/es/1.0/board.xml as part xcvh1582-vsva3697-2mp-e-s-es1 specified in board_part file is either invalid or not available
WARNING: [Board 49-26] cannot add Board Part xilinx.com:vmk180:part0:2.2 available at C:/Xilinx/Vivado/2022.2/data/xhub/boards/XilinxBoardStore/boards/Xilinx/vmk180/production/2.2/board.xml as part xcvm1802-vsva2197-2mp-e-s specified in board_part file is either invalid or not available
WARNING: [Board 49-26] cannot add Board Part xilinx.com:vmk180:part0:3.0 available at C:/Xilinx/Vivado/2022.2/data/xhub/boards/XilinxBoardStore/boards/Xilinx/vmk180/production/3.0/board.xml as part xcvm1802-vsva2197-2mp-e-s specified in board_part file is either invalid or not available
WARNING: [Board 49-26] cannot add Board Part xilinx.com:vmk180:part0:3.1 available at C:/Xilinx/Vivado/2022.2/data/xhub/boards/XilinxBoardStore/boards/Xilinx/vmk180/production/3.1/board.xml as part xcvm1802-vsva2197-2mp-e-s specified in board_part file is either invalid or not available
WARNING: [Board 49-26] cannot add Board Part xilinx.com:vmk180_newl:part0:1.0 available at C:/Xilinx/Vivado/2022.2/data/xhub/boards/XilinxBoardStore/boards/Xilinx/vmk180_newl/production/1.0/board.xml as part xcvm1802-vsva2197-2mp-e-s specified in board_part file is either invalid or not available
WARNING: [Board 49-26] cannot add Board Part xilinx.com:vpk120:part0:1.0 available at C:/Xilinx/Vivado/2022.2/data/xhub/boards/XilinxBoardStore/boards/Xilinx/vpk120/production/1.0/board.xml as part xcvp1202-vsva2785-2mp-e-s specified in board_part file is either invalid or not available
WARNING: [Board 49-26] cannot add Board Part xilinx.com:vpk120_es:part0:1.2 available at C:/Xilinx/Vivado/2022.2/data/xhub/boards/XilinxBoardStore/boards/Xilinx/vpk120/es/1.2/board.xml as part xcvp1202-vsva2785-2mp-e-s-es1 specified in board_part file is either invalid or not available
WARNING: [Board 49-26] cannot add Board Part xilinx.com:vpk120_es_revb:part0:1.0 available at C:/Xilinx/Vivado/2022.2/data/xhub/boards/XilinxBoardStore/boards/Xilinx/vpk120_revb/es/1.0/board.xml as part xcvp1202-vsva2785-2mp-e-s-es1 specified in board_part file is either invalid or not available
WARNING: [Board 49-26] cannot add Board Part xilinx.com:vpk180_es:part0:1.0 available at C:/Xilinx/Vivado/2022.2/data/xhub/boards/XilinxBoardStore/boards/Xilinx/vpk180/es/1.0/board.xml as part xcvp1802-lsvc4072-2mp-e-s-es1 specified in board_part file is either invalid or not available
WARNING: [Board 49-26] cannot add Board Part xilinx.com:zc702:part0:1.4 available at C:/Xilinx/Vivado/2022.2/data/xhub/boards/XilinxBoardStore/boards/Xilinx/zc702/1.4/board.xml as part xc7z020clg484-1 specified in board_part file is either invalid or not available
WARNING: [Board 49-26] cannot add Board Part xilinx.com:zc706:part0:1.4 available at C:/Xilinx/Vivado/2022.2/data/xhub/boards/XilinxBoardStore/boards/Xilinx/zc706/1.4/board.xml as part xc7z045ffg900-2 specified in board_part file is either invalid or not available
WARNING: [Board 49-26] cannot add Board Part xilinx.com:zcu102:part0:3.3 available at C:/Xilinx/Vivado/2022.2/data/xhub/boards/XilinxBoardStore/boards/Xilinx/zcu102/3.3/board.xml as part xczu9eg-ffvb1156-2-e specified in board_part file is either invalid or not available
WARNING: [Board 49-26] cannot add Board Part xilinx.com:zcu102:part0:3.4 available at C:/Xilinx/Vivado/2022.2/data/xhub/boards/XilinxBoardStore/boards/Xilinx/zcu102/3.4/board.xml as part xczu9eg-ffvb1156-2-e specified in board_part file is either invalid or not available
WARNING: [Board 49-26] cannot add Board Part xilinx.com:zcu104:part0:1.1 available at C:/Xilinx/Vivado/2022.2/data/xhub/boards/XilinxBoardStore/boards/Xilinx/zcu104/1.1/board.xml as part xczu7ev-ffvc1156-2-e specified in board_part file is either invalid or not available
WARNING: [Board 49-26] cannot add Board Part xilinx.com:zcu106:part0:2.4 available at C:/Xilinx/Vivado/2022.2/data/xhub/boards/XilinxBoardStore/boards/Xilinx/zcu106/2.4/board.xml as part xczu7ev-ffvc1156-2-e specified in board_part file is either invalid or not available
WARNING: [Board 49-26] cannot add Board Part xilinx.com:zcu106:part0:2.5 available at C:/Xilinx/Vivado/2022.2/data/xhub/boards/XilinxBoardStore/boards/Xilinx/zcu106/2.5/board.xml as part xczu7ev-ffvc1156-2-e specified in board_part file is either invalid or not available
WARNING: [Board 49-26] cannot add Board Part xilinx.com:zcu106:part0:2.6 available at C:/Xilinx/Vivado/2022.2/data/xhub/boards/XilinxBoardStore/boards/Xilinx/zcu106/2.6/board.xml as part xczu7ev-ffvc1156-2-e specified in board_part file is either invalid or not available
WARNING: [Board 49-26] cannot add Board Part xilinx.com:zcu111:part0:1.2 available at C:/Xilinx/Vivado/2022.2/data/xhub/boards/XilinxBoardStore/boards/Xilinx/zcu111/1.2/board.xml as part xczu28dr-ffvg1517-2-e specified in board_part file is either invalid or not available
WARNING: [Board 49-26] cannot add Board Part xilinx.com:zcu111:part0:1.3 available at C:/Xilinx/Vivado/2022.2/data/xhub/boards/XilinxBoardStore/boards/Xilinx/zcu111/1.3/board.xml as part xczu28dr-ffvg1517-2-e specified in board_part file is either invalid or not available
WARNING: [Board 49-26] cannot add Board Part xilinx.com:zcu111:part0:1.4 available at C:/Xilinx/Vivado/2022.2/data/xhub/boards/XilinxBoardStore/boards/Xilinx/zcu111/1.4/board.xml as part xczu28dr-ffvg1517-2-e specified in board_part file is either invalid or not available
WARNING: [Board 49-26] cannot add Board Part xilinx.com:zcu1275:part0:1.0 available at C:/Xilinx/Vivado/2022.2/data/xhub/boards/XilinxBoardStore/boards/Xilinx/zcu1275/1.0/board.xml as part xczu29dr-ffvf1760-2-e specified in board_part file is either invalid or not available
WARNING: [Board 49-26] cannot add Board Part xilinx.com:zcu1285:part0:1.0 available at C:/Xilinx/Vivado/2022.2/data/xhub/boards/XilinxBoardStore/boards/Xilinx/zcu1285/1.0/board.xml as part xczu39dr-ffvf1760-2-i specified in board_part file is either invalid or not available
WARNING: [Board 49-26] cannot add Board Part xilinx.com:zcu208:part0:2.0 available at C:/Xilinx/Vivado/2022.2/data/xhub/boards/XilinxBoardStore/boards/Xilinx/zcu208/production/2.0/board.xml as part xczu48dr-fsvg1517-2-e specified in board_part file is either invalid or not available
WARNING: [Board 49-26] cannot add Board Part xilinx.com:zcu208ld:part0:2.0 available at C:/Xilinx/Vivado/2022.2/data/xhub/boards/XilinxBoardStore/boards/Xilinx/zcu208ld/production/2.0/board.xml as part xczu58dr-fsvg1517-2-i specified in board_part file is either invalid or not available
WARNING: [Board 49-26] cannot add Board Part xilinx.com:zcu216:part0:2.0 available at C:/Xilinx/Vivado/2022.2/data/xhub/boards/XilinxBoardStore/boards/Xilinx/zcu216/production/2.0/board.xml as part xczu49dr-ffvf1760-2-e specified in board_part file is either invalid or not available
WARNING: [Board 49-26] cannot add Board Part xilinx.com:zcu216ld:part0:2.0 available at C:/Xilinx/Vivado/2022.2/data/xhub/boards/XilinxBoardStore/boards/Xilinx/zcu216ld/production/2.0/board.xml as part xczu59dr-ffvf1760-2-i specified in board_part file is either invalid or not available
WARNING: [Board 49-26] cannot add Board Part xilinx.com:zcu670:part0:2.0 available at C:/Xilinx/Vivado/2022.2/data/xhub/boards/XilinxBoardStore/boards/Xilinx/zcu670/2.0/board.xml as part xczu67dr-fsve1156-2-i specified in board_part file is either invalid or not available
WARNING: [Board 49-26] cannot add Board Part xilinx.com:zcu670ld:part0:1.0 available at C:/Xilinx/Vivado/2022.2/data/xhub/boards/XilinxBoardStore/boards/Xilinx/zcu670ld/1.0/board.xml as part xczu57dr-fsve1156-2-i specified in board_part file is either invalid or not available
Scanning sources...
Finished scanning sources
INFO: [IP_Flow 19-234] Refreshing IP repositories
INFO: [IP_Flow 19-1700] Loaded user IP repository 'c:/Users/Shane/Documents/Classes/ECE_385/Lab_7/lab_7_2/ip_repo'.
INFO: [IP_Flow 19-2313] Loaded Vivado IP repository 'C:/Xilinx/Vivado/2022.2/data/ip'.
open_project: Time (s): cpu = 00:01:19 ; elapsed = 00:00:39 . Memory (MB): peak = 1172.207 ; gain = 351.707
update_compile_order -fileset sources_1
open_project C:/Users/Shane/Documents/Classes/ECE_385/Lab_7/lab_7_2/lab_7_2.tmp/hdmi_text_controller_v1_0_project/hdmi_text_controller_v1_0_project.xpr
INFO: [ProjectBase 1-489] The host OS only allows 260 characters in a normal path. The project is stored in a path with more than 80 characters. If you experience issues with IP, Block Designs, or files not being found, please consider moving the project to a location with a shorter path. Alternately consider using the OS subst command to map part of the path to a drive letter.
Current project path is 'C:/Users/Shane/Documents/Classes/ECE_385/Lab_7/lab_7_2/lab_7_2.tmp/hdmi_text_controller_v1_0_project'
Scanning sources...
Finished scanning sources
INFO: [IP_Flow 19-234] Refreshing IP repositories
INFO: [IP_Flow 19-1700] Loaded user IP repository 'c:/Users/Shane/Documents/Classes/ECE_385/Lab_7/lab_7_2/ip_repo'.
INFO: [IP_Flow 19-2313] Loaded Vivado IP repository 'C:/Xilinx/Vivado/2022.2/data/ip'.
WARNING: [IP_Flow 19-3664] IP 'blk_mem_gen_0' generated file not found 'c:/users/shane/documents/classes/ece_385/lab_7/lab_7_2/lab_7_2.tmp/hdmi_text_controller_v1_0_project/hdmi_text_controller_v1_0_project.gen/sources_1/ip/blk_mem_gen_0/blk_mem_gen_0.vho'. Please regenerate to continue.
WARNING: [IP_Flow 19-3664] IP 'blk_mem_gen_0' generated file not found 'c:/users/shane/documents/classes/ece_385/lab_7/lab_7_2/lab_7_2.tmp/hdmi_text_controller_v1_0_project/hdmi_text_controller_v1_0_project.gen/sources_1/ip/blk_mem_gen_0/blk_mem_gen_0.veo'. Please regenerate to continue.
WARNING: [IP_Flow 19-3664] IP 'blk_mem_gen_0' generated file not found 'c:/users/shane/documents/classes/ece_385/lab_7/lab_7_2/lab_7_2.tmp/hdmi_text_controller_v1_0_project/hdmi_text_controller_v1_0_project.gen/sources_1/ip/blk_mem_gen_0/blk_mem_gen_0_ooc.xdc'. Please regenerate to continue.
WARNING: [IP_Flow 19-3664] IP 'blk_mem_gen_0' generated file not found 'c:/users/shane/documents/classes/ece_385/lab_7/lab_7_2/lab_7_2.tmp/hdmi_text_controller_v1_0_project/hdmi_text_controller_v1_0_project.gen/sources_1/ip/blk_mem_gen_0/hdl/blk_mem_gen_v8_4_vhsyn_rfs.vhd'. Please regenerate to continue.
WARNING: [IP_Flow 19-3664] IP 'blk_mem_gen_0' generated file not found 'c:/users/shane/documents/classes/ece_385/lab_7/lab_7_2/lab_7_2.tmp/hdmi_text_controller_v1_0_project/hdmi_text_controller_v1_0_project.gen/sources_1/ip/blk_mem_gen_0/synth/blk_mem_gen_0.vhd'. Please regenerate to continue.
WARNING: [IP_Flow 19-3664] IP 'blk_mem_gen_0' generated file not found 'c:/users/shane/documents/classes/ece_385/lab_7/lab_7_2/lab_7_2.tmp/hdmi_text_controller_v1_0_project/hdmi_text_controller_v1_0_project.gen/sources_1/ip/blk_mem_gen_0/summary.log'. Please regenerate to continue.
WARNING: [IP_Flow 19-3664] IP 'blk_mem_gen_0' generated file not found 'c:/users/shane/documents/classes/ece_385/lab_7/lab_7_2/lab_7_2.tmp/hdmi_text_controller_v1_0_project/hdmi_text_controller_v1_0_project.gen/sources_1/ip/blk_mem_gen_0/misc/blk_mem_gen_v8_4.vhd'. Please regenerate to continue.
WARNING: [IP_Flow 19-3664] IP 'blk_mem_gen_0' generated file not found 'c:/users/shane/documents/classes/ece_385/lab_7/lab_7_2/lab_7_2.tmp/hdmi_text_controller_v1_0_project/hdmi_text_controller_v1_0_project.gen/sources_1/ip/blk_mem_gen_0/doc/blk_mem_gen_v8_4_changelog.txt'. Please regenerate to continue.
WARNING: [Board 49-26] cannot add Board Part xilinx.com:ac701:part0:1.4 available at C:/Xilinx/Vivado/2022.2/data/xhub/boards/XilinxBoardStore/boards/Xilinx/ac701/1.4/board.xml as part xc7a200tfbg676-2 specified in board_part file is either invalid or not available
WARNING: [Board 49-26] cannot add Board Part xilinx.com:k26c:part0:1.2 available at C:/Xilinx/Vivado/2022.2/data/xhub/boards/XilinxBoardStore/boards/Xilinx/k26c/1.2/board.xml as part xck26-sfvc784-2lv-c specified in board_part file is either invalid or not available
WARNING: [Board 49-26] cannot add Board Part xilinx.com:k26c:part0:1.3 available at C:/Xilinx/Vivado/2022.2/data/xhub/boards/XilinxBoardStore/boards/Xilinx/k26c/1.3/board.xml as part xck26-sfvc784-2lv-c specified in board_part file is either invalid or not available
WARNING: [Board 49-26] cannot add Board Part xilinx.com:k26c:part0:1.4 available at C:/Xilinx/Vivado/2022.2/data/xhub/boards/XilinxBoardStore/boards/Xilinx/k26c/1.4/board.xml as part xck26-sfvc784-2lv-c specified in board_part file is either invalid or not available
WARNING: [Board 49-26] cannot add Board Part xilinx.com:k26i:part0:1.2 available at C:/Xilinx/Vivado/2022.2/data/xhub/boards/XilinxBoardStore/boards/Xilinx/k26i/1.2/board.xml as part xck26-sfvc784-2lvi-i specified in board_part file is either invalid or not available
WARNING: [Board 49-26] cannot add Board Part xilinx.com:k26i:part0:1.3 available at C:/Xilinx/Vivado/2022.2/data/xhub/boards/XilinxBoardStore/boards/Xilinx/k26i/1.3/board.xml as part xck26-sfvc784-2lvi-i specified in board_part file is either invalid or not available
WARNING: [Board 49-26] cannot add Board Part xilinx.com:k26i:part0:1.4 available at C:/Xilinx/Vivado/2022.2/data/xhub/boards/XilinxBoardStore/boards/Xilinx/k26i/1.4/board.xml as part xck26-sfvc784-2lvi-i specified in board_part file is either invalid or not available
WARNING: [Board 49-26] cannot add Board Part xilinx.com:kc705:part0:1.6 available at C:/Xilinx/Vivado/2022.2/data/xhub/boards/XilinxBoardStore/boards/Xilinx/kc705/1.6/board.xml as part xc7k325tffg900-2 specified in board_part file is either invalid or not available
WARNING: [Board 49-26] cannot add Board Part xilinx.com:kcu105:part0:1.6 available at C:/Xilinx/Vivado/2022.2/data/xhub/boards/XilinxBoardStore/boards/Xilinx/kcu105/1.6/board.xml as part xcku040-ffva1156-2-e specified in board_part file is either invalid or not available
WARNING: [Board 49-26] cannot add Board Part xilinx.com:kcu105:part0:1.7 available at C:/Xilinx/Vivado/2022.2/data/xhub/boards/XilinxBoardStore/boards/Xilinx/kcu105/1.7/board.xml as part xcku040-ffva1156-2-e specified in board_part file is either invalid or not available
WARNING: [Board 49-26] cannot add Board Part xilinx.com:kcu116:part0:1.4 available at C:/Xilinx/Vivado/2022.2/data/xhub/boards/XilinxBoardStore/boards/Xilinx/kcu116/1.4/board.xml as part xcku5p-ffvb676-2-e specified in board_part file is either invalid or not available
WARNING: [Board 49-26] cannot add Board Part xilinx.com:kcu116:part0:1.5 available at C:/Xilinx/Vivado/2022.2/data/xhub/boards/XilinxBoardStore/boards/Xilinx/kcu116/1.5/board.xml as part xcku5p-ffvb676-2-e specified in board_part file is either invalid or not available
WARNING: [Board 49-26] cannot add Board Part xilinx.com:kcu1500:part0:1.2 available at C:/Xilinx/Vivado/2022.2/data/xhub/boards/XilinxBoardStore/boards/Xilinx/kcu1500/1.2/board.xml as part xcku115-flvb2104-2-e specified in board_part file is either invalid or not available
WARNING: [Board 49-26] cannot add Board Part xilinx.com:kr260_som:part0:1.0 available at C:/Xilinx/Vivado/2022.2/data/xhub/boards/XilinxBoardStore/boards/Xilinx/kr260_som/1.0/board.xml as part xck26-sfvc784-2lv-c specified in board_part file is either invalid or not available
WARNING: [Board 49-26] cannot add Board Part xilinx.com:kr260_som:part0:1.1 available at C:/Xilinx/Vivado/2022.2/data/xhub/boards/XilinxBoardStore/boards/Xilinx/kr260_som/1.1/board.xml as part xck26-sfvc784-2lv-c specified in board_part file is either invalid or not available
WARNING: [Board 49-26] cannot add Board Part xilinx.com:kv260_som:part0:1.2 available at C:/Xilinx/Vivado/2022.2/data/xhub/boards/XilinxBoardStore/boards/Xilinx/kv260_som/1.2/board.xml as part xck26-sfvc784-2lv-c specified in board_part file is either invalid or not available
WARNING: [Board 49-26] cannot add Board Part xilinx.com:kv260_som:part0:1.3 available at C:/Xilinx/Vivado/2022.2/data/xhub/boards/XilinxBoardStore/boards/Xilinx/kv260_som/1.3/board.xml as part xck26-sfvc784-2lv-c specified in board_part file is either invalid or not available
WARNING: [Board 49-26] cannot add Board Part xilinx.com:kv260_som:part0:1.4 available at C:/Xilinx/Vivado/2022.2/data/xhub/boards/XilinxBoardStore/boards/Xilinx/kv260_som/1.4/board.xml as part xck26-sfvc784-2lv-c specified in board_part file is either invalid or not available
WARNING: [Board 49-26] cannot add Board Part xilinx.com:vc707:part0:1.4 available at C:/Xilinx/Vivado/2022.2/data/xhub/boards/XilinxBoardStore/boards/Xilinx/vc707/1.4/board.xml as part xc7vx485tffg1761-2 specified in board_part file is either invalid or not available
WARNING: [Board 49-26] cannot add Board Part xilinx.com:vc709:part0:1.8 available at C:/Xilinx/Vivado/2022.2/data/xhub/boards/XilinxBoardStore/boards/Xilinx/vc709/1.8/board.xml as part xc7vx690tffg1761-2 specified in board_part file is either invalid or not available
WARNING: [Board 49-26] cannot add Board Part xilinx.com:vck190:part0:2.2 available at C:/Xilinx/Vivado/2022.2/data/xhub/boards/XilinxBoardStore/boards/Xilinx/vck190/production/2.2/board.xml as part xcvc1902-vsva2197-2mp-e-s specified in board_part file is either invalid or not available
WARNING: [Board 49-26] cannot add Board Part xilinx.com:vck190:part0:3.0 available at C:/Xilinx/Vivado/2022.2/data/xhub/boards/XilinxBoardStore/boards/Xilinx/vck190/production/3.0/board.xml as part xcvc1902-vsva2197-2mp-e-s specified in board_part file is either invalid or not available
WARNING: [Board 49-26] cannot add Board Part xilinx.com:vck190:part0:3.1 available at C:/Xilinx/Vivado/2022.2/data/xhub/boards/XilinxBoardStore/boards/Xilinx/vck190/production/3.1/board.xml as part xcvc1902-vsva2197-2mp-e-s specified in board_part file is either invalid or not available
WARNING: [Board 49-26] cannot add Board Part xilinx.com:vck190_newl:part0:1.0 available at C:/Xilinx/Vivado/2022.2/data/xhub/boards/XilinxBoardStore/boards/Xilinx/vck190_newl/production/1.0/board.xml as part xcvc1902-vsva2197-2mp-e-s specified in board_part file is either invalid or not available
WARNING: [Board 49-26] cannot add Board Part xilinx.com:vcu108:part0:1.6 available at C:/Xilinx/Vivado/2022.2/data/xhub/boards/XilinxBoardStore/boards/Xilinx/vcu108/1.6/board.xml as part xcvu095-ffva2104-2-e specified in board_part file is either invalid or not available
WARNING: [Board 49-26] cannot add Board Part xilinx.com:vcu108:part0:1.7 available at C:/Xilinx/Vivado/2022.2/data/xhub/boards/XilinxBoardStore/boards/Xilinx/vcu108/1.7/board.xml as part xcvu095-ffva2104-2-e specified in board_part file is either invalid or not available
WARNING: [Board 49-26] cannot add Board Part xilinx.com:vcu110:part0:1.4 available at C:/Xilinx/Vivado/2022.2/data/xhub/boards/XilinxBoardStore/boards/Xilinx/vcu110/1.4/board.xml as part xcvu190-flgc2104-2-e specified in board_part file is either invalid or not available
WARNING: [Board 49-26] cannot add Board Part xilinx.com:vcu118:part0:2.0 available at C:/Xilinx/Vivado/2022.2/data/xhub/boards/XilinxBoardStore/boards/Xilinx/vcu118/2.0/board.xml as part xcvu9p-flga2104-2l-e specified in board_part file is either invalid or not available
WARNING: [Board 49-26] cannot add Board Part xilinx.com:vcu118:part0:2.3 available at C:/Xilinx/Vivado/2022.2/data/xhub/boards/XilinxBoardStore/boards/Xilinx/vcu118/2.3/board.xml as part xcvu9p-flga2104-2l-e specified in board_part file is either invalid or not available
WARNING: [Board 49-26] cannot add Board Part xilinx.com:vcu118:part0:2.4 available at C:/Xilinx/Vivado/2022.2/data/xhub/boards/XilinxBoardStore/boards/Xilinx/vcu118/2.4/board.xml as part xcvu9p-flga2104-2l-e specified in board_part file is either invalid or not available
WARNING: [Board 49-26] cannot add Board Part xilinx.com:vcu128:part0:1.0 available at C:/Xilinx/Vivado/2022.2/data/xhub/boards/XilinxBoardStore/boards/Xilinx/vcu128/production/1.0/board.xml as part xcvu37p-fsvh2892-2l-e specified in board_part file is either invalid or not available
WARNING: [Board 49-26] cannot add Board Part xilinx.com:vcu129:part0:1.0 available at C:/Xilinx/Vivado/2022.2/data/xhub/boards/XilinxBoardStore/boards/Xilinx/vcu129/production/1.0/board.xml as part xcvu29p-fsga2577-2l-e specified in board_part file is either invalid or not available
WARNING: [Board 49-26] cannot add Board Part xilinx.com:vcu1525:part0:1.3 available at C:/Xilinx/Vivado/2022.2/data/xhub/boards/XilinxBoardStore/boards/Xilinx/vcu1525/1.3/board.xml as part xcvu9p-fsgd2104-2l-e specified in board_part file is either invalid or not available
WARNING: [Board 49-26] cannot add Board Part xilinx.com:vek280_es:part0:1.0 available at C:/Xilinx/Vivado/2022.2/data/xhub/boards/XilinxBoardStore/boards/Xilinx/vek280/es/1.0/board.xml as part xcve2802-vsvh1760-2lp-e-s-es1 specified in board_part file is either invalid or not available
WARNING: [Board 49-26] cannot add Board Part xilinx.com:vermeo_t1_mpsoc:part0:1.0 available at C:/Xilinx/Vivado/2022.2/data/xhub/boards/XilinxBoardStore/boards/Xilinx/vermeo_t1_mpsoc/1.0/board.xml as part xczu19eg-ffvd1760-2l-e specified in board_part file is either invalid or not available
WARNING: [Board 49-26] cannot add Board Part xilinx.com:vermeo_t1_rfsoc:part0:1.0 available at C:/Xilinx/Vivado/2022.2/data/xhub/boards/XilinxBoardStore/boards/Xilinx/vermeo_t1_rfsoc/1.0/board.xml as part xczu21dr-ffvd1156-2l-e specified in board_part file is either invalid or not available
WARNING: [Board 49-26] cannot add Board Part xilinx.com:vhk158_es:part0:1.0 available at C:/Xilinx/Vivado/2022.2/data/xhub/boards/XilinxBoardStore/boards/Xilinx/vhk158/es/1.0/board.xml as part xcvh1582-vsva3697-2mp-e-s-es1 specified in board_part file is either invalid or not available
WARNING: [Board 49-26] cannot add Board Part xilinx.com:vmk180:part0:2.2 available at C:/Xilinx/Vivado/2022.2/data/xhub/boards/XilinxBoardStore/boards/Xilinx/vmk180/production/2.2/board.xml as part xcvm1802-vsva2197-2mp-e-s specified in board_part file is either invalid or not available
WARNING: [Board 49-26] cannot add Board Part xilinx.com:vmk180:part0:3.0 available at C:/Xilinx/Vivado/2022.2/data/xhub/boards/XilinxBoardStore/boards/Xilinx/vmk180/production/3.0/board.xml as part xcvm1802-vsva2197-2mp-e-s specified in board_part file is either invalid or not available
WARNING: [Board 49-26] cannot add Board Part xilinx.com:vmk180:part0:3.1 available at C:/Xilinx/Vivado/2022.2/data/xhub/boards/XilinxBoardStore/boards/Xilinx/vmk180/production/3.1/board.xml as part xcvm1802-vsva2197-2mp-e-s specified in board_part file is either invalid or not available
WARNING: [Board 49-26] cannot add Board Part xilinx.com:vmk180_newl:part0:1.0 available at C:/Xilinx/Vivado/2022.2/data/xhub/boards/XilinxBoardStore/boards/Xilinx/vmk180_newl/production/1.0/board.xml as part xcvm1802-vsva2197-2mp-e-s specified in board_part file is either invalid or not available
WARNING: [Board 49-26] cannot add Board Part xilinx.com:vpk120:part0:1.0 available at C:/Xilinx/Vivado/2022.2/data/xhub/boards/XilinxBoardStore/boards/Xilinx/vpk120/production/1.0/board.xml as part xcvp1202-vsva2785-2mp-e-s specified in board_part file is either invalid or not available
WARNING: [Board 49-26] cannot add Board Part xilinx.com:vpk120_es:part0:1.2 available at C:/Xilinx/Vivado/2022.2/data/xhub/boards/XilinxBoardStore/boards/Xilinx/vpk120/es/1.2/board.xml as part xcvp1202-vsva2785-2mp-e-s-es1 specified in board_part file is either invalid or not available
WARNING: [Board 49-26] cannot add Board Part xilinx.com:vpk120_es_revb:part0:1.0 available at C:/Xilinx/Vivado/2022.2/data/xhub/boards/XilinxBoardStore/boards/Xilinx/vpk120_revb/es/1.0/board.xml as part xcvp1202-vsva2785-2mp-e-s-es1 specified in board_part file is either invalid or not available
WARNING: [Board 49-26] cannot add Board Part xilinx.com:vpk180_es:part0:1.0 available at C:/Xilinx/Vivado/2022.2/data/xhub/boards/XilinxBoardStore/boards/Xilinx/vpk180/es/1.0/board.xml as part xcvp1802-lsvc4072-2mp-e-s-es1 specified in board_part file is either invalid or not available
WARNING: [Board 49-26] cannot add Board Part xilinx.com:zc702:part0:1.4 available at C:/Xilinx/Vivado/2022.2/data/xhub/boards/XilinxBoardStore/boards/Xilinx/zc702/1.4/board.xml as part xc7z020clg484-1 specified in board_part file is either invalid or not available
WARNING: [Board 49-26] cannot add Board Part xilinx.com:zc706:part0:1.4 available at C:/Xilinx/Vivado/2022.2/data/xhub/boards/XilinxBoardStore/boards/Xilinx/zc706/1.4/board.xml as part xc7z045ffg900-2 specified in board_part file is either invalid or not available
WARNING: [Board 49-26] cannot add Board Part xilinx.com:zcu102:part0:3.3 available at C:/Xilinx/Vivado/2022.2/data/xhub/boards/XilinxBoardStore/boards/Xilinx/zcu102/3.3/board.xml as part xczu9eg-ffvb1156-2-e specified in board_part file is either invalid or not available
WARNING: [Board 49-26] cannot add Board Part xilinx.com:zcu102:part0:3.4 available at C:/Xilinx/Vivado/2022.2/data/xhub/boards/XilinxBoardStore/boards/Xilinx/zcu102/3.4/board.xml as part xczu9eg-ffvb1156-2-e specified in board_part file is either invalid or not available
WARNING: [Board 49-26] cannot add Board Part xilinx.com:zcu104:part0:1.1 available at C:/Xilinx/Vivado/2022.2/data/xhub/boards/XilinxBoardStore/boards/Xilinx/zcu104/1.1/board.xml as part xczu7ev-ffvc1156-2-e specified in board_part file is either invalid or not available
WARNING: [Board 49-26] cannot add Board Part xilinx.com:zcu106:part0:2.4 available at C:/Xilinx/Vivado/2022.2/data/xhub/boards/XilinxBoardStore/boards/Xilinx/zcu106/2.4/board.xml as part xczu7ev-ffvc1156-2-e specified in board_part file is either invalid or not available
WARNING: [Board 49-26] cannot add Board Part xilinx.com:zcu106:part0:2.5 available at C:/Xilinx/Vivado/2022.2/data/xhub/boards/XilinxBoardStore/boards/Xilinx/zcu106/2.5/board.xml as part xczu7ev-ffvc1156-2-e specified in board_part file is either invalid or not available
WARNING: [Board 49-26] cannot add Board Part xilinx.com:zcu106:part0:2.6 available at C:/Xilinx/Vivado/2022.2/data/xhub/boards/XilinxBoardStore/boards/Xilinx/zcu106/2.6/board.xml as part xczu7ev-ffvc1156-2-e specified in board_part file is either invalid or not available
WARNING: [Board 49-26] cannot add Board Part xilinx.com:zcu111:part0:1.2 available at C:/Xilinx/Vivado/2022.2/data/xhub/boards/XilinxBoardStore/boards/Xilinx/zcu111/1.2/board.xml as part xczu28dr-ffvg1517-2-e specified in board_part file is either invalid or not available
WARNING: [Board 49-26] cannot add Board Part xilinx.com:zcu111:part0:1.3 available at C:/Xilinx/Vivado/2022.2/data/xhub/boards/XilinxBoardStore/boards/Xilinx/zcu111/1.3/board.xml as part xczu28dr-ffvg1517-2-e specified in board_part file is either invalid or not available
WARNING: [Board 49-26] cannot add Board Part xilinx.com:zcu111:part0:1.4 available at C:/Xilinx/Vivado/2022.2/data/xhub/boards/XilinxBoardStore/boards/Xilinx/zcu111/1.4/board.xml as part xczu28dr-ffvg1517-2-e specified in board_part file is either invalid or not available
WARNING: [Board 49-26] cannot add Board Part xilinx.com:zcu1275:part0:1.0 available at C:/Xilinx/Vivado/2022.2/data/xhub/boards/XilinxBoardStore/boards/Xilinx/zcu1275/1.0/board.xml as part xczu29dr-ffvf1760-2-e specified in board_part file is either invalid or not available
WARNING: [Board 49-26] cannot add Board Part xilinx.com:zcu1285:part0:1.0 available at C:/Xilinx/Vivado/2022.2/data/xhub/boards/XilinxBoardStore/boards/Xilinx/zcu1285/1.0/board.xml as part xczu39dr-ffvf1760-2-i specified in board_part file is either invalid or not available
WARNING: [Board 49-26] cannot add Board Part xilinx.com:zcu208:part0:2.0 available at C:/Xilinx/Vivado/2022.2/data/xhub/boards/XilinxBoardStore/boards/Xilinx/zcu208/production/2.0/board.xml as part xczu48dr-fsvg1517-2-e specified in board_part file is either invalid or not available
WARNING: [Board 49-26] cannot add Board Part xilinx.com:zcu208ld:part0:2.0 available at C:/Xilinx/Vivado/2022.2/data/xhub/boards/XilinxBoardStore/boards/Xilinx/zcu208ld/production/2.0/board.xml as part xczu58dr-fsvg1517-2-i specified in board_part file is either invalid or not available
WARNING: [Board 49-26] cannot add Board Part xilinx.com:zcu216:part0:2.0 available at C:/Xilinx/Vivado/2022.2/data/xhub/boards/XilinxBoardStore/boards/Xilinx/zcu216/production/2.0/board.xml as part xczu49dr-ffvf1760-2-e specified in board_part file is either invalid or not available
WARNING: [Board 49-26] cannot add Board Part xilinx.com:zcu216ld:part0:2.0 available at C:/Xilinx/Vivado/2022.2/data/xhub/boards/XilinxBoardStore/boards/Xilinx/zcu216ld/production/2.0/board.xml as part xczu59dr-ffvf1760-2-i specified in board_part file is either invalid or not available
WARNING: [Board 49-26] cannot add Board Part xilinx.com:zcu670:part0:2.0 available at C:/Xilinx/Vivado/2022.2/data/xhub/boards/XilinxBoardStore/boards/Xilinx/zcu670/2.0/board.xml as part xczu67dr-fsve1156-2-i specified in board_part file is either invalid or not available
WARNING: [Board 49-26] cannot add Board Part xilinx.com:zcu670ld:part0:1.0 available at C:/Xilinx/Vivado/2022.2/data/xhub/boards/XilinxBoardStore/boards/Xilinx/zcu670ld/1.0/board.xml as part xczu57dr-fsve1156-2-i specified in board_part file is either invalid or not available
update_compile_order -fileset sources_1
launch_simulation
Command: launch_simulation 
INFO: [Vivado 12-12493] Simulation top is 'hdmi_text_controller_tb'
WARNING: [Vivado 12-13340] Unable to auto find GCC executables from simulator install path! (path not set)
WARNING: [Vivado 12-13277] Compiled library path does not exist: ''
INFO: [Vivado 12-5698] Checking validity of IPs in the design for the 'XSim' simulator...
INFO: [Vivado 12-5682] Launching behavioral simulation in 'C:/Users/Shane/Documents/Classes/ECE_385/Lab_7/lab_7_2/lab_7_2.tmp/hdmi_text_controller_v1_0_project/hdmi_text_controller_v1_0_project.sim/sim_1/behav/xsim'
INFO: [Vivado 12-13660] Precompiled IP simulation library mode is enabled (default). The design IP libraries will be referenced from the compiled library path. Please note that if the precompiled version of the library is not found from the path or the IP is in locked state, then the library source files for these IPs will be compiled locally as part of the compile order.
INFO: [Vivado 12-4795] Using compiled simulation libraries for IPs
INFO: [SIM-utils-51] Simulation object is 'sim_1'
INFO: [SIM-utils-72] Using boost library from 'C:/Xilinx/Vivado/2022.2/tps/boost_1_72_0'
INFO: [USF-XSim-7] Finding pre-compiled libraries...
INFO: [USF-XSim-11] File 'C:/Xilinx/Vivado/2022.2/data/xsim/xsim.ini' copied to run dir:'C:/Users/Shane/Documents/Classes/ECE_385/Lab_7/lab_7_2/lab_7_2.tmp/hdmi_text_controller_v1_0_project/hdmi_text_controller_v1_0_project.sim/sim_1/behav/xsim'
INFO: [SIM-utils-54] Inspecting design source files for 'hdmi_text_controller_tb' in fileset 'sim_1'...
INFO: [USF-XSim-97] Finding global include files...
INFO: [USF-XSim-98] Fetching design files from 'sim_1'...
INFO: [USF-XSim-2] XSim::Compile design
INFO: [USF-XSim-61] Executing 'COMPILE and ANALYZE' step in 'C:/Users/Shane/Documents/Classes/ECE_385/Lab_7/lab_7_2/lab_7_2.tmp/hdmi_text_controller_v1_0_project/hdmi_text_controller_v1_0_project.sim/sim_1/behav/xsim'
"xvlog --incr --relax -L uvm -prj hdmi_text_controller_tb_vlog.prj"
INFO: [VRFC 10-2263] Analyzing Verilog file "C:/Users/Shane/Documents/Classes/ECE_385/Lab_7/lab_7_2/lab_7_2.tmp/hdmi_text_controller_v1_0_project/hdmi_text_controller_v1_0_project.gen/sources_1/ip/hdmi_tx_0/hdl/encode.v" into library xil_defaultlib
INFO: [VRFC 10-311] analyzing module encode
INFO: [VRFC 10-2263] Analyzing Verilog file "C:/Users/Shane/Documents/Classes/ECE_385/Lab_7/lab_7_2/lab_7_2.tmp/hdmi_text_controller_v1_0_project/hdmi_text_controller_v1_0_project.gen/sources_1/ip/hdmi_tx_0/hdl/serdes_10_to_1.v" into library xil_defaultlib
INFO: [VRFC 10-311] analyzing module serdes_10_to_1
INFO: [VRFC 10-2263] Analyzing Verilog file "C:/Users/Shane/Documents/Classes/ECE_385/Lab_7/lab_7_2/lab_7_2.tmp/hdmi_text_controller_v1_0_project/hdmi_text_controller_v1_0_project.gen/sources_1/ip/hdmi_tx_0/hdl/srldelay.v" into library xil_defaultlib
INFO: [VRFC 10-311] analyzing module srldelay
INFO: [VRFC 10-2263] Analyzing Verilog file "C:/Users/Shane/Documents/Classes/ECE_385/Lab_7/lab_7_2/lab_7_2.tmp/hdmi_text_controller_v1_0_project/hdmi_text_controller_v1_0_project.gen/sources_1/ip/hdmi_tx_0/hdl/hdmi_tx_v1_0.v" into library xil_defaultlib
INFO: [VRFC 10-311] analyzing module hdmi_tx_v1_0
INFO: [VRFC 10-2263] Analyzing Verilog file "C:/Users/Shane/Documents/Classes/ECE_385/Lab_7/lab_7_2/lab_7_2.tmp/hdmi_text_controller_v1_0_project/hdmi_text_controller_v1_0_project.gen/sources_1/ip/hdmi_tx_0/sim/hdmi_tx_0.v" into library xil_defaultlib
INFO: [VRFC 10-311] analyzing module hdmi_tx_0
INFO: [VRFC 10-2263] Analyzing Verilog file "C:/Users/Shane/Documents/Classes/ECE_385/Lab_7/lab_7_2/lab_7_2.tmp/hdmi_text_controller_v1_0_project/hdmi_text_controller_v1_0_project.gen/sources_1/ip/clk_wiz_0/clk_wiz_0_clk_wiz.v" into library xil_defaultlib
INFO: [VRFC 10-311] analyzing module clk_wiz_0_clk_wiz
INFO: [VRFC 10-2263] Analyzing Verilog file "C:/Users/Shane/Documents/Classes/ECE_385/Lab_7/lab_7_2/lab_7_2.tmp/hdmi_text_controller_v1_0_project/hdmi_text_controller_v1_0_project.gen/sources_1/ip/clk_wiz_0/clk_wiz_0.v" into library xil_defaultlib
INFO: [VRFC 10-311] analyzing module clk_wiz_0
INFO: [VRFC 10-2263] Analyzing Verilog file "C:/Users/Shane/Documents/Classes/ECE_385/Lab_7/lab_7_2/lab_7_2.tmp/hdmi_text_controller_v1_0_project/hdmi_text_controller_v1_0_project.ip_user_files/ipstatic/simulation/blk_mem_gen_v8_4.v" into library xil_defaultlib
INFO: [VRFC 10-311] analyzing module STATE_LOGIC_v8_4
INFO: [VRFC 10-311] analyzing module beh_vlog_muxf7_v8_4
INFO: [VRFC 10-311] analyzing module beh_vlog_ff_clr_v8_4
INFO: [VRFC 10-311] analyzing module beh_vlog_ff_pre_v8_4
INFO: [VRFC 10-311] analyzing module beh_vlog_ff_ce_clr_v8_4
INFO: [VRFC 10-311] analyzing module write_netlist_v8_4
INFO: [VRFC 10-311] analyzing module read_netlist_v8_4
INFO: [VRFC 10-311] analyzing module blk_mem_axi_write_wrapper_beh_v8_4
INFO: [VRFC 10-311] analyzing module blk_mem_axi_read_wrapper_beh_v8_4
INFO: [VRFC 10-311] analyzing module blk_mem_axi_regs_fwd_v8_4
INFO: [VRFC 10-311] analyzing module blk_mem_gen_v8_4_5_output_stage
INFO: [VRFC 10-311] analyzing module blk_mem_gen_v8_4_5_softecc_output_reg_stage
INFO: [VRFC 10-311] analyzing module blk_mem_gen_v8_4_5_mem_module
INFO: [VRFC 10-311] analyzing module blk_mem_gen_v8_4_5
INFO: [VRFC 10-2263] Analyzing Verilog file "C:/Users/Shane/Documents/Classes/ECE_385/Lab_7/lab_7_2/lab_7_2.tmp/hdmi_text_controller_v1_0_project/hdmi_text_controller_v1_0_project.gen/sources_1/ip/blk_mem_gen_0/sim/blk_mem_gen_0.v" into library xil_defaultlib
INFO: [VRFC 10-311] analyzing module blk_mem_gen_0
INFO: [VRFC 10-2263] Analyzing SystemVerilog file "C:/Users/Shane/Documents/Classes/ECE_385/Lab_7/lab_7_2/ip_repo/hdmi_text_controller_1_0/src/Color_Mapper.sv" into library xil_defaultlib
INFO: [VRFC 10-311] analyzing module color_mapper
INFO: [VRFC 10-2263] Analyzing SystemVerilog file "C:/Users/Shane/Documents/Classes/ECE_385/Lab_7/lab_7_2/ip_repo/hdmi_text_controller_1_0/src/VGA_controller.sv" into library xil_defaultlib
INFO: [VRFC 10-311] analyzing module vga_controller
INFO: [VRFC 10-2263] Analyzing SystemVerilog file "C:/Users/Shane/Documents/Classes/ECE_385/Lab_7/lab_7_2/ip_repo/hdmi_text_controller_1_0/src/font_rom.sv" into library xil_defaultlib
INFO: [VRFC 10-311] analyzing module font_rom
INFO: [VRFC 10-2263] Analyzing SystemVerilog file "C:/Users/Shane/Documents/Classes/ECE_385/Lab_7/lab_7_2/ip_repo/hdmi_text_controller_1_0/src/hdmi_text_controller_v1_0.sv" into library xil_defaultlib
INFO: [VRFC 10-311] analyzing module hdmi_text_controller_v1_0
INFO: [VRFC 10-2263] Analyzing SystemVerilog file "C:/Users/Shane/Documents/Classes/ECE_385/Lab_7/lab_7_2/ip_repo/hdmi_text_controller_1_0/src/hdmi_text_controller_v1_0_AXI.sv" into library xil_defaultlib
INFO: [VRFC 10-311] analyzing module hdmi_text_controller_v1_0_AXI
WARNING: [VRFC 10-3380] identifier 'sram_addr_mux' is used before its declaration [C:/Users/Shane/Documents/Classes/ECE_385/Lab_7/lab_7_2/ip_repo/hdmi_text_controller_1_0/src/hdmi_text_controller_v1_0_AXI.sv:290]
INFO: [VRFC 10-2263] Analyzing SystemVerilog file "C:/Users/Shane/Documents/Classes/ECE_385/Lab_7/lab_7_2/ip_repo/hdmi_text_controller_1_0/src/hdmi_text_controller_v1_0_tb.sv" into library xil_defaultlib
INFO: [VRFC 10-311] analyzing module hdmi_text_controller_tb
INFO: [VRFC 10-2263] Analyzing Verilog file "C:/Users/Shane/Documents/Classes/ECE_385/Lab_7/lab_7_2/lab_7_2.tmp/hdmi_text_controller_v1_0_project/hdmi_text_controller_v1_0_project.sim/sim_1/behav/xsim/glbl.v" into library xil_defaultlib
INFO: [VRFC 10-311] analyzing module glbl
run_program: Time (s): cpu = 00:00:01 ; elapsed = 00:00:05 . Memory (MB): peak = 1283.289 ; gain = 0.000
INFO: [USF-XSim-69] 'compile' step finished in '5' seconds
INFO: [USF-XSim-3] XSim::Elaborate design
INFO: [USF-XSim-61] Executing 'ELABORATE' step in 'C:/Users/Shane/Documents/Classes/ECE_385/Lab_7/lab_7_2/lab_7_2.tmp/hdmi_text_controller_v1_0_project/hdmi_text_controller_v1_0_project.sim/sim_1/behav/xsim'
"xelab --incr --debug typical --relax --mt 2 -L xil_defaultlib -L uvm -L unisims_ver -L unimacro_ver -L secureip -L xpm --snapshot hdmi_text_controller_tb_behav xil_defaultlib.hdmi_text_controller_tb xil_defaultlib.glbl -log elaborate.log"
Vivado Simulator v2022.2
Copyright 1986-1999, 2001-2022 Xilinx, Inc. All Rights Reserved.
Running: C:/Xilinx/Vivado/2022.2/bin/unwrapped/win64.o/xelab.exe --incr --debug typical --relax --mt 2 -L xil_defaultlib -L uvm -L unisims_ver -L unimacro_ver -L secureip -L xpm --snapshot hdmi_text_controller_tb_behav xil_defaultlib.hdmi_text_controller_tb xil_defaultlib.glbl -log elaborate.log 
Using 2 slave threads.
Starting static elaboration
Pass Through NonSizing Optimizer
WARNING: [VRFC 10-3091] actual bit length 32 differs from formal bit length 16 for port 'axi_awaddr' [C:/Users/Shane/Documents/Classes/ECE_385/Lab_7/lab_7_2/ip_repo/hdmi_text_controller_1_0/src/hdmi_text_controller_v1_0_tb.sv:74]
WARNING: [VRFC 10-3091] actual bit length 32 differs from formal bit length 16 for port 'axi_araddr' [C:/Users/Shane/Documents/Classes/ECE_385/Lab_7/lab_7_2/ip_repo/hdmi_text_controller_1_0/src/hdmi_text_controller_v1_0_tb.sv:88]
Completed static elaboration
Starting simulation data flow analysis
WARNING: [XSIM 43-4099] "C:/Users/Shane/Documents/Classes/ECE_385/Lab_7/lab_7_2/ip_repo/hdmi_text_controller_1_0/src/VGA_controller.sv" Line 26. Module vga_controller doesn't have a timescale but at least one module in design has a timescale.
WARNING: [XSIM 43-4099] "C:/Users/Shane/Documents/Classes/ECE_385/Lab_7/lab_7_2/ip_repo/hdmi_text_controller_1_0/src/Color_Mapper.sv" Line 17. Module color_mapper doesn't have a timescale but at least one module in design has a timescale.
WARNING: [XSIM 43-4099] "C:/Users/Shane/Documents/Classes/ECE_385/Lab_7/lab_7_2/ip_repo/hdmi_text_controller_1_0/src/font_rom.sv" Line 1. Module font_rom doesn't have a timescale but at least one module in design has a timescale.
WARNING: [XSIM 43-4099] "C:/Users/Shane/Documents/Classes/ECE_385/Lab_7/lab_7_2/ip_repo/hdmi_text_controller_1_0/src/VGA_controller.sv" Line 26. Module vga_controller doesn't have a timescale but at least one module in design has a timescale.
WARNING: [XSIM 43-4099] "C:/Users/Shane/Documents/Classes/ECE_385/Lab_7/lab_7_2/ip_repo/hdmi_text_controller_1_0/src/Color_Mapper.sv" Line 17. Module color_mapper doesn't have a timescale but at least one module in design has a timescale.
WARNING: [XSIM 43-4099] "C:/Users/Shane/Documents/Classes/ECE_385/Lab_7/lab_7_2/ip_repo/hdmi_text_controller_1_0/src/font_rom.sv" Line 1. Module font_rom doesn't have a timescale but at least one module in design has a timescale.
Completed simulation data flow analysis
Time Resolution for simulation is 1ps
Compiling module xil_defaultlib.hdmi_text_controller_v1_0_AXI(C_...
Compiling module xil_defaultlib.blk_mem_gen_v8_4_5_output_stage(...
Compiling module xil_defaultlib.blk_mem_gen_v8_4_5_softecc_outpu...
Compiling module xil_defaultlib.blk_mem_gen_v8_4_5_mem_module(C_...
Compiling module xil_defaultlib.blk_mem_gen_v8_4_5(C_FAMILY="spa...
Compiling module xil_defaultlib.blk_mem_gen_0
Compiling module unisims_ver.IBUF
Compiling module unisims_ver.MMCME2_ADV(CLKFBOUT_MULT_F=10.0,...
Compiling module unisims_ver.BUFG
Compiling module xil_defaultlib.clk_wiz_0_clk_wiz
Compiling module xil_defaultlib.clk_wiz_0
Compiling module xil_defaultlib.vga_controller
Compiling module unisims_ver.SRL16E_default
Compiling module xil_defaultlib.srldelay(WIDTH=40,TAPS=4'b1010)
Compiling module xil_defaultlib.encode_default
Compiling module xil_defaultlib.encode(CHANNEL="GREEN")
Compiling module xil_defaultlib.encode(CHANNEL="RED")
Compiling module unisims_ver.OSERDESE2(DATA_RATE_TQ="SDR",DAT...
Compiling module unisims_ver.OSERDESE2(DATA_RATE_TQ="SDR",DAT...
Compiling module xil_defaultlib.serdes_10_to_1
Compiling module unisims_ver.OBUFDS(IOSTANDARD="TMDS_33")
Compiling module xil_defaultlib.hdmi_tx_v1_0(C_RED_WIDTH=4,C_GRE...
Compiling module xil_defaultlib.hdmi_tx_0
Compiling module xil_defaultlib.font_rom
Compiling module xil_defaultlib.color_mapper
Compiling module xil_defaultlib.hdmi_text_controller_v1_0(C_AXI_...
Compiling module xil_defaultlib.hdmi_text_controller_tb
Compiling module xil_defaultlib.glbl
Built simulation snapshot hdmi_text_controller_tb_behav
run_program: Time (s): cpu = 00:00:05 ; elapsed = 00:00:18 . Memory (MB): peak = 1283.289 ; gain = 0.000
INFO: [USF-XSim-69] 'elaborate' step finished in '19' seconds
INFO: [USF-XSim-4] XSim::Simulate design
INFO: [USF-XSim-61] Executing 'SIMULATE' step in 'C:/Users/Shane/Documents/Classes/ECE_385/Lab_7/lab_7_2/lab_7_2.tmp/hdmi_text_controller_v1_0_project/hdmi_text_controller_v1_0_project.sim/sim_1/behav/xsim'
INFO: [USF-XSim-98] *** Running xsim
   with args "hdmi_text_controller_tb_behav -key {Behavioral:sim_1:Functional:hdmi_text_controller_tb} -tclbatch {hdmi_text_controller_tb.tcl} -view {C:/Users/Shane/Documents/Classes/ECE_385/Lab_7/lab_7_2/lab_7_2.tmp/hdmi_text_controller_v1_0_project/hdmi_text_controller_tb_behav.wcfg} -log {simulate.log}"
INFO: [USF-XSim-8] Loading simulator feature
Time resolution is 1 ps
open_wave_config C:/Users/Shane/Documents/Classes/ECE_385/Lab_7/lab_7_2/lab_7_2.tmp/hdmi_text_controller_v1_0_project/hdmi_text_controller_tb_behav.wcfg
source hdmi_text_controller_tb.tcl
# set curr_wave [current_wave_config]
# if { [string length $curr_wave] == 0 } {
#   if { [llength [get_objects]] > 0} {
#     add_wave /
#     set_property needs_save false [current_wave_config]
#   } else {
#      send_msg_id Add_Wave-1 WARNING "No top level signals found. Simulator will start without a wave window. If you want to open a wave window go to 'File->New Waveform Configuration' or type 'create_wave_config' in the TCL console."
#   }
# }
# run all
Block Memory Generator module hdmi_text_controller_tb.hdmi_text_controller_v1_0_inst.sram0.inst.\native_mem_module.blk_mem_gen_v8_4_5_inst  is using a behavioral model for simulation which will not precisely model memory collision behavior.
blk_mem_gen_v8_4_5 collision detected at time: 240000, Instance: hdmi_text_controller_tb.hdmi_text_controller_v1_0_inst.sram0.inst.\native_mem_module.blk_mem_gen_v8_4_5_inst , A write address: 0, B  read address: 0
blk_mem_gen_v8_4_5 collision detected at time: 280000, Instance: hdmi_text_controller_tb.hdmi_text_controller_v1_0_inst.sram0.inst.\native_mem_module.blk_mem_gen_v8_4_5_inst , A write address: 0, B  read address: 0
blk_mem_gen_v8_4_5 collision detected at time: 320000, Instance: hdmi_text_controller_tb.hdmi_text_controller_v1_0_inst.sram0.inst.\native_mem_module.blk_mem_gen_v8_4_5_inst , A write address: 0, B  read address: 0
blk_mem_gen_v8_4_5 collision detected at time: 360000, Instance: hdmi_text_controller_tb.hdmi_text_controller_v1_0_inst.sram0.inst.\native_mem_module.blk_mem_gen_v8_4_5_inst , A write address: 0, B  read address: 0
Info: Read back of control register: 001f6000
Time: 216400 ns  Iteration: 0  Process: /hdmi_text_controller_tb/Initial269_924  Scope: hdmi_text_controller_tb.TEST_VECTORS  File: C:/Users/Shane/Documents/Classes/ECE_385/Lab_7/lab_7_2/ip_repo/hdmi_text_controller_1_0/src/hdmi_text_controller_v1_0_tb.sv Line: 320
Saving bitmap 'lab7_1_sim.bmp'.
$finish called at time : 15648350 ns : File "C:/Users/Shane/Documents/Classes/ECE_385/Lab_7/lab_7_2/ip_repo/hdmi_text_controller_1_0/src/hdmi_text_controller_v1_0_tb.sv" Line 329
run: Time (s): cpu = 00:01:47 ; elapsed = 00:10:26 . Memory (MB): peak = 1305.938 ; gain = 22.648
xsim: Time (s): cpu = 00:01:52 ; elapsed = 00:10:28 . Memory (MB): peak = 1305.938 ; gain = 22.648
INFO: [USF-XSim-96] XSim completed. Design snapshot 'hdmi_text_controller_tb_behav' loaded.
INFO: [USF-XSim-97] XSim simulation ran for all
launch_simulation: Time (s): cpu = 00:02:02 ; elapsed = 00:10:56 . Memory (MB): peak = 1305.938 ; gain = 22.648
create_wave_config; add_wave /; set_property needs_save false [current_wave_config]
WARNING: [Wavedata 42-489] Can't add object "/hdmi_text_controller_tb/bitmap" to the wave window because it has 10080000 bits, which exceeds the display limit of 65536 bits.  To change the display limit, use the command "set_property display_limit <new limit> [current_wave_config]".
update_compile_order -fileset sources_1
update_compile_order -fileset sources_1
update_compile_order -fileset sources_1
update_compile_order -fileset sources_1
set_property top hdmi_text_controller_v1_0_AXI [current_fileset]
update_compile_order -fileset sources_1
synth_design -rtl -rtl_skip_mlo -name rtl_1
Command: synth_design -rtl -rtl_skip_mlo -name rtl_1
Starting synth_design
Using part: xc7s50csga324-1
Top: hdmi_text_controller_v1_0_AXI
INFO: [Device 21-403] Loading part xc7s50csga324-1
INFO: [Synth 8-11241] undeclared symbol 'REGCCE', assumed default net type 'wire' [C:/Xilinx/Vivado/2022.2/data/verilog/src/unimacro/BRAM_SINGLE_MACRO.v:2170]
---------------------------------------------------------------------------------
Starting RTL Elaboration : Time (s): cpu = 00:00:05 ; elapsed = 00:00:06 . Memory (MB): peak = 2209.344 ; gain = 393.152
---------------------------------------------------------------------------------
INFO: [Synth 8-6157] synthesizing module 'hdmi_text_controller_v1_0_AXI' [C:/Users/Shane/Documents/Classes/ECE_385/Lab_7/lab_7_2/ip_repo/hdmi_text_controller_1_0/src/hdmi_text_controller_v1_0_AXI.sv:28]
INFO: [Synth 8-226] default block is never used [C:/Users/Shane/Documents/Classes/ECE_385/Lab_7/lab_7_2/ip_repo/hdmi_text_controller_1_0/src/hdmi_text_controller_v1_0_AXI.sv:448]
INFO: [Synth 8-6155] done synthesizing module 'hdmi_text_controller_v1_0_AXI' (0#1) [C:/Users/Shane/Documents/Classes/ECE_385/Lab_7/lab_7_2/ip_repo/hdmi_text_controller_1_0/src/hdmi_text_controller_v1_0_AXI.sv:28]
WARNING: [Synth 8-3848] Net sram_addr_mux in module/entity hdmi_text_controller_v1_0_AXI does not have driver. [C:/Users/Shane/Documents/Classes/ECE_385/Lab_7/lab_7_2/ip_repo/hdmi_text_controller_1_0/src/hdmi_text_controller_v1_0_AXI.sv:432]
WARNING: [Synth 8-7129] Port S_AXI_AWPROT[2] in module hdmi_text_controller_v1_0_AXI is either unconnected or has no load
WARNING: [Synth 8-7129] Port S_AXI_AWPROT[1] in module hdmi_text_controller_v1_0_AXI is either unconnected or has no load
WARNING: [Synth 8-7129] Port S_AXI_AWPROT[0] in module hdmi_text_controller_v1_0_AXI is either unconnected or has no load
WARNING: [Synth 8-7129] Port S_AXI_ARPROT[2] in module hdmi_text_controller_v1_0_AXI is either unconnected or has no load
WARNING: [Synth 8-7129] Port S_AXI_ARPROT[1] in module hdmi_text_controller_v1_0_AXI is either unconnected or has no load
WARNING: [Synth 8-7129] Port S_AXI_ARPROT[0] in module hdmi_text_controller_v1_0_AXI is either unconnected or has no load
---------------------------------------------------------------------------------
Finished RTL Elaboration : Time (s): cpu = 00:00:07 ; elapsed = 00:00:08 . Memory (MB): peak = 2301.402 ; gain = 485.211
---------------------------------------------------------------------------------
---------------------------------------------------------------------------------
Start Handling Custom Attributes
---------------------------------------------------------------------------------
---------------------------------------------------------------------------------
Finished Handling Custom Attributes : Time (s): cpu = 00:00:07 ; elapsed = 00:00:08 . Memory (MB): peak = 2301.402 ; gain = 485.211
---------------------------------------------------------------------------------
---------------------------------------------------------------------------------
Finished RTL Optimization Phase 1 : Time (s): cpu = 00:00:07 ; elapsed = 00:00:08 . Memory (MB): peak = 2301.402 ; gain = 485.211
---------------------------------------------------------------------------------
Netlist sorting complete. Time (s): cpu = 00:00:00 ; elapsed = 00:00:00.003 . Memory (MB): peak = 2301.402 ; gain = 0.000
INFO: [Project 1-570] Preparing netlist for logic optimization

Processing XDC Constraints
Initializing timing engine
Completed Processing XDC Constraints

Netlist sorting complete. Time (s): cpu = 00:00:00 ; elapsed = 00:00:00.001 . Memory (MB): peak = 2411.594 ; gain = 0.000
INFO: [Project 1-111] Unisim Transformation Summary:
No Unisim elements were transformed.

RTL Elaboration Complete:  : Time (s): cpu = 00:00:15 ; elapsed = 00:00:12 . Memory (MB): peak = 2441.988 ; gain = 625.797
7 Infos, 7 Warnings, 0 Critical Warnings and 0 Errors encountered.
synth_design completed successfully
synth_design: Time (s): cpu = 00:00:18 ; elapsed = 00:00:24 . Memory (MB): peak = 2441.988 ; gain = 823.820
close_sim
INFO: xsimkernel Simulation Memory Usage: 80452 KB (Peak: 80452 KB), Simulation CPU Usage: 622202 ms
INFO: [Simtcl 6-16] Simulation closed
launch_simulation
Command: launch_simulation 
INFO: [Vivado 12-12493] Simulation top is 'hdmi_text_controller_tb'
WARNING: [Vivado 12-13340] Unable to auto find GCC executables from simulator install path! (path not set)
WARNING: [Vivado 12-13277] Compiled library path does not exist: ''
INFO: [Vivado 12-5682] Launching behavioral simulation in 'C:/Users/Shane/Documents/Classes/ECE_385/Lab_7/lab_7_2/lab_7_2.tmp/hdmi_text_controller_v1_0_project/hdmi_text_controller_v1_0_project.sim/sim_1/behav/xsim'
INFO: [SIM-utils-51] Simulation object is 'sim_1'
INFO: [SIM-utils-72] Using boost library from 'C:/Xilinx/Vivado/2022.2/tps/boost_1_72_0'
INFO: [USF-XSim-7] Finding pre-compiled libraries...
INFO: [USF-XSim-11] File 'C:/Xilinx/Vivado/2022.2/data/xsim/xsim.ini' copied to run dir:'C:/Users/Shane/Documents/Classes/ECE_385/Lab_7/lab_7_2/lab_7_2.tmp/hdmi_text_controller_v1_0_project/hdmi_text_controller_v1_0_project.sim/sim_1/behav/xsim'
INFO: [SIM-utils-54] Inspecting design source files for 'hdmi_text_controller_tb' in fileset 'sim_1'...
INFO: [USF-XSim-97] Finding global include files...
INFO: [USF-XSim-98] Fetching design files from 'sim_1'...
INFO: [USF-XSim-2] XSim::Compile design
INFO: [USF-XSim-61] Executing 'COMPILE and ANALYZE' step in 'C:/Users/Shane/Documents/Classes/ECE_385/Lab_7/lab_7_2/lab_7_2.tmp/hdmi_text_controller_v1_0_project/hdmi_text_controller_v1_0_project.sim/sim_1/behav/xsim'
"xvlog --incr --relax -L uvm -prj hdmi_text_controller_tb_vlog.prj"
INFO: [VRFC 10-2263] Analyzing SystemVerilog file "C:/Users/Shane/Documents/Classes/ECE_385/Lab_7/lab_7_2/ip_repo/hdmi_text_controller_1_0/src/Color_Mapper.sv" into library xil_defaultlib
INFO: [VRFC 10-311] analyzing module color_mapper
INFO: [VRFC 10-2263] Analyzing SystemVerilog file "C:/Users/Shane/Documents/Classes/ECE_385/Lab_7/lab_7_2/ip_repo/hdmi_text_controller_1_0/src/VGA_controller.sv" into library xil_defaultlib
INFO: [VRFC 10-311] analyzing module vga_controller
INFO: [VRFC 10-2263] Analyzing SystemVerilog file "C:/Users/Shane/Documents/Classes/ECE_385/Lab_7/lab_7_2/ip_repo/hdmi_text_controller_1_0/src/font_rom.sv" into library xil_defaultlib
INFO: [VRFC 10-311] analyzing module font_rom
INFO: [VRFC 10-2263] Analyzing SystemVerilog file "C:/Users/Shane/Documents/Classes/ECE_385/Lab_7/lab_7_2/ip_repo/hdmi_text_controller_1_0/src/hdmi_text_controller_v1_0.sv" into library xil_defaultlib
INFO: [VRFC 10-311] analyzing module hdmi_text_controller_v1_0
INFO: [VRFC 10-2263] Analyzing SystemVerilog file "C:/Users/Shane/Documents/Classes/ECE_385/Lab_7/lab_7_2/ip_repo/hdmi_text_controller_1_0/src/hdmi_text_controller_v1_0_AXI.sv" into library xil_defaultlib
INFO: [VRFC 10-311] analyzing module hdmi_text_controller_v1_0_AXI
INFO: [VRFC 10-2263] Analyzing SystemVerilog file "C:/Users/Shane/Documents/Classes/ECE_385/Lab_7/lab_7_2/ip_repo/hdmi_text_controller_1_0/src/hdmi_text_controller_v1_0_tb.sv" into library xil_defaultlib
INFO: [VRFC 10-311] analyzing module hdmi_text_controller_tb
INFO: [USF-XSim-69] 'compile' step finished in '1' seconds
INFO: [USF-XSim-3] XSim::Elaborate design
INFO: [USF-XSim-61] Executing 'ELABORATE' step in 'C:/Users/Shane/Documents/Classes/ECE_385/Lab_7/lab_7_2/lab_7_2.tmp/hdmi_text_controller_v1_0_project/hdmi_text_controller_v1_0_project.sim/sim_1/behav/xsim'
"xelab --incr --debug typical --relax --mt 2 -L xil_defaultlib -L uvm -L unisims_ver -L unimacro_ver -L secureip -L xpm --snapshot hdmi_text_controller_tb_behav xil_defaultlib.hdmi_text_controller_tb xil_defaultlib.glbl -log elaborate.log"
Vivado Simulator v2022.2
Copyright 1986-1999, 2001-2022 Xilinx, Inc. All Rights Reserved.
Running: C:/Xilinx/Vivado/2022.2/bin/unwrapped/win64.o/xelab.exe --incr --debug typical --relax --mt 2 -L xil_defaultlib -L uvm -L unisims_ver -L unimacro_ver -L secureip -L xpm --snapshot hdmi_text_controller_tb_behav xil_defaultlib.hdmi_text_controller_tb xil_defaultlib.glbl -log elaborate.log 
Using 2 slave threads.
Starting static elaboration
Pass Through NonSizing Optimizer
WARNING: [VRFC 10-3091] actual bit length 32 differs from formal bit length 16 for port 'axi_awaddr' [C:/Users/Shane/Documents/Classes/ECE_385/Lab_7/lab_7_2/ip_repo/hdmi_text_controller_1_0/src/hdmi_text_controller_v1_0_tb.sv:74]
WARNING: [VRFC 10-3091] actual bit length 32 differs from formal bit length 16 for port 'axi_araddr' [C:/Users/Shane/Documents/Classes/ECE_385/Lab_7/lab_7_2/ip_repo/hdmi_text_controller_1_0/src/hdmi_text_controller_v1_0_tb.sv:88]
WARNING: [VRFC 10-3823] variable 'sram_wea' might have multiple concurrent drivers [C:/Users/Shane/Documents/Classes/ECE_385/Lab_7/lab_7_2/ip_repo/hdmi_text_controller_1_0/src/hdmi_text_controller_v1_0_tb.sv:269]
ERROR: [VRFC 10-3818] variable 'sram_addra' is driven by invalid combination of procedural drivers [C:/Users/Shane/Documents/Classes/ECE_385/Lab_7/lab_7_2/ip_repo/hdmi_text_controller_1_0/src/hdmi_text_controller_v1_0_AXI.sv:149]
WARNING: [VRFC 10-2921] 'sram_addra' driven by this always_comb block should not be driven by any other process [C:/Users/Shane/Documents/Classes/ECE_385/Lab_7/lab_7_2/ip_repo/hdmi_text_controller_1_0/src/hdmi_text_controller_v1_0_AXI.sv:433]
ERROR: [XSIM 43-3322] Static elaboration of top level Verilog design unit(s) in library work failed.
INFO: [USF-XSim-69] 'elaborate' step finished in '2' seconds
INFO: [USF-XSim-99] Step results log file:'C:/Users/Shane/Documents/Classes/ECE_385/Lab_7/lab_7_2/lab_7_2.tmp/hdmi_text_controller_v1_0_project/hdmi_text_controller_v1_0_project.sim/sim_1/behav/xsim/elaborate.log'
ERROR: [USF-XSim-62] 'elaborate' step failed with error(s). Please check the Tcl console output or 'C:/Users/Shane/Documents/Classes/ECE_385/Lab_7/lab_7_2/lab_7_2.tmp/hdmi_text_controller_v1_0_project/hdmi_text_controller_v1_0_project.sim/sim_1/behav/xsim/elaborate.log' file for more information.
ERROR: [Vivado 12-4473] Detected error while running simulation. Please correct the issue and retry this operation.
ERROR: [Common 17-39] 'launch_simulation' failed due to earlier errors.
WARNING: [filemgmt 56-199] Attempt to get parsing info during refresh. "On-the-fly" syntax checking information may be incorrect. [C:\Users\Shane\Documents\Classes\ECE_385\Lab_7\lab_7_2\ip_repo\hdmi_text_controller_1_0\src\hdmi_text_controller_v1_0_AXI.sv:]
WARNING: [filemgmt 56-199] Attempt to get parsing info during refresh. "On-the-fly" syntax checking information may be incorrect. [C:\Users\Shane\Documents\Classes\ECE_385\Lab_7\lab_7_2\ip_repo\hdmi_text_controller_1_0\src\hdmi_text_controller_v1_0_tb.sv:]
ERROR: [Common 17-180] Spawn failed: No error
refresh_design
INFO: [Synth 8-11241] undeclared symbol 'REGCCE', assumed default net type 'wire' [C:/Xilinx/Vivado/2022.2/data/verilog/src/unimacro/BRAM_SINGLE_MACRO.v:2170]
---------------------------------------------------------------------------------
Starting RTL Elaboration : Time (s): cpu = 00:00:04 ; elapsed = 00:00:04 . Memory (MB): peak = 2503.766 ; gain = 46.879
---------------------------------------------------------------------------------
INFO: [Synth 8-6157] synthesizing module 'hdmi_text_controller_v1_0_AXI' [C:/Users/Shane/Documents/Classes/ECE_385/Lab_7/lab_7_2/ip_repo/hdmi_text_controller_1_0/src/hdmi_text_controller_v1_0_AXI.sv:28]
INFO: [Synth 8-6155] done synthesizing module 'hdmi_text_controller_v1_0_AXI' (0#1) [C:/Users/Shane/Documents/Classes/ECE_385/Lab_7/lab_7_2/ip_repo/hdmi_text_controller_1_0/src/hdmi_text_controller_v1_0_AXI.sv:28]
WARNING: [Synth 8-7129] Port S_AXI_AWPROT[2] in module hdmi_text_controller_v1_0_AXI is either unconnected or has no load
WARNING: [Synth 8-7129] Port S_AXI_AWPROT[1] in module hdmi_text_controller_v1_0_AXI is either unconnected or has no load
WARNING: [Synth 8-7129] Port S_AXI_AWPROT[0] in module hdmi_text_controller_v1_0_AXI is either unconnected or has no load
WARNING: [Synth 8-7129] Port S_AXI_ARPROT[2] in module hdmi_text_controller_v1_0_AXI is either unconnected or has no load
WARNING: [Synth 8-7129] Port S_AXI_ARPROT[1] in module hdmi_text_controller_v1_0_AXI is either unconnected or has no load
WARNING: [Synth 8-7129] Port S_AXI_ARPROT[0] in module hdmi_text_controller_v1_0_AXI is either unconnected or has no load
---------------------------------------------------------------------------------
Finished RTL Elaboration : Time (s): cpu = 00:00:05 ; elapsed = 00:00:06 . Memory (MB): peak = 2592.141 ; gain = 135.254
---------------------------------------------------------------------------------
---------------------------------------------------------------------------------
Start Handling Custom Attributes
---------------------------------------------------------------------------------
---------------------------------------------------------------------------------
Finished Handling Custom Attributes : Time (s): cpu = 00:00:05 ; elapsed = 00:00:06 . Memory (MB): peak = 2613.750 ; gain = 156.863
---------------------------------------------------------------------------------
---------------------------------------------------------------------------------
Finished RTL Optimization Phase 1 : Time (s): cpu = 00:00:05 ; elapsed = 00:00:06 . Memory (MB): peak = 2613.750 ; gain = 156.863
---------------------------------------------------------------------------------
Netlist sorting complete. Time (s): cpu = 00:00:00 ; elapsed = 00:00:00.004 . Memory (MB): peak = 2624.156 ; gain = 0.000
INFO: [Project 1-570] Preparing netlist for logic optimization

Processing XDC Constraints
Initializing timing engine
Completed Processing XDC Constraints

refresh_design: Time (s): cpu = 00:00:11 ; elapsed = 00:00:08 . Memory (MB): peak = 2624.156 ; gain = 167.270
launch_simulation
Command: launch_simulation 
INFO: [Vivado 12-12493] Simulation top is 'hdmi_text_controller_tb'
WARNING: [Vivado 12-13340] Unable to auto find GCC executables from simulator install path! (path not set)
WARNING: [Vivado 12-13277] Compiled library path does not exist: ''
INFO: [Vivado 12-5682] Launching behavioral simulation in 'C:/Users/Shane/Documents/Classes/ECE_385/Lab_7/lab_7_2/lab_7_2.tmp/hdmi_text_controller_v1_0_project/hdmi_text_controller_v1_0_project.sim/sim_1/behav/xsim'
INFO: [SIM-utils-51] Simulation object is 'sim_1'
INFO: [SIM-utils-72] Using boost library from 'C:/Xilinx/Vivado/2022.2/tps/boost_1_72_0'
INFO: [USF-XSim-7] Finding pre-compiled libraries...
INFO: [USF-XSim-11] File 'C:/Xilinx/Vivado/2022.2/data/xsim/xsim.ini' copied to run dir:'C:/Users/Shane/Documents/Classes/ECE_385/Lab_7/lab_7_2/lab_7_2.tmp/hdmi_text_controller_v1_0_project/hdmi_text_controller_v1_0_project.sim/sim_1/behav/xsim'
INFO: [SIM-utils-54] Inspecting design source files for 'hdmi_text_controller_tb' in fileset 'sim_1'...
INFO: [USF-XSim-97] Finding global include files...
INFO: [USF-XSim-98] Fetching design files from 'sim_1'...
INFO: [USF-XSim-2] XSim::Compile design
INFO: [USF-XSim-61] Executing 'COMPILE and ANALYZE' step in 'C:/Users/Shane/Documents/Classes/ECE_385/Lab_7/lab_7_2/lab_7_2.tmp/hdmi_text_controller_v1_0_project/hdmi_text_controller_v1_0_project.sim/sim_1/behav/xsim'
"xvlog --incr --relax -L uvm -prj hdmi_text_controller_tb_vlog.prj"
INFO: [VRFC 10-2263] Analyzing SystemVerilog file "C:/Users/Shane/Documents/Classes/ECE_385/Lab_7/lab_7_2/ip_repo/hdmi_text_controller_1_0/src/Color_Mapper.sv" into library xil_defaultlib
INFO: [VRFC 10-311] analyzing module color_mapper
INFO: [VRFC 10-2263] Analyzing SystemVerilog file "C:/Users/Shane/Documents/Classes/ECE_385/Lab_7/lab_7_2/ip_repo/hdmi_text_controller_1_0/src/VGA_controller.sv" into library xil_defaultlib
INFO: [VRFC 10-311] analyzing module vga_controller
INFO: [VRFC 10-2263] Analyzing SystemVerilog file "C:/Users/Shane/Documents/Classes/ECE_385/Lab_7/lab_7_2/ip_repo/hdmi_text_controller_1_0/src/font_rom.sv" into library xil_defaultlib
INFO: [VRFC 10-311] analyzing module font_rom
INFO: [VRFC 10-2263] Analyzing SystemVerilog file "C:/Users/Shane/Documents/Classes/ECE_385/Lab_7/lab_7_2/ip_repo/hdmi_text_controller_1_0/src/hdmi_text_controller_v1_0.sv" into library xil_defaultlib
INFO: [VRFC 10-311] analyzing module hdmi_text_controller_v1_0
INFO: [VRFC 10-2263] Analyzing SystemVerilog file "C:/Users/Shane/Documents/Classes/ECE_385/Lab_7/lab_7_2/ip_repo/hdmi_text_controller_1_0/src/hdmi_text_controller_v1_0_AXI.sv" into library xil_defaultlib
INFO: [VRFC 10-311] analyzing module hdmi_text_controller_v1_0_AXI
INFO: [VRFC 10-2263] Analyzing SystemVerilog file "C:/Users/Shane/Documents/Classes/ECE_385/Lab_7/lab_7_2/ip_repo/hdmi_text_controller_1_0/src/hdmi_text_controller_v1_0_tb.sv" into library xil_defaultlib
INFO: [VRFC 10-311] analyzing module hdmi_text_controller_tb
INFO: [USF-XSim-69] 'compile' step finished in '1' seconds
INFO: [USF-XSim-3] XSim::Elaborate design
INFO: [USF-XSim-61] Executing 'ELABORATE' step in 'C:/Users/Shane/Documents/Classes/ECE_385/Lab_7/lab_7_2/lab_7_2.tmp/hdmi_text_controller_v1_0_project/hdmi_text_controller_v1_0_project.sim/sim_1/behav/xsim'
"xelab --incr --debug typical --relax --mt 2 -L xil_defaultlib -L uvm -L unisims_ver -L unimacro_ver -L secureip -L xpm --snapshot hdmi_text_controller_tb_behav xil_defaultlib.hdmi_text_controller_tb xil_defaultlib.glbl -log elaborate.log"
Vivado Simulator v2022.2
Copyright 1986-1999, 2001-2022 Xilinx, Inc. All Rights Reserved.
Running: C:/Xilinx/Vivado/2022.2/bin/unwrapped/win64.o/xelab.exe --incr --debug typical --relax --mt 2 -L xil_defaultlib -L uvm -L unisims_ver -L unimacro_ver -L secureip -L xpm --snapshot hdmi_text_controller_tb_behav xil_defaultlib.hdmi_text_controller_tb xil_defaultlib.glbl -log elaborate.log 
Using 2 slave threads.
Starting static elaboration
Pass Through NonSizing Optimizer
WARNING: [VRFC 10-3091] actual bit length 32 differs from formal bit length 16 for port 'axi_awaddr' [C:/Users/Shane/Documents/Classes/ECE_385/Lab_7/lab_7_2/ip_repo/hdmi_text_controller_1_0/src/hdmi_text_controller_v1_0_tb.sv:74]
WARNING: [VRFC 10-3091] actual bit length 32 differs from formal bit length 16 for port 'axi_araddr' [C:/Users/Shane/Documents/Classes/ECE_385/Lab_7/lab_7_2/ip_repo/hdmi_text_controller_1_0/src/hdmi_text_controller_v1_0_tb.sv:88]
Completed static elaboration
Starting simulation data flow analysis
WARNING: [XSIM 43-4099] "C:/Users/Shane/Documents/Classes/ECE_385/Lab_7/lab_7_2/ip_repo/hdmi_text_controller_1_0/src/VGA_controller.sv" Line 26. Module vga_controller doesn't have a timescale but at least one module in design has a timescale.
WARNING: [XSIM 43-4099] "C:/Users/Shane/Documents/Classes/ECE_385/Lab_7/lab_7_2/ip_repo/hdmi_text_controller_1_0/src/Color_Mapper.sv" Line 17. Module color_mapper doesn't have a timescale but at least one module in design has a timescale.
WARNING: [XSIM 43-4099] "C:/Users/Shane/Documents/Classes/ECE_385/Lab_7/lab_7_2/ip_repo/hdmi_text_controller_1_0/src/font_rom.sv" Line 1. Module font_rom doesn't have a timescale but at least one module in design has a timescale.
WARNING: [XSIM 43-4099] "C:/Users/Shane/Documents/Classes/ECE_385/Lab_7/lab_7_2/ip_repo/hdmi_text_controller_1_0/src/VGA_controller.sv" Line 26. Module vga_controller doesn't have a timescale but at least one module in design has a timescale.
WARNING: [XSIM 43-4099] "C:/Users/Shane/Documents/Classes/ECE_385/Lab_7/lab_7_2/ip_repo/hdmi_text_controller_1_0/src/Color_Mapper.sv" Line 17. Module color_mapper doesn't have a timescale but at least one module in design has a timescale.
WARNING: [XSIM 43-4099] "C:/Users/Shane/Documents/Classes/ECE_385/Lab_7/lab_7_2/ip_repo/hdmi_text_controller_1_0/src/font_rom.sv" Line 1. Module font_rom doesn't have a timescale but at least one module in design has a timescale.
Completed simulation data flow analysis
Time Resolution for simulation is 1ps
Compiling module xil_defaultlib.hdmi_text_controller_v1_0_AXI(C_...
Compiling module xil_defaultlib.blk_mem_gen_v8_4_5_output_stage(...
Compiling module xil_defaultlib.blk_mem_gen_v8_4_5_softecc_outpu...
Compiling module xil_defaultlib.blk_mem_gen_v8_4_5_mem_module(C_...
Compiling module xil_defaultlib.blk_mem_gen_v8_4_5(C_FAMILY="spa...
Compiling module xil_defaultlib.blk_mem_gen_0
Compiling module unisims_ver.IBUF
Compiling module unisims_ver.MMCME2_ADV(CLKFBOUT_MULT_F=10.0,...
Compiling module unisims_ver.BUFG
Compiling module xil_defaultlib.clk_wiz_0_clk_wiz
Compiling module xil_defaultlib.clk_wiz_0
Compiling module xil_defaultlib.vga_controller
Compiling module unisims_ver.SRL16E_default
Compiling module xil_defaultlib.srldelay(WIDTH=40,TAPS=4'b1010)
Compiling module xil_defaultlib.encode_default
Compiling module xil_defaultlib.encode(CHANNEL="GREEN")
Compiling module xil_defaultlib.encode(CHANNEL="RED")
Compiling module unisims_ver.OSERDESE2(DATA_RATE_TQ="SDR",DAT...
Compiling module unisims_ver.OSERDESE2(DATA_RATE_TQ="SDR",DAT...
Compiling module xil_defaultlib.serdes_10_to_1
Compiling module unisims_ver.OBUFDS(IOSTANDARD="TMDS_33")
Compiling module xil_defaultlib.hdmi_tx_v1_0(C_RED_WIDTH=4,C_GRE...
Compiling module xil_defaultlib.hdmi_tx_0
Compiling module xil_defaultlib.font_rom
Compiling module xil_defaultlib.color_mapper
Compiling module xil_defaultlib.hdmi_text_controller_v1_0(C_AXI_...
Compiling module xil_defaultlib.hdmi_text_controller_tb
Compiling module xil_defaultlib.glbl
Built simulation snapshot hdmi_text_controller_tb_behav
run_program: Time (s): cpu = 00:00:01 ; elapsed = 00:00:07 . Memory (MB): peak = 2624.156 ; gain = 0.000
INFO: [USF-XSim-69] 'elaborate' step finished in '7' seconds
INFO: [USF-XSim-4] XSim::Simulate design
INFO: [USF-XSim-61] Executing 'SIMULATE' step in 'C:/Users/Shane/Documents/Classes/ECE_385/Lab_7/lab_7_2/lab_7_2.tmp/hdmi_text_controller_v1_0_project/hdmi_text_controller_v1_0_project.sim/sim_1/behav/xsim'
INFO: [USF-XSim-98] *** Running xsim
   with args "hdmi_text_controller_tb_behav -key {Behavioral:sim_1:Functional:hdmi_text_controller_tb} -tclbatch {hdmi_text_controller_tb.tcl} -view {C:/Users/Shane/Documents/Classes/ECE_385/Lab_7/lab_7_2/lab_7_2.tmp/hdmi_text_controller_v1_0_project/hdmi_text_controller_tb_behav.wcfg} -log {simulate.log}"
INFO: [USF-XSim-8] Loading simulator feature
Time resolution is 1 ps
open_wave_config C:/Users/Shane/Documents/Classes/ECE_385/Lab_7/lab_7_2/lab_7_2.tmp/hdmi_text_controller_v1_0_project/hdmi_text_controller_tb_behav.wcfg
source hdmi_text_controller_tb.tcl
# set curr_wave [current_wave_config]
# if { [string length $curr_wave] == 0 } {
#   if { [llength [get_objects]] > 0} {
#     add_wave /
#     set_property needs_save false [current_wave_config]
#   } else {
#      send_msg_id Add_Wave-1 WARNING "No top level signals found. Simulator will start without a wave window. If you want to open a wave window go to 'File->New Waveform Configuration' or type 'create_wave_config' in the TCL console."
#   }
# }
# run all
Block Memory Generator module hdmi_text_controller_tb.hdmi_text_controller_v1_0_inst.sram0.inst.\native_mem_module.blk_mem_gen_v8_4_5_inst  is using a behavioral model for simulation which will not precisely model memory collision behavior.
blk_mem_gen_v8_4_5 collision detected at time: 240000, Instance: hdmi_text_controller_tb.hdmi_text_controller_v1_0_inst.sram0.inst.\native_mem_module.blk_mem_gen_v8_4_5_inst , A write address: 0, B  read address: 0
blk_mem_gen_v8_4_5 collision detected at time: 280000, Instance: hdmi_text_controller_tb.hdmi_text_controller_v1_0_inst.sram0.inst.\native_mem_module.blk_mem_gen_v8_4_5_inst , A write address: 0, B  read address: 0
blk_mem_gen_v8_4_5 collision detected at time: 320000, Instance: hdmi_text_controller_tb.hdmi_text_controller_v1_0_inst.sram0.inst.\native_mem_module.blk_mem_gen_v8_4_5_inst , A write address: 0, B  read address: 0
blk_mem_gen_v8_4_5 collision detected at time: 360000, Instance: hdmi_text_controller_tb.hdmi_text_controller_v1_0_inst.sram0.inst.\native_mem_module.blk_mem_gen_v8_4_5_inst , A write address: 0, B  read address: 0
Info: Read back of control register: 001f6000
Time: 216400 ns  Iteration: 0  Process: /hdmi_text_controller_tb/Initial269_924  Scope: hdmi_text_controller_tb.TEST_VECTORS  File: C:/Users/Shane/Documents/Classes/ECE_385/Lab_7/lab_7_2/ip_repo/hdmi_text_controller_1_0/src/hdmi_text_controller_v1_0_tb.sv Line: 319
INFO: [Common 17-41] Interrupt caught. Command should exit soon.
run: Time (s): cpu = 00:00:08 ; elapsed = 00:00:36 . Memory (MB): peak = 2624.156 ; gain = 0.000
INFO: [Common 17-344] 'run' was cancelled
INFO: [Common 17-344] 'source' was cancelled
xsim: Time (s): cpu = 00:00:09 ; elapsed = 00:00:37 . Memory (MB): peak = 2624.156 ; gain = 0.000
INFO: [Common 17-344] 'xsim' was cancelled
INFO: [Vivado 12-5357] 'simulate' step aborted
launch_simulation: Time (s): cpu = 00:00:10 ; elapsed = 00:00:48 . Memory (MB): peak = 2624.156 ; gain = 0.000
INFO: [Common 17-344] 'launch_simulation' was cancelled
current_wave_config {hdmi_text_controller_tb_behav.wcfg}
hdmi_text_controller_tb_behav.wcfg
add_wave {{/hdmi_text_controller_tb/hdmi_text_controller_v1_0_inst/hdmi_text_controller_v1_0_AXI_inst/w_ena}} {{/hdmi_text_controller_tb/hdmi_text_controller_v1_0_inst/hdmi_text_controller_v1_0_AXI_inst/r_ena}} 
save_wave_config {C:/Users/Shane/Documents/Classes/ECE_385/Lab_7/lab_7_2/lab_7_2.tmp/hdmi_text_controller_v1_0_project/hdmi_text_controller_tb_behav.wcfg}
close_sim
INFO: xsimkernel Simulation Memory Usage: 69380 KB (Peak: 69380 KB), Simulation CPU Usage: 34484 ms
INFO: [Simtcl 6-16] Simulation closed
launch_simulation
Command: launch_simulation 
INFO: [Vivado 12-12493] Simulation top is 'hdmi_text_controller_tb'
WARNING: [Vivado 12-13340] Unable to auto find GCC executables from simulator install path! (path not set)
WARNING: [Vivado 12-13277] Compiled library path does not exist: ''
INFO: [Vivado 12-5682] Launching behavioral simulation in 'C:/Users/Shane/Documents/Classes/ECE_385/Lab_7/lab_7_2/lab_7_2.tmp/hdmi_text_controller_v1_0_project/hdmi_text_controller_v1_0_project.sim/sim_1/behav/xsim'
INFO: [SIM-utils-51] Simulation object is 'sim_1'
INFO: [SIM-utils-72] Using boost library from 'C:/Xilinx/Vivado/2022.2/tps/boost_1_72_0'
INFO: [USF-XSim-7] Finding pre-compiled libraries...
INFO: [USF-XSim-11] File 'C:/Xilinx/Vivado/2022.2/data/xsim/xsim.ini' copied to run dir:'C:/Users/Shane/Documents/Classes/ECE_385/Lab_7/lab_7_2/lab_7_2.tmp/hdmi_text_controller_v1_0_project/hdmi_text_controller_v1_0_project.sim/sim_1/behav/xsim'
INFO: [SIM-utils-54] Inspecting design source files for 'hdmi_text_controller_tb' in fileset 'sim_1'...
INFO: [USF-XSim-97] Finding global include files...
INFO: [USF-XSim-98] Fetching design files from 'sim_1'...
INFO: [USF-XSim-2] XSim::Compile design
INFO: [USF-XSim-61] Executing 'COMPILE and ANALYZE' step in 'C:/Users/Shane/Documents/Classes/ECE_385/Lab_7/lab_7_2/lab_7_2.tmp/hdmi_text_controller_v1_0_project/hdmi_text_controller_v1_0_project.sim/sim_1/behav/xsim'
"xvlog --incr --relax -L uvm -prj hdmi_text_controller_tb_vlog.prj"
INFO: [VRFC 10-2263] Analyzing SystemVerilog file "C:/Users/Shane/Documents/Classes/ECE_385/Lab_7/lab_7_2/ip_repo/hdmi_text_controller_1_0/src/Color_Mapper.sv" into library xil_defaultlib
INFO: [VRFC 10-311] analyzing module color_mapper
INFO: [VRFC 10-2263] Analyzing SystemVerilog file "C:/Users/Shane/Documents/Classes/ECE_385/Lab_7/lab_7_2/ip_repo/hdmi_text_controller_1_0/src/VGA_controller.sv" into library xil_defaultlib
INFO: [VRFC 10-311] analyzing module vga_controller
INFO: [VRFC 10-2263] Analyzing SystemVerilog file "C:/Users/Shane/Documents/Classes/ECE_385/Lab_7/lab_7_2/ip_repo/hdmi_text_controller_1_0/src/font_rom.sv" into library xil_defaultlib
INFO: [VRFC 10-311] analyzing module font_rom
INFO: [VRFC 10-2263] Analyzing SystemVerilog file "C:/Users/Shane/Documents/Classes/ECE_385/Lab_7/lab_7_2/ip_repo/hdmi_text_controller_1_0/src/hdmi_text_controller_v1_0.sv" into library xil_defaultlib
INFO: [VRFC 10-311] analyzing module hdmi_text_controller_v1_0
INFO: [VRFC 10-2263] Analyzing SystemVerilog file "C:/Users/Shane/Documents/Classes/ECE_385/Lab_7/lab_7_2/ip_repo/hdmi_text_controller_1_0/src/hdmi_text_controller_v1_0_AXI.sv" into library xil_defaultlib
INFO: [VRFC 10-311] analyzing module hdmi_text_controller_v1_0_AXI
INFO: [VRFC 10-2263] Analyzing SystemVerilog file "C:/Users/Shane/Documents/Classes/ECE_385/Lab_7/lab_7_2/ip_repo/hdmi_text_controller_1_0/src/hdmi_text_controller_v1_0_tb.sv" into library xil_defaultlib
INFO: [VRFC 10-311] analyzing module hdmi_text_controller_tb
INFO: [USF-XSim-69] 'compile' step finished in '2' seconds
INFO: [USF-XSim-3] XSim::Elaborate design
INFO: [USF-XSim-61] Executing 'ELABORATE' step in 'C:/Users/Shane/Documents/Classes/ECE_385/Lab_7/lab_7_2/lab_7_2.tmp/hdmi_text_controller_v1_0_project/hdmi_text_controller_v1_0_project.sim/sim_1/behav/xsim'
"xelab --incr --debug typical --relax --mt 2 -L xil_defaultlib -L uvm -L unisims_ver -L unimacro_ver -L secureip -L xpm --snapshot hdmi_text_controller_tb_behav xil_defaultlib.hdmi_text_controller_tb xil_defaultlib.glbl -log elaborate.log"
Vivado Simulator v2022.2
Copyright 1986-1999, 2001-2022 Xilinx, Inc. All Rights Reserved.
Running: C:/Xilinx/Vivado/2022.2/bin/unwrapped/win64.o/xelab.exe --incr --debug typical --relax --mt 2 -L xil_defaultlib -L uvm -L unisims_ver -L unimacro_ver -L secureip -L xpm --snapshot hdmi_text_controller_tb_behav xil_defaultlib.hdmi_text_controller_tb xil_defaultlib.glbl -log elaborate.log 
Using 2 slave threads.
Starting static elaboration
Pass Through NonSizing Optimizer
WARNING: [VRFC 10-3091] actual bit length 32 differs from formal bit length 16 for port 'axi_awaddr' [C:/Users/Shane/Documents/Classes/ECE_385/Lab_7/lab_7_2/ip_repo/hdmi_text_controller_1_0/src/hdmi_text_controller_v1_0_tb.sv:74]
WARNING: [VRFC 10-3091] actual bit length 32 differs from formal bit length 16 for port 'axi_araddr' [C:/Users/Shane/Documents/Classes/ECE_385/Lab_7/lab_7_2/ip_repo/hdmi_text_controller_1_0/src/hdmi_text_controller_v1_0_tb.sv:88]
Completed static elaboration
Starting simulation data flow analysis
WARNING: [XSIM 43-4099] "C:/Users/Shane/Documents/Classes/ECE_385/Lab_7/lab_7_2/ip_repo/hdmi_text_controller_1_0/src/VGA_controller.sv" Line 26. Module vga_controller doesn't have a timescale but at least one module in design has a timescale.
WARNING: [XSIM 43-4099] "C:/Users/Shane/Documents/Classes/ECE_385/Lab_7/lab_7_2/ip_repo/hdmi_text_controller_1_0/src/Color_Mapper.sv" Line 17. Module color_mapper doesn't have a timescale but at least one module in design has a timescale.
WARNING: [XSIM 43-4099] "C:/Users/Shane/Documents/Classes/ECE_385/Lab_7/lab_7_2/ip_repo/hdmi_text_controller_1_0/src/font_rom.sv" Line 1. Module font_rom doesn't have a timescale but at least one module in design has a timescale.
WARNING: [XSIM 43-4099] "C:/Users/Shane/Documents/Classes/ECE_385/Lab_7/lab_7_2/ip_repo/hdmi_text_controller_1_0/src/VGA_controller.sv" Line 26. Module vga_controller doesn't have a timescale but at least one module in design has a timescale.
WARNING: [XSIM 43-4099] "C:/Users/Shane/Documents/Classes/ECE_385/Lab_7/lab_7_2/ip_repo/hdmi_text_controller_1_0/src/Color_Mapper.sv" Line 17. Module color_mapper doesn't have a timescale but at least one module in design has a timescale.
WARNING: [XSIM 43-4099] "C:/Users/Shane/Documents/Classes/ECE_385/Lab_7/lab_7_2/ip_repo/hdmi_text_controller_1_0/src/font_rom.sv" Line 1. Module font_rom doesn't have a timescale but at least one module in design has a timescale.
Completed simulation data flow analysis
Time Resolution for simulation is 1ps
Compiling module xil_defaultlib.hdmi_text_controller_v1_0_AXI(C_...
Compiling module xil_defaultlib.blk_mem_gen_v8_4_5_output_stage(...
Compiling module xil_defaultlib.blk_mem_gen_v8_4_5_softecc_outpu...
Compiling module xil_defaultlib.blk_mem_gen_v8_4_5_mem_module(C_...
Compiling module xil_defaultlib.blk_mem_gen_v8_4_5(C_FAMILY="spa...
Compiling module xil_defaultlib.blk_mem_gen_0
Compiling module unisims_ver.IBUF
Compiling module unisims_ver.MMCME2_ADV(CLKFBOUT_MULT_F=10.0,...
Compiling module unisims_ver.BUFG
Compiling module xil_defaultlib.clk_wiz_0_clk_wiz
Compiling module xil_defaultlib.clk_wiz_0
Compiling module xil_defaultlib.vga_controller
Compiling module unisims_ver.SRL16E_default
Compiling module xil_defaultlib.srldelay(WIDTH=40,TAPS=4'b1010)
Compiling module xil_defaultlib.encode_default
Compiling module xil_defaultlib.encode(CHANNEL="GREEN")
Compiling module xil_defaultlib.encode(CHANNEL="RED")
Compiling module unisims_ver.OSERDESE2(DATA_RATE_TQ="SDR",DAT...
Compiling module unisims_ver.OSERDESE2(DATA_RATE_TQ="SDR",DAT...
Compiling module xil_defaultlib.serdes_10_to_1
Compiling module unisims_ver.OBUFDS(IOSTANDARD="TMDS_33")
Compiling module xil_defaultlib.hdmi_tx_v1_0(C_RED_WIDTH=4,C_GRE...
Compiling module xil_defaultlib.hdmi_tx_0
Compiling module xil_defaultlib.font_rom
Compiling module xil_defaultlib.color_mapper
Compiling module xil_defaultlib.hdmi_text_controller_v1_0(C_AXI_...
Compiling module xil_defaultlib.hdmi_text_controller_tb
Compiling module xil_defaultlib.glbl
Built simulation snapshot hdmi_text_controller_tb_behav
run_program: Time (s): cpu = 00:00:00 ; elapsed = 00:00:07 . Memory (MB): peak = 2624.156 ; gain = 0.000
INFO: [USF-XSim-69] 'elaborate' step finished in '7' seconds
INFO: [USF-XSim-4] XSim::Simulate design
INFO: [USF-XSim-61] Executing 'SIMULATE' step in 'C:/Users/Shane/Documents/Classes/ECE_385/Lab_7/lab_7_2/lab_7_2.tmp/hdmi_text_controller_v1_0_project/hdmi_text_controller_v1_0_project.sim/sim_1/behav/xsim'
INFO: [USF-XSim-98] *** Running xsim
   with args "hdmi_text_controller_tb_behav -key {Behavioral:sim_1:Functional:hdmi_text_controller_tb} -tclbatch {hdmi_text_controller_tb.tcl} -view {C:/Users/Shane/Documents/Classes/ECE_385/Lab_7/lab_7_2/lab_7_2.tmp/hdmi_text_controller_v1_0_project/hdmi_text_controller_tb_behav.wcfg} -log {simulate.log}"
INFO: [USF-XSim-8] Loading simulator feature
Time resolution is 1 ps
open_wave_config C:/Users/Shane/Documents/Classes/ECE_385/Lab_7/lab_7_2/lab_7_2.tmp/hdmi_text_controller_v1_0_project/hdmi_text_controller_tb_behav.wcfg
source hdmi_text_controller_tb.tcl
# set curr_wave [current_wave_config]
# if { [string length $curr_wave] == 0 } {
#   if { [llength [get_objects]] > 0} {
#     add_wave /
#     set_property needs_save false [current_wave_config]
#   } else {
#      send_msg_id Add_Wave-1 WARNING "No top level signals found. Simulator will start without a wave window. If you want to open a wave window go to 'File->New Waveform Configuration' or type 'create_wave_config' in the TCL console."
#   }
# }
# run all
Block Memory Generator module hdmi_text_controller_tb.hdmi_text_controller_v1_0_inst.sram0.inst.\native_mem_module.blk_mem_gen_v8_4_5_inst  is using a behavioral model for simulation which will not precisely model memory collision behavior.
blk_mem_gen_v8_4_5 collision detected at time: 240000, Instance: hdmi_text_controller_tb.hdmi_text_controller_v1_0_inst.sram0.inst.\native_mem_module.blk_mem_gen_v8_4_5_inst , A write address: 0, B  read address: 0
blk_mem_gen_v8_4_5 collision detected at time: 280000, Instance: hdmi_text_controller_tb.hdmi_text_controller_v1_0_inst.sram0.inst.\native_mem_module.blk_mem_gen_v8_4_5_inst , A write address: 0, B  read address: 0
blk_mem_gen_v8_4_5 collision detected at time: 320000, Instance: hdmi_text_controller_tb.hdmi_text_controller_v1_0_inst.sram0.inst.\native_mem_module.blk_mem_gen_v8_4_5_inst , A write address: 0, B  read address: 0
blk_mem_gen_v8_4_5 collision detected at time: 360000, Instance: hdmi_text_controller_tb.hdmi_text_controller_v1_0_inst.sram0.inst.\native_mem_module.blk_mem_gen_v8_4_5_inst , A write address: 0, B  read address: 0
Info: Read back of control register: 001f6000
Time: 216400 ns  Iteration: 0  Process: /hdmi_text_controller_tb/Initial269_924  Scope: hdmi_text_controller_tb.TEST_VECTORS  File: C:/Users/Shane/Documents/Classes/ECE_385/Lab_7/lab_7_2/ip_repo/hdmi_text_controller_1_0/src/hdmi_text_controller_v1_0_tb.sv Line: 319
INFO: [Common 17-41] Interrupt caught. Command should exit soon.
run: Time (s): cpu = 00:00:03 ; elapsed = 00:00:09 . Memory (MB): peak = 2624.156 ; gain = 0.000
INFO: [Common 17-344] 'run' was cancelled
INFO: [Common 17-344] 'source' was cancelled
xsim: Time (s): cpu = 00:00:04 ; elapsed = 00:00:11 . Memory (MB): peak = 2624.156 ; gain = 0.000
INFO: [Common 17-344] 'xsim' was cancelled
INFO: [Vivado 12-5357] 'simulate' step aborted
launch_simulation: Time (s): cpu = 00:00:05 ; elapsed = 00:00:20 . Memory (MB): peak = 2624.156 ; gain = 0.000
INFO: [Common 17-344] 'launch_simulation' was cancelled
save_wave_config {C:/Users/Shane/Documents/Classes/ECE_385/Lab_7/lab_7_2/lab_7_2.tmp/hdmi_text_controller_v1_0_project/hdmi_text_controller_tb_behav.wcfg}
close_sim
INFO: [Simtcl 6-16] Simulation closed
launch_simulation
Command: launch_simulation 
INFO: [Vivado 12-12493] Simulation top is 'hdmi_text_controller_tb'
WARNING: [Vivado 12-13340] Unable to auto find GCC executables from simulator install path! (path not set)
WARNING: [Vivado 12-13277] Compiled library path does not exist: ''
INFO: [Vivado 12-5682] Launching behavioral simulation in 'C:/Users/Shane/Documents/Classes/ECE_385/Lab_7/lab_7_2/lab_7_2.tmp/hdmi_text_controller_v1_0_project/hdmi_text_controller_v1_0_project.sim/sim_1/behav/xsim'
INFO: [SIM-utils-51] Simulation object is 'sim_1'
INFO: [SIM-utils-72] Using boost library from 'C:/Xilinx/Vivado/2022.2/tps/boost_1_72_0'
INFO: [USF-XSim-7] Finding pre-compiled libraries...
INFO: [USF-XSim-11] File 'C:/Xilinx/Vivado/2022.2/data/xsim/xsim.ini' copied to run dir:'C:/Users/Shane/Documents/Classes/ECE_385/Lab_7/lab_7_2/lab_7_2.tmp/hdmi_text_controller_v1_0_project/hdmi_text_controller_v1_0_project.sim/sim_1/behav/xsim'
INFO: [SIM-utils-54] Inspecting design source files for 'hdmi_text_controller_tb' in fileset 'sim_1'...
INFO: [USF-XSim-97] Finding global include files...
INFO: [USF-XSim-98] Fetching design files from 'sim_1'...
INFO: [USF-XSim-2] XSim::Compile design
INFO: [USF-XSim-61] Executing 'COMPILE and ANALYZE' step in 'C:/Users/Shane/Documents/Classes/ECE_385/Lab_7/lab_7_2/lab_7_2.tmp/hdmi_text_controller_v1_0_project/hdmi_text_controller_v1_0_project.sim/sim_1/behav/xsim'
"xvlog --incr --relax -L uvm -prj hdmi_text_controller_tb_vlog.prj"
INFO: [VRFC 10-2263] Analyzing SystemVerilog file "C:/Users/Shane/Documents/Classes/ECE_385/Lab_7/lab_7_2/ip_repo/hdmi_text_controller_1_0/src/Color_Mapper.sv" into library xil_defaultlib
INFO: [VRFC 10-311] analyzing module color_mapper
INFO: [VRFC 10-2263] Analyzing SystemVerilog file "C:/Users/Shane/Documents/Classes/ECE_385/Lab_7/lab_7_2/ip_repo/hdmi_text_controller_1_0/src/VGA_controller.sv" into library xil_defaultlib
INFO: [VRFC 10-311] analyzing module vga_controller
INFO: [VRFC 10-2263] Analyzing SystemVerilog file "C:/Users/Shane/Documents/Classes/ECE_385/Lab_7/lab_7_2/ip_repo/hdmi_text_controller_1_0/src/font_rom.sv" into library xil_defaultlib
INFO: [VRFC 10-311] analyzing module font_rom
INFO: [VRFC 10-2263] Analyzing SystemVerilog file "C:/Users/Shane/Documents/Classes/ECE_385/Lab_7/lab_7_2/ip_repo/hdmi_text_controller_1_0/src/hdmi_text_controller_v1_0.sv" into library xil_defaultlib
INFO: [VRFC 10-311] analyzing module hdmi_text_controller_v1_0
INFO: [VRFC 10-2263] Analyzing SystemVerilog file "C:/Users/Shane/Documents/Classes/ECE_385/Lab_7/lab_7_2/ip_repo/hdmi_text_controller_1_0/src/hdmi_text_controller_v1_0_AXI.sv" into library xil_defaultlib
INFO: [VRFC 10-311] analyzing module hdmi_text_controller_v1_0_AXI
INFO: [VRFC 10-2263] Analyzing SystemVerilog file "C:/Users/Shane/Documents/Classes/ECE_385/Lab_7/lab_7_2/ip_repo/hdmi_text_controller_1_0/src/hdmi_text_controller_v1_0_tb.sv" into library xil_defaultlib
INFO: [VRFC 10-311] analyzing module hdmi_text_controller_tb
INFO: [USF-XSim-69] 'compile' step finished in '1' seconds
INFO: [USF-XSim-3] XSim::Elaborate design
INFO: [USF-XSim-61] Executing 'ELABORATE' step in 'C:/Users/Shane/Documents/Classes/ECE_385/Lab_7/lab_7_2/lab_7_2.tmp/hdmi_text_controller_v1_0_project/hdmi_text_controller_v1_0_project.sim/sim_1/behav/xsim'
"xelab --incr --debug typical --relax --mt 2 -L xil_defaultlib -L uvm -L unisims_ver -L unimacro_ver -L secureip -L xpm --snapshot hdmi_text_controller_tb_behav xil_defaultlib.hdmi_text_controller_tb xil_defaultlib.glbl -log elaborate.log"
Vivado Simulator v2022.2
Copyright 1986-1999, 2001-2022 Xilinx, Inc. All Rights Reserved.
Running: C:/Xilinx/Vivado/2022.2/bin/unwrapped/win64.o/xelab.exe --incr --debug typical --relax --mt 2 -L xil_defaultlib -L uvm -L unisims_ver -L unimacro_ver -L secureip -L xpm --snapshot hdmi_text_controller_tb_behav xil_defaultlib.hdmi_text_controller_tb xil_defaultlib.glbl -log elaborate.log 
Using 2 slave threads.
Starting static elaboration
Pass Through NonSizing Optimizer
WARNING: [VRFC 10-3091] actual bit length 32 differs from formal bit length 16 for port 'axi_awaddr' [C:/Users/Shane/Documents/Classes/ECE_385/Lab_7/lab_7_2/ip_repo/hdmi_text_controller_1_0/src/hdmi_text_controller_v1_0_tb.sv:74]
WARNING: [VRFC 10-3091] actual bit length 32 differs from formal bit length 16 for port 'axi_araddr' [C:/Users/Shane/Documents/Classes/ECE_385/Lab_7/lab_7_2/ip_repo/hdmi_text_controller_1_0/src/hdmi_text_controller_v1_0_tb.sv:88]
Completed static elaboration
Starting simulation data flow analysis
WARNING: [XSIM 43-4099] "C:/Users/Shane/Documents/Classes/ECE_385/Lab_7/lab_7_2/ip_repo/hdmi_text_controller_1_0/src/VGA_controller.sv" Line 26. Module vga_controller doesn't have a timescale but at least one module in design has a timescale.
WARNING: [XSIM 43-4099] "C:/Users/Shane/Documents/Classes/ECE_385/Lab_7/lab_7_2/ip_repo/hdmi_text_controller_1_0/src/Color_Mapper.sv" Line 17. Module color_mapper doesn't have a timescale but at least one module in design has a timescale.
WARNING: [XSIM 43-4099] "C:/Users/Shane/Documents/Classes/ECE_385/Lab_7/lab_7_2/ip_repo/hdmi_text_controller_1_0/src/font_rom.sv" Line 1. Module font_rom doesn't have a timescale but at least one module in design has a timescale.
WARNING: [XSIM 43-4099] "C:/Users/Shane/Documents/Classes/ECE_385/Lab_7/lab_7_2/ip_repo/hdmi_text_controller_1_0/src/VGA_controller.sv" Line 26. Module vga_controller doesn't have a timescale but at least one module in design has a timescale.
WARNING: [XSIM 43-4099] "C:/Users/Shane/Documents/Classes/ECE_385/Lab_7/lab_7_2/ip_repo/hdmi_text_controller_1_0/src/Color_Mapper.sv" Line 17. Module color_mapper doesn't have a timescale but at least one module in design has a timescale.
WARNING: [XSIM 43-4099] "C:/Users/Shane/Documents/Classes/ECE_385/Lab_7/lab_7_2/ip_repo/hdmi_text_controller_1_0/src/font_rom.sv" Line 1. Module font_rom doesn't have a timescale but at least one module in design has a timescale.
Completed simulation data flow analysis
Time Resolution for simulation is 1ps
Compiling module xil_defaultlib.hdmi_text_controller_v1_0_AXI(C_...
Compiling module xil_defaultlib.blk_mem_gen_v8_4_5_output_stage(...
Compiling module xil_defaultlib.blk_mem_gen_v8_4_5_softecc_outpu...
Compiling module xil_defaultlib.blk_mem_gen_v8_4_5_mem_module(C_...
Compiling module xil_defaultlib.blk_mem_gen_v8_4_5(C_FAMILY="spa...
Compiling module xil_defaultlib.blk_mem_gen_0
Compiling module unisims_ver.IBUF
Compiling module unisims_ver.MMCME2_ADV(CLKFBOUT_MULT_F=10.0,...
Compiling module unisims_ver.BUFG
Compiling module xil_defaultlib.clk_wiz_0_clk_wiz
Compiling module xil_defaultlib.clk_wiz_0
Compiling module xil_defaultlib.vga_controller
Compiling module unisims_ver.SRL16E_default
Compiling module xil_defaultlib.srldelay(WIDTH=40,TAPS=4'b1010)
Compiling module xil_defaultlib.encode_default
Compiling module xil_defaultlib.encode(CHANNEL="GREEN")
Compiling module xil_defaultlib.encode(CHANNEL="RED")
Compiling module unisims_ver.OSERDESE2(DATA_RATE_TQ="SDR",DAT...
Compiling module unisims_ver.OSERDESE2(DATA_RATE_TQ="SDR",DAT...
Compiling module xil_defaultlib.serdes_10_to_1
Compiling module unisims_ver.OBUFDS(IOSTANDARD="TMDS_33")
Compiling module xil_defaultlib.hdmi_tx_v1_0(C_RED_WIDTH=4,C_GRE...
Compiling module xil_defaultlib.hdmi_tx_0
Compiling module xil_defaultlib.font_rom
Compiling module xil_defaultlib.color_mapper
Compiling module xil_defaultlib.hdmi_text_controller_v1_0(C_AXI_...
Compiling module xil_defaultlib.hdmi_text_controller_tb
Compiling module xil_defaultlib.glbl
Built simulation snapshot hdmi_text_controller_tb_behav
run_program: Time (s): cpu = 00:00:00 ; elapsed = 00:00:07 . Memory (MB): peak = 2624.156 ; gain = 0.000
INFO: [USF-XSim-69] 'elaborate' step finished in '7' seconds
INFO: [USF-XSim-4] XSim::Simulate design
INFO: [USF-XSim-61] Executing 'SIMULATE' step in 'C:/Users/Shane/Documents/Classes/ECE_385/Lab_7/lab_7_2/lab_7_2.tmp/hdmi_text_controller_v1_0_project/hdmi_text_controller_v1_0_project.sim/sim_1/behav/xsim'
INFO: [USF-XSim-98] *** Running xsim
   with args "hdmi_text_controller_tb_behav -key {Behavioral:sim_1:Functional:hdmi_text_controller_tb} -tclbatch {hdmi_text_controller_tb.tcl} -view {C:/Users/Shane/Documents/Classes/ECE_385/Lab_7/lab_7_2/lab_7_2.tmp/hdmi_text_controller_v1_0_project/hdmi_text_controller_tb_behav.wcfg} -log {simulate.log}"
INFO: [USF-XSim-8] Loading simulator feature
Time resolution is 1 ps
open_wave_config C:/Users/Shane/Documents/Classes/ECE_385/Lab_7/lab_7_2/lab_7_2.tmp/hdmi_text_controller_v1_0_project/hdmi_text_controller_tb_behav.wcfg
source hdmi_text_controller_tb.tcl
# set curr_wave [current_wave_config]
# if { [string length $curr_wave] == 0 } {
#   if { [llength [get_objects]] > 0} {
#     add_wave /
#     set_property needs_save false [current_wave_config]
#   } else {
#      send_msg_id Add_Wave-1 WARNING "No top level signals found. Simulator will start without a wave window. If you want to open a wave window go to 'File->New Waveform Configuration' or type 'create_wave_config' in the TCL console."
#   }
# }
# run all
Block Memory Generator module hdmi_text_controller_tb.hdmi_text_controller_v1_0_inst.sram0.inst.\native_mem_module.blk_mem_gen_v8_4_5_inst  is using a behavioral model for simulation which will not precisely model memory collision behavior.
blk_mem_gen_v8_4_5 collision detected at time: 240000, Instance: hdmi_text_controller_tb.hdmi_text_controller_v1_0_inst.sram0.inst.\native_mem_module.blk_mem_gen_v8_4_5_inst , A write address: 0, B  read address: 0
blk_mem_gen_v8_4_5 collision detected at time: 280000, Instance: hdmi_text_controller_tb.hdmi_text_controller_v1_0_inst.sram0.inst.\native_mem_module.blk_mem_gen_v8_4_5_inst , A write address: 0, B  read address: 0
blk_mem_gen_v8_4_5 collision detected at time: 320000, Instance: hdmi_text_controller_tb.hdmi_text_controller_v1_0_inst.sram0.inst.\native_mem_module.blk_mem_gen_v8_4_5_inst , A write address: 0, B  read address: 0
blk_mem_gen_v8_4_5 collision detected at time: 360000, Instance: hdmi_text_controller_tb.hdmi_text_controller_v1_0_inst.sram0.inst.\native_mem_module.blk_mem_gen_v8_4_5_inst , A write address: 0, B  read address: 0
Info: Read back of control register: 001f6000
Time: 216400 ns  Iteration: 0  Process: /hdmi_text_controller_tb/Initial269_924  Scope: hdmi_text_controller_tb.TEST_VECTORS  File: C:/Users/Shane/Documents/Classes/ECE_385/Lab_7/lab_7_2/ip_repo/hdmi_text_controller_1_0/src/hdmi_text_controller_v1_0_tb.sv Line: 319
INFO: [Common 17-41] Interrupt caught. Command should exit soon.
run: Time (s): cpu = 00:00:08 ; elapsed = 00:00:19 . Memory (MB): peak = 2624.641 ; gain = 0.484
INFO: [Common 17-344] 'run' was cancelled
INFO: [Common 17-344] 'source' was cancelled
xsim: Time (s): cpu = 00:00:09 ; elapsed = 00:00:21 . Memory (MB): peak = 2624.641 ; gain = 0.484
INFO: [Common 17-344] 'xsim' was cancelled
INFO: [Vivado 12-5357] 'simulate' step aborted
launch_simulation: Time (s): cpu = 00:00:09 ; elapsed = 00:00:30 . Memory (MB): peak = 2624.641 ; gain = 0.484
INFO: [Common 17-344] 'launch_simulation' was cancelled
current_wave_config {hdmi_text_controller_tb_behav.wcfg}
hdmi_text_controller_tb_behav.wcfg
add_wave {{/hdmi_text_controller_tb/hdmi_text_controller_v1_0_inst/hdmi_text_controller_v1_0_AXI_inst/S_AXI_RREADY}} 
current_wave_config {hdmi_text_controller_tb_behav.wcfg}
hdmi_text_controller_tb_behav.wcfg
add_wave {{/hdmi_text_controller_tb/hdmi_text_controller_v1_0_inst/hdmi_text_controller_v1_0_AXI_inst/axi_rvalid}} 
save_wave_config {C:/Users/Shane/Documents/Classes/ECE_385/Lab_7/lab_7_2/lab_7_2.tmp/hdmi_text_controller_v1_0_project/hdmi_text_controller_tb_behav.wcfg}
close_sim
INFO: xsimkernel Simulation Memory Usage: 69272 KB (Peak: 69272 KB), Simulation CPU Usage: 18405 ms
INFO: [Simtcl 6-16] Simulation closed
launch_simulation
Command: launch_simulation 
INFO: [Vivado 12-12493] Simulation top is 'hdmi_text_controller_tb'
WARNING: [Vivado 12-13340] Unable to auto find GCC executables from simulator install path! (path not set)
WARNING: [Vivado 12-13277] Compiled library path does not exist: ''
INFO: [Vivado 12-5682] Launching behavioral simulation in 'C:/Users/Shane/Documents/Classes/ECE_385/Lab_7/lab_7_2/lab_7_2.tmp/hdmi_text_controller_v1_0_project/hdmi_text_controller_v1_0_project.sim/sim_1/behav/xsim'
INFO: [SIM-utils-51] Simulation object is 'sim_1'
INFO: [SIM-utils-72] Using boost library from 'C:/Xilinx/Vivado/2022.2/tps/boost_1_72_0'
INFO: [USF-XSim-7] Finding pre-compiled libraries...
INFO: [USF-XSim-11] File 'C:/Xilinx/Vivado/2022.2/data/xsim/xsim.ini' copied to run dir:'C:/Users/Shane/Documents/Classes/ECE_385/Lab_7/lab_7_2/lab_7_2.tmp/hdmi_text_controller_v1_0_project/hdmi_text_controller_v1_0_project.sim/sim_1/behav/xsim'
INFO: [SIM-utils-54] Inspecting design source files for 'hdmi_text_controller_tb' in fileset 'sim_1'...
INFO: [USF-XSim-97] Finding global include files...
INFO: [USF-XSim-98] Fetching design files from 'sim_1'...
INFO: [USF-XSim-2] XSim::Compile design
INFO: [USF-XSim-61] Executing 'COMPILE and ANALYZE' step in 'C:/Users/Shane/Documents/Classes/ECE_385/Lab_7/lab_7_2/lab_7_2.tmp/hdmi_text_controller_v1_0_project/hdmi_text_controller_v1_0_project.sim/sim_1/behav/xsim'
"xvlog --incr --relax -L uvm -prj hdmi_text_controller_tb_vlog.prj"
INFO: [USF-XSim-69] 'compile' step finished in '1' seconds
INFO: [USF-XSim-3] XSim::Elaborate design
INFO: [USF-XSim-61] Executing 'ELABORATE' step in 'C:/Users/Shane/Documents/Classes/ECE_385/Lab_7/lab_7_2/lab_7_2.tmp/hdmi_text_controller_v1_0_project/hdmi_text_controller_v1_0_project.sim/sim_1/behav/xsim'
"xelab --incr --debug typical --relax --mt 2 -L xil_defaultlib -L uvm -L unisims_ver -L unimacro_ver -L secureip -L xpm --snapshot hdmi_text_controller_tb_behav xil_defaultlib.hdmi_text_controller_tb xil_defaultlib.glbl -log elaborate.log"
Vivado Simulator v2022.2
Copyright 1986-1999, 2001-2022 Xilinx, Inc. All Rights Reserved.
Running: C:/Xilinx/Vivado/2022.2/bin/unwrapped/win64.o/xelab.exe --incr --debug typical --relax --mt 2 -L xil_defaultlib -L uvm -L unisims_ver -L unimacro_ver -L secureip -L xpm --snapshot hdmi_text_controller_tb_behav xil_defaultlib.hdmi_text_controller_tb xil_defaultlib.glbl -log elaborate.log 
Using 2 slave threads.
Starting static elaboration
Pass Through NonSizing Optimizer
WARNING: [VRFC 10-3091] actual bit length 32 differs from formal bit length 16 for port 'axi_awaddr' [C:/Users/Shane/Documents/Classes/ECE_385/Lab_7/lab_7_2/ip_repo/hdmi_text_controller_1_0/src/hdmi_text_controller_v1_0_tb.sv:74]
WARNING: [VRFC 10-3091] actual bit length 32 differs from formal bit length 16 for port 'axi_araddr' [C:/Users/Shane/Documents/Classes/ECE_385/Lab_7/lab_7_2/ip_repo/hdmi_text_controller_1_0/src/hdmi_text_controller_v1_0_tb.sv:88]
Completed static elaboration
INFO: [XSIM 43-4323] No Change in HDL. Linking previously generated obj files to create kernel
INFO: [USF-XSim-69] 'elaborate' step finished in '1' seconds
INFO: [USF-XSim-4] XSim::Simulate design
INFO: [USF-XSim-61] Executing 'SIMULATE' step in 'C:/Users/Shane/Documents/Classes/ECE_385/Lab_7/lab_7_2/lab_7_2.tmp/hdmi_text_controller_v1_0_project/hdmi_text_controller_v1_0_project.sim/sim_1/behav/xsim'
INFO: [USF-XSim-98] *** Running xsim
   with args "hdmi_text_controller_tb_behav -key {Behavioral:sim_1:Functional:hdmi_text_controller_tb} -tclbatch {hdmi_text_controller_tb.tcl} -view {C:/Users/Shane/Documents/Classes/ECE_385/Lab_7/lab_7_2/lab_7_2.tmp/hdmi_text_controller_v1_0_project/hdmi_text_controller_tb_behav.wcfg} -log {simulate.log}"
INFO: [USF-XSim-8] Loading simulator feature
Time resolution is 1 ps
open_wave_config C:/Users/Shane/Documents/Classes/ECE_385/Lab_7/lab_7_2/lab_7_2.tmp/hdmi_text_controller_v1_0_project/hdmi_text_controller_tb_behav.wcfg
source hdmi_text_controller_tb.tcl
# set curr_wave [current_wave_config]
# if { [string length $curr_wave] == 0 } {
#   if { [llength [get_objects]] > 0} {
#     add_wave /
#     set_property needs_save false [current_wave_config]
#   } else {
#      send_msg_id Add_Wave-1 WARNING "No top level signals found. Simulator will start without a wave window. If you want to open a wave window go to 'File->New Waveform Configuration' or type 'create_wave_config' in the TCL console."
#   }
# }
# run all
Block Memory Generator module hdmi_text_controller_tb.hdmi_text_controller_v1_0_inst.sram0.inst.\native_mem_module.blk_mem_gen_v8_4_5_inst  is using a behavioral model for simulation which will not precisely model memory collision behavior.
blk_mem_gen_v8_4_5 collision detected at time: 240000, Instance: hdmi_text_controller_tb.hdmi_text_controller_v1_0_inst.sram0.inst.\native_mem_module.blk_mem_gen_v8_4_5_inst , A write address: 0, B  read address: 0
blk_mem_gen_v8_4_5 collision detected at time: 280000, Instance: hdmi_text_controller_tb.hdmi_text_controller_v1_0_inst.sram0.inst.\native_mem_module.blk_mem_gen_v8_4_5_inst , A write address: 0, B  read address: 0
blk_mem_gen_v8_4_5 collision detected at time: 320000, Instance: hdmi_text_controller_tb.hdmi_text_controller_v1_0_inst.sram0.inst.\native_mem_module.blk_mem_gen_v8_4_5_inst , A write address: 0, B  read address: 0
blk_mem_gen_v8_4_5 collision detected at time: 360000, Instance: hdmi_text_controller_tb.hdmi_text_controller_v1_0_inst.sram0.inst.\native_mem_module.blk_mem_gen_v8_4_5_inst , A write address: 0, B  read address: 0
Info: Read back of control register: 001f6000
Time: 216400 ns  Iteration: 0  Process: /hdmi_text_controller_tb/Initial269_924  Scope: hdmi_text_controller_tb.TEST_VECTORS  File: C:/Users/Shane/Documents/Classes/ECE_385/Lab_7/lab_7_2/ip_repo/hdmi_text_controller_1_0/src/hdmi_text_controller_v1_0_tb.sv Line: 319
INFO: [Common 17-41] Interrupt caught. Command should exit soon.
run: Time (s): cpu = 00:00:03 ; elapsed = 00:00:10 . Memory (MB): peak = 2625.852 ; gain = 1.211
INFO: [Common 17-344] 'run' was cancelled
INFO: [Common 17-344] 'source' was cancelled
xsim: Time (s): cpu = 00:00:04 ; elapsed = 00:00:12 . Memory (MB): peak = 2625.852 ; gain = 1.211
INFO: [Common 17-344] 'xsim' was cancelled
INFO: [Vivado 12-5357] 'simulate' step aborted
launch_simulation: Time (s): cpu = 00:00:05 ; elapsed = 00:00:15 . Memory (MB): peak = 2625.852 ; gain = 1.211
INFO: [Common 17-344] 'launch_simulation' was cancelled
close_sim
INFO: [Simtcl 6-16] Simulation closed
launch_simulation
Command: launch_simulation 
INFO: [Vivado 12-12493] Simulation top is 'hdmi_text_controller_tb'
WARNING: [Vivado 12-13340] Unable to auto find GCC executables from simulator install path! (path not set)
WARNING: [Vivado 12-13277] Compiled library path does not exist: ''
INFO: [Vivado 12-5682] Launching behavioral simulation in 'C:/Users/Shane/Documents/Classes/ECE_385/Lab_7/lab_7_2/lab_7_2.tmp/hdmi_text_controller_v1_0_project/hdmi_text_controller_v1_0_project.sim/sim_1/behav/xsim'
INFO: [SIM-utils-51] Simulation object is 'sim_1'
INFO: [SIM-utils-72] Using boost library from 'C:/Xilinx/Vivado/2022.2/tps/boost_1_72_0'
INFO: [USF-XSim-7] Finding pre-compiled libraries...
INFO: [USF-XSim-11] File 'C:/Xilinx/Vivado/2022.2/data/xsim/xsim.ini' copied to run dir:'C:/Users/Shane/Documents/Classes/ECE_385/Lab_7/lab_7_2/lab_7_2.tmp/hdmi_text_controller_v1_0_project/hdmi_text_controller_v1_0_project.sim/sim_1/behav/xsim'
INFO: [SIM-utils-54] Inspecting design source files for 'hdmi_text_controller_tb' in fileset 'sim_1'...
INFO: [USF-XSim-97] Finding global include files...
INFO: [USF-XSim-98] Fetching design files from 'sim_1'...
INFO: [USF-XSim-2] XSim::Compile design
INFO: [USF-XSim-61] Executing 'COMPILE and ANALYZE' step in 'C:/Users/Shane/Documents/Classes/ECE_385/Lab_7/lab_7_2/lab_7_2.tmp/hdmi_text_controller_v1_0_project/hdmi_text_controller_v1_0_project.sim/sim_1/behav/xsim'
"xvlog --incr --relax -L uvm -prj hdmi_text_controller_tb_vlog.prj"
INFO: [VRFC 10-2263] Analyzing SystemVerilog file "C:/Users/Shane/Documents/Classes/ECE_385/Lab_7/lab_7_2/ip_repo/hdmi_text_controller_1_0/src/Color_Mapper.sv" into library xil_defaultlib
INFO: [VRFC 10-311] analyzing module color_mapper
INFO: [VRFC 10-2263] Analyzing SystemVerilog file "C:/Users/Shane/Documents/Classes/ECE_385/Lab_7/lab_7_2/ip_repo/hdmi_text_controller_1_0/src/VGA_controller.sv" into library xil_defaultlib
INFO: [VRFC 10-311] analyzing module vga_controller
INFO: [VRFC 10-2263] Analyzing SystemVerilog file "C:/Users/Shane/Documents/Classes/ECE_385/Lab_7/lab_7_2/ip_repo/hdmi_text_controller_1_0/src/font_rom.sv" into library xil_defaultlib
INFO: [VRFC 10-311] analyzing module font_rom
INFO: [VRFC 10-2263] Analyzing SystemVerilog file "C:/Users/Shane/Documents/Classes/ECE_385/Lab_7/lab_7_2/ip_repo/hdmi_text_controller_1_0/src/hdmi_text_controller_v1_0.sv" into library xil_defaultlib
INFO: [VRFC 10-311] analyzing module hdmi_text_controller_v1_0
INFO: [VRFC 10-2263] Analyzing SystemVerilog file "C:/Users/Shane/Documents/Classes/ECE_385/Lab_7/lab_7_2/ip_repo/hdmi_text_controller_1_0/src/hdmi_text_controller_v1_0_AXI.sv" into library xil_defaultlib
INFO: [VRFC 10-311] analyzing module hdmi_text_controller_v1_0_AXI
INFO: [VRFC 10-2263] Analyzing SystemVerilog file "C:/Users/Shane/Documents/Classes/ECE_385/Lab_7/lab_7_2/ip_repo/hdmi_text_controller_1_0/src/hdmi_text_controller_v1_0_tb.sv" into library xil_defaultlib
INFO: [VRFC 10-311] analyzing module hdmi_text_controller_tb
INFO: [USF-XSim-69] 'compile' step finished in '1' seconds
INFO: [USF-XSim-3] XSim::Elaborate design
INFO: [USF-XSim-61] Executing 'ELABORATE' step in 'C:/Users/Shane/Documents/Classes/ECE_385/Lab_7/lab_7_2/lab_7_2.tmp/hdmi_text_controller_v1_0_project/hdmi_text_controller_v1_0_project.sim/sim_1/behav/xsim'
"xelab --incr --debug typical --relax --mt 2 -L xil_defaultlib -L uvm -L unisims_ver -L unimacro_ver -L secureip -L xpm --snapshot hdmi_text_controller_tb_behav xil_defaultlib.hdmi_text_controller_tb xil_defaultlib.glbl -log elaborate.log"
Vivado Simulator v2022.2
Copyright 1986-1999, 2001-2022 Xilinx, Inc. All Rights Reserved.
Running: C:/Xilinx/Vivado/2022.2/bin/unwrapped/win64.o/xelab.exe --incr --debug typical --relax --mt 2 -L xil_defaultlib -L uvm -L unisims_ver -L unimacro_ver -L secureip -L xpm --snapshot hdmi_text_controller_tb_behav xil_defaultlib.hdmi_text_controller_tb xil_defaultlib.glbl -log elaborate.log 
Using 2 slave threads.
Starting static elaboration
Pass Through NonSizing Optimizer
WARNING: [VRFC 10-3091] actual bit length 32 differs from formal bit length 16 for port 'axi_awaddr' [C:/Users/Shane/Documents/Classes/ECE_385/Lab_7/lab_7_2/ip_repo/hdmi_text_controller_1_0/src/hdmi_text_controller_v1_0_tb.sv:74]
WARNING: [VRFC 10-3091] actual bit length 32 differs from formal bit length 16 for port 'axi_araddr' [C:/Users/Shane/Documents/Classes/ECE_385/Lab_7/lab_7_2/ip_repo/hdmi_text_controller_1_0/src/hdmi_text_controller_v1_0_tb.sv:88]
Completed static elaboration
Starting simulation data flow analysis
WARNING: [XSIM 43-4099] "C:/Users/Shane/Documents/Classes/ECE_385/Lab_7/lab_7_2/ip_repo/hdmi_text_controller_1_0/src/VGA_controller.sv" Line 26. Module vga_controller doesn't have a timescale but at least one module in design has a timescale.
WARNING: [XSIM 43-4099] "C:/Users/Shane/Documents/Classes/ECE_385/Lab_7/lab_7_2/ip_repo/hdmi_text_controller_1_0/src/Color_Mapper.sv" Line 17. Module color_mapper doesn't have a timescale but at least one module in design has a timescale.
WARNING: [XSIM 43-4099] "C:/Users/Shane/Documents/Classes/ECE_385/Lab_7/lab_7_2/ip_repo/hdmi_text_controller_1_0/src/font_rom.sv" Line 1. Module font_rom doesn't have a timescale but at least one module in design has a timescale.
WARNING: [XSIM 43-4099] "C:/Users/Shane/Documents/Classes/ECE_385/Lab_7/lab_7_2/ip_repo/hdmi_text_controller_1_0/src/VGA_controller.sv" Line 26. Module vga_controller doesn't have a timescale but at least one module in design has a timescale.
WARNING: [XSIM 43-4099] "C:/Users/Shane/Documents/Classes/ECE_385/Lab_7/lab_7_2/ip_repo/hdmi_text_controller_1_0/src/Color_Mapper.sv" Line 17. Module color_mapper doesn't have a timescale but at least one module in design has a timescale.
WARNING: [XSIM 43-4099] "C:/Users/Shane/Documents/Classes/ECE_385/Lab_7/lab_7_2/ip_repo/hdmi_text_controller_1_0/src/font_rom.sv" Line 1. Module font_rom doesn't have a timescale but at least one module in design has a timescale.
Completed simulation data flow analysis
Time Resolution for simulation is 1ps
Compiling module xil_defaultlib.hdmi_text_controller_v1_0_AXI(C_...
Compiling module xil_defaultlib.blk_mem_gen_v8_4_5_output_stage(...
Compiling module xil_defaultlib.blk_mem_gen_v8_4_5_softecc_outpu...
Compiling module xil_defaultlib.blk_mem_gen_v8_4_5_mem_module(C_...
Compiling module xil_defaultlib.blk_mem_gen_v8_4_5(C_FAMILY="spa...
Compiling module xil_defaultlib.blk_mem_gen_0
Compiling module unisims_ver.IBUF
Compiling module unisims_ver.MMCME2_ADV(CLKFBOUT_MULT_F=10.0,...
Compiling module unisims_ver.BUFG
Compiling module xil_defaultlib.clk_wiz_0_clk_wiz
Compiling module xil_defaultlib.clk_wiz_0
Compiling module xil_defaultlib.vga_controller
Compiling module unisims_ver.SRL16E_default
Compiling module xil_defaultlib.srldelay(WIDTH=40,TAPS=4'b1010)
Compiling module xil_defaultlib.encode_default
Compiling module xil_defaultlib.encode(CHANNEL="GREEN")
Compiling module xil_defaultlib.encode(CHANNEL="RED")
Compiling module unisims_ver.OSERDESE2(DATA_RATE_TQ="SDR",DAT...
Compiling module unisims_ver.OSERDESE2(DATA_RATE_TQ="SDR",DAT...
Compiling module xil_defaultlib.serdes_10_to_1
Compiling module unisims_ver.OBUFDS(IOSTANDARD="TMDS_33")
Compiling module xil_defaultlib.hdmi_tx_v1_0(C_RED_WIDTH=4,C_GRE...
Compiling module xil_defaultlib.hdmi_tx_0
Compiling module xil_defaultlib.font_rom
Compiling module xil_defaultlib.color_mapper
Compiling module xil_defaultlib.hdmi_text_controller_v1_0(C_AXI_...
Compiling module xil_defaultlib.hdmi_text_controller_tb
Compiling module xil_defaultlib.glbl
Built simulation snapshot hdmi_text_controller_tb_behav
run_program: Time (s): cpu = 00:00:00 ; elapsed = 00:00:07 . Memory (MB): peak = 2626.074 ; gain = 0.000
INFO: [USF-XSim-69] 'elaborate' step finished in '7' seconds
INFO: [USF-XSim-4] XSim::Simulate design
INFO: [USF-XSim-61] Executing 'SIMULATE' step in 'C:/Users/Shane/Documents/Classes/ECE_385/Lab_7/lab_7_2/lab_7_2.tmp/hdmi_text_controller_v1_0_project/hdmi_text_controller_v1_0_project.sim/sim_1/behav/xsim'
INFO: [USF-XSim-98] *** Running xsim
   with args "hdmi_text_controller_tb_behav -key {Behavioral:sim_1:Functional:hdmi_text_controller_tb} -tclbatch {hdmi_text_controller_tb.tcl} -view {C:/Users/Shane/Documents/Classes/ECE_385/Lab_7/lab_7_2/lab_7_2.tmp/hdmi_text_controller_v1_0_project/hdmi_text_controller_tb_behav.wcfg} -log {simulate.log}"
INFO: [USF-XSim-8] Loading simulator feature
Time resolution is 1 ps
open_wave_config C:/Users/Shane/Documents/Classes/ECE_385/Lab_7/lab_7_2/lab_7_2.tmp/hdmi_text_controller_v1_0_project/hdmi_text_controller_tb_behav.wcfg
source hdmi_text_controller_tb.tcl
# set curr_wave [current_wave_config]
# if { [string length $curr_wave] == 0 } {
#   if { [llength [get_objects]] > 0} {
#     add_wave /
#     set_property needs_save false [current_wave_config]
#   } else {
#      send_msg_id Add_Wave-1 WARNING "No top level signals found. Simulator will start without a wave window. If you want to open a wave window go to 'File->New Waveform Configuration' or type 'create_wave_config' in the TCL console."
#   }
# }
# run all
Block Memory Generator module hdmi_text_controller_tb.hdmi_text_controller_v1_0_inst.sram0.inst.\native_mem_module.blk_mem_gen_v8_4_5_inst  is using a behavioral model for simulation which will not precisely model memory collision behavior.
blk_mem_gen_v8_4_5 collision detected at time: 240000, Instance: hdmi_text_controller_tb.hdmi_text_controller_v1_0_inst.sram0.inst.\native_mem_module.blk_mem_gen_v8_4_5_inst , A write address: 0, B  read address: 0
blk_mem_gen_v8_4_5 collision detected at time: 280000, Instance: hdmi_text_controller_tb.hdmi_text_controller_v1_0_inst.sram0.inst.\native_mem_module.blk_mem_gen_v8_4_5_inst , A write address: 0, B  read address: 0
blk_mem_gen_v8_4_5 collision detected at time: 320000, Instance: hdmi_text_controller_tb.hdmi_text_controller_v1_0_inst.sram0.inst.\native_mem_module.blk_mem_gen_v8_4_5_inst , A write address: 0, B  read address: 0
blk_mem_gen_v8_4_5 collision detected at time: 360000, Instance: hdmi_text_controller_tb.hdmi_text_controller_v1_0_inst.sram0.inst.\native_mem_module.blk_mem_gen_v8_4_5_inst , A write address: 0, B  read address: 0
Info: Read back of control register: 001f6000
Time: 216400 ns  Iteration: 0  Process: /hdmi_text_controller_tb/Initial269_924  Scope: hdmi_text_controller_tb.TEST_VECTORS  File: C:/Users/Shane/Documents/Classes/ECE_385/Lab_7/lab_7_2/ip_repo/hdmi_text_controller_1_0/src/hdmi_text_controller_v1_0_tb.sv Line: 319
INFO: [Common 17-41] Interrupt caught. Command should exit soon.
run: Time (s): cpu = 00:00:05 ; elapsed = 00:00:19 . Memory (MB): peak = 2626.699 ; gain = 0.625
INFO: [Common 17-344] 'run' was cancelled
INFO: [Common 17-344] 'source' was cancelled
xsim: Time (s): cpu = 00:00:06 ; elapsed = 00:00:21 . Memory (MB): peak = 2626.699 ; gain = 0.625
INFO: [Common 17-344] 'xsim' was cancelled
INFO: [Vivado 12-5357] 'simulate' step aborted
launch_simulation: Time (s): cpu = 00:00:06 ; elapsed = 00:00:31 . Memory (MB): peak = 2626.699 ; gain = 0.625
INFO: [Common 17-344] 'launch_simulation' was cancelled
create_wave_config; add_wave /; set_property needs_save false [current_wave_config]
WARNING: [Wavedata 42-489] Can't add object "/hdmi_text_controller_tb/bitmap" to the wave window because it has 10080000 bits, which exceeds the display limit of 65536 bits.  To change the display limit, use the command "set_property display_limit <new limit> [current_wave_config]".
close_sim
INFO: xsimkernel Simulation Memory Usage: 69320 KB (Peak: 69320 KB), Simulation CPU Usage: 18640 ms
INFO: [Simtcl 6-16] Simulation closed
launch_simulation
Command: launch_simulation 
INFO: [Vivado 12-12493] Simulation top is 'hdmi_text_controller_tb'
WARNING: [Vivado 12-13340] Unable to auto find GCC executables from simulator install path! (path not set)
WARNING: [Vivado 12-13277] Compiled library path does not exist: ''
INFO: [Vivado 12-5682] Launching behavioral simulation in 'C:/Users/Shane/Documents/Classes/ECE_385/Lab_7/lab_7_2/lab_7_2.tmp/hdmi_text_controller_v1_0_project/hdmi_text_controller_v1_0_project.sim/sim_1/behav/xsim'
INFO: [SIM-utils-51] Simulation object is 'sim_1'
INFO: [SIM-utils-72] Using boost library from 'C:/Xilinx/Vivado/2022.2/tps/boost_1_72_0'
INFO: [USF-XSim-7] Finding pre-compiled libraries...
INFO: [USF-XSim-11] File 'C:/Xilinx/Vivado/2022.2/data/xsim/xsim.ini' copied to run dir:'C:/Users/Shane/Documents/Classes/ECE_385/Lab_7/lab_7_2/lab_7_2.tmp/hdmi_text_controller_v1_0_project/hdmi_text_controller_v1_0_project.sim/sim_1/behav/xsim'
INFO: [SIM-utils-54] Inspecting design source files for 'hdmi_text_controller_tb' in fileset 'sim_1'...
INFO: [USF-XSim-97] Finding global include files...
INFO: [USF-XSim-98] Fetching design files from 'sim_1'...
INFO: [USF-XSim-2] XSim::Compile design
INFO: [USF-XSim-61] Executing 'COMPILE and ANALYZE' step in 'C:/Users/Shane/Documents/Classes/ECE_385/Lab_7/lab_7_2/lab_7_2.tmp/hdmi_text_controller_v1_0_project/hdmi_text_controller_v1_0_project.sim/sim_1/behav/xsim'
"xvlog --incr --relax -L uvm -prj hdmi_text_controller_tb_vlog.prj"
INFO: [USF-XSim-69] 'compile' step finished in '2' seconds
INFO: [USF-XSim-3] XSim::Elaborate design
INFO: [USF-XSim-61] Executing 'ELABORATE' step in 'C:/Users/Shane/Documents/Classes/ECE_385/Lab_7/lab_7_2/lab_7_2.tmp/hdmi_text_controller_v1_0_project/hdmi_text_controller_v1_0_project.sim/sim_1/behav/xsim'
"xelab --incr --debug typical --relax --mt 2 -L xil_defaultlib -L uvm -L unisims_ver -L unimacro_ver -L secureip -L xpm --snapshot hdmi_text_controller_tb_behav xil_defaultlib.hdmi_text_controller_tb xil_defaultlib.glbl -log elaborate.log"
Vivado Simulator v2022.2
Copyright 1986-1999, 2001-2022 Xilinx, Inc. All Rights Reserved.
Running: C:/Xilinx/Vivado/2022.2/bin/unwrapped/win64.o/xelab.exe --incr --debug typical --relax --mt 2 -L xil_defaultlib -L uvm -L unisims_ver -L unimacro_ver -L secureip -L xpm --snapshot hdmi_text_controller_tb_behav xil_defaultlib.hdmi_text_controller_tb xil_defaultlib.glbl -log elaborate.log 
Using 2 slave threads.
Starting static elaboration
Pass Through NonSizing Optimizer
WARNING: [VRFC 10-3091] actual bit length 32 differs from formal bit length 16 for port 'axi_awaddr' [C:/Users/Shane/Documents/Classes/ECE_385/Lab_7/lab_7_2/ip_repo/hdmi_text_controller_1_0/src/hdmi_text_controller_v1_0_tb.sv:74]
WARNING: [VRFC 10-3091] actual bit length 32 differs from formal bit length 16 for port 'axi_araddr' [C:/Users/Shane/Documents/Classes/ECE_385/Lab_7/lab_7_2/ip_repo/hdmi_text_controller_1_0/src/hdmi_text_controller_v1_0_tb.sv:88]
Completed static elaboration
INFO: [XSIM 43-4323] No Change in HDL. Linking previously generated obj files to create kernel
INFO: [USF-XSim-69] 'elaborate' step finished in '1' seconds
INFO: [USF-XSim-4] XSim::Simulate design
INFO: [USF-XSim-61] Executing 'SIMULATE' step in 'C:/Users/Shane/Documents/Classes/ECE_385/Lab_7/lab_7_2/lab_7_2.tmp/hdmi_text_controller_v1_0_project/hdmi_text_controller_v1_0_project.sim/sim_1/behav/xsim'
INFO: [USF-XSim-98] *** Running xsim
   with args "hdmi_text_controller_tb_behav -key {Behavioral:sim_1:Functional:hdmi_text_controller_tb} -tclbatch {hdmi_text_controller_tb.tcl} -view {C:/Users/Shane/Documents/Classes/ECE_385/Lab_7/lab_7_2/lab_7_2.tmp/hdmi_text_controller_v1_0_project/hdmi_text_controller_tb_behav.wcfg} -log {simulate.log}"
INFO: [USF-XSim-8] Loading simulator feature
Time resolution is 1 ps
open_wave_config C:/Users/Shane/Documents/Classes/ECE_385/Lab_7/lab_7_2/lab_7_2.tmp/hdmi_text_controller_v1_0_project/hdmi_text_controller_tb_behav.wcfg
source hdmi_text_controller_tb.tcl
# set curr_wave [current_wave_config]
# if { [string length $curr_wave] == 0 } {
#   if { [llength [get_objects]] > 0} {
#     add_wave /
#     set_property needs_save false [current_wave_config]
#   } else {
#      send_msg_id Add_Wave-1 WARNING "No top level signals found. Simulator will start without a wave window. If you want to open a wave window go to 'File->New Waveform Configuration' or type 'create_wave_config' in the TCL console."
#   }
# }
# run all
Block Memory Generator module hdmi_text_controller_tb.hdmi_text_controller_v1_0_inst.sram0.inst.\native_mem_module.blk_mem_gen_v8_4_5_inst  is using a behavioral model for simulation which will not precisely model memory collision behavior.
blk_mem_gen_v8_4_5 collision detected at time: 240000, Instance: hdmi_text_controller_tb.hdmi_text_controller_v1_0_inst.sram0.inst.\native_mem_module.blk_mem_gen_v8_4_5_inst , A write address: 0, B  read address: 0
blk_mem_gen_v8_4_5 collision detected at time: 280000, Instance: hdmi_text_controller_tb.hdmi_text_controller_v1_0_inst.sram0.inst.\native_mem_module.blk_mem_gen_v8_4_5_inst , A write address: 0, B  read address: 0
blk_mem_gen_v8_4_5 collision detected at time: 320000, Instance: hdmi_text_controller_tb.hdmi_text_controller_v1_0_inst.sram0.inst.\native_mem_module.blk_mem_gen_v8_4_5_inst , A write address: 0, B  read address: 0
blk_mem_gen_v8_4_5 collision detected at time: 360000, Instance: hdmi_text_controller_tb.hdmi_text_controller_v1_0_inst.sram0.inst.\native_mem_module.blk_mem_gen_v8_4_5_inst , A write address: 0, B  read address: 0
INFO: [Common 17-41] Interrupt caught. Command should exit soon.
run: Time (s): cpu = 00:00:03 ; elapsed = 00:00:05 . Memory (MB): peak = 2626.777 ; gain = 0.004
INFO: [Common 17-344] 'run' was cancelled
INFO: [Common 17-344] 'source' was cancelled
xsim: Time (s): cpu = 00:00:03 ; elapsed = 00:00:07 . Memory (MB): peak = 2626.777 ; gain = 0.004
INFO: [Common 17-344] 'xsim' was cancelled
INFO: [Vivado 12-5357] 'simulate' step aborted
launch_simulation: Time (s): cpu = 00:00:04 ; elapsed = 00:00:10 . Memory (MB): peak = 2626.777 ; gain = 0.004
INFO: [Common 17-344] 'launch_simulation' was cancelled
save_wave_config {C:/Users/Shane/Documents/Classes/ECE_385/Lab_7/lab_7_2/lab_7_2.tmp/hdmi_text_controller_v1_0_project/hdmi_text_controller_tb_behav.wcfg}
close_sim
INFO: [Simtcl 6-16] Simulation closed
launch_simulation
Command: launch_simulation 
INFO: [Vivado 12-12493] Simulation top is 'hdmi_text_controller_tb'
WARNING: [Vivado 12-13340] Unable to auto find GCC executables from simulator install path! (path not set)
WARNING: [Vivado 12-13277] Compiled library path does not exist: ''
INFO: [Vivado 12-5682] Launching behavioral simulation in 'C:/Users/Shane/Documents/Classes/ECE_385/Lab_7/lab_7_2/lab_7_2.tmp/hdmi_text_controller_v1_0_project/hdmi_text_controller_v1_0_project.sim/sim_1/behav/xsim'
INFO: [SIM-utils-51] Simulation object is 'sim_1'
INFO: [SIM-utils-72] Using boost library from 'C:/Xilinx/Vivado/2022.2/tps/boost_1_72_0'
INFO: [USF-XSim-7] Finding pre-compiled libraries...
INFO: [USF-XSim-11] File 'C:/Xilinx/Vivado/2022.2/data/xsim/xsim.ini' copied to run dir:'C:/Users/Shane/Documents/Classes/ECE_385/Lab_7/lab_7_2/lab_7_2.tmp/hdmi_text_controller_v1_0_project/hdmi_text_controller_v1_0_project.sim/sim_1/behav/xsim'
INFO: [SIM-utils-54] Inspecting design source files for 'hdmi_text_controller_tb' in fileset 'sim_1'...
INFO: [USF-XSim-97] Finding global include files...
INFO: [USF-XSim-98] Fetching design files from 'sim_1'...
INFO: [USF-XSim-2] XSim::Compile design
INFO: [USF-XSim-61] Executing 'COMPILE and ANALYZE' step in 'C:/Users/Shane/Documents/Classes/ECE_385/Lab_7/lab_7_2/lab_7_2.tmp/hdmi_text_controller_v1_0_project/hdmi_text_controller_v1_0_project.sim/sim_1/behav/xsim'
"xvlog --incr --relax -L uvm -prj hdmi_text_controller_tb_vlog.prj"
INFO: [USF-XSim-69] 'compile' step finished in '1' seconds
INFO: [USF-XSim-3] XSim::Elaborate design
INFO: [USF-XSim-61] Executing 'ELABORATE' step in 'C:/Users/Shane/Documents/Classes/ECE_385/Lab_7/lab_7_2/lab_7_2.tmp/hdmi_text_controller_v1_0_project/hdmi_text_controller_v1_0_project.sim/sim_1/behav/xsim'
"xelab --incr --debug typical --relax --mt 2 -L xil_defaultlib -L uvm -L unisims_ver -L unimacro_ver -L secureip -L xpm --snapshot hdmi_text_controller_tb_behav xil_defaultlib.hdmi_text_controller_tb xil_defaultlib.glbl -log elaborate.log"
Vivado Simulator v2022.2
Copyright 1986-1999, 2001-2022 Xilinx, Inc. All Rights Reserved.
Running: C:/Xilinx/Vivado/2022.2/bin/unwrapped/win64.o/xelab.exe --incr --debug typical --relax --mt 2 -L xil_defaultlib -L uvm -L unisims_ver -L unimacro_ver -L secureip -L xpm --snapshot hdmi_text_controller_tb_behav xil_defaultlib.hdmi_text_controller_tb xil_defaultlib.glbl -log elaborate.log 
Using 2 slave threads.
Starting static elaboration
Pass Through NonSizing Optimizer
WARNING: [VRFC 10-3091] actual bit length 32 differs from formal bit length 16 for port 'axi_awaddr' [C:/Users/Shane/Documents/Classes/ECE_385/Lab_7/lab_7_2/ip_repo/hdmi_text_controller_1_0/src/hdmi_text_controller_v1_0_tb.sv:74]
WARNING: [VRFC 10-3091] actual bit length 32 differs from formal bit length 16 for port 'axi_araddr' [C:/Users/Shane/Documents/Classes/ECE_385/Lab_7/lab_7_2/ip_repo/hdmi_text_controller_1_0/src/hdmi_text_controller_v1_0_tb.sv:88]
Completed static elaboration
INFO: [XSIM 43-4323] No Change in HDL. Linking previously generated obj files to create kernel
INFO: [USF-XSim-69] 'elaborate' step finished in '2' seconds
INFO: [USF-XSim-4] XSim::Simulate design
INFO: [USF-XSim-61] Executing 'SIMULATE' step in 'C:/Users/Shane/Documents/Classes/ECE_385/Lab_7/lab_7_2/lab_7_2.tmp/hdmi_text_controller_v1_0_project/hdmi_text_controller_v1_0_project.sim/sim_1/behav/xsim'
INFO: [USF-XSim-98] *** Running xsim
   with args "hdmi_text_controller_tb_behav -key {Behavioral:sim_1:Functional:hdmi_text_controller_tb} -tclbatch {hdmi_text_controller_tb.tcl} -view {C:/Users/Shane/Documents/Classes/ECE_385/Lab_7/lab_7_2/lab_7_2.tmp/hdmi_text_controller_v1_0_project/hdmi_text_controller_tb_behav.wcfg} -log {simulate.log}"
INFO: [USF-XSim-8] Loading simulator feature
Time resolution is 1 ps
open_wave_config C:/Users/Shane/Documents/Classes/ECE_385/Lab_7/lab_7_2/lab_7_2.tmp/hdmi_text_controller_v1_0_project/hdmi_text_controller_tb_behav.wcfg
source hdmi_text_controller_tb.tcl
# set curr_wave [current_wave_config]
# if { [string length $curr_wave] == 0 } {
#   if { [llength [get_objects]] > 0} {
#     add_wave /
#     set_property needs_save false [current_wave_config]
#   } else {
#      send_msg_id Add_Wave-1 WARNING "No top level signals found. Simulator will start without a wave window. If you want to open a wave window go to 'File->New Waveform Configuration' or type 'create_wave_config' in the TCL console."
#   }
# }
# run all
Block Memory Generator module hdmi_text_controller_tb.hdmi_text_controller_v1_0_inst.sram0.inst.\native_mem_module.blk_mem_gen_v8_4_5_inst  is using a behavioral model for simulation which will not precisely model memory collision behavior.
blk_mem_gen_v8_4_5 collision detected at time: 240000, Instance: hdmi_text_controller_tb.hdmi_text_controller_v1_0_inst.sram0.inst.\native_mem_module.blk_mem_gen_v8_4_5_inst , A write address: 0, B  read address: 0
blk_mem_gen_v8_4_5 collision detected at time: 280000, Instance: hdmi_text_controller_tb.hdmi_text_controller_v1_0_inst.sram0.inst.\native_mem_module.blk_mem_gen_v8_4_5_inst , A write address: 0, B  read address: 0
blk_mem_gen_v8_4_5 collision detected at time: 320000, Instance: hdmi_text_controller_tb.hdmi_text_controller_v1_0_inst.sram0.inst.\native_mem_module.blk_mem_gen_v8_4_5_inst , A write address: 0, B  read address: 0
blk_mem_gen_v8_4_5 collision detected at time: 360000, Instance: hdmi_text_controller_tb.hdmi_text_controller_v1_0_inst.sram0.inst.\native_mem_module.blk_mem_gen_v8_4_5_inst , A write address: 0, B  read address: 0
Info: Read back of control register: 001f6000
Time: 216400 ns  Iteration: 0  Process: /hdmi_text_controller_tb/Initial269_924  Scope: hdmi_text_controller_tb.TEST_VECTORS  File: C:/Users/Shane/Documents/Classes/ECE_385/Lab_7/lab_7_2/ip_repo/hdmi_text_controller_1_0/src/hdmi_text_controller_v1_0_tb.sv Line: 319
INFO: [Common 17-41] Interrupt caught. Command should exit soon.
run: Time (s): cpu = 00:00:16 ; elapsed = 00:00:50 . Memory (MB): peak = 2627.547 ; gain = 0.352
INFO: [Common 17-344] 'run' was cancelled
INFO: [Common 17-344] 'source' was cancelled
xsim: Time (s): cpu = 00:00:17 ; elapsed = 00:00:51 . Memory (MB): peak = 2627.547 ; gain = 0.352
INFO: [Common 17-344] 'xsim' was cancelled
INFO: [Vivado 12-5357] 'simulate' step aborted
launch_simulation: Time (s): cpu = 00:00:18 ; elapsed = 00:00:54 . Memory (MB): peak = 2627.547 ; gain = 0.352
INFO: [Common 17-344] 'launch_simulation' was cancelled
close_sim
INFO: xsimkernel Simulation Memory Usage: 69328 KB (Peak: 69328 KB), Simulation CPU Usage: 46639 ms
INFO: [Simtcl 6-16] Simulation closed
launch_simulation
Command: launch_simulation 
INFO: [Vivado 12-12493] Simulation top is 'hdmi_text_controller_tb'
WARNING: [Vivado 12-13340] Unable to auto find GCC executables from simulator install path! (path not set)
WARNING: [Vivado 12-13277] Compiled library path does not exist: ''
INFO: [Vivado 12-5682] Launching behavioral simulation in 'C:/Users/Shane/Documents/Classes/ECE_385/Lab_7/lab_7_2/lab_7_2.tmp/hdmi_text_controller_v1_0_project/hdmi_text_controller_v1_0_project.sim/sim_1/behav/xsim'
INFO: [SIM-utils-51] Simulation object is 'sim_1'
INFO: [SIM-utils-72] Using boost library from 'C:/Xilinx/Vivado/2022.2/tps/boost_1_72_0'
INFO: [USF-XSim-7] Finding pre-compiled libraries...
INFO: [USF-XSim-11] File 'C:/Xilinx/Vivado/2022.2/data/xsim/xsim.ini' copied to run dir:'C:/Users/Shane/Documents/Classes/ECE_385/Lab_7/lab_7_2/lab_7_2.tmp/hdmi_text_controller_v1_0_project/hdmi_text_controller_v1_0_project.sim/sim_1/behav/xsim'
INFO: [SIM-utils-54] Inspecting design source files for 'hdmi_text_controller_tb' in fileset 'sim_1'...
INFO: [USF-XSim-97] Finding global include files...
INFO: [USF-XSim-98] Fetching design files from 'sim_1'...
INFO: [USF-XSim-2] XSim::Compile design
INFO: [USF-XSim-61] Executing 'COMPILE and ANALYZE' step in 'C:/Users/Shane/Documents/Classes/ECE_385/Lab_7/lab_7_2/lab_7_2.tmp/hdmi_text_controller_v1_0_project/hdmi_text_controller_v1_0_project.sim/sim_1/behav/xsim'
"xvlog --incr --relax -L uvm -prj hdmi_text_controller_tb_vlog.prj"
INFO: [USF-XSim-69] 'compile' step finished in '3' seconds
INFO: [USF-XSim-3] XSim::Elaborate design
INFO: [USF-XSim-61] Executing 'ELABORATE' step in 'C:/Users/Shane/Documents/Classes/ECE_385/Lab_7/lab_7_2/lab_7_2.tmp/hdmi_text_controller_v1_0_project/hdmi_text_controller_v1_0_project.sim/sim_1/behav/xsim'
"xelab --incr --debug typical --relax --mt 2 -L xil_defaultlib -L uvm -L unisims_ver -L unimacro_ver -L secureip -L xpm --snapshot hdmi_text_controller_tb_behav xil_defaultlib.hdmi_text_controller_tb xil_defaultlib.glbl -log elaborate.log"
Vivado Simulator v2022.2
Copyright 1986-1999, 2001-2022 Xilinx, Inc. All Rights Reserved.
Running: C:/Xilinx/Vivado/2022.2/bin/unwrapped/win64.o/xelab.exe --incr --debug typical --relax --mt 2 -L xil_defaultlib -L uvm -L unisims_ver -L unimacro_ver -L secureip -L xpm --snapshot hdmi_text_controller_tb_behav xil_defaultlib.hdmi_text_controller_tb xil_defaultlib.glbl -log elaborate.log 
Using 2 slave threads.
Starting static elaboration
Pass Through NonSizing Optimizer
WARNING: [VRFC 10-3091] actual bit length 32 differs from formal bit length 16 for port 'axi_awaddr' [C:/Users/Shane/Documents/Classes/ECE_385/Lab_7/lab_7_2/ip_repo/hdmi_text_controller_1_0/src/hdmi_text_controller_v1_0_tb.sv:74]
WARNING: [VRFC 10-3091] actual bit length 32 differs from formal bit length 16 for port 'axi_araddr' [C:/Users/Shane/Documents/Classes/ECE_385/Lab_7/lab_7_2/ip_repo/hdmi_text_controller_1_0/src/hdmi_text_controller_v1_0_tb.sv:88]
Completed static elaboration
INFO: [XSIM 43-4323] No Change in HDL. Linking previously generated obj files to create kernel
INFO: [USF-XSim-69] 'elaborate' step finished in '4' seconds
INFO: [USF-XSim-4] XSim::Simulate design
INFO: [USF-XSim-61] Executing 'SIMULATE' step in 'C:/Users/Shane/Documents/Classes/ECE_385/Lab_7/lab_7_2/lab_7_2.tmp/hdmi_text_controller_v1_0_project/hdmi_text_controller_v1_0_project.sim/sim_1/behav/xsim'
INFO: [USF-XSim-98] *** Running xsim
   with args "hdmi_text_controller_tb_behav -key {Behavioral:sim_1:Functional:hdmi_text_controller_tb} -tclbatch {hdmi_text_controller_tb.tcl} -view {C:/Users/Shane/Documents/Classes/ECE_385/Lab_7/lab_7_2/lab_7_2.tmp/hdmi_text_controller_v1_0_project/hdmi_text_controller_tb_behav.wcfg} -log {simulate.log}"
INFO: [USF-XSim-8] Loading simulator feature
Time resolution is 1 ps
open_wave_config C:/Users/Shane/Documents/Classes/ECE_385/Lab_7/lab_7_2/lab_7_2.tmp/hdmi_text_controller_v1_0_project/hdmi_text_controller_tb_behav.wcfg
source hdmi_text_controller_tb.tcl
# set curr_wave [current_wave_config]
# if { [string length $curr_wave] == 0 } {
#   if { [llength [get_objects]] > 0} {
#     add_wave /
#     set_property needs_save false [current_wave_config]
#   } else {
#      send_msg_id Add_Wave-1 WARNING "No top level signals found. Simulator will start without a wave window. If you want to open a wave window go to 'File->New Waveform Configuration' or type 'create_wave_config' in the TCL console."
#   }
# }
# run all
Block Memory Generator module hdmi_text_controller_tb.hdmi_text_controller_v1_0_inst.sram0.inst.\native_mem_module.blk_mem_gen_v8_4_5_inst  is using a behavioral model for simulation which will not precisely model memory collision behavior.
blk_mem_gen_v8_4_5 collision detected at time: 240000, Instance: hdmi_text_controller_tb.hdmi_text_controller_v1_0_inst.sram0.inst.\native_mem_module.blk_mem_gen_v8_4_5_inst , A write address: 0, B  read address: 0
blk_mem_gen_v8_4_5 collision detected at time: 280000, Instance: hdmi_text_controller_tb.hdmi_text_controller_v1_0_inst.sram0.inst.\native_mem_module.blk_mem_gen_v8_4_5_inst , A write address: 0, B  read address: 0
blk_mem_gen_v8_4_5 collision detected at time: 320000, Instance: hdmi_text_controller_tb.hdmi_text_controller_v1_0_inst.sram0.inst.\native_mem_module.blk_mem_gen_v8_4_5_inst , A write address: 0, B  read address: 0
blk_mem_gen_v8_4_5 collision detected at time: 360000, Instance: hdmi_text_controller_tb.hdmi_text_controller_v1_0_inst.sram0.inst.\native_mem_module.blk_mem_gen_v8_4_5_inst , A write address: 0, B  read address: 0
Info: Read back of control register: 001f6000
Time: 216400 ns  Iteration: 0  Process: /hdmi_text_controller_tb/Initial269_924  Scope: hdmi_text_controller_tb.TEST_VECTORS  File: C:/Users/Shane/Documents/Classes/ECE_385/Lab_7/lab_7_2/ip_repo/hdmi_text_controller_1_0/src/hdmi_text_controller_v1_0_tb.sv Line: 319
Saving bitmap 'lab7_1_sim.bmp'.
$finish called at time : 15648350 ns : File "C:/Users/Shane/Documents/Classes/ECE_385/Lab_7/lab_7_2/ip_repo/hdmi_text_controller_1_0/src/hdmi_text_controller_v1_0_tb.sv" Line 328
run: Time (s): cpu = 00:15:42 ; elapsed = 00:32:54 . Memory (MB): peak = 2628.488 ; gain = 0.941
xsim: Time (s): cpu = 00:15:46 ; elapsed = 00:32:56 . Memory (MB): peak = 2628.488 ; gain = 0.941
INFO: [USF-XSim-96] XSim completed. Design snapshot 'hdmi_text_controller_tb_behav' loaded.
INFO: [USF-XSim-97] XSim simulation ran for all
launch_simulation: Time (s): cpu = 00:15:47 ; elapsed = 00:33:04 . Memory (MB): peak = 2628.488 ; gain = 0.941
close_sim
INFO: xsimkernel Simulation Memory Usage: 69352 KB (Peak: 69352 KB), Simulation CPU Usage: 1443546 ms
INFO: [Simtcl 6-16] Simulation closed
close_project
ipx::edit_ip_in_project -upgrade true -name hdmi_text_controller_v1_0_project -directory C:/Users/Shane/Documents/Classes/ECE_385/Lab_7/lab_7_2/lab_7_2.tmp/hdmi_text_controller_v1_0_project c:/Users/Shane/Documents/Classes/ECE_385/Lab_7/lab_7_2/ip_repo/hdmi_text_controller_1_0/component.xml
INFO: [ProjectBase 1-489] The host OS only allows 260 characters in a normal path. The project is stored in a path with more than 80 characters. If you experience issues with IP, Block Designs, or files not being found, please consider moving the project to a location with a shorter path. Alternately consider using the OS subst command to map part of the path to a drive letter.
Current project path is 'c:/users/shane/documents/classes/ece_385/lab_7/lab_7_2/lab_7_2.tmp/hdmi_text_controller_v1_0_project'
INFO: [IP_Flow 19-234] Refreshing IP repositories
INFO: [IP_Flow 19-1704] No user IP repositories specified
INFO: [IP_Flow 19-2313] Loaded Vivado IP repository 'C:/Xilinx/Vivado/2022.2/data/ip'.
WARNING: [Board 49-26] cannot add Board Part xilinx.com:ac701:part0:1.4 available at C:/Xilinx/Vivado/2022.2/data/xhub/boards/XilinxBoardStore/boards/Xilinx/ac701/1.4/board.xml as part xc7a200tfbg676-2 specified in board_part file is either invalid or not available
WARNING: [Board 49-26] cannot add Board Part xilinx.com:k26c:part0:1.2 available at C:/Xilinx/Vivado/2022.2/data/xhub/boards/XilinxBoardStore/boards/Xilinx/k26c/1.2/board.xml as part xck26-sfvc784-2lv-c specified in board_part file is either invalid or not available
WARNING: [Board 49-26] cannot add Board Part xilinx.com:k26c:part0:1.3 available at C:/Xilinx/Vivado/2022.2/data/xhub/boards/XilinxBoardStore/boards/Xilinx/k26c/1.3/board.xml as part xck26-sfvc784-2lv-c specified in board_part file is either invalid or not available
WARNING: [Board 49-26] cannot add Board Part xilinx.com:k26c:part0:1.4 available at C:/Xilinx/Vivado/2022.2/data/xhub/boards/XilinxBoardStore/boards/Xilinx/k26c/1.4/board.xml as part xck26-sfvc784-2lv-c specified in board_part file is either invalid or not available
WARNING: [Board 49-26] cannot add Board Part xilinx.com:k26i:part0:1.2 available at C:/Xilinx/Vivado/2022.2/data/xhub/boards/XilinxBoardStore/boards/Xilinx/k26i/1.2/board.xml as part xck26-sfvc784-2lvi-i specified in board_part file is either invalid or not available
WARNING: [Board 49-26] cannot add Board Part xilinx.com:k26i:part0:1.3 available at C:/Xilinx/Vivado/2022.2/data/xhub/boards/XilinxBoardStore/boards/Xilinx/k26i/1.3/board.xml as part xck26-sfvc784-2lvi-i specified in board_part file is either invalid or not available
WARNING: [Board 49-26] cannot add Board Part xilinx.com:k26i:part0:1.4 available at C:/Xilinx/Vivado/2022.2/data/xhub/boards/XilinxBoardStore/boards/Xilinx/k26i/1.4/board.xml as part xck26-sfvc784-2lvi-i specified in board_part file is either invalid or not available
WARNING: [Board 49-26] cannot add Board Part xilinx.com:kc705:part0:1.6 available at C:/Xilinx/Vivado/2022.2/data/xhub/boards/XilinxBoardStore/boards/Xilinx/kc705/1.6/board.xml as part xc7k325tffg900-2 specified in board_part file is either invalid or not available
WARNING: [Board 49-26] cannot add Board Part xilinx.com:kcu105:part0:1.6 available at C:/Xilinx/Vivado/2022.2/data/xhub/boards/XilinxBoardStore/boards/Xilinx/kcu105/1.6/board.xml as part xcku040-ffva1156-2-e specified in board_part file is either invalid or not available
WARNING: [Board 49-26] cannot add Board Part xilinx.com:kcu105:part0:1.7 available at C:/Xilinx/Vivado/2022.2/data/xhub/boards/XilinxBoardStore/boards/Xilinx/kcu105/1.7/board.xml as part xcku040-ffva1156-2-e specified in board_part file is either invalid or not available
WARNING: [Board 49-26] cannot add Board Part xilinx.com:kcu116:part0:1.4 available at C:/Xilinx/Vivado/2022.2/data/xhub/boards/XilinxBoardStore/boards/Xilinx/kcu116/1.4/board.xml as part xcku5p-ffvb676-2-e specified in board_part file is either invalid or not available
WARNING: [Board 49-26] cannot add Board Part xilinx.com:kcu116:part0:1.5 available at C:/Xilinx/Vivado/2022.2/data/xhub/boards/XilinxBoardStore/boards/Xilinx/kcu116/1.5/board.xml as part xcku5p-ffvb676-2-e specified in board_part file is either invalid or not available
WARNING: [Board 49-26] cannot add Board Part xilinx.com:kcu1500:part0:1.2 available at C:/Xilinx/Vivado/2022.2/data/xhub/boards/XilinxBoardStore/boards/Xilinx/kcu1500/1.2/board.xml as part xcku115-flvb2104-2-e specified in board_part file is either invalid or not available
WARNING: [Board 49-26] cannot add Board Part xilinx.com:kr260_som:part0:1.0 available at C:/Xilinx/Vivado/2022.2/data/xhub/boards/XilinxBoardStore/boards/Xilinx/kr260_som/1.0/board.xml as part xck26-sfvc784-2lv-c specified in board_part file is either invalid or not available
WARNING: [Board 49-26] cannot add Board Part xilinx.com:kr260_som:part0:1.1 available at C:/Xilinx/Vivado/2022.2/data/xhub/boards/XilinxBoardStore/boards/Xilinx/kr260_som/1.1/board.xml as part xck26-sfvc784-2lv-c specified in board_part file is either invalid or not available
WARNING: [Board 49-26] cannot add Board Part xilinx.com:kv260_som:part0:1.2 available at C:/Xilinx/Vivado/2022.2/data/xhub/boards/XilinxBoardStore/boards/Xilinx/kv260_som/1.2/board.xml as part xck26-sfvc784-2lv-c specified in board_part file is either invalid or not available
WARNING: [Board 49-26] cannot add Board Part xilinx.com:kv260_som:part0:1.3 available at C:/Xilinx/Vivado/2022.2/data/xhub/boards/XilinxBoardStore/boards/Xilinx/kv260_som/1.3/board.xml as part xck26-sfvc784-2lv-c specified in board_part file is either invalid or not available
WARNING: [Board 49-26] cannot add Board Part xilinx.com:kv260_som:part0:1.4 available at C:/Xilinx/Vivado/2022.2/data/xhub/boards/XilinxBoardStore/boards/Xilinx/kv260_som/1.4/board.xml as part xck26-sfvc784-2lv-c specified in board_part file is either invalid or not available
WARNING: [Board 49-26] cannot add Board Part xilinx.com:vc707:part0:1.4 available at C:/Xilinx/Vivado/2022.2/data/xhub/boards/XilinxBoardStore/boards/Xilinx/vc707/1.4/board.xml as part xc7vx485tffg1761-2 specified in board_part file is either invalid or not available
WARNING: [Board 49-26] cannot add Board Part xilinx.com:vc709:part0:1.8 available at C:/Xilinx/Vivado/2022.2/data/xhub/boards/XilinxBoardStore/boards/Xilinx/vc709/1.8/board.xml as part xc7vx690tffg1761-2 specified in board_part file is either invalid or not available
WARNING: [Board 49-26] cannot add Board Part xilinx.com:vck190:part0:2.2 available at C:/Xilinx/Vivado/2022.2/data/xhub/boards/XilinxBoardStore/boards/Xilinx/vck190/production/2.2/board.xml as part xcvc1902-vsva2197-2mp-e-s specified in board_part file is either invalid or not available
WARNING: [Board 49-26] cannot add Board Part xilinx.com:vck190:part0:3.0 available at C:/Xilinx/Vivado/2022.2/data/xhub/boards/XilinxBoardStore/boards/Xilinx/vck190/production/3.0/board.xml as part xcvc1902-vsva2197-2mp-e-s specified in board_part file is either invalid or not available
WARNING: [Board 49-26] cannot add Board Part xilinx.com:vck190:part0:3.1 available at C:/Xilinx/Vivado/2022.2/data/xhub/boards/XilinxBoardStore/boards/Xilinx/vck190/production/3.1/board.xml as part xcvc1902-vsva2197-2mp-e-s specified in board_part file is either invalid or not available
WARNING: [Board 49-26] cannot add Board Part xilinx.com:vck190_newl:part0:1.0 available at C:/Xilinx/Vivado/2022.2/data/xhub/boards/XilinxBoardStore/boards/Xilinx/vck190_newl/production/1.0/board.xml as part xcvc1902-vsva2197-2mp-e-s specified in board_part file is either invalid or not available
WARNING: [Board 49-26] cannot add Board Part xilinx.com:vcu108:part0:1.6 available at C:/Xilinx/Vivado/2022.2/data/xhub/boards/XilinxBoardStore/boards/Xilinx/vcu108/1.6/board.xml as part xcvu095-ffva2104-2-e specified in board_part file is either invalid or not available
WARNING: [Board 49-26] cannot add Board Part xilinx.com:vcu108:part0:1.7 available at C:/Xilinx/Vivado/2022.2/data/xhub/boards/XilinxBoardStore/boards/Xilinx/vcu108/1.7/board.xml as part xcvu095-ffva2104-2-e specified in board_part file is either invalid or not available
WARNING: [Board 49-26] cannot add Board Part xilinx.com:vcu110:part0:1.4 available at C:/Xilinx/Vivado/2022.2/data/xhub/boards/XilinxBoardStore/boards/Xilinx/vcu110/1.4/board.xml as part xcvu190-flgc2104-2-e specified in board_part file is either invalid or not available
WARNING: [Board 49-26] cannot add Board Part xilinx.com:vcu118:part0:2.0 available at C:/Xilinx/Vivado/2022.2/data/xhub/boards/XilinxBoardStore/boards/Xilinx/vcu118/2.0/board.xml as part xcvu9p-flga2104-2l-e specified in board_part file is either invalid or not available
WARNING: [Board 49-26] cannot add Board Part xilinx.com:vcu118:part0:2.3 available at C:/Xilinx/Vivado/2022.2/data/xhub/boards/XilinxBoardStore/boards/Xilinx/vcu118/2.3/board.xml as part xcvu9p-flga2104-2l-e specified in board_part file is either invalid or not available
WARNING: [Board 49-26] cannot add Board Part xilinx.com:vcu118:part0:2.4 available at C:/Xilinx/Vivado/2022.2/data/xhub/boards/XilinxBoardStore/boards/Xilinx/vcu118/2.4/board.xml as part xcvu9p-flga2104-2l-e specified in board_part file is either invalid or not available
WARNING: [Board 49-26] cannot add Board Part xilinx.com:vcu128:part0:1.0 available at C:/Xilinx/Vivado/2022.2/data/xhub/boards/XilinxBoardStore/boards/Xilinx/vcu128/production/1.0/board.xml as part xcvu37p-fsvh2892-2l-e specified in board_part file is either invalid or not available
WARNING: [Board 49-26] cannot add Board Part xilinx.com:vcu129:part0:1.0 available at C:/Xilinx/Vivado/2022.2/data/xhub/boards/XilinxBoardStore/boards/Xilinx/vcu129/production/1.0/board.xml as part xcvu29p-fsga2577-2l-e specified in board_part file is either invalid or not available
WARNING: [Board 49-26] cannot add Board Part xilinx.com:vcu1525:part0:1.3 available at C:/Xilinx/Vivado/2022.2/data/xhub/boards/XilinxBoardStore/boards/Xilinx/vcu1525/1.3/board.xml as part xcvu9p-fsgd2104-2l-e specified in board_part file is either invalid or not available
WARNING: [Board 49-26] cannot add Board Part xilinx.com:vek280_es:part0:1.0 available at C:/Xilinx/Vivado/2022.2/data/xhub/boards/XilinxBoardStore/boards/Xilinx/vek280/es/1.0/board.xml as part xcve2802-vsvh1760-2lp-e-s-es1 specified in board_part file is either invalid or not available
WARNING: [Board 49-26] cannot add Board Part xilinx.com:vermeo_t1_mpsoc:part0:1.0 available at C:/Xilinx/Vivado/2022.2/data/xhub/boards/XilinxBoardStore/boards/Xilinx/vermeo_t1_mpsoc/1.0/board.xml as part xczu19eg-ffvd1760-2l-e specified in board_part file is either invalid or not available
WARNING: [Board 49-26] cannot add Board Part xilinx.com:vermeo_t1_rfsoc:part0:1.0 available at C:/Xilinx/Vivado/2022.2/data/xhub/boards/XilinxBoardStore/boards/Xilinx/vermeo_t1_rfsoc/1.0/board.xml as part xczu21dr-ffvd1156-2l-e specified in board_part file is either invalid or not available
WARNING: [Board 49-26] cannot add Board Part xilinx.com:vhk158_es:part0:1.0 available at C:/Xilinx/Vivado/2022.2/data/xhub/boards/XilinxBoardStore/boards/Xilinx/vhk158/es/1.0/board.xml as part xcvh1582-vsva3697-2mp-e-s-es1 specified in board_part file is either invalid or not available
WARNING: [Board 49-26] cannot add Board Part xilinx.com:vmk180:part0:2.2 available at C:/Xilinx/Vivado/2022.2/data/xhub/boards/XilinxBoardStore/boards/Xilinx/vmk180/production/2.2/board.xml as part xcvm1802-vsva2197-2mp-e-s specified in board_part file is either invalid or not available
WARNING: [Board 49-26] cannot add Board Part xilinx.com:vmk180:part0:3.0 available at C:/Xilinx/Vivado/2022.2/data/xhub/boards/XilinxBoardStore/boards/Xilinx/vmk180/production/3.0/board.xml as part xcvm1802-vsva2197-2mp-e-s specified in board_part file is either invalid or not available
WARNING: [Board 49-26] cannot add Board Part xilinx.com:vmk180:part0:3.1 available at C:/Xilinx/Vivado/2022.2/data/xhub/boards/XilinxBoardStore/boards/Xilinx/vmk180/production/3.1/board.xml as part xcvm1802-vsva2197-2mp-e-s specified in board_part file is either invalid or not available
WARNING: [Board 49-26] cannot add Board Part xilinx.com:vmk180_newl:part0:1.0 available at C:/Xilinx/Vivado/2022.2/data/xhub/boards/XilinxBoardStore/boards/Xilinx/vmk180_newl/production/1.0/board.xml as part xcvm1802-vsva2197-2mp-e-s specified in board_part file is either invalid or not available
WARNING: [Board 49-26] cannot add Board Part xilinx.com:vpk120:part0:1.0 available at C:/Xilinx/Vivado/2022.2/data/xhub/boards/XilinxBoardStore/boards/Xilinx/vpk120/production/1.0/board.xml as part xcvp1202-vsva2785-2mp-e-s specified in board_part file is either invalid or not available
WARNING: [Board 49-26] cannot add Board Part xilinx.com:vpk120_es:part0:1.2 available at C:/Xilinx/Vivado/2022.2/data/xhub/boards/XilinxBoardStore/boards/Xilinx/vpk120/es/1.2/board.xml as part xcvp1202-vsva2785-2mp-e-s-es1 specified in board_part file is either invalid or not available
WARNING: [Board 49-26] cannot add Board Part xilinx.com:vpk120_es_revb:part0:1.0 available at C:/Xilinx/Vivado/2022.2/data/xhub/boards/XilinxBoardStore/boards/Xilinx/vpk120_revb/es/1.0/board.xml as part xcvp1202-vsva2785-2mp-e-s-es1 specified in board_part file is either invalid or not available
WARNING: [Board 49-26] cannot add Board Part xilinx.com:vpk180_es:part0:1.0 available at C:/Xilinx/Vivado/2022.2/data/xhub/boards/XilinxBoardStore/boards/Xilinx/vpk180/es/1.0/board.xml as part xcvp1802-lsvc4072-2mp-e-s-es1 specified in board_part file is either invalid or not available
WARNING: [Board 49-26] cannot add Board Part xilinx.com:zc702:part0:1.4 available at C:/Xilinx/Vivado/2022.2/data/xhub/boards/XilinxBoardStore/boards/Xilinx/zc702/1.4/board.xml as part xc7z020clg484-1 specified in board_part file is either invalid or not available
WARNING: [Board 49-26] cannot add Board Part xilinx.com:zc706:part0:1.4 available at C:/Xilinx/Vivado/2022.2/data/xhub/boards/XilinxBoardStore/boards/Xilinx/zc706/1.4/board.xml as part xc7z045ffg900-2 specified in board_part file is either invalid or not available
WARNING: [Board 49-26] cannot add Board Part xilinx.com:zcu102:part0:3.3 available at C:/Xilinx/Vivado/2022.2/data/xhub/boards/XilinxBoardStore/boards/Xilinx/zcu102/3.3/board.xml as part xczu9eg-ffvb1156-2-e specified in board_part file is either invalid or not available
WARNING: [Board 49-26] cannot add Board Part xilinx.com:zcu102:part0:3.4 available at C:/Xilinx/Vivado/2022.2/data/xhub/boards/XilinxBoardStore/boards/Xilinx/zcu102/3.4/board.xml as part xczu9eg-ffvb1156-2-e specified in board_part file is either invalid or not available
WARNING: [Board 49-26] cannot add Board Part xilinx.com:zcu104:part0:1.1 available at C:/Xilinx/Vivado/2022.2/data/xhub/boards/XilinxBoardStore/boards/Xilinx/zcu104/1.1/board.xml as part xczu7ev-ffvc1156-2-e specified in board_part file is either invalid or not available
WARNING: [Board 49-26] cannot add Board Part xilinx.com:zcu106:part0:2.4 available at C:/Xilinx/Vivado/2022.2/data/xhub/boards/XilinxBoardStore/boards/Xilinx/zcu106/2.4/board.xml as part xczu7ev-ffvc1156-2-e specified in board_part file is either invalid or not available
WARNING: [Board 49-26] cannot add Board Part xilinx.com:zcu106:part0:2.5 available at C:/Xilinx/Vivado/2022.2/data/xhub/boards/XilinxBoardStore/boards/Xilinx/zcu106/2.5/board.xml as part xczu7ev-ffvc1156-2-e specified in board_part file is either invalid or not available
WARNING: [Board 49-26] cannot add Board Part xilinx.com:zcu106:part0:2.6 available at C:/Xilinx/Vivado/2022.2/data/xhub/boards/XilinxBoardStore/boards/Xilinx/zcu106/2.6/board.xml as part xczu7ev-ffvc1156-2-e specified in board_part file is either invalid or not available
WARNING: [Board 49-26] cannot add Board Part xilinx.com:zcu111:part0:1.2 available at C:/Xilinx/Vivado/2022.2/data/xhub/boards/XilinxBoardStore/boards/Xilinx/zcu111/1.2/board.xml as part xczu28dr-ffvg1517-2-e specified in board_part file is either invalid or not available
WARNING: [Board 49-26] cannot add Board Part xilinx.com:zcu111:part0:1.3 available at C:/Xilinx/Vivado/2022.2/data/xhub/boards/XilinxBoardStore/boards/Xilinx/zcu111/1.3/board.xml as part xczu28dr-ffvg1517-2-e specified in board_part file is either invalid or not available
WARNING: [Board 49-26] cannot add Board Part xilinx.com:zcu111:part0:1.4 available at C:/Xilinx/Vivado/2022.2/data/xhub/boards/XilinxBoardStore/boards/Xilinx/zcu111/1.4/board.xml as part xczu28dr-ffvg1517-2-e specified in board_part file is either invalid or not available
WARNING: [Board 49-26] cannot add Board Part xilinx.com:zcu1275:part0:1.0 available at C:/Xilinx/Vivado/2022.2/data/xhub/boards/XilinxBoardStore/boards/Xilinx/zcu1275/1.0/board.xml as part xczu29dr-ffvf1760-2-e specified in board_part file is either invalid or not available
WARNING: [Board 49-26] cannot add Board Part xilinx.com:zcu1285:part0:1.0 available at C:/Xilinx/Vivado/2022.2/data/xhub/boards/XilinxBoardStore/boards/Xilinx/zcu1285/1.0/board.xml as part xczu39dr-ffvf1760-2-i specified in board_part file is either invalid or not available
WARNING: [Board 49-26] cannot add Board Part xilinx.com:zcu208:part0:2.0 available at C:/Xilinx/Vivado/2022.2/data/xhub/boards/XilinxBoardStore/boards/Xilinx/zcu208/production/2.0/board.xml as part xczu48dr-fsvg1517-2-e specified in board_part file is either invalid or not available
WARNING: [Board 49-26] cannot add Board Part xilinx.com:zcu208ld:part0:2.0 available at C:/Xilinx/Vivado/2022.2/data/xhub/boards/XilinxBoardStore/boards/Xilinx/zcu208ld/production/2.0/board.xml as part xczu58dr-fsvg1517-2-i specified in board_part file is either invalid or not available
WARNING: [Board 49-26] cannot add Board Part xilinx.com:zcu216:part0:2.0 available at C:/Xilinx/Vivado/2022.2/data/xhub/boards/XilinxBoardStore/boards/Xilinx/zcu216/production/2.0/board.xml as part xczu49dr-ffvf1760-2-e specified in board_part file is either invalid or not available
WARNING: [Board 49-26] cannot add Board Part xilinx.com:zcu216ld:part0:2.0 available at C:/Xilinx/Vivado/2022.2/data/xhub/boards/XilinxBoardStore/boards/Xilinx/zcu216ld/production/2.0/board.xml as part xczu59dr-ffvf1760-2-i specified in board_part file is either invalid or not available
WARNING: [Board 49-26] cannot add Board Part xilinx.com:zcu670:part0:2.0 available at C:/Xilinx/Vivado/2022.2/data/xhub/boards/XilinxBoardStore/boards/Xilinx/zcu670/2.0/board.xml as part xczu67dr-fsve1156-2-i specified in board_part file is either invalid or not available
WARNING: [Board 49-26] cannot add Board Part xilinx.com:zcu670ld:part0:1.0 available at C:/Xilinx/Vivado/2022.2/data/xhub/boards/XilinxBoardStore/boards/Xilinx/zcu670ld/1.0/board.xml as part xczu57dr-fsve1156-2-i specified in board_part file is either invalid or not available
create_project: Time (s): cpu = 00:00:05 ; elapsed = 00:00:07 . Memory (MB): peak = 2628.488 ; gain = 0.000
INFO: [IP_Flow 19-234] Refreshing IP repositories
INFO: [IP_Flow 19-1700] Loaded user IP repository 'c:/Users/Shane/Documents/Classes/ECE_385/Lab_7/lab_7_2/ip_repo'.
INFO: [IP_Flow 19-795] Syncing license key meta-data
ipx::edit_ip_in_project: Time (s): cpu = 00:00:13 ; elapsed = 00:00:18 . Memory (MB): peak = 2628.488 ; gain = 0.000
update_compile_order -fileset sources_1
set_property core_revision 9 [ipx::current_core]
ipx::update_source_project_archive -component [ipx::current_core]
ipx::create_xgui_files [ipx::current_core]
ipx::update_checksums [ipx::current_core]
ipx::check_integrity [ipx::current_core]
WARNING: [IP_Flow 19-5905] All packaged files should be located below the IP definition file (xml)
WARNING: [IP_Flow 19-5661] Bus Interface 'hdmi_clk_n' does not have any bus interfaces associated with it.
WARNING: [IP_Flow 19-4751] Bus Interface 'hdmi_clk_n': FREQ_HZ bus parameter is missing for output clock interface.
WARNING: [IP_Flow 19-5661] Bus Interface 'hdmi_clk_p' does not have any bus interfaces associated with it.
WARNING: [IP_Flow 19-4751] Bus Interface 'hdmi_clk_p': FREQ_HZ bus parameter is missing for output clock interface.
WARNING: [IP_Flow 19-1965] Bus Interface 'HDMI': A port map to the required logical port "DDC_SCL_I" of the bus abstraction "xilinx.com:interface:hdmi_rtl:2.0" is missing.
WARNING: [IP_Flow 19-1965] Bus Interface 'HDMI': A port map to the required logical port "DDC_SCL_O" of the bus abstraction "xilinx.com:interface:hdmi_rtl:2.0" is missing.
WARNING: [IP_Flow 19-1965] Bus Interface 'HDMI': A port map to the required logical port "DDC_SCL_T" of the bus abstraction "xilinx.com:interface:hdmi_rtl:2.0" is missing.
WARNING: [IP_Flow 19-1965] Bus Interface 'HDMI': A port map to the required logical port "DDC_SDA_I" of the bus abstraction "xilinx.com:interface:hdmi_rtl:2.0" is missing.
WARNING: [IP_Flow 19-1965] Bus Interface 'HDMI': A port map to the required logical port "DDC_SDA_O" of the bus abstraction "xilinx.com:interface:hdmi_rtl:2.0" is missing.
WARNING: [IP_Flow 19-1965] Bus Interface 'HDMI': A port map to the required logical port "DDC_SDA_T" of the bus abstraction "xilinx.com:interface:hdmi_rtl:2.0" is missing.
WARNING: [IP_Flow 19-1965] Bus Interface 'HDMI': A port map to the required logical port "CABLE_CONNECT" of the bus abstraction "xilinx.com:interface:hdmi_rtl:2.0" is missing.
WARNING: [IP_Flow 19-1965] Bus Interface 'HDMI': A port map to the required logical port "HPD" of the bus abstraction "xilinx.com:interface:hdmi_rtl:2.0" is missing.
INFO: [IP_Flow 19-2181] Payment Required is not set for this core.
INFO: [IP_Flow 19-2187] The Product Guide file is missing.
INFO: [Ipptcl 7-1486] check_integrity: Integrity check passed.
ipx::save_core [ipx::current_core]
current_project lab_7_2
open_bd_design {C:/Users/Shane/Documents/Classes/ECE_385/Lab_7/lab_7_2/lab_7_2.srcs/sources_1/bd/mb_block/mb_block.bd}
Reading block design file <C:/Users/Shane/Documents/Classes/ECE_385/Lab_7/lab_7_2/lab_7_2.srcs/sources_1/bd/mb_block/mb_block.bd>...
Adding component instance block -- xilinx.com:ip:microblaze:11.0 - microblaze_0
Adding component instance block -- xilinx.com:ip:lmb_v10:3.0 - dlmb_v10
Adding component instance block -- xilinx.com:ip:lmb_v10:3.0 - ilmb_v10
Adding component instance block -- xilinx.com:ip:lmb_bram_if_cntlr:4.0 - dlmb_bram_if_cntlr
Adding component instance block -- xilinx.com:ip:lmb_bram_if_cntlr:4.0 - ilmb_bram_if_cntlr
Adding component instance block -- xilinx.com:ip:blk_mem_gen:8.4 - lmb_bram
Adding component instance block -- xilinx.com:ip:axi_interconnect:2.1 - microblaze_0_axi_periph
Adding component instance block -- xilinx.com:ip:axi_crossbar:2.1 - xbar
Adding component instance block -- xilinx.com:ip:axi_intc:4.1 - microblaze_0_axi_intc
Adding component instance block -- xilinx.com:ip:mdm:3.2 - mdm_1
Adding component instance block -- xilinx.com:ip:clk_wiz:6.0 - clk_wiz_1
Adding component instance block -- xilinx.com:ip:proc_sys_reset:5.0 - rst_clk_wiz_1_100M
Adding component instance block -- xilinx.com:ip:axi_uartlite:2.0 - axi_uartlite_0
Adding component instance block -- xilinx.com:user:hdmi_text_controller:1.0 - hdmi_text_controller_0
Successfully read diagram <mb_block> from block design file <C:/Users/Shane/Documents/Classes/ECE_385/Lab_7/lab_7_2/lab_7_2.srcs/sources_1/bd/mb_block/mb_block.bd>
open_bd_design: Time (s): cpu = 00:00:05 ; elapsed = 00:00:07 . Memory (MB): peak = 2628.488 ; gain = 0.000
update_ip_catalog -rebuild -scan_changes
INFO: [IP_Flow 19-234] Refreshing IP repositories
INFO: [IP_Flow 19-1700] Loaded user IP repository 'c:/Users/Shane/Documents/Classes/ECE_385/Lab_7/lab_7_2/ip_repo'.
report_ip_status -name ip_status
upgrade_ip -vlnv xilinx.com:user:hdmi_text_controller:1.0 [get_ips  mb_block_hdmi_text_controller_0_1] -log ip_upgrade.log
Upgrading 'C:/Users/Shane/Documents/Classes/ECE_385/Lab_7/lab_7_2/lab_7_2.srcs/sources_1/bd/mb_block/mb_block.bd'
INFO: [IP_Flow 19-3422] Upgraded mb_block_hdmi_text_controller_0_1 (hdmi_text_controller_v1.0 1.0) from revision 8 to revision 9
Wrote  : <C:\Users\Shane\Documents\Classes\ECE_385\Lab_7\lab_7_2\lab_7_2.srcs\sources_1\bd\mb_block\mb_block.bd> 
Wrote  : <C:/Users/Shane/Documents/Classes/ECE_385/Lab_7/lab_7_2/lab_7_2.srcs/sources_1/bd/mb_block/ui/bd_d3042d03.ui> 
INFO: [Coretcl 2-1525] Wrote upgrade log to 'C:/Users/Shane/Documents/Classes/ECE_385/Lab_7/lab_7_2/ip_upgrade.log'.
export_ip_user_files -of_objects [get_ips mb_block_hdmi_text_controller_0_1] -no_script -sync -force -quiet
report_ip_status -name ip_status 
reset_run synth_1
INFO: [Project 1-1161] Replacing file C:/Users/Shane/Documents/Classes/ECE_385/Lab_7/lab_7_2/lab_7_2.srcs/utils_1/imports/synth_1/mb_usb_hdmi_top.dcp with file C:/Users/Shane/Documents/Classes/ECE_385/Lab_7/lab_7_2/lab_7_2.runs/synth_1/mb_usb_hdmi_top.dcp
launch_runs impl_1 -to_step write_bitstream -jobs 4
WARNING: [filemgmt 56-443] The ECC Algorithm string is empty. Setting the Memory Map to default ECC value to ECC_NONE.
WARNING: [filemgmt 56-443] The ECC Algorithm string is empty. Setting the Memory Map to default ECC value to ECC_NONE.
INFO: [xilinx.com:ip:clk_wiz:6.0-1] /clk_wiz_1 clk_wiz propagate
INFO: [xilinx.com:ip:axi_intc:4.1-1] /microblaze_0_axi_intc: The AXI INTC core has been configured to operate with synchronous clocks.
Wrote  : <C:\Users\Shane\Documents\Classes\ECE_385\Lab_7\lab_7_2\lab_7_2.srcs\sources_1\bd\mb_block\mb_block.bd> 
Wrote  : <C:/Users/Shane/Documents/Classes/ECE_385/Lab_7/lab_7_2/lab_7_2.srcs/sources_1/bd/mb_block/ui/bd_d3042d03.ui> 
Verilog Output written to : c:/Users/Shane/Documents/Classes/ECE_385/Lab_7/lab_7_2/lab_7_2.gen/sources_1/bd/mb_block/synth/mb_block.v
Verilog Output written to : c:/Users/Shane/Documents/Classes/ECE_385/Lab_7/lab_7_2/lab_7_2.gen/sources_1/bd/mb_block/sim/mb_block.v
Verilog Output written to : c:/Users/Shane/Documents/Classes/ECE_385/Lab_7/lab_7_2/lab_7_2.gen/sources_1/bd/mb_block/hdl/mb_block_wrapper.v
INFO: [BD 41-1029] Generation completed for the IP Integrator block hdmi_text_controller_0 .
Exporting to file c:/Users/Shane/Documents/Classes/ECE_385/Lab_7/lab_7_2/lab_7_2.gen/sources_1/bd/mb_block/hw_handoff/mb_block.hwh
Generated Hardware Definition File c:/Users/Shane/Documents/Classes/ECE_385/Lab_7/lab_7_2/lab_7_2.gen/sources_1/bd/mb_block/synth/mb_block.hwdef
INFO: [IP_Flow 19-6924] IPCACHE: Running cache check for IP inst: mb_block_hdmi_text_controller_0_1
[Thu Nov  7 10:22:37 2024] Launched mb_block_hdmi_text_controller_0_1_synth_1, synth_1...
Run output will be captured here:
mb_block_hdmi_text_controller_0_1_synth_1: C:/Users/Shane/Documents/Classes/ECE_385/Lab_7/lab_7_2/lab_7_2.runs/mb_block_hdmi_text_controller_0_1_synth_1/runme.log
synth_1: C:/Users/Shane/Documents/Classes/ECE_385/Lab_7/lab_7_2/lab_7_2.runs/synth_1/runme.log
[Thu Nov  7 10:22:38 2024] Launched impl_1...
Run output will be captured here: C:/Users/Shane/Documents/Classes/ECE_385/Lab_7/lab_7_2/lab_7_2.runs/impl_1/runme.log
launch_runs: Time (s): cpu = 00:00:22 ; elapsed = 00:00:27 . Memory (MB): peak = 2646.156 ; gain = 17.668
write_hw_platform -fixed -include_bit -force -file C:/Users/Shane/Documents/Classes/ECE_385/Lab_7/lab_7_2/mb_usb_hdmi_top.xsa
INFO: [Project 1-1918] Creating Hardware Platform: C:/Users/Shane/Documents/Classes/ECE_385/Lab_7/lab_7_2/mb_usb_hdmi_top.xsa ...
INFO: [Project 1-1943] The Hardware Platform can be used for Hardware
INFO: [Project 1-1941] Successfully created Hardware Platform: C:/Users/Shane/Documents/Classes/ECE_385/Lab_7/lab_7_2/mb_usb_hdmi_top.xsa
INFO: [Hsi 55-2053] elapsed time for repository (C:/Xilinx/Vivado/2022.2/data/embeddedsw) loading 3 seconds
write_hw_platform: Time (s): cpu = 00:00:03 ; elapsed = 00:00:06 . Memory (MB): peak = 2646.156 ; gain = 0.000
INFO: [Vivado 12-8231] Launching Vitis
INFO: [Vivado 12-417] Running vitis
INFO: [Vivado 12-8232] Vitis launch initiated. Please check console for any further messages.
INFO: [Coretcl 2-12] '/hdmi_text_controller_0/AXI' selected.
INFO: [Coretcl 2-12] '/hdmi_text_controller_0/AXI' selected.
current_project hdmi_text_controller_v1_0_project
set_property -name {xsim.simulate.runtime} -value {all} -objects [get_filesets sim_1]
set_property dataflow_viewer_settings "min_width=16"   [current_fileset]
WARNING: [filemgmt 56-199] Attempt to get parsing info during refresh. "On-the-fly" syntax checking information may be incorrect. [C:\Users\Shane\Documents\Classes\ECE_385\Lab_7\lab_7_2\ip_repo\hdmi_text_controller_1_0\src\hdmi_text_controller_v1_0_AXI.sv:]
WARNING: [filemgmt 56-199] Attempt to get parsing info during refresh. "On-the-fly" syntax checking information may be incorrect. [C:\Users\Shane\Documents\Classes\ECE_385\Lab_7\lab_7_2\ip_repo\hdmi_text_controller_1_0\src\hdmi_text_controller_v1_0_tb.sv:]
ERROR: [Common 17-180] Spawn failed: No error
set_property library xil_defaultlib [get_files]
INFO: [filemgmt 56-586] Changing the library of an IP is not allowed
INFO: [filemgmt 56-586] Changing the library of an IP is not allowed
INFO: [filemgmt 56-586] Changing the library of an IP is not allowed
generate_target Simulation [get_files c:/Users/Shane/Documents/Classes/ECE_385/Lab_7/lab_7_2/ip_repo/hdmi_text_controller_1_0/src/hdmi_tx_0/hdmi_tx_0.xci]
INFO: [IP_Flow 19-1686] Generating 'Simulation' target for IP 'vga_to_hdmi'...
export_ip_user_files -of_objects [get_files c:/Users/Shane/Documents/Classes/ECE_385/Lab_7/lab_7_2/ip_repo/hdmi_text_controller_1_0/src/hdmi_tx_0/hdmi_tx_0.xci] -no_script -sync -force -quiet
export_simulation -of_objects [get_files c:/Users/Shane/Documents/Classes/ECE_385/Lab_7/lab_7_2/ip_repo/hdmi_text_controller_1_0/src/hdmi_tx_0/hdmi_tx_0.xci] -directory c:/users/shane/documents/classes/ece_385/lab_7/lab_7_2/lab_7_2.tmp/hdmi_text_controller_v1_0_project/hdmi_text_controller_v1_0_project.ip_user_files/sim_scripts -ip_user_files_dir c:/users/shane/documents/classes/ece_385/lab_7/lab_7_2/lab_7_2.tmp/hdmi_text_controller_v1_0_project/hdmi_text_controller_v1_0_project.ip_user_files -ipstatic_source_dir c:/users/shane/documents/classes/ece_385/lab_7/lab_7_2/lab_7_2.tmp/hdmi_text_controller_v1_0_project/hdmi_text_controller_v1_0_project.ip_user_files/ipstatic -lib_map_path [list {modelsim=c:/users/shane/documents/classes/ece_385/lab_7/lab_7_2/lab_7_2.tmp/hdmi_text_controller_v1_0_project/hdmi_text_controller_v1_0_project.cache/compile_simlib/modelsim} {questa=c:/users/shane/documents/classes/ece_385/lab_7/lab_7_2/lab_7_2.tmp/hdmi_text_controller_v1_0_project/hdmi_text_controller_v1_0_project.cache/compile_simlib/questa} {riviera=c:/users/shane/documents/classes/ece_385/lab_7/lab_7_2/lab_7_2.tmp/hdmi_text_controller_v1_0_project/hdmi_text_controller_v1_0_project.cache/compile_simlib/riviera} {activehdl=c:/users/shane/documents/classes/ece_385/lab_7/lab_7_2/lab_7_2.tmp/hdmi_text_controller_v1_0_project/hdmi_text_controller_v1_0_project.cache/compile_simlib/activehdl}] -use_ip_compiled_libs -force -quiet
generate_target Simulation [get_files c:/Users/Shane/Documents/Classes/ECE_385/Lab_7/lab_7_2/ip_repo/hdmi_text_controller_1_0/src/clk_wiz_0/clk_wiz_0.xci]
INFO: [IP_Flow 19-1686] Generating 'Simulation' target for IP 'clk_wiz'...
export_ip_user_files -of_objects [get_files c:/Users/Shane/Documents/Classes/ECE_385/Lab_7/lab_7_2/ip_repo/hdmi_text_controller_1_0/src/clk_wiz_0/clk_wiz_0.xci] -no_script -sync -force -quiet
export_simulation -of_objects [get_files c:/Users/Shane/Documents/Classes/ECE_385/Lab_7/lab_7_2/ip_repo/hdmi_text_controller_1_0/src/clk_wiz_0/clk_wiz_0.xci] -directory c:/users/shane/documents/classes/ece_385/lab_7/lab_7_2/lab_7_2.tmp/hdmi_text_controller_v1_0_project/hdmi_text_controller_v1_0_project.ip_user_files/sim_scripts -ip_user_files_dir c:/users/shane/documents/classes/ece_385/lab_7/lab_7_2/lab_7_2.tmp/hdmi_text_controller_v1_0_project/hdmi_text_controller_v1_0_project.ip_user_files -ipstatic_source_dir c:/users/shane/documents/classes/ece_385/lab_7/lab_7_2/lab_7_2.tmp/hdmi_text_controller_v1_0_project/hdmi_text_controller_v1_0_project.ip_user_files/ipstatic -lib_map_path [list {modelsim=c:/users/shane/documents/classes/ece_385/lab_7/lab_7_2/lab_7_2.tmp/hdmi_text_controller_v1_0_project/hdmi_text_controller_v1_0_project.cache/compile_simlib/modelsim} {questa=c:/users/shane/documents/classes/ece_385/lab_7/lab_7_2/lab_7_2.tmp/hdmi_text_controller_v1_0_project/hdmi_text_controller_v1_0_project.cache/compile_simlib/questa} {riviera=c:/users/shane/documents/classes/ece_385/lab_7/lab_7_2/lab_7_2.tmp/hdmi_text_controller_v1_0_project/hdmi_text_controller_v1_0_project.cache/compile_simlib/riviera} {activehdl=c:/users/shane/documents/classes/ece_385/lab_7/lab_7_2/lab_7_2.tmp/hdmi_text_controller_v1_0_project/hdmi_text_controller_v1_0_project.cache/compile_simlib/activehdl}] -use_ip_compiled_libs -force -quiet
generate_target Simulation [get_files c:/Users/Shane/Documents/Classes/ECE_385/Lab_7/lab_7_2/ip_repo/hdmi_text_controller_1_0/src/blk_mem_gen_0/blk_mem_gen_0.xci]
INFO: [IP_Flow 19-1686] Generating 'Simulation' target for IP 'sram0'...
export_ip_user_files -of_objects [get_files c:/Users/Shane/Documents/Classes/ECE_385/Lab_7/lab_7_2/ip_repo/hdmi_text_controller_1_0/src/blk_mem_gen_0/blk_mem_gen_0.xci] -no_script -sync -force -quiet
export_simulation -of_objects [get_files c:/Users/Shane/Documents/Classes/ECE_385/Lab_7/lab_7_2/ip_repo/hdmi_text_controller_1_0/src/blk_mem_gen_0/blk_mem_gen_0.xci] -directory c:/users/shane/documents/classes/ece_385/lab_7/lab_7_2/lab_7_2.tmp/hdmi_text_controller_v1_0_project/hdmi_text_controller_v1_0_project.ip_user_files/sim_scripts -ip_user_files_dir c:/users/shane/documents/classes/ece_385/lab_7/lab_7_2/lab_7_2.tmp/hdmi_text_controller_v1_0_project/hdmi_text_controller_v1_0_project.ip_user_files -ipstatic_source_dir c:/users/shane/documents/classes/ece_385/lab_7/lab_7_2/lab_7_2.tmp/hdmi_text_controller_v1_0_project/hdmi_text_controller_v1_0_project.ip_user_files/ipstatic -lib_map_path [list {modelsim=c:/users/shane/documents/classes/ece_385/lab_7/lab_7_2/lab_7_2.tmp/hdmi_text_controller_v1_0_project/hdmi_text_controller_v1_0_project.cache/compile_simlib/modelsim} {questa=c:/users/shane/documents/classes/ece_385/lab_7/lab_7_2/lab_7_2.tmp/hdmi_text_controller_v1_0_project/hdmi_text_controller_v1_0_project.cache/compile_simlib/questa} {riviera=c:/users/shane/documents/classes/ece_385/lab_7/lab_7_2/lab_7_2.tmp/hdmi_text_controller_v1_0_project/hdmi_text_controller_v1_0_project.cache/compile_simlib/riviera} {activehdl=c:/users/shane/documents/classes/ece_385/lab_7/lab_7_2/lab_7_2.tmp/hdmi_text_controller_v1_0_project/hdmi_text_controller_v1_0_project.cache/compile_simlib/activehdl}] -use_ip_compiled_libs -force -quiet
launch_simulation
Command: launch_simulation 
INFO: [Vivado 12-12493] Simulation top is 'hdmi_text_controller_tb'
WARNING: [Vivado 12-13340] Unable to auto find GCC executables from simulator install path! (path not set)
WARNING: [Vivado 12-13277] Compiled library path does not exist: ''
INFO: [Vivado 12-5698] Checking validity of IPs in the design for the 'XSim' simulator...
INFO: [Vivado 12-5682] Launching behavioral simulation in 'c:/users/shane/documents/classes/ece_385/lab_7/lab_7_2/lab_7_2.tmp/hdmi_text_controller_v1_0_project/hdmi_text_controller_v1_0_project.sim/sim_1/behav/xsim'
INFO: [Vivado 12-13660] Precompiled IP simulation library mode is enabled (default). The design IP libraries will be referenced from the compiled library path. Please note that if the precompiled version of the library is not found from the path or the IP is in locked state, then the library source files for these IPs will be compiled locally as part of the compile order.
INFO: [Vivado 12-4795] Using compiled simulation libraries for IPs
INFO: [SIM-utils-51] Simulation object is 'sim_1'
INFO: [SIM-utils-72] Using boost library from 'C:/Xilinx/Vivado/2022.2/tps/boost_1_72_0'
INFO: [USF-XSim-7] Finding pre-compiled libraries...
INFO: [USF-XSim-11] File 'C:/Xilinx/Vivado/2022.2/data/xsim/xsim.ini' copied to run dir:'c:/users/shane/documents/classes/ece_385/lab_7/lab_7_2/lab_7_2.tmp/hdmi_text_controller_v1_0_project/hdmi_text_controller_v1_0_project.sim/sim_1/behav/xsim'
INFO: [SIM-utils-54] Inspecting design source files for 'hdmi_text_controller_tb' in fileset 'sim_1'...
INFO: [USF-XSim-97] Finding global include files...
INFO: [USF-XSim-98] Fetching design files from 'sim_1'...
INFO: [USF-XSim-2] XSim::Compile design
INFO: [USF-XSim-61] Executing 'COMPILE and ANALYZE' step in 'c:/users/shane/documents/classes/ece_385/lab_7/lab_7_2/lab_7_2.tmp/hdmi_text_controller_v1_0_project/hdmi_text_controller_v1_0_project.sim/sim_1/behav/xsim'
"xvlog --incr --relax -L uvm -prj hdmi_text_controller_tb_vlog.prj"
INFO: [VRFC 10-2263] Analyzing Verilog file "c:/users/shane/documents/classes/ece_385/lab_7/lab_7_2/lab_7_2.tmp/hdmi_text_controller_v1_0_project/hdmi_text_controller_v1_0_project.gen/sources_1/ip/hdmi_tx_0/hdl/encode.v" into library xil_defaultlib
INFO: [VRFC 10-311] analyzing module encode
INFO: [VRFC 10-2263] Analyzing Verilog file "c:/users/shane/documents/classes/ece_385/lab_7/lab_7_2/lab_7_2.tmp/hdmi_text_controller_v1_0_project/hdmi_text_controller_v1_0_project.gen/sources_1/ip/hdmi_tx_0/hdl/serdes_10_to_1.v" into library xil_defaultlib
INFO: [VRFC 10-311] analyzing module serdes_10_to_1
INFO: [VRFC 10-2263] Analyzing Verilog file "c:/users/shane/documents/classes/ece_385/lab_7/lab_7_2/lab_7_2.tmp/hdmi_text_controller_v1_0_project/hdmi_text_controller_v1_0_project.gen/sources_1/ip/hdmi_tx_0/hdl/srldelay.v" into library xil_defaultlib
INFO: [VRFC 10-311] analyzing module srldelay
INFO: [VRFC 10-2263] Analyzing Verilog file "c:/users/shane/documents/classes/ece_385/lab_7/lab_7_2/lab_7_2.tmp/hdmi_text_controller_v1_0_project/hdmi_text_controller_v1_0_project.gen/sources_1/ip/hdmi_tx_0/hdl/hdmi_tx_v1_0.v" into library xil_defaultlib
INFO: [VRFC 10-311] analyzing module hdmi_tx_v1_0
INFO: [VRFC 10-2263] Analyzing Verilog file "c:/users/shane/documents/classes/ece_385/lab_7/lab_7_2/lab_7_2.tmp/hdmi_text_controller_v1_0_project/hdmi_text_controller_v1_0_project.gen/sources_1/ip/hdmi_tx_0/sim/hdmi_tx_0.v" into library xil_defaultlib
INFO: [VRFC 10-311] analyzing module hdmi_tx_0
INFO: [VRFC 10-2263] Analyzing Verilog file "c:/users/shane/documents/classes/ece_385/lab_7/lab_7_2/lab_7_2.tmp/hdmi_text_controller_v1_0_project/hdmi_text_controller_v1_0_project.gen/sources_1/ip/clk_wiz_0/clk_wiz_0_clk_wiz.v" into library xil_defaultlib
INFO: [VRFC 10-311] analyzing module clk_wiz_0_clk_wiz
INFO: [VRFC 10-2263] Analyzing Verilog file "c:/users/shane/documents/classes/ece_385/lab_7/lab_7_2/lab_7_2.tmp/hdmi_text_controller_v1_0_project/hdmi_text_controller_v1_0_project.gen/sources_1/ip/clk_wiz_0/clk_wiz_0.v" into library xil_defaultlib
INFO: [VRFC 10-311] analyzing module clk_wiz_0
INFO: [VRFC 10-2263] Analyzing Verilog file "c:/users/shane/documents/classes/ece_385/lab_7/lab_7_2/lab_7_2.tmp/hdmi_text_controller_v1_0_project/hdmi_text_controller_v1_0_project.gen/sources_1/ip/blk_mem_gen_0/sim/blk_mem_gen_0.v" into library xil_defaultlib
INFO: [VRFC 10-311] analyzing module blk_mem_gen_0
INFO: [VRFC 10-2263] Analyzing SystemVerilog file "c:/users/shane/documents/classes/ece_385/lab_7/lab_7_2/ip_repo/hdmi_text_controller_1_0/src/Color_Mapper.sv" into library xil_defaultlib
INFO: [VRFC 10-311] analyzing module color_mapper
INFO: [VRFC 10-2263] Analyzing SystemVerilog file "c:/users/shane/documents/classes/ece_385/lab_7/lab_7_2/ip_repo/hdmi_text_controller_1_0/src/VGA_controller.sv" into library xil_defaultlib
INFO: [VRFC 10-311] analyzing module vga_controller
INFO: [VRFC 10-2263] Analyzing SystemVerilog file "c:/users/shane/documents/classes/ece_385/lab_7/lab_7_2/ip_repo/hdmi_text_controller_1_0/src/font_rom.sv" into library xil_defaultlib
INFO: [VRFC 10-311] analyzing module font_rom
INFO: [VRFC 10-2263] Analyzing SystemVerilog file "c:/users/shane/documents/classes/ece_385/lab_7/lab_7_2/ip_repo/hdmi_text_controller_1_0/src/hdmi_text_controller_v1_0.sv" into library xil_defaultlib
INFO: [VRFC 10-311] analyzing module hdmi_text_controller_v1_0
INFO: [VRFC 10-2263] Analyzing SystemVerilog file "c:/users/shane/documents/classes/ece_385/lab_7/lab_7_2/ip_repo/hdmi_text_controller_1_0/src/hdmi_text_controller_v1_0_AXI.sv" into library xil_defaultlib
INFO: [VRFC 10-311] analyzing module hdmi_text_controller_v1_0_AXI
INFO: [VRFC 10-2263] Analyzing SystemVerilog file "c:/users/shane/documents/classes/ece_385/lab_7/lab_7_2/ip_repo/hdmi_text_controller_1_0/src/hdmi_text_controller_v1_0_tb.sv" into library xil_defaultlib
INFO: [VRFC 10-311] analyzing module hdmi_text_controller_tb
INFO: [VRFC 10-2263] Analyzing Verilog file "c:/users/shane/documents/classes/ece_385/lab_7/lab_7_2/lab_7_2.tmp/hdmi_text_controller_v1_0_project/hdmi_text_controller_v1_0_project.sim/sim_1/behav/xsim/glbl.v" into library xil_defaultlib
INFO: [VRFC 10-311] analyzing module glbl
run_program: Time (s): cpu = 00:00:00 ; elapsed = 00:00:05 . Memory (MB): peak = 2653.906 ; gain = 0.000
INFO: [USF-XSim-69] 'compile' step finished in '5' seconds
INFO: [USF-XSim-3] XSim::Elaborate design
INFO: [USF-XSim-61] Executing 'ELABORATE' step in 'c:/users/shane/documents/classes/ece_385/lab_7/lab_7_2/lab_7_2.tmp/hdmi_text_controller_v1_0_project/hdmi_text_controller_v1_0_project.sim/sim_1/behav/xsim'
"xelab --incr --debug typical --relax --mt 2 -L xil_defaultlib -L blk_mem_gen_v8_4_5 -L uvm -L unisims_ver -L unimacro_ver -L secureip -L xpm --snapshot hdmi_text_controller_tb_behav xil_defaultlib.hdmi_text_controller_tb xil_defaultlib.glbl -log elaborate.log"
Vivado Simulator v2022.2
Copyright 1986-1999, 2001-2022 Xilinx, Inc. All Rights Reserved.
Running: C:/Xilinx/Vivado/2022.2/bin/unwrapped/win64.o/xelab.exe --incr --debug typical --relax --mt 2 -L xil_defaultlib -L blk_mem_gen_v8_4_5 -L uvm -L unisims_ver -L unimacro_ver -L secureip -L xpm --snapshot hdmi_text_controller_tb_behav xil_defaultlib.hdmi_text_controller_tb xil_defaultlib.glbl -log elaborate.log 
Using 2 slave threads.
Starting static elaboration
Pass Through NonSizing Optimizer
WARNING: [VRFC 10-3091] actual bit length 32 differs from formal bit length 16 for port 'axi_awaddr' [c:/users/shane/documents/classes/ece_385/lab_7/lab_7_2/ip_repo/hdmi_text_controller_1_0/src/hdmi_text_controller_v1_0_tb.sv:74]
WARNING: [VRFC 10-3091] actual bit length 32 differs from formal bit length 16 for port 'axi_araddr' [c:/users/shane/documents/classes/ece_385/lab_7/lab_7_2/ip_repo/hdmi_text_controller_1_0/src/hdmi_text_controller_v1_0_tb.sv:88]
Completed static elaboration
Starting simulation data flow analysis
WARNING: [XSIM 43-4099] "c:/users/shane/documents/classes/ece_385/lab_7/lab_7_2/ip_repo/hdmi_text_controller_1_0/src/VGA_controller.sv" Line 26. Module vga_controller doesn't have a timescale but at least one module in design has a timescale.
WARNING: [XSIM 43-4099] "c:/users/shane/documents/classes/ece_385/lab_7/lab_7_2/ip_repo/hdmi_text_controller_1_0/src/Color_Mapper.sv" Line 17. Module color_mapper doesn't have a timescale but at least one module in design has a timescale.
WARNING: [XSIM 43-4099] "c:/users/shane/documents/classes/ece_385/lab_7/lab_7_2/ip_repo/hdmi_text_controller_1_0/src/font_rom.sv" Line 1. Module font_rom doesn't have a timescale but at least one module in design has a timescale.
WARNING: [XSIM 43-4099] "c:/users/shane/documents/classes/ece_385/lab_7/lab_7_2/ip_repo/hdmi_text_controller_1_0/src/VGA_controller.sv" Line 26. Module vga_controller doesn't have a timescale but at least one module in design has a timescale.
WARNING: [XSIM 43-4099] "c:/users/shane/documents/classes/ece_385/lab_7/lab_7_2/ip_repo/hdmi_text_controller_1_0/src/Color_Mapper.sv" Line 17. Module color_mapper doesn't have a timescale but at least one module in design has a timescale.
WARNING: [XSIM 43-4099] "c:/users/shane/documents/classes/ece_385/lab_7/lab_7_2/ip_repo/hdmi_text_controller_1_0/src/font_rom.sv" Line 1. Module font_rom doesn't have a timescale but at least one module in design has a timescale.
Completed simulation data flow analysis
Time Resolution for simulation is 1ps
Compiling module xil_defaultlib.hdmi_text_controller_v1_0_AXI(C_...
Compiling module blk_mem_gen_v8_4_5.blk_mem_gen_v8_4_5_output_stage(...
Compiling module blk_mem_gen_v8_4_5.blk_mem_gen_v8_4_5_softecc_outpu...
Compiling module blk_mem_gen_v8_4_5.blk_mem_gen_v8_4_5_mem_module(C_...
Compiling module blk_mem_gen_v8_4_5.blk_mem_gen_v8_4_5(C_FAMILY="spa...
Compiling module xil_defaultlib.blk_mem_gen_0
Compiling module unisims_ver.IBUF
Compiling module unisims_ver.MMCME2_ADV(CLKFBOUT_MULT_F=10.0,...
Compiling module unisims_ver.BUFG
Compiling module xil_defaultlib.clk_wiz_0_clk_wiz
Compiling module xil_defaultlib.clk_wiz_0
Compiling module xil_defaultlib.vga_controller
Compiling module unisims_ver.SRL16E_default
Compiling module xil_defaultlib.srldelay(WIDTH=40,TAPS=4'b1010)
Compiling module xil_defaultlib.encode_default
Compiling module xil_defaultlib.encode(CHANNEL="GREEN")
Compiling module xil_defaultlib.encode(CHANNEL="RED")
Compiling module unisims_ver.OSERDESE2(DATA_RATE_TQ="SDR",DAT...
Compiling module unisims_ver.OSERDESE2(DATA_RATE_TQ="SDR",DAT...
Compiling module xil_defaultlib.serdes_10_to_1
Compiling module unisims_ver.OBUFDS(IOSTANDARD="TMDS_33")
Compiling module xil_defaultlib.hdmi_tx_v1_0(C_RED_WIDTH=4,C_GRE...
Compiling module xil_defaultlib.hdmi_tx_0
Compiling module xil_defaultlib.font_rom
Compiling module xil_defaultlib.color_mapper
Compiling module xil_defaultlib.hdmi_text_controller_v1_0(C_AXI_...
Compiling module xil_defaultlib.hdmi_text_controller_tb
Compiling module xil_defaultlib.glbl
Built simulation snapshot hdmi_text_controller_tb_behav
run_program: Time (s): cpu = 00:00:02 ; elapsed = 00:00:19 . Memory (MB): peak = 2660.434 ; gain = 6.527
INFO: [USF-XSim-69] 'elaborate' step finished in '19' seconds
INFO: [USF-XSim-4] XSim::Simulate design
INFO: [USF-XSim-61] Executing 'SIMULATE' step in 'c:/users/shane/documents/classes/ece_385/lab_7/lab_7_2/lab_7_2.tmp/hdmi_text_controller_v1_0_project/hdmi_text_controller_v1_0_project.sim/sim_1/behav/xsim'
INFO: [USF-XSim-98] *** Running xsim
   with args "hdmi_text_controller_tb_behav -key {Behavioral:sim_1:Functional:hdmi_text_controller_tb} -tclbatch {hdmi_text_controller_tb.tcl} -view {c:/users/shane/documents/classes/ece_385/lab_7/lab_7_2/lab_7_2.tmp/hdmi_text_controller_v1_0_project/hdmi_text_controller_tb_behav.wcfg} -log {simulate.log}"
INFO: [USF-XSim-8] Loading simulator feature
Time resolution is 1 ps
open_wave_config c:/users/shane/documents/classes/ece_385/lab_7/lab_7_2/lab_7_2.tmp/hdmi_text_controller_v1_0_project/hdmi_text_controller_tb_behav.wcfg
source hdmi_text_controller_tb.tcl
# set curr_wave [current_wave_config]
# if { [string length $curr_wave] == 0 } {
#   if { [llength [get_objects]] > 0} {
#     add_wave /
#     set_property needs_save false [current_wave_config]
#   } else {
#      send_msg_id Add_Wave-1 WARNING "No top level signals found. Simulator will start without a wave window. If you want to open a wave window go to 'File->New Waveform Configuration' or type 'create_wave_config' in the TCL console."
#   }
# }
# run all
Block Memory Generator module hdmi_text_controller_tb.hdmi_text_controller_v1_0_inst.sram0.inst.\native_mem_module.blk_mem_gen_v8_4_5_inst  is using a behavioral model for simulation which will not precisely model memory collision behavior.
blk_mem_gen_v8_4_5 collision detected at time: 240000, Instance: hdmi_text_controller_tb.hdmi_text_controller_v1_0_inst.sram0.inst.\native_mem_module.blk_mem_gen_v8_4_5_inst , A write address: 0, B  read address: 0
blk_mem_gen_v8_4_5 collision detected at time: 280000, Instance: hdmi_text_controller_tb.hdmi_text_controller_v1_0_inst.sram0.inst.\native_mem_module.blk_mem_gen_v8_4_5_inst , A write address: 0, B  read address: 0
blk_mem_gen_v8_4_5 collision detected at time: 320000, Instance: hdmi_text_controller_tb.hdmi_text_controller_v1_0_inst.sram0.inst.\native_mem_module.blk_mem_gen_v8_4_5_inst , A write address: 0, B  read address: 0
blk_mem_gen_v8_4_5 collision detected at time: 360000, Instance: hdmi_text_controller_tb.hdmi_text_controller_v1_0_inst.sram0.inst.\native_mem_module.blk_mem_gen_v8_4_5_inst , A write address: 0, B  read address: 0
Info: Read back of control register: 001f6000
Time: 216400 ns  Iteration: 0  Process: /hdmi_text_controller_tb/Initial269_924  Scope: hdmi_text_controller_tb.TEST_VECTORS  File: c:/users/shane/documents/classes/ece_385/lab_7/lab_7_2/ip_repo/hdmi_text_controller_1_0/src/hdmi_text_controller_v1_0_tb.sv Line: 319
INFO: [Common 17-41] Interrupt caught. Command should exit soon.
run: Time (s): cpu = 00:00:12 ; elapsed = 00:00:24 . Memory (MB): peak = 2669.383 ; gain = 8.949
INFO: [Common 17-344] 'run' was cancelled
INFO: [Common 17-344] 'source' was cancelled
xsim: Time (s): cpu = 00:00:17 ; elapsed = 00:00:27 . Memory (MB): peak = 2669.383 ; gain = 8.949
INFO: [Common 17-344] 'xsim' was cancelled
INFO: [Vivado 12-5357] 'simulate' step aborted
launch_simulation: Time (s): cpu = 00:00:22 ; elapsed = 00:00:52 . Memory (MB): peak = 2669.383 ; gain = 15.477
INFO: [Common 17-344] 'launch_simulation' was cancelled
current_project lab_7_2
open_run synth_1 -name synth_1
Design is defaulting to impl run constrset: constrs_1
Design is defaulting to synth run part: xc7s50csga324-1
INFO: [Project 1-454] Reading design checkpoint 'c:/Users/Shane/Documents/Classes/ECE_385/Lab_7/lab_7_2/lab_7_2.gen/sources_1/bd/mb_block/ip/mb_block_axi_uartlite_0_0/mb_block_axi_uartlite_0_0.dcp' for cell 'mb_block/axi_uartlite_0'
INFO: [Project 1-454] Reading design checkpoint 'c:/Users/Shane/Documents/Classes/ECE_385/Lab_7/lab_7_2/lab_7_2.gen/sources_1/bd/mb_block/ip/mb_block_clk_wiz_1_0/mb_block_clk_wiz_1_0.dcp' for cell 'mb_block/clk_wiz_1'
INFO: [Project 1-454] Reading design checkpoint 'c:/Users/Shane/Documents/Classes/ECE_385/Lab_7/lab_7_2/lab_7_2.gen/sources_1/bd/mb_block/ip/mb_block_hdmi_text_controller_0_1/mb_block_hdmi_text_controller_0_1.dcp' for cell 'mb_block/hdmi_text_controller_0'
INFO: [Project 1-454] Reading design checkpoint 'c:/Users/Shane/Documents/Classes/ECE_385/Lab_7/lab_7_2/lab_7_2.gen/sources_1/bd/mb_block/ip/mb_block_mdm_1_0/mb_block_mdm_1_0.dcp' for cell 'mb_block/mdm_1'
INFO: [Project 1-454] Reading design checkpoint 'c:/Users/Shane/Documents/Classes/ECE_385/Lab_7/lab_7_2/lab_7_2.gen/sources_1/bd/mb_block/ip/mb_block_microblaze_0_0/mb_block_microblaze_0_0.dcp' for cell 'mb_block/microblaze_0'
INFO: [Project 1-454] Reading design checkpoint 'c:/Users/Shane/Documents/Classes/ECE_385/Lab_7/lab_7_2/lab_7_2.gen/sources_1/bd/mb_block/ip/mb_block_microblaze_0_axi_intc_0/mb_block_microblaze_0_axi_intc_0.dcp' for cell 'mb_block/microblaze_0_axi_intc'
INFO: [Project 1-454] Reading design checkpoint 'c:/Users/Shane/Documents/Classes/ECE_385/Lab_7/lab_7_2/lab_7_2.gen/sources_1/bd/mb_block/ip/mb_block_rst_clk_wiz_1_100M_0/mb_block_rst_clk_wiz_1_100M_0.dcp' for cell 'mb_block/rst_clk_wiz_1_100M'
INFO: [Project 1-454] Reading design checkpoint 'c:/Users/Shane/Documents/Classes/ECE_385/Lab_7/lab_7_2/lab_7_2.gen/sources_1/bd/mb_block/ip/mb_block_xbar_0/mb_block_xbar_0.dcp' for cell 'mb_block/microblaze_0_axi_periph/xbar'
INFO: [Project 1-454] Reading design checkpoint 'c:/Users/Shane/Documents/Classes/ECE_385/Lab_7/lab_7_2/lab_7_2.gen/sources_1/bd/mb_block/ip/mb_block_dlmb_bram_if_cntlr_0/mb_block_dlmb_bram_if_cntlr_0.dcp' for cell 'mb_block/microblaze_0_local_memory/dlmb_bram_if_cntlr'
INFO: [Project 1-454] Reading design checkpoint 'c:/Users/Shane/Documents/Classes/ECE_385/Lab_7/lab_7_2/lab_7_2.gen/sources_1/bd/mb_block/ip/mb_block_dlmb_v10_0/mb_block_dlmb_v10_0.dcp' for cell 'mb_block/microblaze_0_local_memory/dlmb_v10'
INFO: [Project 1-454] Reading design checkpoint 'c:/Users/Shane/Documents/Classes/ECE_385/Lab_7/lab_7_2/lab_7_2.gen/sources_1/bd/mb_block/ip/mb_block_ilmb_bram_if_cntlr_0/mb_block_ilmb_bram_if_cntlr_0.dcp' for cell 'mb_block/microblaze_0_local_memory/ilmb_bram_if_cntlr'
INFO: [Project 1-454] Reading design checkpoint 'c:/Users/Shane/Documents/Classes/ECE_385/Lab_7/lab_7_2/lab_7_2.gen/sources_1/bd/mb_block/ip/mb_block_ilmb_v10_0/mb_block_ilmb_v10_0.dcp' for cell 'mb_block/microblaze_0_local_memory/ilmb_v10'
INFO: [Project 1-454] Reading design checkpoint 'c:/Users/Shane/Documents/Classes/ECE_385/Lab_7/lab_7_2/lab_7_2.gen/sources_1/bd/mb_block/ip/mb_block_lmb_bram_0/mb_block_lmb_bram_0.dcp' for cell 'mb_block/microblaze_0_local_memory/lmb_bram'
Netlist sorting complete. Time (s): cpu = 00:00:00 ; elapsed = 00:00:00.304 . Memory (MB): peak = 2689.723 ; gain = 0.000
INFO: [Netlist 29-17] Analyzing 450 Unisim elements for replacement
INFO: [Netlist 29-28] Unisim Transformation completed in 0 CPU seconds
INFO: [Project 1-479] Netlist was created with Vivado 2022.2
INFO: [Project 1-570] Preparing netlist for logic optimization
WARNING: [Opt 31-32] Removing redundant IBUF since it is not being driven by a top-level port. mb_block/hdmi_text_controller_0/inst/clk_wiz/inst/clkin1_ibufg 
Resolution: The tool has removed redundant IBUF. To resolve this warning, check for redundant IBUF in the input design.
WARNING: [Constraints 18-550] Could not create 'IBUF_LOW_PWR' constraint because net 'mb_block/hdmi_text_controller_0/axi_aclk' is not directly connected to top level port. Synthesis is ignored for IBUF_LOW_PWR but preserved for implementation.
Parsing XDC File [c:/Users/Shane/Documents/Classes/ECE_385/Lab_7/lab_7_2/lab_7_2.gen/sources_1/bd/mb_block/ip/mb_block_microblaze_0_0/mb_block_microblaze_0_0.xdc] for cell 'mb_block/microblaze_0/U0'
Finished Parsing XDC File [c:/Users/Shane/Documents/Classes/ECE_385/Lab_7/lab_7_2/lab_7_2.gen/sources_1/bd/mb_block/ip/mb_block_microblaze_0_0/mb_block_microblaze_0_0.xdc] for cell 'mb_block/microblaze_0/U0'
Parsing XDC File [c:/Users/Shane/Documents/Classes/ECE_385/Lab_7/lab_7_2/lab_7_2.gen/sources_1/bd/mb_block/ip/mb_block_microblaze_0_axi_intc_0/mb_block_microblaze_0_axi_intc_0.xdc] for cell 'mb_block/microblaze_0_axi_intc/U0'
Finished Parsing XDC File [c:/Users/Shane/Documents/Classes/ECE_385/Lab_7/lab_7_2/lab_7_2.gen/sources_1/bd/mb_block/ip/mb_block_microblaze_0_axi_intc_0/mb_block_microblaze_0_axi_intc_0.xdc] for cell 'mb_block/microblaze_0_axi_intc/U0'
Parsing XDC File [c:/Users/Shane/Documents/Classes/ECE_385/Lab_7/lab_7_2/lab_7_2.gen/sources_1/bd/mb_block/ip/mb_block_clk_wiz_1_0/mb_block_clk_wiz_1_0_board.xdc] for cell 'mb_block/clk_wiz_1/inst'
Finished Parsing XDC File [c:/Users/Shane/Documents/Classes/ECE_385/Lab_7/lab_7_2/lab_7_2.gen/sources_1/bd/mb_block/ip/mb_block_clk_wiz_1_0/mb_block_clk_wiz_1_0_board.xdc] for cell 'mb_block/clk_wiz_1/inst'
Parsing XDC File [c:/Users/Shane/Documents/Classes/ECE_385/Lab_7/lab_7_2/lab_7_2.gen/sources_1/bd/mb_block/ip/mb_block_clk_wiz_1_0/mb_block_clk_wiz_1_0.xdc] for cell 'mb_block/clk_wiz_1/inst'
INFO: [Timing 38-35] Done setting XDC timing constraints. [c:/Users/Shane/Documents/Classes/ECE_385/Lab_7/lab_7_2/lab_7_2.gen/sources_1/bd/mb_block/ip/mb_block_clk_wiz_1_0/mb_block_clk_wiz_1_0.xdc:57]
INFO: [Timing 38-2] Deriving generated clocks [c:/Users/Shane/Documents/Classes/ECE_385/Lab_7/lab_7_2/lab_7_2.gen/sources_1/bd/mb_block/ip/mb_block_clk_wiz_1_0/mb_block_clk_wiz_1_0.xdc:57]
Finished Parsing XDC File [c:/Users/Shane/Documents/Classes/ECE_385/Lab_7/lab_7_2/lab_7_2.gen/sources_1/bd/mb_block/ip/mb_block_clk_wiz_1_0/mb_block_clk_wiz_1_0.xdc] for cell 'mb_block/clk_wiz_1/inst'
Parsing XDC File [c:/Users/Shane/Documents/Classes/ECE_385/Lab_7/lab_7_2/lab_7_2.gen/sources_1/bd/mb_block/ip/mb_block_rst_clk_wiz_1_100M_0/mb_block_rst_clk_wiz_1_100M_0_board.xdc] for cell 'mb_block/rst_clk_wiz_1_100M/U0'
Finished Parsing XDC File [c:/Users/Shane/Documents/Classes/ECE_385/Lab_7/lab_7_2/lab_7_2.gen/sources_1/bd/mb_block/ip/mb_block_rst_clk_wiz_1_100M_0/mb_block_rst_clk_wiz_1_100M_0_board.xdc] for cell 'mb_block/rst_clk_wiz_1_100M/U0'
Parsing XDC File [c:/Users/Shane/Documents/Classes/ECE_385/Lab_7/lab_7_2/lab_7_2.gen/sources_1/bd/mb_block/ip/mb_block_rst_clk_wiz_1_100M_0/mb_block_rst_clk_wiz_1_100M_0.xdc] for cell 'mb_block/rst_clk_wiz_1_100M/U0'
Finished Parsing XDC File [c:/Users/Shane/Documents/Classes/ECE_385/Lab_7/lab_7_2/lab_7_2.gen/sources_1/bd/mb_block/ip/mb_block_rst_clk_wiz_1_100M_0/mb_block_rst_clk_wiz_1_100M_0.xdc] for cell 'mb_block/rst_clk_wiz_1_100M/U0'
Parsing XDC File [c:/Users/Shane/Documents/Classes/ECE_385/Lab_7/lab_7_2/lab_7_2.gen/sources_1/bd/mb_block/ip/mb_block_axi_uartlite_0_0/mb_block_axi_uartlite_0_0_board.xdc] for cell 'mb_block/axi_uartlite_0/U0'
Finished Parsing XDC File [c:/Users/Shane/Documents/Classes/ECE_385/Lab_7/lab_7_2/lab_7_2.gen/sources_1/bd/mb_block/ip/mb_block_axi_uartlite_0_0/mb_block_axi_uartlite_0_0_board.xdc] for cell 'mb_block/axi_uartlite_0/U0'
Parsing XDC File [c:/Users/Shane/Documents/Classes/ECE_385/Lab_7/lab_7_2/lab_7_2.gen/sources_1/bd/mb_block/ip/mb_block_axi_uartlite_0_0/mb_block_axi_uartlite_0_0.xdc] for cell 'mb_block/axi_uartlite_0/U0'
Finished Parsing XDC File [c:/Users/Shane/Documents/Classes/ECE_385/Lab_7/lab_7_2/lab_7_2.gen/sources_1/bd/mb_block/ip/mb_block_axi_uartlite_0_0/mb_block_axi_uartlite_0_0.xdc] for cell 'mb_block/axi_uartlite_0/U0'
Parsing XDC File [c:/Users/Shane/Documents/Classes/ECE_385/Lab_7/lab_7_2/lab_7_2.gen/sources_1/bd/mb_block/ip/mb_block_hdmi_text_controller_0_1/src/clk_wiz_0/clk_wiz_0.xdc] for cell 'mb_block/hdmi_text_controller_0/inst/clk_wiz/inst'
INFO: [Timing 38-2] Deriving generated clocks [c:/Users/Shane/Documents/Classes/ECE_385/Lab_7/lab_7_2/lab_7_2.gen/sources_1/bd/mb_block/ip/mb_block_hdmi_text_controller_0_1/src/clk_wiz_0/clk_wiz_0.xdc:57]
Finished Parsing XDC File [c:/Users/Shane/Documents/Classes/ECE_385/Lab_7/lab_7_2/lab_7_2.gen/sources_1/bd/mb_block/ip/mb_block_hdmi_text_controller_0_1/src/clk_wiz_0/clk_wiz_0.xdc] for cell 'mb_block/hdmi_text_controller_0/inst/clk_wiz/inst'
Parsing XDC File [C:/Users/Shane/Documents/Classes/ECE_385/Lab_7/lab_7_2/lab_7_2.srcs/constrs_1/imports/lab7_1_provided_fa24/mb_usb_hdmi_top.xdc]
CRITICAL WARNING: [Constraints 18-1055] Clock 'clk_100' completely overrides clock 'Clk', which is referenced by one or more other constraints. Any constraints that refer to the overridden clock will be ignored.
New: create_clock -period 10.000 -name clk_100 -waveform {0.000 5.000} [get_ports Clk], [C:/Users/Shane/Documents/Classes/ECE_385/Lab_7/lab_7_2/lab_7_2.srcs/constrs_1/imports/lab7_1_provided_fa24/mb_usb_hdmi_top.xdc:1]
Previous: create_clock -period 10.000 [get_ports Clk], [c:/Users/Shane/Documents/Classes/ECE_385/Lab_7/lab_7_2/lab_7_2.gen/sources_1/bd/mb_block/ip/mb_block_clk_wiz_1_0/mb_block_clk_wiz_1_0.xdc:56]
Resolution: Review the constraint files and remove the redundant clock definition(s). If the clock constraints are not saved in a file, you can first save the constraints to an XDC file and reload the design once the constraints have been corrected.
WARNING: [Vivado 12-584] No ports matched 'gpio_usb_int_tri_i[0]'. [C:/Users/Shane/Documents/Classes/ECE_385/Lab_7/lab_7_2/lab_7_2.srcs/constrs_1/imports/lab7_1_provided_fa24/mb_usb_hdmi_top.xdc:12]
CRITICAL WARNING: [Common 17-55] 'set_property' expects at least one object. [C:/Users/Shane/Documents/Classes/ECE_385/Lab_7/lab_7_2/lab_7_2.srcs/constrs_1/imports/lab7_1_provided_fa24/mb_usb_hdmi_top.xdc:12]
Resolution: If [get_<value>] was used to populate the object, check to make sure this command returns at least one valid object.
WARNING: [Vivado 12-584] No ports matched 'usb_spi_miso'. [C:/Users/Shane/Documents/Classes/ECE_385/Lab_7/lab_7_2/lab_7_2.srcs/constrs_1/imports/lab7_1_provided_fa24/mb_usb_hdmi_top.xdc:13]
CRITICAL WARNING: [Common 17-55] 'set_property' expects at least one object. [C:/Users/Shane/Documents/Classes/ECE_385/Lab_7/lab_7_2/lab_7_2.srcs/constrs_1/imports/lab7_1_provided_fa24/mb_usb_hdmi_top.xdc:13]
Resolution: If [get_<value>] was used to populate the object, check to make sure this command returns at least one valid object.
WARNING: [Vivado 12-584] No ports matched 'usb_spi_mosi'. [C:/Users/Shane/Documents/Classes/ECE_385/Lab_7/lab_7_2/lab_7_2.srcs/constrs_1/imports/lab7_1_provided_fa24/mb_usb_hdmi_top.xdc:14]
CRITICAL WARNING: [Common 17-55] 'set_property' expects at least one object. [C:/Users/Shane/Documents/Classes/ECE_385/Lab_7/lab_7_2/lab_7_2.srcs/constrs_1/imports/lab7_1_provided_fa24/mb_usb_hdmi_top.xdc:14]
Resolution: If [get_<value>] was used to populate the object, check to make sure this command returns at least one valid object.
WARNING: [Vivado 12-584] No ports matched 'usb_spi_sclk'. [C:/Users/Shane/Documents/Classes/ECE_385/Lab_7/lab_7_2/lab_7_2.srcs/constrs_1/imports/lab7_1_provided_fa24/mb_usb_hdmi_top.xdc:15]
CRITICAL WARNING: [Common 17-55] 'set_property' expects at least one object. [C:/Users/Shane/Documents/Classes/ECE_385/Lab_7/lab_7_2/lab_7_2.srcs/constrs_1/imports/lab7_1_provided_fa24/mb_usb_hdmi_top.xdc:15]
Resolution: If [get_<value>] was used to populate the object, check to make sure this command returns at least one valid object.
WARNING: [Vivado 12-584] No ports matched 'gpio_usb_int_tri_i[0]'. [C:/Users/Shane/Documents/Classes/ECE_385/Lab_7/lab_7_2/lab_7_2.srcs/constrs_1/imports/lab7_1_provided_fa24/mb_usb_hdmi_top.xdc:16]
CRITICAL WARNING: [Common 17-55] 'set_property' expects at least one object. [C:/Users/Shane/Documents/Classes/ECE_385/Lab_7/lab_7_2/lab_7_2.srcs/constrs_1/imports/lab7_1_provided_fa24/mb_usb_hdmi_top.xdc:16]
Resolution: If [get_<value>] was used to populate the object, check to make sure this command returns at least one valid object.
WARNING: [Vivado 12-584] No ports matched 'usb_spi_sclk'. [C:/Users/Shane/Documents/Classes/ECE_385/Lab_7/lab_7_2/lab_7_2.srcs/constrs_1/imports/lab7_1_provided_fa24/mb_usb_hdmi_top.xdc:17]
CRITICAL WARNING: [Common 17-55] 'set_property' expects at least one object. [C:/Users/Shane/Documents/Classes/ECE_385/Lab_7/lab_7_2/lab_7_2.srcs/constrs_1/imports/lab7_1_provided_fa24/mb_usb_hdmi_top.xdc:17]
Resolution: If [get_<value>] was used to populate the object, check to make sure this command returns at least one valid object.
WARNING: [Vivado 12-584] No ports matched 'usb_spi_mosi'. [C:/Users/Shane/Documents/Classes/ECE_385/Lab_7/lab_7_2/lab_7_2.srcs/constrs_1/imports/lab7_1_provided_fa24/mb_usb_hdmi_top.xdc:18]
CRITICAL WARNING: [Common 17-55] 'set_property' expects at least one object. [C:/Users/Shane/Documents/Classes/ECE_385/Lab_7/lab_7_2/lab_7_2.srcs/constrs_1/imports/lab7_1_provided_fa24/mb_usb_hdmi_top.xdc:18]
Resolution: If [get_<value>] was used to populate the object, check to make sure this command returns at least one valid object.
WARNING: [Vivado 12-584] No ports matched 'usb_spi_miso'. [C:/Users/Shane/Documents/Classes/ECE_385/Lab_7/lab_7_2/lab_7_2.srcs/constrs_1/imports/lab7_1_provided_fa24/mb_usb_hdmi_top.xdc:19]
CRITICAL WARNING: [Common 17-55] 'set_property' expects at least one object. [C:/Users/Shane/Documents/Classes/ECE_385/Lab_7/lab_7_2/lab_7_2.srcs/constrs_1/imports/lab7_1_provided_fa24/mb_usb_hdmi_top.xdc:19]
Resolution: If [get_<value>] was used to populate the object, check to make sure this command returns at least one valid object.
WARNING: [Vivado 12-584] No ports matched 'gpio_usb_rst_tri_o'. [C:/Users/Shane/Documents/Classes/ECE_385/Lab_7/lab_7_2/lab_7_2.srcs/constrs_1/imports/lab7_1_provided_fa24/mb_usb_hdmi_top.xdc:21]
CRITICAL WARNING: [Common 17-55] 'set_property' expects at least one object. [C:/Users/Shane/Documents/Classes/ECE_385/Lab_7/lab_7_2/lab_7_2.srcs/constrs_1/imports/lab7_1_provided_fa24/mb_usb_hdmi_top.xdc:21]
Resolution: If [get_<value>] was used to populate the object, check to make sure this command returns at least one valid object.
WARNING: [Vivado 12-584] No ports matched 'gpio_usb_rst_tri_o'. [C:/Users/Shane/Documents/Classes/ECE_385/Lab_7/lab_7_2/lab_7_2.srcs/constrs_1/imports/lab7_1_provided_fa24/mb_usb_hdmi_top.xdc:22]
CRITICAL WARNING: [Common 17-55] 'set_property' expects at least one object. [C:/Users/Shane/Documents/Classes/ECE_385/Lab_7/lab_7_2/lab_7_2.srcs/constrs_1/imports/lab7_1_provided_fa24/mb_usb_hdmi_top.xdc:22]
Resolution: If [get_<value>] was used to populate the object, check to make sure this command returns at least one valid object.
WARNING: [Vivado 12-584] No ports matched 'usb_spi_ss'. [C:/Users/Shane/Documents/Classes/ECE_385/Lab_7/lab_7_2/lab_7_2.srcs/constrs_1/imports/lab7_1_provided_fa24/mb_usb_hdmi_top.xdc:23]
CRITICAL WARNING: [Common 17-55] 'set_property' expects at least one object. [C:/Users/Shane/Documents/Classes/ECE_385/Lab_7/lab_7_2/lab_7_2.srcs/constrs_1/imports/lab7_1_provided_fa24/mb_usb_hdmi_top.xdc:23]
Resolution: If [get_<value>] was used to populate the object, check to make sure this command returns at least one valid object.
WARNING: [Vivado 12-584] No ports matched 'usb_spi_ss'. [C:/Users/Shane/Documents/Classes/ECE_385/Lab_7/lab_7_2/lab_7_2.srcs/constrs_1/imports/lab7_1_provided_fa24/mb_usb_hdmi_top.xdc:24]
CRITICAL WARNING: [Common 17-55] 'set_property' expects at least one object. [C:/Users/Shane/Documents/Classes/ECE_385/Lab_7/lab_7_2/lab_7_2.srcs/constrs_1/imports/lab7_1_provided_fa24/mb_usb_hdmi_top.xdc:24]
Resolution: If [get_<value>] was used to populate the object, check to make sure this command returns at least one valid object.
WARNING: [Vivado 12-584] No ports matched 'hex_gridA[3]'. [C:/Users/Shane/Documents/Classes/ECE_385/Lab_7/lab_7_2/lab_7_2.srcs/constrs_1/imports/lab7_1_provided_fa24/mb_usb_hdmi_top.xdc:27]
CRITICAL WARNING: [Common 17-55] 'set_property' expects at least one object. [C:/Users/Shane/Documents/Classes/ECE_385/Lab_7/lab_7_2/lab_7_2.srcs/constrs_1/imports/lab7_1_provided_fa24/mb_usb_hdmi_top.xdc:27]
Resolution: If [get_<value>] was used to populate the object, check to make sure this command returns at least one valid object.
WARNING: [Vivado 12-584] No ports matched 'hex_gridA[2]'. [C:/Users/Shane/Documents/Classes/ECE_385/Lab_7/lab_7_2/lab_7_2.srcs/constrs_1/imports/lab7_1_provided_fa24/mb_usb_hdmi_top.xdc:28]
CRITICAL WARNING: [Common 17-55] 'set_property' expects at least one object. [C:/Users/Shane/Documents/Classes/ECE_385/Lab_7/lab_7_2/lab_7_2.srcs/constrs_1/imports/lab7_1_provided_fa24/mb_usb_hdmi_top.xdc:28]
Resolution: If [get_<value>] was used to populate the object, check to make sure this command returns at least one valid object.
WARNING: [Vivado 12-584] No ports matched 'hex_gridA[1]'. [C:/Users/Shane/Documents/Classes/ECE_385/Lab_7/lab_7_2/lab_7_2.srcs/constrs_1/imports/lab7_1_provided_fa24/mb_usb_hdmi_top.xdc:29]
CRITICAL WARNING: [Common 17-55] 'set_property' expects at least one object. [C:/Users/Shane/Documents/Classes/ECE_385/Lab_7/lab_7_2/lab_7_2.srcs/constrs_1/imports/lab7_1_provided_fa24/mb_usb_hdmi_top.xdc:29]
Resolution: If [get_<value>] was used to populate the object, check to make sure this command returns at least one valid object.
WARNING: [Vivado 12-584] No ports matched 'hex_gridA[0]'. [C:/Users/Shane/Documents/Classes/ECE_385/Lab_7/lab_7_2/lab_7_2.srcs/constrs_1/imports/lab7_1_provided_fa24/mb_usb_hdmi_top.xdc:30]
CRITICAL WARNING: [Common 17-55] 'set_property' expects at least one object. [C:/Users/Shane/Documents/Classes/ECE_385/Lab_7/lab_7_2/lab_7_2.srcs/constrs_1/imports/lab7_1_provided_fa24/mb_usb_hdmi_top.xdc:30]
Resolution: If [get_<value>] was used to populate the object, check to make sure this command returns at least one valid object.
WARNING: [Vivado 12-584] No ports matched 'hex_gridB[3]'. [C:/Users/Shane/Documents/Classes/ECE_385/Lab_7/lab_7_2/lab_7_2.srcs/constrs_1/imports/lab7_1_provided_fa24/mb_usb_hdmi_top.xdc:31]
CRITICAL WARNING: [Common 17-55] 'set_property' expects at least one object. [C:/Users/Shane/Documents/Classes/ECE_385/Lab_7/lab_7_2/lab_7_2.srcs/constrs_1/imports/lab7_1_provided_fa24/mb_usb_hdmi_top.xdc:31]
Resolution: If [get_<value>] was used to populate the object, check to make sure this command returns at least one valid object.
WARNING: [Vivado 12-584] No ports matched 'hex_gridB[2]'. [C:/Users/Shane/Documents/Classes/ECE_385/Lab_7/lab_7_2/lab_7_2.srcs/constrs_1/imports/lab7_1_provided_fa24/mb_usb_hdmi_top.xdc:32]
CRITICAL WARNING: [Common 17-55] 'set_property' expects at least one object. [C:/Users/Shane/Documents/Classes/ECE_385/Lab_7/lab_7_2/lab_7_2.srcs/constrs_1/imports/lab7_1_provided_fa24/mb_usb_hdmi_top.xdc:32]
Resolution: If [get_<value>] was used to populate the object, check to make sure this command returns at least one valid object.
WARNING: [Vivado 12-584] No ports matched 'hex_gridB[1]'. [C:/Users/Shane/Documents/Classes/ECE_385/Lab_7/lab_7_2/lab_7_2.srcs/constrs_1/imports/lab7_1_provided_fa24/mb_usb_hdmi_top.xdc:33]
CRITICAL WARNING: [Common 17-55] 'set_property' expects at least one object. [C:/Users/Shane/Documents/Classes/ECE_385/Lab_7/lab_7_2/lab_7_2.srcs/constrs_1/imports/lab7_1_provided_fa24/mb_usb_hdmi_top.xdc:33]
Resolution: If [get_<value>] was used to populate the object, check to make sure this command returns at least one valid object.
WARNING: [Vivado 12-584] No ports matched 'hex_gridB[0]'. [C:/Users/Shane/Documents/Classes/ECE_385/Lab_7/lab_7_2/lab_7_2.srcs/constrs_1/imports/lab7_1_provided_fa24/mb_usb_hdmi_top.xdc:34]
CRITICAL WARNING: [Common 17-55] 'set_property' expects at least one object. [C:/Users/Shane/Documents/Classes/ECE_385/Lab_7/lab_7_2/lab_7_2.srcs/constrs_1/imports/lab7_1_provided_fa24/mb_usb_hdmi_top.xdc:34]
Resolution: If [get_<value>] was used to populate the object, check to make sure this command returns at least one valid object.
WARNING: [Vivado 12-584] No ports matched 'hex_segA[7]'. [C:/Users/Shane/Documents/Classes/ECE_385/Lab_7/lab_7_2/lab_7_2.srcs/constrs_1/imports/lab7_1_provided_fa24/mb_usb_hdmi_top.xdc:35]
CRITICAL WARNING: [Common 17-55] 'set_property' expects at least one object. [C:/Users/Shane/Documents/Classes/ECE_385/Lab_7/lab_7_2/lab_7_2.srcs/constrs_1/imports/lab7_1_provided_fa24/mb_usb_hdmi_top.xdc:35]
Resolution: If [get_<value>] was used to populate the object, check to make sure this command returns at least one valid object.
WARNING: [Vivado 12-584] No ports matched 'hex_segA[6]'. [C:/Users/Shane/Documents/Classes/ECE_385/Lab_7/lab_7_2/lab_7_2.srcs/constrs_1/imports/lab7_1_provided_fa24/mb_usb_hdmi_top.xdc:36]
CRITICAL WARNING: [Common 17-55] 'set_property' expects at least one object. [C:/Users/Shane/Documents/Classes/ECE_385/Lab_7/lab_7_2/lab_7_2.srcs/constrs_1/imports/lab7_1_provided_fa24/mb_usb_hdmi_top.xdc:36]
Resolution: If [get_<value>] was used to populate the object, check to make sure this command returns at least one valid object.
WARNING: [Vivado 12-584] No ports matched 'hex_segA[5]'. [C:/Users/Shane/Documents/Classes/ECE_385/Lab_7/lab_7_2/lab_7_2.srcs/constrs_1/imports/lab7_1_provided_fa24/mb_usb_hdmi_top.xdc:37]
CRITICAL WARNING: [Common 17-55] 'set_property' expects at least one object. [C:/Users/Shane/Documents/Classes/ECE_385/Lab_7/lab_7_2/lab_7_2.srcs/constrs_1/imports/lab7_1_provided_fa24/mb_usb_hdmi_top.xdc:37]
Resolution: If [get_<value>] was used to populate the object, check to make sure this command returns at least one valid object.
WARNING: [Vivado 12-584] No ports matched 'hex_segA[4]'. [C:/Users/Shane/Documents/Classes/ECE_385/Lab_7/lab_7_2/lab_7_2.srcs/constrs_1/imports/lab7_1_provided_fa24/mb_usb_hdmi_top.xdc:38]
CRITICAL WARNING: [Common 17-55] 'set_property' expects at least one object. [C:/Users/Shane/Documents/Classes/ECE_385/Lab_7/lab_7_2/lab_7_2.srcs/constrs_1/imports/lab7_1_provided_fa24/mb_usb_hdmi_top.xdc:38]
Resolution: If [get_<value>] was used to populate the object, check to make sure this command returns at least one valid object.
WARNING: [Vivado 12-584] No ports matched 'hex_segA[3]'. [C:/Users/Shane/Documents/Classes/ECE_385/Lab_7/lab_7_2/lab_7_2.srcs/constrs_1/imports/lab7_1_provided_fa24/mb_usb_hdmi_top.xdc:39]
CRITICAL WARNING: [Common 17-55] 'set_property' expects at least one object. [C:/Users/Shane/Documents/Classes/ECE_385/Lab_7/lab_7_2/lab_7_2.srcs/constrs_1/imports/lab7_1_provided_fa24/mb_usb_hdmi_top.xdc:39]
Resolution: If [get_<value>] was used to populate the object, check to make sure this command returns at least one valid object.
WARNING: [Vivado 12-584] No ports matched 'hex_segA[2]'. [C:/Users/Shane/Documents/Classes/ECE_385/Lab_7/lab_7_2/lab_7_2.srcs/constrs_1/imports/lab7_1_provided_fa24/mb_usb_hdmi_top.xdc:40]
CRITICAL WARNING: [Common 17-55] 'set_property' expects at least one object. [C:/Users/Shane/Documents/Classes/ECE_385/Lab_7/lab_7_2/lab_7_2.srcs/constrs_1/imports/lab7_1_provided_fa24/mb_usb_hdmi_top.xdc:40]
Resolution: If [get_<value>] was used to populate the object, check to make sure this command returns at least one valid object.
WARNING: [Vivado 12-584] No ports matched 'hex_segA[1]'. [C:/Users/Shane/Documents/Classes/ECE_385/Lab_7/lab_7_2/lab_7_2.srcs/constrs_1/imports/lab7_1_provided_fa24/mb_usb_hdmi_top.xdc:41]
CRITICAL WARNING: [Common 17-55] 'set_property' expects at least one object. [C:/Users/Shane/Documents/Classes/ECE_385/Lab_7/lab_7_2/lab_7_2.srcs/constrs_1/imports/lab7_1_provided_fa24/mb_usb_hdmi_top.xdc:41]
Resolution: If [get_<value>] was used to populate the object, check to make sure this command returns at least one valid object.
WARNING: [Vivado 12-584] No ports matched 'hex_segA[0]'. [C:/Users/Shane/Documents/Classes/ECE_385/Lab_7/lab_7_2/lab_7_2.srcs/constrs_1/imports/lab7_1_provided_fa24/mb_usb_hdmi_top.xdc:42]
CRITICAL WARNING: [Common 17-55] 'set_property' expects at least one object. [C:/Users/Shane/Documents/Classes/ECE_385/Lab_7/lab_7_2/lab_7_2.srcs/constrs_1/imports/lab7_1_provided_fa24/mb_usb_hdmi_top.xdc:42]
Resolution: If [get_<value>] was used to populate the object, check to make sure this command returns at least one valid object.
WARNING: [Vivado 12-584] No ports matched 'hex_segB[7]'. [C:/Users/Shane/Documents/Classes/ECE_385/Lab_7/lab_7_2/lab_7_2.srcs/constrs_1/imports/lab7_1_provided_fa24/mb_usb_hdmi_top.xdc:43]
CRITICAL WARNING: [Common 17-55] 'set_property' expects at least one object. [C:/Users/Shane/Documents/Classes/ECE_385/Lab_7/lab_7_2/lab_7_2.srcs/constrs_1/imports/lab7_1_provided_fa24/mb_usb_hdmi_top.xdc:43]
Resolution: If [get_<value>] was used to populate the object, check to make sure this command returns at least one valid object.
WARNING: [Vivado 12-584] No ports matched 'hex_segB[6]'. [C:/Users/Shane/Documents/Classes/ECE_385/Lab_7/lab_7_2/lab_7_2.srcs/constrs_1/imports/lab7_1_provided_fa24/mb_usb_hdmi_top.xdc:44]
CRITICAL WARNING: [Common 17-55] 'set_property' expects at least one object. [C:/Users/Shane/Documents/Classes/ECE_385/Lab_7/lab_7_2/lab_7_2.srcs/constrs_1/imports/lab7_1_provided_fa24/mb_usb_hdmi_top.xdc:44]
Resolution: If [get_<value>] was used to populate the object, check to make sure this command returns at least one valid object.
WARNING: [Vivado 12-584] No ports matched 'hex_segB[5]'. [C:/Users/Shane/Documents/Classes/ECE_385/Lab_7/lab_7_2/lab_7_2.srcs/constrs_1/imports/lab7_1_provided_fa24/mb_usb_hdmi_top.xdc:45]
CRITICAL WARNING: [Common 17-55] 'set_property' expects at least one object. [C:/Users/Shane/Documents/Classes/ECE_385/Lab_7/lab_7_2/lab_7_2.srcs/constrs_1/imports/lab7_1_provided_fa24/mb_usb_hdmi_top.xdc:45]
Resolution: If [get_<value>] was used to populate the object, check to make sure this command returns at least one valid object.
WARNING: [Vivado 12-584] No ports matched 'hex_segB[4]'. [C:/Users/Shane/Documents/Classes/ECE_385/Lab_7/lab_7_2/lab_7_2.srcs/constrs_1/imports/lab7_1_provided_fa24/mb_usb_hdmi_top.xdc:46]
CRITICAL WARNING: [Common 17-55] 'set_property' expects at least one object. [C:/Users/Shane/Documents/Classes/ECE_385/Lab_7/lab_7_2/lab_7_2.srcs/constrs_1/imports/lab7_1_provided_fa24/mb_usb_hdmi_top.xdc:46]
Resolution: If [get_<value>] was used to populate the object, check to make sure this command returns at least one valid object.
WARNING: [Vivado 12-584] No ports matched 'hex_segB[3]'. [C:/Users/Shane/Documents/Classes/ECE_385/Lab_7/lab_7_2/lab_7_2.srcs/constrs_1/imports/lab7_1_provided_fa24/mb_usb_hdmi_top.xdc:47]
CRITICAL WARNING: [Common 17-55] 'set_property' expects at least one object. [C:/Users/Shane/Documents/Classes/ECE_385/Lab_7/lab_7_2/lab_7_2.srcs/constrs_1/imports/lab7_1_provided_fa24/mb_usb_hdmi_top.xdc:47]
Resolution: If [get_<value>] was used to populate the object, check to make sure this command returns at least one valid object.
WARNING: [Vivado 12-584] No ports matched 'hex_segB[2]'. [C:/Users/Shane/Documents/Classes/ECE_385/Lab_7/lab_7_2/lab_7_2.srcs/constrs_1/imports/lab7_1_provided_fa24/mb_usb_hdmi_top.xdc:48]
CRITICAL WARNING: [Common 17-55] 'set_property' expects at least one object. [C:/Users/Shane/Documents/Classes/ECE_385/Lab_7/lab_7_2/lab_7_2.srcs/constrs_1/imports/lab7_1_provided_fa24/mb_usb_hdmi_top.xdc:48]
Resolution: If [get_<value>] was used to populate the object, check to make sure this command returns at least one valid object.
WARNING: [Vivado 12-584] No ports matched 'hex_segB[1]'. [C:/Users/Shane/Documents/Classes/ECE_385/Lab_7/lab_7_2/lab_7_2.srcs/constrs_1/imports/lab7_1_provided_fa24/mb_usb_hdmi_top.xdc:49]
CRITICAL WARNING: [Common 17-55] 'set_property' expects at least one object. [C:/Users/Shane/Documents/Classes/ECE_385/Lab_7/lab_7_2/lab_7_2.srcs/constrs_1/imports/lab7_1_provided_fa24/mb_usb_hdmi_top.xdc:49]
Resolution: If [get_<value>] was used to populate the object, check to make sure this command returns at least one valid object.
WARNING: [Vivado 12-584] No ports matched 'hex_segB[0]'. [C:/Users/Shane/Documents/Classes/ECE_385/Lab_7/lab_7_2/lab_7_2.srcs/constrs_1/imports/lab7_1_provided_fa24/mb_usb_hdmi_top.xdc:50]
CRITICAL WARNING: [Common 17-55] 'set_property' expects at least one object. [C:/Users/Shane/Documents/Classes/ECE_385/Lab_7/lab_7_2/lab_7_2.srcs/constrs_1/imports/lab7_1_provided_fa24/mb_usb_hdmi_top.xdc:50]
Resolution: If [get_<value>] was used to populate the object, check to make sure this command returns at least one valid object.
WARNING: [Vivado 12-584] No ports matched 'hex_gridA[0]'. [C:/Users/Shane/Documents/Classes/ECE_385/Lab_7/lab_7_2/lab_7_2.srcs/constrs_1/imports/lab7_1_provided_fa24/mb_usb_hdmi_top.xdc:51]
CRITICAL WARNING: [Common 17-55] 'set_property' expects at least one object. [C:/Users/Shane/Documents/Classes/ECE_385/Lab_7/lab_7_2/lab_7_2.srcs/constrs_1/imports/lab7_1_provided_fa24/mb_usb_hdmi_top.xdc:51]
Resolution: If [get_<value>] was used to populate the object, check to make sure this command returns at least one valid object.
WARNING: [Vivado 12-584] No ports matched 'hex_gridA[1]'. [C:/Users/Shane/Documents/Classes/ECE_385/Lab_7/lab_7_2/lab_7_2.srcs/constrs_1/imports/lab7_1_provided_fa24/mb_usb_hdmi_top.xdc:52]
CRITICAL WARNING: [Common 17-55] 'set_property' expects at least one object. [C:/Users/Shane/Documents/Classes/ECE_385/Lab_7/lab_7_2/lab_7_2.srcs/constrs_1/imports/lab7_1_provided_fa24/mb_usb_hdmi_top.xdc:52]
Resolution: If [get_<value>] was used to populate the object, check to make sure this command returns at least one valid object.
WARNING: [Vivado 12-584] No ports matched 'hex_gridA[2]'. [C:/Users/Shane/Documents/Classes/ECE_385/Lab_7/lab_7_2/lab_7_2.srcs/constrs_1/imports/lab7_1_provided_fa24/mb_usb_hdmi_top.xdc:53]
CRITICAL WARNING: [Common 17-55] 'set_property' expects at least one object. [C:/Users/Shane/Documents/Classes/ECE_385/Lab_7/lab_7_2/lab_7_2.srcs/constrs_1/imports/lab7_1_provided_fa24/mb_usb_hdmi_top.xdc:53]
Resolution: If [get_<value>] was used to populate the object, check to make sure this command returns at least one valid object.
WARNING: [Vivado 12-584] No ports matched 'hex_gridA[3]'. [C:/Users/Shane/Documents/Classes/ECE_385/Lab_7/lab_7_2/lab_7_2.srcs/constrs_1/imports/lab7_1_provided_fa24/mb_usb_hdmi_top.xdc:54]
CRITICAL WARNING: [Common 17-55] 'set_property' expects at least one object. [C:/Users/Shane/Documents/Classes/ECE_385/Lab_7/lab_7_2/lab_7_2.srcs/constrs_1/imports/lab7_1_provided_fa24/mb_usb_hdmi_top.xdc:54]
Resolution: If [get_<value>] was used to populate the object, check to make sure this command returns at least one valid object.
WARNING: [Vivado 12-584] No ports matched 'hex_segA[0]'. [C:/Users/Shane/Documents/Classes/ECE_385/Lab_7/lab_7_2/lab_7_2.srcs/constrs_1/imports/lab7_1_provided_fa24/mb_usb_hdmi_top.xdc:55]
CRITICAL WARNING: [Common 17-55] 'set_property' expects at least one object. [C:/Users/Shane/Documents/Classes/ECE_385/Lab_7/lab_7_2/lab_7_2.srcs/constrs_1/imports/lab7_1_provided_fa24/mb_usb_hdmi_top.xdc:55]
Resolution: If [get_<value>] was used to populate the object, check to make sure this command returns at least one valid object.
WARNING: [Vivado 12-584] No ports matched 'hex_segA[1]'. [C:/Users/Shane/Documents/Classes/ECE_385/Lab_7/lab_7_2/lab_7_2.srcs/constrs_1/imports/lab7_1_provided_fa24/mb_usb_hdmi_top.xdc:56]
CRITICAL WARNING: [Common 17-55] 'set_property' expects at least one object. [C:/Users/Shane/Documents/Classes/ECE_385/Lab_7/lab_7_2/lab_7_2.srcs/constrs_1/imports/lab7_1_provided_fa24/mb_usb_hdmi_top.xdc:56]
Resolution: If [get_<value>] was used to populate the object, check to make sure this command returns at least one valid object.
WARNING: [Vivado 12-584] No ports matched 'hex_segA[2]'. [C:/Users/Shane/Documents/Classes/ECE_385/Lab_7/lab_7_2/lab_7_2.srcs/constrs_1/imports/lab7_1_provided_fa24/mb_usb_hdmi_top.xdc:57]
CRITICAL WARNING: [Common 17-55] 'set_property' expects at least one object. [C:/Users/Shane/Documents/Classes/ECE_385/Lab_7/lab_7_2/lab_7_2.srcs/constrs_1/imports/lab7_1_provided_fa24/mb_usb_hdmi_top.xdc:57]
Resolution: If [get_<value>] was used to populate the object, check to make sure this command returns at least one valid object.
WARNING: [Vivado 12-584] No ports matched 'hex_segA[3]'. [C:/Users/Shane/Documents/Classes/ECE_385/Lab_7/lab_7_2/lab_7_2.srcs/constrs_1/imports/lab7_1_provided_fa24/mb_usb_hdmi_top.xdc:58]
CRITICAL WARNING: [Common 17-55] 'set_property' expects at least one object. [C:/Users/Shane/Documents/Classes/ECE_385/Lab_7/lab_7_2/lab_7_2.srcs/constrs_1/imports/lab7_1_provided_fa24/mb_usb_hdmi_top.xdc:58]
Resolution: If [get_<value>] was used to populate the object, check to make sure this command returns at least one valid object.
WARNING: [Vivado 12-584] No ports matched 'hex_segA[4]'. [C:/Users/Shane/Documents/Classes/ECE_385/Lab_7/lab_7_2/lab_7_2.srcs/constrs_1/imports/lab7_1_provided_fa24/mb_usb_hdmi_top.xdc:59]
CRITICAL WARNING: [Common 17-55] 'set_property' expects at least one object. [C:/Users/Shane/Documents/Classes/ECE_385/Lab_7/lab_7_2/lab_7_2.srcs/constrs_1/imports/lab7_1_provided_fa24/mb_usb_hdmi_top.xdc:59]
Resolution: If [get_<value>] was used to populate the object, check to make sure this command returns at least one valid object.
WARNING: [Vivado 12-584] No ports matched 'hex_segA[5]'. [C:/Users/Shane/Documents/Classes/ECE_385/Lab_7/lab_7_2/lab_7_2.srcs/constrs_1/imports/lab7_1_provided_fa24/mb_usb_hdmi_top.xdc:60]
CRITICAL WARNING: [Common 17-55] 'set_property' expects at least one object. [C:/Users/Shane/Documents/Classes/ECE_385/Lab_7/lab_7_2/lab_7_2.srcs/constrs_1/imports/lab7_1_provided_fa24/mb_usb_hdmi_top.xdc:60]
Resolution: If [get_<value>] was used to populate the object, check to make sure this command returns at least one valid object.
WARNING: [Vivado 12-584] No ports matched 'hex_segA[6]'. [C:/Users/Shane/Documents/Classes/ECE_385/Lab_7/lab_7_2/lab_7_2.srcs/constrs_1/imports/lab7_1_provided_fa24/mb_usb_hdmi_top.xdc:61]
CRITICAL WARNING: [Common 17-55] 'set_property' expects at least one object. [C:/Users/Shane/Documents/Classes/ECE_385/Lab_7/lab_7_2/lab_7_2.srcs/constrs_1/imports/lab7_1_provided_fa24/mb_usb_hdmi_top.xdc:61]
Resolution: If [get_<value>] was used to populate the object, check to make sure this command returns at least one valid object.
WARNING: [Vivado 12-584] No ports matched 'hex_segA[7]'. [C:/Users/Shane/Documents/Classes/ECE_385/Lab_7/lab_7_2/lab_7_2.srcs/constrs_1/imports/lab7_1_provided_fa24/mb_usb_hdmi_top.xdc:62]
CRITICAL WARNING: [Common 17-55] 'set_property' expects at least one object. [C:/Users/Shane/Documents/Classes/ECE_385/Lab_7/lab_7_2/lab_7_2.srcs/constrs_1/imports/lab7_1_provided_fa24/mb_usb_hdmi_top.xdc:62]
Resolution: If [get_<value>] was used to populate the object, check to make sure this command returns at least one valid object.
WARNING: [Vivado 12-584] No ports matched 'hex_segB[0]'. [C:/Users/Shane/Documents/Classes/ECE_385/Lab_7/lab_7_2/lab_7_2.srcs/constrs_1/imports/lab7_1_provided_fa24/mb_usb_hdmi_top.xdc:63]
CRITICAL WARNING: [Common 17-55] 'set_property' expects at least one object. [C:/Users/Shane/Documents/Classes/ECE_385/Lab_7/lab_7_2/lab_7_2.srcs/constrs_1/imports/lab7_1_provided_fa24/mb_usb_hdmi_top.xdc:63]
Resolution: If [get_<value>] was used to populate the object, check to make sure this command returns at least one valid object.
WARNING: [Vivado 12-584] No ports matched 'hex_segB[1]'. [C:/Users/Shane/Documents/Classes/ECE_385/Lab_7/lab_7_2/lab_7_2.srcs/constrs_1/imports/lab7_1_provided_fa24/mb_usb_hdmi_top.xdc:64]
CRITICAL WARNING: [Common 17-55] 'set_property' expects at least one object. [C:/Users/Shane/Documents/Classes/ECE_385/Lab_7/lab_7_2/lab_7_2.srcs/constrs_1/imports/lab7_1_provided_fa24/mb_usb_hdmi_top.xdc:64]
Resolution: If [get_<value>] was used to populate the object, check to make sure this command returns at least one valid object.
WARNING: [Vivado 12-584] No ports matched 'hex_segB[2]'. [C:/Users/Shane/Documents/Classes/ECE_385/Lab_7/lab_7_2/lab_7_2.srcs/constrs_1/imports/lab7_1_provided_fa24/mb_usb_hdmi_top.xdc:65]
CRITICAL WARNING: [Common 17-55] 'set_property' expects at least one object. [C:/Users/Shane/Documents/Classes/ECE_385/Lab_7/lab_7_2/lab_7_2.srcs/constrs_1/imports/lab7_1_provided_fa24/mb_usb_hdmi_top.xdc:65]
Resolution: If [get_<value>] was used to populate the object, check to make sure this command returns at least one valid object.
WARNING: [Vivado 12-584] No ports matched 'hex_segB[3]'. [C:/Users/Shane/Documents/Classes/ECE_385/Lab_7/lab_7_2/lab_7_2.srcs/constrs_1/imports/lab7_1_provided_fa24/mb_usb_hdmi_top.xdc:66]
CRITICAL WARNING: [Common 17-55] 'set_property' expects at least one object. [C:/Users/Shane/Documents/Classes/ECE_385/Lab_7/lab_7_2/lab_7_2.srcs/constrs_1/imports/lab7_1_provided_fa24/mb_usb_hdmi_top.xdc:66]
Resolution: If [get_<value>] was used to populate the object, check to make sure this command returns at least one valid object.
WARNING: [Vivado 12-584] No ports matched 'hex_segB[4]'. [C:/Users/Shane/Documents/Classes/ECE_385/Lab_7/lab_7_2/lab_7_2.srcs/constrs_1/imports/lab7_1_provided_fa24/mb_usb_hdmi_top.xdc:67]
CRITICAL WARNING: [Common 17-55] 'set_property' expects at least one object. [C:/Users/Shane/Documents/Classes/ECE_385/Lab_7/lab_7_2/lab_7_2.srcs/constrs_1/imports/lab7_1_provided_fa24/mb_usb_hdmi_top.xdc:67]
Resolution: If [get_<value>] was used to populate the object, check to make sure this command returns at least one valid object.
WARNING: [Vivado 12-584] No ports matched 'hex_segB[5]'. [C:/Users/Shane/Documents/Classes/ECE_385/Lab_7/lab_7_2/lab_7_2.srcs/constrs_1/imports/lab7_1_provided_fa24/mb_usb_hdmi_top.xdc:68]
CRITICAL WARNING: [Common 17-55] 'set_property' expects at least one object. [C:/Users/Shane/Documents/Classes/ECE_385/Lab_7/lab_7_2/lab_7_2.srcs/constrs_1/imports/lab7_1_provided_fa24/mb_usb_hdmi_top.xdc:68]
Resolution: If [get_<value>] was used to populate the object, check to make sure this command returns at least one valid object.
WARNING: [Vivado 12-584] No ports matched 'hex_segB[6]'. [C:/Users/Shane/Documents/Classes/ECE_385/Lab_7/lab_7_2/lab_7_2.srcs/constrs_1/imports/lab7_1_provided_fa24/mb_usb_hdmi_top.xdc:69]
CRITICAL WARNING: [Common 17-55] 'set_property' expects at least one object. [C:/Users/Shane/Documents/Classes/ECE_385/Lab_7/lab_7_2/lab_7_2.srcs/constrs_1/imports/lab7_1_provided_fa24/mb_usb_hdmi_top.xdc:69]
Resolution: If [get_<value>] was used to populate the object, check to make sure this command returns at least one valid object.
WARNING: [Vivado 12-584] No ports matched 'hex_segB[7]'. [C:/Users/Shane/Documents/Classes/ECE_385/Lab_7/lab_7_2/lab_7_2.srcs/constrs_1/imports/lab7_1_provided_fa24/mb_usb_hdmi_top.xdc:70]
CRITICAL WARNING: [Common 17-55] 'set_property' expects at least one object. [C:/Users/Shane/Documents/Classes/ECE_385/Lab_7/lab_7_2/lab_7_2.srcs/constrs_1/imports/lab7_1_provided_fa24/mb_usb_hdmi_top.xdc:70]
Resolution: If [get_<value>] was used to populate the object, check to make sure this command returns at least one valid object.
WARNING: [Vivado 12-584] No ports matched 'hex_gridB[0]'. [C:/Users/Shane/Documents/Classes/ECE_385/Lab_7/lab_7_2/lab_7_2.srcs/constrs_1/imports/lab7_1_provided_fa24/mb_usb_hdmi_top.xdc:71]
CRITICAL WARNING: [Common 17-55] 'set_property' expects at least one object. [C:/Users/Shane/Documents/Classes/ECE_385/Lab_7/lab_7_2/lab_7_2.srcs/constrs_1/imports/lab7_1_provided_fa24/mb_usb_hdmi_top.xdc:71]
Resolution: If [get_<value>] was used to populate the object, check to make sure this command returns at least one valid object.
WARNING: [Vivado 12-584] No ports matched 'hex_gridB[1]'. [C:/Users/Shane/Documents/Classes/ECE_385/Lab_7/lab_7_2/lab_7_2.srcs/constrs_1/imports/lab7_1_provided_fa24/mb_usb_hdmi_top.xdc:72]
CRITICAL WARNING: [Common 17-55] 'set_property' expects at least one object. [C:/Users/Shane/Documents/Classes/ECE_385/Lab_7/lab_7_2/lab_7_2.srcs/constrs_1/imports/lab7_1_provided_fa24/mb_usb_hdmi_top.xdc:72]
Resolution: If [get_<value>] was used to populate the object, check to make sure this command returns at least one valid object.
WARNING: [Vivado 12-584] No ports matched 'hex_gridB[2]'. [C:/Users/Shane/Documents/Classes/ECE_385/Lab_7/lab_7_2/lab_7_2.srcs/constrs_1/imports/lab7_1_provided_fa24/mb_usb_hdmi_top.xdc:73]
CRITICAL WARNING: [Common 17-55] 'set_property' expects at least one object. [C:/Users/Shane/Documents/Classes/ECE_385/Lab_7/lab_7_2/lab_7_2.srcs/constrs_1/imports/lab7_1_provided_fa24/mb_usb_hdmi_top.xdc:73]
Resolution: If [get_<value>] was used to populate the object, check to make sure this command returns at least one valid object.
WARNING: [Vivado 12-584] No ports matched 'hex_gridB[3]'. [C:/Users/Shane/Documents/Classes/ECE_385/Lab_7/lab_7_2/lab_7_2.srcs/constrs_1/imports/lab7_1_provided_fa24/mb_usb_hdmi_top.xdc:74]
CRITICAL WARNING: [Common 17-55] 'set_property' expects at least one object. [C:/Users/Shane/Documents/Classes/ECE_385/Lab_7/lab_7_2/lab_7_2.srcs/constrs_1/imports/lab7_1_provided_fa24/mb_usb_hdmi_top.xdc:74]
Resolution: If [get_<value>] was used to populate the object, check to make sure this command returns at least one valid object.
Finished Parsing XDC File [C:/Users/Shane/Documents/Classes/ECE_385/Lab_7/lab_7_2/lab_7_2.srcs/constrs_1/imports/lab7_1_provided_fa24/mb_usb_hdmi_top.xdc]
Parsing XDC File [c:/Users/Shane/Documents/Classes/ECE_385/Lab_7/lab_7_2/lab_7_2.gen/sources_1/bd/mb_block/ip/mb_block_microblaze_0_axi_intc_0/mb_block_microblaze_0_axi_intc_0_clocks.xdc] for cell 'mb_block/microblaze_0_axi_intc/U0'
Finished Parsing XDC File [c:/Users/Shane/Documents/Classes/ECE_385/Lab_7/lab_7_2/lab_7_2.gen/sources_1/bd/mb_block/ip/mb_block_microblaze_0_axi_intc_0/mb_block_microblaze_0_axi_intc_0_clocks.xdc] for cell 'mb_block/microblaze_0_axi_intc/U0'
Parsing XDC File [c:/Users/Shane/Documents/Classes/ECE_385/Lab_7/lab_7_2/lab_7_2.gen/sources_1/bd/mb_block/ip/mb_block_mdm_1_0/mb_block_mdm_1_0.xdc] for cell 'mb_block/mdm_1/U0'
INFO: [Timing 38-2] Deriving generated clocks [c:/Users/Shane/Documents/Classes/ECE_385/Lab_7/lab_7_2/lab_7_2.gen/sources_1/bd/mb_block/ip/mb_block_mdm_1_0/mb_block_mdm_1_0.xdc:50]
Finished Parsing XDC File [c:/Users/Shane/Documents/Classes/ECE_385/Lab_7/lab_7_2/lab_7_2.gen/sources_1/bd/mb_block/ip/mb_block_mdm_1_0/mb_block_mdm_1_0.xdc] for cell 'mb_block/mdm_1/U0'
INFO: [Opt 31-138] Pushed 0 inverter(s) to 0 load pin(s).
Generating merged BMM file for the design top 'mb_usb_hdmi_top'...
INFO: [Memdata 28-144] Successfully populated the BRAM INIT strings from the following elf files: c:/Users/Shane/Documents/Classes/ECE_385/Lab_7/lab_7_2/lab_7_2.gen/sources_1/bd/mb_block/ip/mb_block_microblaze_0_0/data/mb_bootloop_le.elf 
Netlist sorting complete. Time (s): cpu = 00:00:00 ; elapsed = 00:00:00.030 . Memory (MB): peak = 3085.012 ; gain = 0.000
INFO: [Project 1-111] Unisim Transformation Summary:
  A total of 241 instances were transformed.
  LUT6_2 => LUT6_2 (LUT5, LUT6): 145 instances
  RAM16X1D => RAM32X1D (RAMD32(x2)): 32 instances
  RAM32X1D => RAM32X1D (RAMD32(x2)): 64 instances

open_run: Time (s): cpu = 00:00:34 ; elapsed = 00:00:30 . Memory (MB): peak = 3091.926 ; gain = 422.371
CRITICAL WARNING: [Chipscope 16-3] Cannot debug net 'mb_block/HDMI_0_tmds_data_n[0]'; it is not accessible from the fabric routing.
CRITICAL WARNING: [Chipscope 16-3] Cannot debug net 'mb_block/HDMI_0_tmds_data_n[1]'; it is not accessible from the fabric routing.
CRITICAL WARNING: [Chipscope 16-3] Cannot debug net 'mb_block/HDMI_0_tmds_data_n[2]'; it is not accessible from the fabric routing.
CRITICAL WARNING: [Chipscope 16-3] Cannot debug net 'mb_block/HDMI_0_tmds_data_n[0]'; it is not accessible from the fabric routing.
CRITICAL WARNING: [Chipscope 16-3] Cannot debug net 'mb_block/HDMI_0_tmds_data_n[1]'; it is not accessible from the fabric routing.
CRITICAL WARNING: [Chipscope 16-3] Cannot debug net 'mb_block/HDMI_0_tmds_data_n[2]'; it is not accessible from the fabric routing.
current_project hdmi_text_controller_v1_0_project
set_property top hdmi_text_controller_v1_0_AXI [current_fileset]
update_compile_order -fileset sources_1
close_sim
INFO: xsimkernel Simulation Memory Usage: 69436 KB (Peak: 69436 KB), Simulation CPU Usage: 22203 ms
INFO: [Simtcl 6-16] Simulation closed
synth_design -rtl -rtl_skip_mlo -name rtl_1
Command: synth_design -rtl -rtl_skip_mlo -name rtl_1
Starting synth_design
Using part: xc7s50csga324-1
Top: hdmi_text_controller_v1_0_AXI
INFO: [Synth 8-11241] undeclared symbol 'REGCCE', assumed default net type 'wire' [C:/Xilinx/Vivado/2022.2/data/verilog/src/unimacro/BRAM_SINGLE_MACRO.v:2170]
---------------------------------------------------------------------------------
Starting RTL Elaboration : Time (s): cpu = 00:00:12 ; elapsed = 00:00:11 . Memory (MB): peak = 3179.969 ; gain = 81.133
---------------------------------------------------------------------------------
INFO: [Synth 8-6157] synthesizing module 'hdmi_text_controller_v1_0_AXI' [c:/Users/Shane/Documents/Classes/ECE_385/Lab_7/lab_7_2/ip_repo/hdmi_text_controller_1_0/src/hdmi_text_controller_v1_0_AXI.sv:28]
INFO: [Synth 8-6155] done synthesizing module 'hdmi_text_controller_v1_0_AXI' (0#1) [c:/Users/Shane/Documents/Classes/ECE_385/Lab_7/lab_7_2/ip_repo/hdmi_text_controller_1_0/src/hdmi_text_controller_v1_0_AXI.sv:28]
WARNING: [Synth 8-7129] Port S_AXI_AWPROT[2] in module hdmi_text_controller_v1_0_AXI is either unconnected or has no load
WARNING: [Synth 8-7129] Port S_AXI_AWPROT[1] in module hdmi_text_controller_v1_0_AXI is either unconnected or has no load
WARNING: [Synth 8-7129] Port S_AXI_AWPROT[0] in module hdmi_text_controller_v1_0_AXI is either unconnected or has no load
WARNING: [Synth 8-7129] Port S_AXI_ARPROT[2] in module hdmi_text_controller_v1_0_AXI is either unconnected or has no load
WARNING: [Synth 8-7129] Port S_AXI_ARPROT[1] in module hdmi_text_controller_v1_0_AXI is either unconnected or has no load
WARNING: [Synth 8-7129] Port S_AXI_ARPROT[0] in module hdmi_text_controller_v1_0_AXI is either unconnected or has no load
---------------------------------------------------------------------------------
Finished RTL Elaboration : Time (s): cpu = 00:00:14 ; elapsed = 00:00:14 . Memory (MB): peak = 3263.156 ; gain = 164.320
---------------------------------------------------------------------------------
---------------------------------------------------------------------------------
Start Handling Custom Attributes
---------------------------------------------------------------------------------
---------------------------------------------------------------------------------
Finished Handling Custom Attributes : Time (s): cpu = 00:00:14 ; elapsed = 00:00:15 . Memory (MB): peak = 3284.965 ; gain = 186.129
---------------------------------------------------------------------------------
---------------------------------------------------------------------------------
Finished RTL Optimization Phase 1 : Time (s): cpu = 00:00:14 ; elapsed = 00:00:15 . Memory (MB): peak = 3284.965 ; gain = 186.129
---------------------------------------------------------------------------------
Netlist sorting complete. Time (s): cpu = 00:00:00 ; elapsed = 00:00:00.012 . Memory (MB): peak = 3284.965 ; gain = 0.000
INFO: [Project 1-570] Preparing netlist for logic optimization

Processing XDC Constraints
Initializing timing engine
Completed Processing XDC Constraints

Netlist sorting complete. Time (s): cpu = 00:00:00 ; elapsed = 00:00:00 . Memory (MB): peak = 3397.469 ; gain = 0.000
INFO: [Project 1-111] Unisim Transformation Summary:
No Unisim elements were transformed.

RTL Elaboration Complete:  : Time (s): cpu = 00:00:20 ; elapsed = 00:00:18 . Memory (MB): peak = 3406.617 ; gain = 307.781
5 Infos, 6 Warnings, 0 Critical Warnings and 0 Errors encountered.
synth_design completed successfully
synth_design: Time (s): cpu = 00:00:20 ; elapsed = 00:00:18 . Memory (MB): peak = 3406.617 ; gain = 307.781
launch_simulation
Command: launch_simulation 
INFO: [Vivado 12-12493] Simulation top is 'hdmi_text_controller_tb'
WARNING: [Vivado 12-13340] Unable to auto find GCC executables from simulator install path! (path not set)
WARNING: [Vivado 12-13277] Compiled library path does not exist: ''
INFO: [Vivado 12-5682] Launching behavioral simulation in 'c:/users/shane/documents/classes/ece_385/lab_7/lab_7_2/lab_7_2.tmp/hdmi_text_controller_v1_0_project/hdmi_text_controller_v1_0_project.sim/sim_1/behav/xsim'
INFO: [SIM-utils-51] Simulation object is 'sim_1'
INFO: [SIM-utils-72] Using boost library from 'C:/Xilinx/Vivado/2022.2/tps/boost_1_72_0'
INFO: [USF-XSim-7] Finding pre-compiled libraries...
INFO: [USF-XSim-11] File 'C:/Xilinx/Vivado/2022.2/data/xsim/xsim.ini' copied to run dir:'c:/users/shane/documents/classes/ece_385/lab_7/lab_7_2/lab_7_2.tmp/hdmi_text_controller_v1_0_project/hdmi_text_controller_v1_0_project.sim/sim_1/behav/xsim'
INFO: [SIM-utils-54] Inspecting design source files for 'hdmi_text_controller_tb' in fileset 'sim_1'...
INFO: [USF-XSim-97] Finding global include files...
INFO: [USF-XSim-98] Fetching design files from 'sim_1'...
INFO: [USF-XSim-2] XSim::Compile design
INFO: [USF-XSim-61] Executing 'COMPILE and ANALYZE' step in 'c:/users/shane/documents/classes/ece_385/lab_7/lab_7_2/lab_7_2.tmp/hdmi_text_controller_v1_0_project/hdmi_text_controller_v1_0_project.sim/sim_1/behav/xsim'
"xvlog --incr --relax -L uvm -prj hdmi_text_controller_tb_vlog.prj"
INFO: [VRFC 10-2263] Analyzing SystemVerilog file "c:/users/shane/documents/classes/ece_385/lab_7/lab_7_2/ip_repo/hdmi_text_controller_1_0/src/Color_Mapper.sv" into library xil_defaultlib
INFO: [VRFC 10-311] analyzing module color_mapper
INFO: [VRFC 10-2263] Analyzing SystemVerilog file "c:/users/shane/documents/classes/ece_385/lab_7/lab_7_2/ip_repo/hdmi_text_controller_1_0/src/VGA_controller.sv" into library xil_defaultlib
INFO: [VRFC 10-311] analyzing module vga_controller
INFO: [VRFC 10-2263] Analyzing SystemVerilog file "c:/users/shane/documents/classes/ece_385/lab_7/lab_7_2/ip_repo/hdmi_text_controller_1_0/src/font_rom.sv" into library xil_defaultlib
INFO: [VRFC 10-311] analyzing module font_rom
INFO: [VRFC 10-2263] Analyzing SystemVerilog file "c:/users/shane/documents/classes/ece_385/lab_7/lab_7_2/ip_repo/hdmi_text_controller_1_0/src/hdmi_text_controller_v1_0.sv" into library xil_defaultlib
INFO: [VRFC 10-311] analyzing module hdmi_text_controller_v1_0
INFO: [VRFC 10-2263] Analyzing SystemVerilog file "c:/users/shane/documents/classes/ece_385/lab_7/lab_7_2/ip_repo/hdmi_text_controller_1_0/src/hdmi_text_controller_v1_0_AXI.sv" into library xil_defaultlib
INFO: [VRFC 10-311] analyzing module hdmi_text_controller_v1_0_AXI
INFO: [VRFC 10-2263] Analyzing SystemVerilog file "c:/users/shane/documents/classes/ece_385/lab_7/lab_7_2/ip_repo/hdmi_text_controller_1_0/src/hdmi_text_controller_v1_0_tb.sv" into library xil_defaultlib
INFO: [VRFC 10-311] analyzing module hdmi_text_controller_tb
INFO: [USF-XSim-69] 'compile' step finished in '4' seconds
INFO: [USF-XSim-3] XSim::Elaborate design
INFO: [USF-XSim-61] Executing 'ELABORATE' step in 'c:/users/shane/documents/classes/ece_385/lab_7/lab_7_2/lab_7_2.tmp/hdmi_text_controller_v1_0_project/hdmi_text_controller_v1_0_project.sim/sim_1/behav/xsim'
"xelab --incr --debug typical --relax --mt 2 -L xil_defaultlib -L blk_mem_gen_v8_4_5 -L uvm -L unisims_ver -L unimacro_ver -L secureip -L xpm --snapshot hdmi_text_controller_tb_behav xil_defaultlib.hdmi_text_controller_tb xil_defaultlib.glbl -log elaborate.log"
Vivado Simulator v2022.2
Copyright 1986-1999, 2001-2022 Xilinx, Inc. All Rights Reserved.
Running: C:/Xilinx/Vivado/2022.2/bin/unwrapped/win64.o/xelab.exe --incr --debug typical --relax --mt 2 -L xil_defaultlib -L blk_mem_gen_v8_4_5 -L uvm -L unisims_ver -L unimacro_ver -L secureip -L xpm --snapshot hdmi_text_controller_tb_behav xil_defaultlib.hdmi_text_controller_tb xil_defaultlib.glbl -log elaborate.log 
Using 2 slave threads.
Starting static elaboration
Pass Through NonSizing Optimizer
WARNING: [VRFC 10-3091] actual bit length 32 differs from formal bit length 16 for port 'axi_awaddr' [c:/users/shane/documents/classes/ece_385/lab_7/lab_7_2/ip_repo/hdmi_text_controller_1_0/src/hdmi_text_controller_v1_0_tb.sv:74]
WARNING: [VRFC 10-3091] actual bit length 32 differs from formal bit length 16 for port 'axi_araddr' [c:/users/shane/documents/classes/ece_385/lab_7/lab_7_2/ip_repo/hdmi_text_controller_1_0/src/hdmi_text_controller_v1_0_tb.sv:88]
Completed static elaboration
Starting simulation data flow analysis
WARNING: [XSIM 43-4099] "c:/users/shane/documents/classes/ece_385/lab_7/lab_7_2/ip_repo/hdmi_text_controller_1_0/src/VGA_controller.sv" Line 26. Module vga_controller doesn't have a timescale but at least one module in design has a timescale.
WARNING: [XSIM 43-4099] "c:/users/shane/documents/classes/ece_385/lab_7/lab_7_2/ip_repo/hdmi_text_controller_1_0/src/Color_Mapper.sv" Line 17. Module color_mapper doesn't have a timescale but at least one module in design has a timescale.
WARNING: [XSIM 43-4099] "c:/users/shane/documents/classes/ece_385/lab_7/lab_7_2/ip_repo/hdmi_text_controller_1_0/src/font_rom.sv" Line 1. Module font_rom doesn't have a timescale but at least one module in design has a timescale.
WARNING: [XSIM 43-4099] "c:/users/shane/documents/classes/ece_385/lab_7/lab_7_2/ip_repo/hdmi_text_controller_1_0/src/VGA_controller.sv" Line 26. Module vga_controller doesn't have a timescale but at least one module in design has a timescale.
WARNING: [XSIM 43-4099] "c:/users/shane/documents/classes/ece_385/lab_7/lab_7_2/ip_repo/hdmi_text_controller_1_0/src/Color_Mapper.sv" Line 17. Module color_mapper doesn't have a timescale but at least one module in design has a timescale.
WARNING: [XSIM 43-4099] "c:/users/shane/documents/classes/ece_385/lab_7/lab_7_2/ip_repo/hdmi_text_controller_1_0/src/font_rom.sv" Line 1. Module font_rom doesn't have a timescale but at least one module in design has a timescale.
Completed simulation data flow analysis
Time Resolution for simulation is 1ps
Compiling module xil_defaultlib.hdmi_text_controller_v1_0_AXI(C_...
Compiling module blk_mem_gen_v8_4_5.blk_mem_gen_v8_4_5_output_stage(...
Compiling module blk_mem_gen_v8_4_5.blk_mem_gen_v8_4_5_softecc_outpu...
Compiling module blk_mem_gen_v8_4_5.blk_mem_gen_v8_4_5_mem_module(C_...
Compiling module blk_mem_gen_v8_4_5.blk_mem_gen_v8_4_5(C_FAMILY="spa...
Compiling module xil_defaultlib.blk_mem_gen_0
Compiling module unisims_ver.IBUF
Compiling module unisims_ver.MMCME2_ADV(CLKFBOUT_MULT_F=10.0,...
Compiling module unisims_ver.BUFG
Compiling module xil_defaultlib.clk_wiz_0_clk_wiz
Compiling module xil_defaultlib.clk_wiz_0
Compiling module xil_defaultlib.vga_controller
Compiling module unisims_ver.SRL16E_default
Compiling module xil_defaultlib.srldelay(WIDTH=40,TAPS=4'b1010)
Compiling module xil_defaultlib.encode_default
Compiling module xil_defaultlib.encode(CHANNEL="GREEN")
Compiling module xil_defaultlib.encode(CHANNEL="RED")
Compiling module unisims_ver.OSERDESE2(DATA_RATE_TQ="SDR",DAT...
Compiling module unisims_ver.OSERDESE2(DATA_RATE_TQ="SDR",DAT...
Compiling module xil_defaultlib.serdes_10_to_1
Compiling module unisims_ver.OBUFDS(IOSTANDARD="TMDS_33")
Compiling module xil_defaultlib.hdmi_tx_v1_0(C_RED_WIDTH=4,C_GRE...
Compiling module xil_defaultlib.hdmi_tx_0
Compiling module xil_defaultlib.font_rom
Compiling module xil_defaultlib.color_mapper
Compiling module xil_defaultlib.hdmi_text_controller_v1_0(C_AXI_...
Compiling module xil_defaultlib.hdmi_text_controller_tb
Compiling module xil_defaultlib.glbl
Built simulation snapshot hdmi_text_controller_tb_behav
run_program: Time (s): cpu = 00:00:07 ; elapsed = 00:00:21 . Memory (MB): peak = 3406.617 ; gain = 0.000
INFO: [USF-XSim-69] 'elaborate' step finished in '21' seconds
INFO: [USF-XSim-4] XSim::Simulate design
INFO: [USF-XSim-61] Executing 'SIMULATE' step in 'c:/users/shane/documents/classes/ece_385/lab_7/lab_7_2/lab_7_2.tmp/hdmi_text_controller_v1_0_project/hdmi_text_controller_v1_0_project.sim/sim_1/behav/xsim'
INFO: [USF-XSim-98] *** Running xsim
   with args "hdmi_text_controller_tb_behav -key {Behavioral:sim_1:Functional:hdmi_text_controller_tb} -tclbatch {hdmi_text_controller_tb.tcl} -view {c:/users/shane/documents/classes/ece_385/lab_7/lab_7_2/lab_7_2.tmp/hdmi_text_controller_v1_0_project/hdmi_text_controller_tb_behav.wcfg} -log {simulate.log}"
INFO: [USF-XSim-8] Loading simulator feature
Time resolution is 1 ps
open_wave_config c:/users/shane/documents/classes/ece_385/lab_7/lab_7_2/lab_7_2.tmp/hdmi_text_controller_v1_0_project/hdmi_text_controller_tb_behav.wcfg
source hdmi_text_controller_tb.tcl
# set curr_wave [current_wave_config]
# if { [string length $curr_wave] == 0 } {
#   if { [llength [get_objects]] > 0} {
#     add_wave /
#     set_property needs_save false [current_wave_config]
#   } else {
#      send_msg_id Add_Wave-1 WARNING "No top level signals found. Simulator will start without a wave window. If you want to open a wave window go to 'File->New Waveform Configuration' or type 'create_wave_config' in the TCL console."
#   }
# }
# run all
Block Memory Generator module hdmi_text_controller_tb.hdmi_text_controller_v1_0_inst.sram0.inst.\native_mem_module.blk_mem_gen_v8_4_5_inst  is using a behavioral model for simulation which will not precisely model memory collision behavior.
blk_mem_gen_v8_4_5 collision detected at time: 240000, Instance: hdmi_text_controller_tb.hdmi_text_controller_v1_0_inst.sram0.inst.\native_mem_module.blk_mem_gen_v8_4_5_inst , A write address: 0, B  read address: 0
blk_mem_gen_v8_4_5 collision detected at time: 280000, Instance: hdmi_text_controller_tb.hdmi_text_controller_v1_0_inst.sram0.inst.\native_mem_module.blk_mem_gen_v8_4_5_inst , A write address: 0, B  read address: 0
blk_mem_gen_v8_4_5 collision detected at time: 320000, Instance: hdmi_text_controller_tb.hdmi_text_controller_v1_0_inst.sram0.inst.\native_mem_module.blk_mem_gen_v8_4_5_inst , A write address: 0, B  read address: 0
blk_mem_gen_v8_4_5 collision detected at time: 360000, Instance: hdmi_text_controller_tb.hdmi_text_controller_v1_0_inst.sram0.inst.\native_mem_module.blk_mem_gen_v8_4_5_inst , A write address: 0, B  read address: 0
Info: Read back of control register: 001f6000
Time: 216400 ns  Iteration: 0  Process: /hdmi_text_controller_tb/Initial269_920  Scope: hdmi_text_controller_tb.TEST_VECTORS  File: c:/users/shane/documents/classes/ece_385/lab_7/lab_7_2/ip_repo/hdmi_text_controller_1_0/src/hdmi_text_controller_v1_0_tb.sv Line: 319
$finish called at time : 216400 ns : File "c:/users/shane/documents/classes/ece_385/lab_7/lab_7_2/ip_repo/hdmi_text_controller_1_0/src/hdmi_text_controller_v1_0_tb.sv" Line 328
run: Time (s): cpu = 00:00:24 ; elapsed = 00:00:25 . Memory (MB): peak = 3414.566 ; gain = 7.949
xsim: Time (s): cpu = 00:00:30 ; elapsed = 00:00:32 . Memory (MB): peak = 3414.566 ; gain = 7.949
INFO: [USF-XSim-96] XSim completed. Design snapshot 'hdmi_text_controller_tb_behav' loaded.
INFO: [USF-XSim-97] XSim simulation ran for all
launch_simulation: Time (s): cpu = 00:00:40 ; elapsed = 00:00:59 . Memory (MB): peak = 3414.566 ; gain = 7.949
WARNING: [IP_Flow 19-4067] Ignoring invalid widget type specified checkbox.Providing a default widget
WARNING: [IP_Flow 19-4067] Ignoring invalid widget type specified checkbox.Providing a default widget
WARNING: [IP_Flow 19-4067] Ignoring invalid widget type specified checkbox.Providing a default widget
WARNING: [IP_Flow 19-4067] Ignoring invalid widget type specified checkbox.Providing a default widget
WARNING: [IP_Flow 19-4067] Ignoring invalid widget type specified checkbox.Providing a default widget
WARNING: [IP_Flow 19-4067] Ignoring invalid widget type specified checkbox.Providing a default widget
INFO: [Vivado 12-8231] Launching Vitis
INFO: [Vivado 12-417] Running vitis
INFO: [Vivado 12-8232] Vitis launch initiated. Please check console for any further messages.
INFO: [Vivado 12-8231] Launching Vitis
INFO: [Vivado 12-417] Running vitis
INFO: [Vivado 12-8232] Vitis launch initiated. Please check console for any further messages.
close_sim
INFO: xsimkernel Simulation Memory Usage: 69240 KB (Peak: 69240 KB), Simulation CPU Usage: 22717 ms
INFO: [Simtcl 6-16] Simulation closed
close_design
close_project
close_design
ipx::edit_ip_in_project -upgrade true -name hdmi_text_controller_v1_0_project -directory C:/Users/Shane/Documents/Classes/ECE_385/Lab_7/lab_7_2/lab_7_2.tmp/hdmi_text_controller_v1_0_project c:/Users/Shane/Documents/Classes/ECE_385/Lab_7/lab_7_2/ip_repo/hdmi_text_controller_1_0/component.xml
INFO: [ProjectBase 1-489] The host OS only allows 260 characters in a normal path. The project is stored in a path with more than 80 characters. If you experience issues with IP, Block Designs, or files not being found, please consider moving the project to a location with a shorter path. Alternately consider using the OS subst command to map part of the path to a drive letter.
Current project path is 'c:/users/shane/documents/classes/ece_385/lab_7/lab_7_2/lab_7_2.tmp/hdmi_text_controller_v1_0_project'
INFO: [IP_Flow 19-234] Refreshing IP repositories
INFO: [IP_Flow 19-1704] No user IP repositories specified
INFO: [IP_Flow 19-2313] Loaded Vivado IP repository 'C:/Xilinx/Vivado/2022.2/data/ip'.
WARNING: [Board 49-26] cannot add Board Part xilinx.com:ac701:part0:1.4 available at C:/Xilinx/Vivado/2022.2/data/xhub/boards/XilinxBoardStore/boards/Xilinx/ac701/1.4/board.xml as part xc7a200tfbg676-2 specified in board_part file is either invalid or not available
WARNING: [Board 49-26] cannot add Board Part xilinx.com:k26c:part0:1.2 available at C:/Xilinx/Vivado/2022.2/data/xhub/boards/XilinxBoardStore/boards/Xilinx/k26c/1.2/board.xml as part xck26-sfvc784-2lv-c specified in board_part file is either invalid or not available
WARNING: [Board 49-26] cannot add Board Part xilinx.com:k26c:part0:1.3 available at C:/Xilinx/Vivado/2022.2/data/xhub/boards/XilinxBoardStore/boards/Xilinx/k26c/1.3/board.xml as part xck26-sfvc784-2lv-c specified in board_part file is either invalid or not available
WARNING: [Board 49-26] cannot add Board Part xilinx.com:k26c:part0:1.4 available at C:/Xilinx/Vivado/2022.2/data/xhub/boards/XilinxBoardStore/boards/Xilinx/k26c/1.4/board.xml as part xck26-sfvc784-2lv-c specified in board_part file is either invalid or not available
WARNING: [Board 49-26] cannot add Board Part xilinx.com:k26i:part0:1.2 available at C:/Xilinx/Vivado/2022.2/data/xhub/boards/XilinxBoardStore/boards/Xilinx/k26i/1.2/board.xml as part xck26-sfvc784-2lvi-i specified in board_part file is either invalid or not available
WARNING: [Board 49-26] cannot add Board Part xilinx.com:k26i:part0:1.3 available at C:/Xilinx/Vivado/2022.2/data/xhub/boards/XilinxBoardStore/boards/Xilinx/k26i/1.3/board.xml as part xck26-sfvc784-2lvi-i specified in board_part file is either invalid or not available
WARNING: [Board 49-26] cannot add Board Part xilinx.com:k26i:part0:1.4 available at C:/Xilinx/Vivado/2022.2/data/xhub/boards/XilinxBoardStore/boards/Xilinx/k26i/1.4/board.xml as part xck26-sfvc784-2lvi-i specified in board_part file is either invalid or not available
WARNING: [Board 49-26] cannot add Board Part xilinx.com:kc705:part0:1.6 available at C:/Xilinx/Vivado/2022.2/data/xhub/boards/XilinxBoardStore/boards/Xilinx/kc705/1.6/board.xml as part xc7k325tffg900-2 specified in board_part file is either invalid or not available
WARNING: [Board 49-26] cannot add Board Part xilinx.com:kcu105:part0:1.6 available at C:/Xilinx/Vivado/2022.2/data/xhub/boards/XilinxBoardStore/boards/Xilinx/kcu105/1.6/board.xml as part xcku040-ffva1156-2-e specified in board_part file is either invalid or not available
WARNING: [Board 49-26] cannot add Board Part xilinx.com:kcu105:part0:1.7 available at C:/Xilinx/Vivado/2022.2/data/xhub/boards/XilinxBoardStore/boards/Xilinx/kcu105/1.7/board.xml as part xcku040-ffva1156-2-e specified in board_part file is either invalid or not available
WARNING: [Board 49-26] cannot add Board Part xilinx.com:kcu116:part0:1.4 available at C:/Xilinx/Vivado/2022.2/data/xhub/boards/XilinxBoardStore/boards/Xilinx/kcu116/1.4/board.xml as part xcku5p-ffvb676-2-e specified in board_part file is either invalid or not available
WARNING: [Board 49-26] cannot add Board Part xilinx.com:kcu116:part0:1.5 available at C:/Xilinx/Vivado/2022.2/data/xhub/boards/XilinxBoardStore/boards/Xilinx/kcu116/1.5/board.xml as part xcku5p-ffvb676-2-e specified in board_part file is either invalid or not available
WARNING: [Board 49-26] cannot add Board Part xilinx.com:kcu1500:part0:1.2 available at C:/Xilinx/Vivado/2022.2/data/xhub/boards/XilinxBoardStore/boards/Xilinx/kcu1500/1.2/board.xml as part xcku115-flvb2104-2-e specified in board_part file is either invalid or not available
WARNING: [Board 49-26] cannot add Board Part xilinx.com:kr260_som:part0:1.0 available at C:/Xilinx/Vivado/2022.2/data/xhub/boards/XilinxBoardStore/boards/Xilinx/kr260_som/1.0/board.xml as part xck26-sfvc784-2lv-c specified in board_part file is either invalid or not available
WARNING: [Board 49-26] cannot add Board Part xilinx.com:kr260_som:part0:1.1 available at C:/Xilinx/Vivado/2022.2/data/xhub/boards/XilinxBoardStore/boards/Xilinx/kr260_som/1.1/board.xml as part xck26-sfvc784-2lv-c specified in board_part file is either invalid or not available
WARNING: [Board 49-26] cannot add Board Part xilinx.com:kv260_som:part0:1.2 available at C:/Xilinx/Vivado/2022.2/data/xhub/boards/XilinxBoardStore/boards/Xilinx/kv260_som/1.2/board.xml as part xck26-sfvc784-2lv-c specified in board_part file is either invalid or not available
WARNING: [Board 49-26] cannot add Board Part xilinx.com:kv260_som:part0:1.3 available at C:/Xilinx/Vivado/2022.2/data/xhub/boards/XilinxBoardStore/boards/Xilinx/kv260_som/1.3/board.xml as part xck26-sfvc784-2lv-c specified in board_part file is either invalid or not available
WARNING: [Board 49-26] cannot add Board Part xilinx.com:kv260_som:part0:1.4 available at C:/Xilinx/Vivado/2022.2/data/xhub/boards/XilinxBoardStore/boards/Xilinx/kv260_som/1.4/board.xml as part xck26-sfvc784-2lv-c specified in board_part file is either invalid or not available
WARNING: [Board 49-26] cannot add Board Part xilinx.com:vc707:part0:1.4 available at C:/Xilinx/Vivado/2022.2/data/xhub/boards/XilinxBoardStore/boards/Xilinx/vc707/1.4/board.xml as part xc7vx485tffg1761-2 specified in board_part file is either invalid or not available
WARNING: [Board 49-26] cannot add Board Part xilinx.com:vc709:part0:1.8 available at C:/Xilinx/Vivado/2022.2/data/xhub/boards/XilinxBoardStore/boards/Xilinx/vc709/1.8/board.xml as part xc7vx690tffg1761-2 specified in board_part file is either invalid or not available
WARNING: [Board 49-26] cannot add Board Part xilinx.com:vck190:part0:2.2 available at C:/Xilinx/Vivado/2022.2/data/xhub/boards/XilinxBoardStore/boards/Xilinx/vck190/production/2.2/board.xml as part xcvc1902-vsva2197-2mp-e-s specified in board_part file is either invalid or not available
WARNING: [Board 49-26] cannot add Board Part xilinx.com:vck190:part0:3.0 available at C:/Xilinx/Vivado/2022.2/data/xhub/boards/XilinxBoardStore/boards/Xilinx/vck190/production/3.0/board.xml as part xcvc1902-vsva2197-2mp-e-s specified in board_part file is either invalid or not available
WARNING: [Board 49-26] cannot add Board Part xilinx.com:vck190:part0:3.1 available at C:/Xilinx/Vivado/2022.2/data/xhub/boards/XilinxBoardStore/boards/Xilinx/vck190/production/3.1/board.xml as part xcvc1902-vsva2197-2mp-e-s specified in board_part file is either invalid or not available
WARNING: [Board 49-26] cannot add Board Part xilinx.com:vck190_newl:part0:1.0 available at C:/Xilinx/Vivado/2022.2/data/xhub/boards/XilinxBoardStore/boards/Xilinx/vck190_newl/production/1.0/board.xml as part xcvc1902-vsva2197-2mp-e-s specified in board_part file is either invalid or not available
WARNING: [Board 49-26] cannot add Board Part xilinx.com:vcu108:part0:1.6 available at C:/Xilinx/Vivado/2022.2/data/xhub/boards/XilinxBoardStore/boards/Xilinx/vcu108/1.6/board.xml as part xcvu095-ffva2104-2-e specified in board_part file is either invalid or not available
WARNING: [Board 49-26] cannot add Board Part xilinx.com:vcu108:part0:1.7 available at C:/Xilinx/Vivado/2022.2/data/xhub/boards/XilinxBoardStore/boards/Xilinx/vcu108/1.7/board.xml as part xcvu095-ffva2104-2-e specified in board_part file is either invalid or not available
WARNING: [Board 49-26] cannot add Board Part xilinx.com:vcu110:part0:1.4 available at C:/Xilinx/Vivado/2022.2/data/xhub/boards/XilinxBoardStore/boards/Xilinx/vcu110/1.4/board.xml as part xcvu190-flgc2104-2-e specified in board_part file is either invalid or not available
WARNING: [Board 49-26] cannot add Board Part xilinx.com:vcu118:part0:2.0 available at C:/Xilinx/Vivado/2022.2/data/xhub/boards/XilinxBoardStore/boards/Xilinx/vcu118/2.0/board.xml as part xcvu9p-flga2104-2l-e specified in board_part file is either invalid or not available
WARNING: [Board 49-26] cannot add Board Part xilinx.com:vcu118:part0:2.3 available at C:/Xilinx/Vivado/2022.2/data/xhub/boards/XilinxBoardStore/boards/Xilinx/vcu118/2.3/board.xml as part xcvu9p-flga2104-2l-e specified in board_part file is either invalid or not available
WARNING: [Board 49-26] cannot add Board Part xilinx.com:vcu118:part0:2.4 available at C:/Xilinx/Vivado/2022.2/data/xhub/boards/XilinxBoardStore/boards/Xilinx/vcu118/2.4/board.xml as part xcvu9p-flga2104-2l-e specified in board_part file is either invalid or not available
WARNING: [Board 49-26] cannot add Board Part xilinx.com:vcu128:part0:1.0 available at C:/Xilinx/Vivado/2022.2/data/xhub/boards/XilinxBoardStore/boards/Xilinx/vcu128/production/1.0/board.xml as part xcvu37p-fsvh2892-2l-e specified in board_part file is either invalid or not available
WARNING: [Board 49-26] cannot add Board Part xilinx.com:vcu129:part0:1.0 available at C:/Xilinx/Vivado/2022.2/data/xhub/boards/XilinxBoardStore/boards/Xilinx/vcu129/production/1.0/board.xml as part xcvu29p-fsga2577-2l-e specified in board_part file is either invalid or not available
WARNING: [Board 49-26] cannot add Board Part xilinx.com:vcu1525:part0:1.3 available at C:/Xilinx/Vivado/2022.2/data/xhub/boards/XilinxBoardStore/boards/Xilinx/vcu1525/1.3/board.xml as part xcvu9p-fsgd2104-2l-e specified in board_part file is either invalid or not available
WARNING: [Board 49-26] cannot add Board Part xilinx.com:vek280_es:part0:1.0 available at C:/Xilinx/Vivado/2022.2/data/xhub/boards/XilinxBoardStore/boards/Xilinx/vek280/es/1.0/board.xml as part xcve2802-vsvh1760-2lp-e-s-es1 specified in board_part file is either invalid or not available
WARNING: [Board 49-26] cannot add Board Part xilinx.com:vermeo_t1_mpsoc:part0:1.0 available at C:/Xilinx/Vivado/2022.2/data/xhub/boards/XilinxBoardStore/boards/Xilinx/vermeo_t1_mpsoc/1.0/board.xml as part xczu19eg-ffvd1760-2l-e specified in board_part file is either invalid or not available
WARNING: [Board 49-26] cannot add Board Part xilinx.com:vermeo_t1_rfsoc:part0:1.0 available at C:/Xilinx/Vivado/2022.2/data/xhub/boards/XilinxBoardStore/boards/Xilinx/vermeo_t1_rfsoc/1.0/board.xml as part xczu21dr-ffvd1156-2l-e specified in board_part file is either invalid or not available
WARNING: [Board 49-26] cannot add Board Part xilinx.com:vhk158_es:part0:1.0 available at C:/Xilinx/Vivado/2022.2/data/xhub/boards/XilinxBoardStore/boards/Xilinx/vhk158/es/1.0/board.xml as part xcvh1582-vsva3697-2mp-e-s-es1 specified in board_part file is either invalid or not available
WARNING: [Board 49-26] cannot add Board Part xilinx.com:vmk180:part0:2.2 available at C:/Xilinx/Vivado/2022.2/data/xhub/boards/XilinxBoardStore/boards/Xilinx/vmk180/production/2.2/board.xml as part xcvm1802-vsva2197-2mp-e-s specified in board_part file is either invalid or not available
WARNING: [Board 49-26] cannot add Board Part xilinx.com:vmk180:part0:3.0 available at C:/Xilinx/Vivado/2022.2/data/xhub/boards/XilinxBoardStore/boards/Xilinx/vmk180/production/3.0/board.xml as part xcvm1802-vsva2197-2mp-e-s specified in board_part file is either invalid or not available
WARNING: [Board 49-26] cannot add Board Part xilinx.com:vmk180:part0:3.1 available at C:/Xilinx/Vivado/2022.2/data/xhub/boards/XilinxBoardStore/boards/Xilinx/vmk180/production/3.1/board.xml as part xcvm1802-vsva2197-2mp-e-s specified in board_part file is either invalid or not available
WARNING: [Board 49-26] cannot add Board Part xilinx.com:vmk180_newl:part0:1.0 available at C:/Xilinx/Vivado/2022.2/data/xhub/boards/XilinxBoardStore/boards/Xilinx/vmk180_newl/production/1.0/board.xml as part xcvm1802-vsva2197-2mp-e-s specified in board_part file is either invalid or not available
WARNING: [Board 49-26] cannot add Board Part xilinx.com:vpk120:part0:1.0 available at C:/Xilinx/Vivado/2022.2/data/xhub/boards/XilinxBoardStore/boards/Xilinx/vpk120/production/1.0/board.xml as part xcvp1202-vsva2785-2mp-e-s specified in board_part file is either invalid or not available
WARNING: [Board 49-26] cannot add Board Part xilinx.com:vpk120_es:part0:1.2 available at C:/Xilinx/Vivado/2022.2/data/xhub/boards/XilinxBoardStore/boards/Xilinx/vpk120/es/1.2/board.xml as part xcvp1202-vsva2785-2mp-e-s-es1 specified in board_part file is either invalid or not available
WARNING: [Board 49-26] cannot add Board Part xilinx.com:vpk120_es_revb:part0:1.0 available at C:/Xilinx/Vivado/2022.2/data/xhub/boards/XilinxBoardStore/boards/Xilinx/vpk120_revb/es/1.0/board.xml as part xcvp1202-vsva2785-2mp-e-s-es1 specified in board_part file is either invalid or not available
WARNING: [Board 49-26] cannot add Board Part xilinx.com:vpk180_es:part0:1.0 available at C:/Xilinx/Vivado/2022.2/data/xhub/boards/XilinxBoardStore/boards/Xilinx/vpk180/es/1.0/board.xml as part xcvp1802-lsvc4072-2mp-e-s-es1 specified in board_part file is either invalid or not available
WARNING: [Board 49-26] cannot add Board Part xilinx.com:zc702:part0:1.4 available at C:/Xilinx/Vivado/2022.2/data/xhub/boards/XilinxBoardStore/boards/Xilinx/zc702/1.4/board.xml as part xc7z020clg484-1 specified in board_part file is either invalid or not available
WARNING: [Board 49-26] cannot add Board Part xilinx.com:zc706:part0:1.4 available at C:/Xilinx/Vivado/2022.2/data/xhub/boards/XilinxBoardStore/boards/Xilinx/zc706/1.4/board.xml as part xc7z045ffg900-2 specified in board_part file is either invalid or not available
WARNING: [Board 49-26] cannot add Board Part xilinx.com:zcu102:part0:3.3 available at C:/Xilinx/Vivado/2022.2/data/xhub/boards/XilinxBoardStore/boards/Xilinx/zcu102/3.3/board.xml as part xczu9eg-ffvb1156-2-e specified in board_part file is either invalid or not available
WARNING: [Board 49-26] cannot add Board Part xilinx.com:zcu102:part0:3.4 available at C:/Xilinx/Vivado/2022.2/data/xhub/boards/XilinxBoardStore/boards/Xilinx/zcu102/3.4/board.xml as part xczu9eg-ffvb1156-2-e specified in board_part file is either invalid or not available
WARNING: [Board 49-26] cannot add Board Part xilinx.com:zcu104:part0:1.1 available at C:/Xilinx/Vivado/2022.2/data/xhub/boards/XilinxBoardStore/boards/Xilinx/zcu104/1.1/board.xml as part xczu7ev-ffvc1156-2-e specified in board_part file is either invalid or not available
WARNING: [Board 49-26] cannot add Board Part xilinx.com:zcu106:part0:2.4 available at C:/Xilinx/Vivado/2022.2/data/xhub/boards/XilinxBoardStore/boards/Xilinx/zcu106/2.4/board.xml as part xczu7ev-ffvc1156-2-e specified in board_part file is either invalid or not available
WARNING: [Board 49-26] cannot add Board Part xilinx.com:zcu106:part0:2.5 available at C:/Xilinx/Vivado/2022.2/data/xhub/boards/XilinxBoardStore/boards/Xilinx/zcu106/2.5/board.xml as part xczu7ev-ffvc1156-2-e specified in board_part file is either invalid or not available
WARNING: [Board 49-26] cannot add Board Part xilinx.com:zcu106:part0:2.6 available at C:/Xilinx/Vivado/2022.2/data/xhub/boards/XilinxBoardStore/boards/Xilinx/zcu106/2.6/board.xml as part xczu7ev-ffvc1156-2-e specified in board_part file is either invalid or not available
WARNING: [Board 49-26] cannot add Board Part xilinx.com:zcu111:part0:1.2 available at C:/Xilinx/Vivado/2022.2/data/xhub/boards/XilinxBoardStore/boards/Xilinx/zcu111/1.2/board.xml as part xczu28dr-ffvg1517-2-e specified in board_part file is either invalid or not available
WARNING: [Board 49-26] cannot add Board Part xilinx.com:zcu111:part0:1.3 available at C:/Xilinx/Vivado/2022.2/data/xhub/boards/XilinxBoardStore/boards/Xilinx/zcu111/1.3/board.xml as part xczu28dr-ffvg1517-2-e specified in board_part file is either invalid or not available
WARNING: [Board 49-26] cannot add Board Part xilinx.com:zcu111:part0:1.4 available at C:/Xilinx/Vivado/2022.2/data/xhub/boards/XilinxBoardStore/boards/Xilinx/zcu111/1.4/board.xml as part xczu28dr-ffvg1517-2-e specified in board_part file is either invalid or not available
WARNING: [Board 49-26] cannot add Board Part xilinx.com:zcu1275:part0:1.0 available at C:/Xilinx/Vivado/2022.2/data/xhub/boards/XilinxBoardStore/boards/Xilinx/zcu1275/1.0/board.xml as part xczu29dr-ffvf1760-2-e specified in board_part file is either invalid or not available
WARNING: [Board 49-26] cannot add Board Part xilinx.com:zcu1285:part0:1.0 available at C:/Xilinx/Vivado/2022.2/data/xhub/boards/XilinxBoardStore/boards/Xilinx/zcu1285/1.0/board.xml as part xczu39dr-ffvf1760-2-i specified in board_part file is either invalid or not available
WARNING: [Board 49-26] cannot add Board Part xilinx.com:zcu208:part0:2.0 available at C:/Xilinx/Vivado/2022.2/data/xhub/boards/XilinxBoardStore/boards/Xilinx/zcu208/production/2.0/board.xml as part xczu48dr-fsvg1517-2-e specified in board_part file is either invalid or not available
WARNING: [Board 49-26] cannot add Board Part xilinx.com:zcu208ld:part0:2.0 available at C:/Xilinx/Vivado/2022.2/data/xhub/boards/XilinxBoardStore/boards/Xilinx/zcu208ld/production/2.0/board.xml as part xczu58dr-fsvg1517-2-i specified in board_part file is either invalid or not available
WARNING: [Board 49-26] cannot add Board Part xilinx.com:zcu216:part0:2.0 available at C:/Xilinx/Vivado/2022.2/data/xhub/boards/XilinxBoardStore/boards/Xilinx/zcu216/production/2.0/board.xml as part xczu49dr-ffvf1760-2-e specified in board_part file is either invalid or not available
WARNING: [Board 49-26] cannot add Board Part xilinx.com:zcu216ld:part0:2.0 available at C:/Xilinx/Vivado/2022.2/data/xhub/boards/XilinxBoardStore/boards/Xilinx/zcu216ld/production/2.0/board.xml as part xczu59dr-ffvf1760-2-i specified in board_part file is either invalid or not available
WARNING: [Board 49-26] cannot add Board Part xilinx.com:zcu670:part0:2.0 available at C:/Xilinx/Vivado/2022.2/data/xhub/boards/XilinxBoardStore/boards/Xilinx/zcu670/2.0/board.xml as part xczu67dr-fsve1156-2-i specified in board_part file is either invalid or not available
WARNING: [Board 49-26] cannot add Board Part xilinx.com:zcu670ld:part0:1.0 available at C:/Xilinx/Vivado/2022.2/data/xhub/boards/XilinxBoardStore/boards/Xilinx/zcu670ld/1.0/board.xml as part xczu57dr-fsve1156-2-i specified in board_part file is either invalid or not available
create_project: Time (s): cpu = 00:00:06 ; elapsed = 00:00:10 . Memory (MB): peak = 3415.770 ; gain = 0.000
INFO: [IP_Flow 19-234] Refreshing IP repositories
INFO: [IP_Flow 19-1700] Loaded user IP repository 'c:/Users/Shane/Documents/Classes/ECE_385/Lab_7/lab_7_2/ip_repo'.
INFO: [IP_Flow 19-795] Syncing license key meta-data
ipx::edit_ip_in_project: Time (s): cpu = 00:00:16 ; elapsed = 00:00:26 . Memory (MB): peak = 3415.770 ; gain = 0.000
update_compile_order -fileset sources_1
set_property library xil_defaultlib [get_files]
INFO: [filemgmt 56-586] Changing the library of an IP is not allowed
INFO: [filemgmt 56-586] Changing the library of an IP is not allowed
INFO: [filemgmt 56-586] Changing the library of an IP is not allowed
set_property -name {xsim.simulate.runtime} -value {all} -objects [get_filesets sim_1]
set_property dataflow_viewer_settings "min_width=16"   [current_fileset]
current_project lab_7_2
