TRACE::2024-10-22.20:03:49::SCWPlatform::Trying to open the hw design at C:/Users/Shane/Documents/Classes/ECE_385/Lab_6/lab_6/workspace/mb_usb_hdmi_top/hw/mb_usb_hdmi_top.xsa
TRACE::2024-10-22.20:03:49::SCWPlatform::DSA given C:/Users/Shane/Documents/Classes/ECE_385/Lab_6/lab_6/workspace/mb_usb_hdmi_top/hw/mb_usb_hdmi_top.xsa
TRACE::2024-10-22.20:03:49::SCWPlatform::DSA absoulate path C:/Users/Shane/Documents/Classes/ECE_385/Lab_6/lab_6/workspace/mb_usb_hdmi_top/hw/mb_usb_hdmi_top.xsa
TRACE::2024-10-22.20:03:49::SCWPlatform::DSA directory C:/Users/Shane/Documents/Classes/ECE_385/Lab_6/lab_6/workspace/mb_usb_hdmi_top/hw
TRACE::2024-10-22.20:03:49::SCWPlatform:: Platform Path C:/Users/Shane/Documents/Classes/ECE_385/Lab_6/lab_6/workspace/mb_usb_hdmi_top/hw/mb_usb_hdmi_top.xsa
TRACE::2024-10-22.20:03:49::SCWPlatform:: Unique name xilinx:::0.0
TRACE::2024-10-22.20:03:49::SCWPlatform::Do not have an existing db opened. 
TRACE::2024-10-22.20:03:49::SCWPlatform::Opened new HwDB with name mb_usb_hdmi_top_0
TRACE::2024-10-22.20:03:49::SCWWriter::formatted JSON is {
	"platformName":	"mb_usb_hdmi_top",
	"sprVersion":	"2.0",
	"mode":	"gui",
	"dsaType":	"Fixed",
	"platformDesc":	"mb_usb_hdmi_top",
	"platHandOff":	"C:/Users/Shane/Documents/Classes/ECE_385/Lab_6/lab_6/mb_usb_hdmi_top.xsa",
	"platIntHandOff":	"<platformDir>/hw/mb_usb_hdmi_top.xsa",
	"deviceType":	"FPGA",
	"platIsPrebuiltAutogen":	"false",
	"platIsNoBootBsp":	"false",
	"hasFsblMakeHasChanges":	"false",
	"hasPmufwMakeHasChanges":	"false",
	"platPreBuiltFlag":	false,
	"platformSamplesDir":	""
}
TRACE::2024-10-22.20:03:49::SCWWriter::formatted JSON is {
	"platformName":	"mb_usb_hdmi_top",
	"sprVersion":	"2.0",
	"mode":	"gui",
	"dsaType":	"Fixed",
	"platformDesc":	"mb_usb_hdmi_top",
	"platHandOff":	"C:/Users/Shane/Documents/Classes/ECE_385/Lab_6/lab_6/mb_usb_hdmi_top.xsa",
	"platIntHandOff":	"<platformDir>/hw/mb_usb_hdmi_top.xsa",
	"deviceType":	"FPGA",
	"platIsPrebuiltAutogen":	"false",
	"platIsNoBootBsp":	"false",
	"hasFsblMakeHasChanges":	"false",
	"hasPmufwMakeHasChanges":	"false",
	"platPreBuiltFlag":	false,
	"platformSamplesDir":	"",
	"platActiveSys":	"mb_usb_hdmi_top",
	"systems":	[{
			"systemName":	"mb_usb_hdmi_top",
			"systemDesc":	"mb_usb_hdmi_top",
			"sysIsBootAutoGen":	"true",
			"systemDispName":	"mb_usb_hdmi_top"
		}]
}
TRACE::2024-10-22.20:03:49::SCWPlatform::Boot application domains not present, creating them
TRACE::2024-10-22.20:03:49::SCWPlatform::Pure FPGA device, no boot application will be created.
TRACE::2024-10-22.20:03:49::SCWWriter::formatted JSON is {
	"platformName":	"mb_usb_hdmi_top",
	"sprVersion":	"2.0",
	"mode":	"gui",
	"dsaType":	"Fixed",
	"platformDesc":	"mb_usb_hdmi_top",
	"platHandOff":	"C:/Users/Shane/Documents/Classes/ECE_385/Lab_6/lab_6/mb_usb_hdmi_top.xsa",
	"platIntHandOff":	"<platformDir>/hw/mb_usb_hdmi_top.xsa",
	"deviceType":	"FPGA",
	"platIsPrebuiltAutogen":	"false",
	"platIsNoBootBsp":	"false",
	"hasFsblMakeHasChanges":	"false",
	"hasPmufwMakeHasChanges":	"false",
	"platPreBuiltFlag":	false,
	"platformSamplesDir":	"",
	"platActiveSys":	"mb_usb_hdmi_top",
	"systems":	[{
			"systemName":	"mb_usb_hdmi_top",
			"systemDesc":	"mb_usb_hdmi_top",
			"sysIsBootAutoGen":	"true",
			"systemDispName":	"mb_usb_hdmi_top"
		}]
}
TRACE::2024-10-22.20:03:49::SCWWriter::formatted JSON is {
	"platformName":	"mb_usb_hdmi_top",
	"sprVersion":	"2.0",
	"mode":	"gui",
	"dsaType":	"Fixed",
	"platformDesc":	"mb_usb_hdmi_top",
	"platHandOff":	"C:/Users/Shane/Documents/Classes/ECE_385/Lab_6/lab_6/mb_usb_hdmi_top.xsa",
	"platIntHandOff":	"<platformDir>/hw/mb_usb_hdmi_top.xsa",
	"deviceType":	"FPGA",
	"platIsPrebuiltAutogen":	"false",
	"platIsNoBootBsp":	"false",
	"hasFsblMakeHasChanges":	"false",
	"hasPmufwMakeHasChanges":	"false",
	"platPreBuiltFlag":	false,
	"platformSamplesDir":	"",
	"platActiveSys":	"mb_usb_hdmi_top",
	"systems":	[{
			"systemName":	"mb_usb_hdmi_top",
			"systemDesc":	"mb_usb_hdmi_top",
			"sysIsBootAutoGen":	"true",
			"systemDispName":	"mb_usb_hdmi_top"
		}]
}
TRACE::2024-10-22.20:03:49::SCWPlatform::Trying to open the hw design at C:/Users/Shane/Documents/Classes/ECE_385/Lab_6/lab_6/workspace/mb_usb_hdmi_top/hw/mb_usb_hdmi_top.xsa
TRACE::2024-10-22.20:03:49::SCWPlatform::DSA given C:/Users/Shane/Documents/Classes/ECE_385/Lab_6/lab_6/workspace/mb_usb_hdmi_top/hw/mb_usb_hdmi_top.xsa
TRACE::2024-10-22.20:03:49::SCWPlatform::DSA absoulate path C:/Users/Shane/Documents/Classes/ECE_385/Lab_6/lab_6/workspace/mb_usb_hdmi_top/hw/mb_usb_hdmi_top.xsa
TRACE::2024-10-22.20:03:49::SCWPlatform::DSA directory C:/Users/Shane/Documents/Classes/ECE_385/Lab_6/lab_6/workspace/mb_usb_hdmi_top/hw
TRACE::2024-10-22.20:03:49::SCWPlatform:: Platform Path C:/Users/Shane/Documents/Classes/ECE_385/Lab_6/lab_6/workspace/mb_usb_hdmi_top/hw/mb_usb_hdmi_top.xsa
TRACE::2024-10-22.20:03:49::SCWPlatform:: Unique name xilinx:::0.0
TRACE::2024-10-22.20:03:49::SCWPlatform::Trying to set the existing hwdb with name mb_usb_hdmi_top_0
TRACE::2024-10-22.20:03:49::SCWPlatform::Opened existing hwdb mb_usb_hdmi_top_0
TRACE::2024-10-22.20:03:49::SCWPlatform::Found the Hw Db part of the input DSA
TRACE::2024-10-22.20:03:49::SCWPlatform::Trying to open the hw design at C:/Users/Shane/Documents/Classes/ECE_385/Lab_6/lab_6/workspace/mb_usb_hdmi_top/hw/mb_usb_hdmi_top.xsa
TRACE::2024-10-22.20:03:49::SCWPlatform::DSA given C:/Users/Shane/Documents/Classes/ECE_385/Lab_6/lab_6/workspace/mb_usb_hdmi_top/hw/mb_usb_hdmi_top.xsa
TRACE::2024-10-22.20:03:49::SCWPlatform::DSA absoulate path C:/Users/Shane/Documents/Classes/ECE_385/Lab_6/lab_6/workspace/mb_usb_hdmi_top/hw/mb_usb_hdmi_top.xsa
TRACE::2024-10-22.20:03:49::SCWPlatform::DSA directory C:/Users/Shane/Documents/Classes/ECE_385/Lab_6/lab_6/workspace/mb_usb_hdmi_top/hw
TRACE::2024-10-22.20:03:49::SCWPlatform:: Platform Path C:/Users/Shane/Documents/Classes/ECE_385/Lab_6/lab_6/workspace/mb_usb_hdmi_top/hw/mb_usb_hdmi_top.xsa
TRACE::2024-10-22.20:03:49::SCWPlatform:: Unique name xilinx:::0.0
TRACE::2024-10-22.20:03:49::SCWPlatform::Trying to set the existing hwdb with name mb_usb_hdmi_top_0
TRACE::2024-10-22.20:03:49::SCWPlatform::Opened existing hwdb mb_usb_hdmi_top_0
TRACE::2024-10-22.20:03:49::SCWPlatform::Found the Hw Db part of the input DSA
TRACE::2024-10-22.20:03:49::SCWDomain::checking for install qemu data   : 
TRACE::2024-10-22.20:03:49::SCWPlatform::Trying to open the hw design at C:/Users/Shane/Documents/Classes/ECE_385/Lab_6/lab_6/workspace/mb_usb_hdmi_top/hw/mb_usb_hdmi_top.xsa
TRACE::2024-10-22.20:03:49::SCWPlatform::DSA given C:/Users/Shane/Documents/Classes/ECE_385/Lab_6/lab_6/workspace/mb_usb_hdmi_top/hw/mb_usb_hdmi_top.xsa
TRACE::2024-10-22.20:03:49::SCWPlatform::DSA absoulate path C:/Users/Shane/Documents/Classes/ECE_385/Lab_6/lab_6/workspace/mb_usb_hdmi_top/hw/mb_usb_hdmi_top.xsa
TRACE::2024-10-22.20:03:49::SCWPlatform::DSA directory C:/Users/Shane/Documents/Classes/ECE_385/Lab_6/lab_6/workspace/mb_usb_hdmi_top/hw
TRACE::2024-10-22.20:03:49::SCWPlatform:: Platform Path C:/Users/Shane/Documents/Classes/ECE_385/Lab_6/lab_6/workspace/mb_usb_hdmi_top/hw/mb_usb_hdmi_top.xsa
TRACE::2024-10-22.20:03:49::SCWPlatform:: Unique name xilinx:::0.0
TRACE::2024-10-22.20:03:49::SCWPlatform::Trying to set the existing hwdb with name mb_usb_hdmi_top_0
TRACE::2024-10-22.20:03:49::SCWPlatform::Opened existing hwdb mb_usb_hdmi_top_0
TRACE::2024-10-22.20:03:49::SCWPlatform::Found the Hw Db part of the input DSA
TRACE::2024-10-22.20:03:49::SCWPlatform::Trying to open the hw design at C:/Users/Shane/Documents/Classes/ECE_385/Lab_6/lab_6/workspace/mb_usb_hdmi_top/hw/mb_usb_hdmi_top.xsa
TRACE::2024-10-22.20:03:49::SCWPlatform::DSA given C:/Users/Shane/Documents/Classes/ECE_385/Lab_6/lab_6/workspace/mb_usb_hdmi_top/hw/mb_usb_hdmi_top.xsa
TRACE::2024-10-22.20:03:49::SCWPlatform::DSA absoulate path C:/Users/Shane/Documents/Classes/ECE_385/Lab_6/lab_6/workspace/mb_usb_hdmi_top/hw/mb_usb_hdmi_top.xsa
TRACE::2024-10-22.20:03:49::SCWPlatform::DSA directory C:/Users/Shane/Documents/Classes/ECE_385/Lab_6/lab_6/workspace/mb_usb_hdmi_top/hw
TRACE::2024-10-22.20:03:49::SCWPlatform:: Platform Path C:/Users/Shane/Documents/Classes/ECE_385/Lab_6/lab_6/workspace/mb_usb_hdmi_top/hw/mb_usb_hdmi_top.xsa
TRACE::2024-10-22.20:03:49::SCWPlatform:: Unique name xilinx:::0.0
TRACE::2024-10-22.20:03:49::SCWPlatform::Trying to set the existing hwdb with name mb_usb_hdmi_top_0
TRACE::2024-10-22.20:03:49::SCWPlatform::Opened existing hwdb mb_usb_hdmi_top_0
TRACE::2024-10-22.20:03:49::SCWPlatform::Found the Hw Db part of the input DSA
TRACE::2024-10-22.20:03:49::SCWPlatform::Trying to open the hw design at C:/Users/Shane/Documents/Classes/ECE_385/Lab_6/lab_6/workspace/mb_usb_hdmi_top/hw/mb_usb_hdmi_top.xsa
TRACE::2024-10-22.20:03:49::SCWPlatform::DSA given C:/Users/Shane/Documents/Classes/ECE_385/Lab_6/lab_6/workspace/mb_usb_hdmi_top/hw/mb_usb_hdmi_top.xsa
TRACE::2024-10-22.20:03:49::SCWPlatform::DSA absoulate path C:/Users/Shane/Documents/Classes/ECE_385/Lab_6/lab_6/workspace/mb_usb_hdmi_top/hw/mb_usb_hdmi_top.xsa
TRACE::2024-10-22.20:03:49::SCWPlatform::DSA directory C:/Users/Shane/Documents/Classes/ECE_385/Lab_6/lab_6/workspace/mb_usb_hdmi_top/hw
TRACE::2024-10-22.20:03:49::SCWPlatform:: Platform Path C:/Users/Shane/Documents/Classes/ECE_385/Lab_6/lab_6/workspace/mb_usb_hdmi_top/hw/mb_usb_hdmi_top.xsa
TRACE::2024-10-22.20:03:49::SCWPlatform:: Unique name xilinx:::0.0
TRACE::2024-10-22.20:03:49::SCWPlatform::Trying to set the existing hwdb with name mb_usb_hdmi_top_0
TRACE::2024-10-22.20:03:49::SCWPlatform::Opened existing hwdb mb_usb_hdmi_top_0
TRACE::2024-10-22.20:03:49::SCWPlatform::Found the Hw Db part of the input DSA
TRACE::2024-10-22.20:03:49::SCWMssOS::Checking the sw design at  C:/Users/Shane/Documents/Classes/ECE_385/Lab_6/lab_6/workspace/mb_usb_hdmi_top/microblaze_0/standalone_microblaze_0/bsp/system.mss
TRACE::2024-10-22.20:03:49::SCWMssOS::DEBUG:  swdes dump  
TRACE::2024-10-22.20:03:49::SCWMssOS::No sw design opened at  C:/Users/Shane/Documents/Classes/ECE_385/Lab_6/lab_6/workspace/mb_usb_hdmi_top/microblaze_0/standalone_microblaze_0/bsp/system.mss
TRACE::2024-10-22.20:03:49::SCWMssOS::mss does not exists at C:/Users/Shane/Documents/Classes/ECE_385/Lab_6/lab_6/workspace/mb_usb_hdmi_top/microblaze_0/standalone_microblaze_0/bsp/system.mss
TRACE::2024-10-22.20:03:49::SCWMssOS::Creating sw design at  C:/Users/Shane/Documents/Classes/ECE_385/Lab_6/lab_6/workspace/mb_usb_hdmi_top/microblaze_0/standalone_microblaze_0/bsp/system.mss
TRACE::2024-10-22.20:03:49::SCWMssOS::Adding the swdes entry, created swdb C:/Users/Shane/Documents/Classes/ECE_385/Lab_6/lab_6/workspace/mb_usb_hdmi_top/microblaze_0/standalone_microblaze_0/bsp/system.mss with des name C:/Users/Shane/Documents/Classes/ECE_385/Lab_6/lab_6/workspace/mb_usb_hdmi_top/microblaze_0/standalone_microblaze_0/bsp/system.mss
TRACE::2024-10-22.20:03:49::SCWMssOS::updating the scw layer changes to swdes at   C:/Users/Shane/Documents/Classes/ECE_385/Lab_6/lab_6/workspace/mb_usb_hdmi_top/microblaze_0/standalone_microblaze_0/bsp/system.mss
TRACE::2024-10-22.20:03:49::SCWMssOS::Writing mss at C:/Users/Shane/Documents/Classes/ECE_385/Lab_6/lab_6/workspace/mb_usb_hdmi_top/microblaze_0/standalone_microblaze_0/bsp/system.mss
TRACE::2024-10-22.20:03:49::SCWMssOS::Completed writing the mss file at C:/Users/Shane/Documents/Classes/ECE_385/Lab_6/lab_6/workspace/mb_usb_hdmi_top/microblaze_0/standalone_microblaze_0/bsp
TRACE::2024-10-22.20:03:49::SCWMssOS::Picking up changes from newly written mss file into SCW Layer. 
TRACE::2024-10-22.20:03:49::SCWMssOS::Updated the changes from newly written mss file into SCW Layer. 
TRACE::2024-10-22.20:03:49::SCWMssOS::Completed writing the mss file at C:/Users/Shane/Documents/Classes/ECE_385/Lab_6/lab_6/workspace/mb_usb_hdmi_top/microblaze_0/standalone_microblaze_0/bsp
TRACE::2024-10-22.20:03:49::SCWMssOS::Forcing BSP Sources regeneration.
TRACE::2024-10-22.20:03:54::SCWMssOS::Saving the mss changes C:/Users/Shane/Documents/Classes/ECE_385/Lab_6/lab_6/workspace/mb_usb_hdmi_top/microblaze_0/standalone_microblaze_0/bsp/system.mss
TRACE::2024-10-22.20:03:54::SCWMssOS::Adding the swdes entry, mss present, able to open swdb C:/Users/Shane/Documents/Classes/ECE_385/Lab_6/lab_6/workspace/mb_usb_hdmi_top/microblaze_0/standalone_microblaze_0/bsp/system.mss with des name system
TRACE::2024-10-22.20:03:54::SCWMssOS::Writing the mss file completed C:/Users/Shane/Documents/Classes/ECE_385/Lab_6/lab_6/workspace/mb_usb_hdmi_top/microblaze_0/standalone_microblaze_0/bsp/system.mss
TRACE::2024-10-22.20:03:54::SCWMssOS::Commit changes completed.
TRACE::2024-10-22.20:03:54::SCWPlatform::Trying to open the hw design at C:/Users/Shane/Documents/Classes/ECE_385/Lab_6/lab_6/workspace/mb_usb_hdmi_top/hw/mb_usb_hdmi_top.xsa
TRACE::2024-10-22.20:03:54::SCWPlatform::DSA given C:/Users/Shane/Documents/Classes/ECE_385/Lab_6/lab_6/workspace/mb_usb_hdmi_top/hw/mb_usb_hdmi_top.xsa
TRACE::2024-10-22.20:03:54::SCWPlatform::DSA absoulate path C:/Users/Shane/Documents/Classes/ECE_385/Lab_6/lab_6/workspace/mb_usb_hdmi_top/hw/mb_usb_hdmi_top.xsa
TRACE::2024-10-22.20:03:54::SCWPlatform::DSA directory C:/Users/Shane/Documents/Classes/ECE_385/Lab_6/lab_6/workspace/mb_usb_hdmi_top/hw
TRACE::2024-10-22.20:03:54::SCWPlatform:: Platform Path C:/Users/Shane/Documents/Classes/ECE_385/Lab_6/lab_6/workspace/mb_usb_hdmi_top/hw/mb_usb_hdmi_top.xsa
TRACE::2024-10-22.20:03:54::SCWPlatform:: Unique name xilinx:::0.0
TRACE::2024-10-22.20:03:54::SCWPlatform::Trying to set the existing hwdb with name mb_usb_hdmi_top_0
TRACE::2024-10-22.20:03:54::SCWPlatform::Opened existing hwdb mb_usb_hdmi_top_0
TRACE::2024-10-22.20:03:54::SCWPlatform::Found the Hw Db part of the input DSA
TRACE::2024-10-22.20:03:54::SCWMssOS::Checking the sw design at  C:/Users/Shane/Documents/Classes/ECE_385/Lab_6/lab_6/workspace/mb_usb_hdmi_top/microblaze_0/standalone_microblaze_0/bsp/system.mss
TRACE::2024-10-22.20:03:54::SCWMssOS::DEBUG:  swdes dump  C:/Users/Shane/Documents/Classes/ECE_385/Lab_6/lab_6/workspace/mb_usb_hdmi_top/microblaze_0/standalone_microblaze_0/bsp/system.mss|system||

TRACE::2024-10-22.20:03:54::SCWMssOS::Sw design exists and opened at  C:/Users/Shane/Documents/Classes/ECE_385/Lab_6/lab_6/workspace/mb_usb_hdmi_top/microblaze_0/standalone_microblaze_0/bsp/system.mss
TRACE::2024-10-22.20:03:54::SCWPlatform::Trying to open the hw design at C:/Users/Shane/Documents/Classes/ECE_385/Lab_6/lab_6/workspace/mb_usb_hdmi_top/hw/mb_usb_hdmi_top.xsa
TRACE::2024-10-22.20:03:54::SCWPlatform::DSA given C:/Users/Shane/Documents/Classes/ECE_385/Lab_6/lab_6/workspace/mb_usb_hdmi_top/hw/mb_usb_hdmi_top.xsa
TRACE::2024-10-22.20:03:54::SCWPlatform::DSA absoulate path C:/Users/Shane/Documents/Classes/ECE_385/Lab_6/lab_6/workspace/mb_usb_hdmi_top/hw/mb_usb_hdmi_top.xsa
TRACE::2024-10-22.20:03:54::SCWPlatform::DSA directory C:/Users/Shane/Documents/Classes/ECE_385/Lab_6/lab_6/workspace/mb_usb_hdmi_top/hw
TRACE::2024-10-22.20:03:54::SCWPlatform:: Platform Path C:/Users/Shane/Documents/Classes/ECE_385/Lab_6/lab_6/workspace/mb_usb_hdmi_top/hw/mb_usb_hdmi_top.xsa
TRACE::2024-10-22.20:03:54::SCWPlatform:: Unique name xilinx:::0.0
TRACE::2024-10-22.20:03:54::SCWPlatform::Trying to set the existing hwdb with name mb_usb_hdmi_top_0
TRACE::2024-10-22.20:03:54::SCWPlatform::Opened existing hwdb mb_usb_hdmi_top_0
TRACE::2024-10-22.20:03:54::SCWPlatform::Found the Hw Db part of the input DSA
TRACE::2024-10-22.20:03:54::SCWMssOS::Checking the sw design at  C:/Users/Shane/Documents/Classes/ECE_385/Lab_6/lab_6/workspace/mb_usb_hdmi_top/microblaze_0/standalone_microblaze_0/bsp/system.mss
TRACE::2024-10-22.20:03:54::SCWMssOS::DEBUG:  swdes dump  C:/Users/Shane/Documents/Classes/ECE_385/Lab_6/lab_6/workspace/mb_usb_hdmi_top/microblaze_0/standalone_microblaze_0/bsp/system.mss|system||

TRACE::2024-10-22.20:03:54::SCWMssOS::Sw design exists and opened at  C:/Users/Shane/Documents/Classes/ECE_385/Lab_6/lab_6/workspace/mb_usb_hdmi_top/microblaze_0/standalone_microblaze_0/bsp/system.mss
TRACE::2024-10-22.20:03:54::SCWPlatform::Trying to open the hw design at C:/Users/Shane/Documents/Classes/ECE_385/Lab_6/lab_6/workspace/mb_usb_hdmi_top/hw/mb_usb_hdmi_top.xsa
TRACE::2024-10-22.20:03:54::SCWPlatform::DSA given C:/Users/Shane/Documents/Classes/ECE_385/Lab_6/lab_6/workspace/mb_usb_hdmi_top/hw/mb_usb_hdmi_top.xsa
TRACE::2024-10-22.20:03:54::SCWPlatform::DSA absoulate path C:/Users/Shane/Documents/Classes/ECE_385/Lab_6/lab_6/workspace/mb_usb_hdmi_top/hw/mb_usb_hdmi_top.xsa
TRACE::2024-10-22.20:03:54::SCWPlatform::DSA directory C:/Users/Shane/Documents/Classes/ECE_385/Lab_6/lab_6/workspace/mb_usb_hdmi_top/hw
TRACE::2024-10-22.20:03:54::SCWPlatform:: Platform Path C:/Users/Shane/Documents/Classes/ECE_385/Lab_6/lab_6/workspace/mb_usb_hdmi_top/hw/mb_usb_hdmi_top.xsa
TRACE::2024-10-22.20:03:54::SCWPlatform:: Unique name xilinx:::0.0
TRACE::2024-10-22.20:03:54::SCWPlatform::Trying to set the existing hwdb with name mb_usb_hdmi_top_0
TRACE::2024-10-22.20:03:54::SCWPlatform::Opened existing hwdb mb_usb_hdmi_top_0
TRACE::2024-10-22.20:03:54::SCWPlatform::Found the Hw Db part of the input DSA
TRACE::2024-10-22.20:03:54::SCWMssOS::Checking the sw design at  C:/Users/Shane/Documents/Classes/ECE_385/Lab_6/lab_6/workspace/mb_usb_hdmi_top/microblaze_0/standalone_microblaze_0/bsp/system.mss
TRACE::2024-10-22.20:03:54::SCWMssOS::DEBUG:  swdes dump  C:/Users/Shane/Documents/Classes/ECE_385/Lab_6/lab_6/workspace/mb_usb_hdmi_top/microblaze_0/standalone_microblaze_0/bsp/system.mss|system||

TRACE::2024-10-22.20:03:54::SCWMssOS::Sw design exists and opened at  C:/Users/Shane/Documents/Classes/ECE_385/Lab_6/lab_6/workspace/mb_usb_hdmi_top/microblaze_0/standalone_microblaze_0/bsp/system.mss
TRACE::2024-10-22.20:03:54::SCWWriter::formatted JSON is {
	"platformName":	"mb_usb_hdmi_top",
	"sprVersion":	"2.0",
	"mode":	"gui",
	"dsaType":	"Fixed",
	"platformDesc":	"mb_usb_hdmi_top",
	"platHandOff":	"C:/Users/Shane/Documents/Classes/ECE_385/Lab_6/lab_6/mb_usb_hdmi_top.xsa",
	"platIntHandOff":	"<platformDir>/hw/mb_usb_hdmi_top.xsa",
	"deviceType":	"FPGA",
	"platIsPrebuiltAutogen":	"false",
	"platIsNoBootBsp":	"false",
	"hasFsblMakeHasChanges":	"false",
	"hasPmufwMakeHasChanges":	"false",
	"platPreBuiltFlag":	false,
	"platformSamplesDir":	"",
	"platActiveSys":	"mb_usb_hdmi_top",
	"systems":	[{
			"systemName":	"mb_usb_hdmi_top",
			"systemDesc":	"mb_usb_hdmi_top",
			"sysIsBootAutoGen":	"true",
			"systemDispName":	"mb_usb_hdmi_top",
			"sysActiveDom":	"standalone_microblaze_0",
			"sysDefaultDom":	"standalone_microblaze_0",
			"domains":	[{
					"domainName":	"standalone_microblaze_0",
					"domainDispName":	"standalone_microblaze_0",
					"domainDesc":	"standalone_microblaze_0",
					"processors":	"microblaze_0",
					"os":	"standalone",
					"sdxOs":	"standalone",
					"debugEnable":	"False",
					"domRuntimes":	["cpp"],
					"swRepo":	"",
					"mssOsVer":	"8.0",
					"mssFile":	"",
					"md5Digest":	"304529987e879521ca977c68d163f362",
					"compatibleApp":	"hello_world",
					"domType":	"mssDomain",
					"arch":	"32-bit",
					"appSettings":	{
						"appCompilerFlags":	"",
						"appLinkerFlags":	""
					},
					"addedLibs":	[],
					"libOptions":	{
						"libsContainingOptions":	[]
					},
					"prebuiltLibs":	{
						"prebuiltIncPath":	[],
						"prebuiltLibPath":	[]
					},
					"isolation":	{
					}
				}]
		}]
}
LOG::2024-10-22.20:03:54::SCWPlatform::Started generating the artifacts platform mb_usb_hdmi_top
TRACE::2024-10-22.20:03:54::SCWPlatform::Sanity checking of platform is completed
LOG::2024-10-22.20:03:54::SCWPlatform::Started generating the artifacts for system configuration mb_usb_hdmi_top
LOG::2024-10-22.20:03:54::SCWSystem::Checking the domain standalone_microblaze_0
LOG::2024-10-22.20:03:54::SCWSystem::Not a boot domain 
LOG::2024-10-22.20:03:54::SCWSystem::Started Processing the domain standalone_microblaze_0
TRACE::2024-10-22.20:03:54::SCWDomain::Generating domain artifcats
TRACE::2024-10-22.20:03:54::SCWMssOS::Generating standalone artifcats
TRACE::2024-10-22.20:03:54::SCWMssOS:: Copying the user libraries. 
TRACE::2024-10-22.20:03:54::SCWPlatform::Trying to open the hw design at C:/Users/Shane/Documents/Classes/ECE_385/Lab_6/lab_6/workspace/mb_usb_hdmi_top/hw/mb_usb_hdmi_top.xsa
TRACE::2024-10-22.20:03:54::SCWPlatform::DSA given C:/Users/Shane/Documents/Classes/ECE_385/Lab_6/lab_6/workspace/mb_usb_hdmi_top/hw/mb_usb_hdmi_top.xsa
TRACE::2024-10-22.20:03:54::SCWPlatform::DSA absoulate path C:/Users/Shane/Documents/Classes/ECE_385/Lab_6/lab_6/workspace/mb_usb_hdmi_top/hw/mb_usb_hdmi_top.xsa
TRACE::2024-10-22.20:03:54::SCWPlatform::DSA directory C:/Users/Shane/Documents/Classes/ECE_385/Lab_6/lab_6/workspace/mb_usb_hdmi_top/hw
TRACE::2024-10-22.20:03:54::SCWPlatform:: Platform Path C:/Users/Shane/Documents/Classes/ECE_385/Lab_6/lab_6/workspace/mb_usb_hdmi_top/hw/mb_usb_hdmi_top.xsa
TRACE::2024-10-22.20:03:54::SCWPlatform:: Unique name xilinx:::0.0
TRACE::2024-10-22.20:03:54::SCWPlatform::Trying to set the existing hwdb with name mb_usb_hdmi_top_0
TRACE::2024-10-22.20:03:54::SCWPlatform::Opened existing hwdb mb_usb_hdmi_top_0
TRACE::2024-10-22.20:03:54::SCWPlatform::Found the Hw Db part of the input DSA
TRACE::2024-10-22.20:03:54::SCWMssOS::Checking the sw design at  C:/Users/Shane/Documents/Classes/ECE_385/Lab_6/lab_6/workspace/mb_usb_hdmi_top/microblaze_0/standalone_microblaze_0/bsp/system.mss
TRACE::2024-10-22.20:03:54::SCWMssOS::DEBUG:  swdes dump  C:/Users/Shane/Documents/Classes/ECE_385/Lab_6/lab_6/workspace/mb_usb_hdmi_top/microblaze_0/standalone_microblaze_0/bsp/system.mss|system||

TRACE::2024-10-22.20:03:54::SCWMssOS::Sw design exists and opened at  C:/Users/Shane/Documents/Classes/ECE_385/Lab_6/lab_6/workspace/mb_usb_hdmi_top/microblaze_0/standalone_microblaze_0/bsp/system.mss
TRACE::2024-10-22.20:03:54::SCWMssOS::Completed writing the mss file at C:/Users/Shane/Documents/Classes/ECE_385/Lab_6/lab_6/workspace/mb_usb_hdmi_top/microblaze_0/standalone_microblaze_0/bsp
TRACE::2024-10-22.20:03:54::SCWMssOS::Mss edits present, copying mssfile into export location C:/Users/Shane/Documents/Classes/ECE_385/Lab_6/lab_6/workspace/mb_usb_hdmi_top/microblaze_0/standalone_microblaze_0/bsp/system.mss
TRACE::2024-10-22.20:03:54::SCWMssOS::bsp generated is upto date with the mss file. Skipping bsp generation.
TRACE::2024-10-22.20:03:54::SCWMssOS::BSP is already built. skipping the bsp build ... 
TRACE::2024-10-22.20:03:54::SCWDomain::Skipping the build for domain :  standalone_microblaze_0
TRACE::2024-10-22.20:03:54::SCWMssOS::skipping the bsp build ... 
TRACE::2024-10-22.20:03:54::SCWMssOS::Copying to export directory.
TRACE::2024-10-22.20:03:54::SCWMssOS:: Checking if to create the Supporting Applications
TRACE::2024-10-22.20:03:54::SCWMssOS:: No Linux domain exists, trying to generate FSBL 
LOG::2024-10-22.20:03:54::SCWSystem::Completed Processing the domain standalone_microblaze_0
LOG::2024-10-22.20:03:54::SCWSystem::Completed Processing the sysconfig mb_usb_hdmi_top
LOG::2024-10-22.20:03:54::SCWPlatform::Completed generating the artifacts for system configuration mb_usb_hdmi_top
TRACE::2024-10-22.20:03:54::SCWPlatform::Started preparing the platform 
TRACE::2024-10-22.20:03:54::SCWSystem::Writing the bif file for system config mb_usb_hdmi_top
TRACE::2024-10-22.20:03:54::SCWSystem::dir created 
TRACE::2024-10-22.20:03:54::SCWSystem::Writing the bif 
TRACE::2024-10-22.20:03:54::SCWPlatform::Started writing the spfm file 
TRACE::2024-10-22.20:03:54::SCWPlatform::Started writing the xpfm file 
TRACE::2024-10-22.20:03:54::SCWPlatform::Completed generating the platform
TRACE::2024-10-22.20:03:54::SCWMssOS::Saving the mss changes C:/Users/Shane/Documents/Classes/ECE_385/Lab_6/lab_6/workspace/mb_usb_hdmi_top/microblaze_0/standalone_microblaze_0/bsp/system.mss
TRACE::2024-10-22.20:03:54::SCWMssOS::Found a swdesign opened with the mssfile.
TRACE::2024-10-22.20:03:54::SCWMssOS::Completed writemss as part of save.
TRACE::2024-10-22.20:03:54::SCWMssOS::Commit changes completed.
TRACE::2024-10-22.20:03:54::SCWPlatform::Trying to open the hw design at C:/Users/Shane/Documents/Classes/ECE_385/Lab_6/lab_6/workspace/mb_usb_hdmi_top/hw/mb_usb_hdmi_top.xsa
TRACE::2024-10-22.20:03:54::SCWPlatform::DSA given C:/Users/Shane/Documents/Classes/ECE_385/Lab_6/lab_6/workspace/mb_usb_hdmi_top/hw/mb_usb_hdmi_top.xsa
TRACE::2024-10-22.20:03:54::SCWPlatform::DSA absoulate path C:/Users/Shane/Documents/Classes/ECE_385/Lab_6/lab_6/workspace/mb_usb_hdmi_top/hw/mb_usb_hdmi_top.xsa
TRACE::2024-10-22.20:03:54::SCWPlatform::DSA directory C:/Users/Shane/Documents/Classes/ECE_385/Lab_6/lab_6/workspace/mb_usb_hdmi_top/hw
TRACE::2024-10-22.20:03:54::SCWPlatform:: Platform Path C:/Users/Shane/Documents/Classes/ECE_385/Lab_6/lab_6/workspace/mb_usb_hdmi_top/hw/mb_usb_hdmi_top.xsa
TRACE::2024-10-22.20:03:54::SCWPlatform:: Unique name xilinx:::0.0
TRACE::2024-10-22.20:03:54::SCWPlatform::Trying to set the existing hwdb with name mb_usb_hdmi_top_0
TRACE::2024-10-22.20:03:54::SCWPlatform::Opened existing hwdb mb_usb_hdmi_top_0
TRACE::2024-10-22.20:03:54::SCWPlatform::Found the Hw Db part of the input DSA
TRACE::2024-10-22.20:03:54::SCWMssOS::Checking the sw design at  C:/Users/Shane/Documents/Classes/ECE_385/Lab_6/lab_6/workspace/mb_usb_hdmi_top/microblaze_0/standalone_microblaze_0/bsp/system.mss
TRACE::2024-10-22.20:03:54::SCWMssOS::DEBUG:  swdes dump  C:/Users/Shane/Documents/Classes/ECE_385/Lab_6/lab_6/workspace/mb_usb_hdmi_top/microblaze_0/standalone_microblaze_0/bsp/system.mss|system||

TRACE::2024-10-22.20:03:54::SCWMssOS::Sw design exists and opened at  C:/Users/Shane/Documents/Classes/ECE_385/Lab_6/lab_6/workspace/mb_usb_hdmi_top/microblaze_0/standalone_microblaze_0/bsp/system.mss
TRACE::2024-10-22.20:03:54::SCWPlatform::Trying to open the hw design at C:/Users/Shane/Documents/Classes/ECE_385/Lab_6/lab_6/workspace/mb_usb_hdmi_top/hw/mb_usb_hdmi_top.xsa
TRACE::2024-10-22.20:03:54::SCWPlatform::DSA given C:/Users/Shane/Documents/Classes/ECE_385/Lab_6/lab_6/workspace/mb_usb_hdmi_top/hw/mb_usb_hdmi_top.xsa
TRACE::2024-10-22.20:03:54::SCWPlatform::DSA absoulate path C:/Users/Shane/Documents/Classes/ECE_385/Lab_6/lab_6/workspace/mb_usb_hdmi_top/hw/mb_usb_hdmi_top.xsa
TRACE::2024-10-22.20:03:54::SCWPlatform::DSA directory C:/Users/Shane/Documents/Classes/ECE_385/Lab_6/lab_6/workspace/mb_usb_hdmi_top/hw
TRACE::2024-10-22.20:03:54::SCWPlatform:: Platform Path C:/Users/Shane/Documents/Classes/ECE_385/Lab_6/lab_6/workspace/mb_usb_hdmi_top/hw/mb_usb_hdmi_top.xsa
TRACE::2024-10-22.20:03:54::SCWPlatform:: Unique name xilinx:::0.0
TRACE::2024-10-22.20:03:54::SCWPlatform::Trying to set the existing hwdb with name mb_usb_hdmi_top_0
TRACE::2024-10-22.20:03:54::SCWPlatform::Opened existing hwdb mb_usb_hdmi_top_0
TRACE::2024-10-22.20:03:54::SCWPlatform::Found the Hw Db part of the input DSA
TRACE::2024-10-22.20:03:54::SCWMssOS::Checking the sw design at  C:/Users/Shane/Documents/Classes/ECE_385/Lab_6/lab_6/workspace/mb_usb_hdmi_top/microblaze_0/standalone_microblaze_0/bsp/system.mss
TRACE::2024-10-22.20:03:54::SCWMssOS::DEBUG:  swdes dump  C:/Users/Shane/Documents/Classes/ECE_385/Lab_6/lab_6/workspace/mb_usb_hdmi_top/microblaze_0/standalone_microblaze_0/bsp/system.mss|system||

TRACE::2024-10-22.20:03:54::SCWMssOS::Sw design exists and opened at  C:/Users/Shane/Documents/Classes/ECE_385/Lab_6/lab_6/workspace/mb_usb_hdmi_top/microblaze_0/standalone_microblaze_0/bsp/system.mss
TRACE::2024-10-22.20:03:54::SCWPlatform::Trying to open the hw design at C:/Users/Shane/Documents/Classes/ECE_385/Lab_6/lab_6/workspace/mb_usb_hdmi_top/hw/mb_usb_hdmi_top.xsa
TRACE::2024-10-22.20:03:54::SCWPlatform::DSA given C:/Users/Shane/Documents/Classes/ECE_385/Lab_6/lab_6/workspace/mb_usb_hdmi_top/hw/mb_usb_hdmi_top.xsa
TRACE::2024-10-22.20:03:54::SCWPlatform::DSA absoulate path C:/Users/Shane/Documents/Classes/ECE_385/Lab_6/lab_6/workspace/mb_usb_hdmi_top/hw/mb_usb_hdmi_top.xsa
TRACE::2024-10-22.20:03:54::SCWPlatform::DSA directory C:/Users/Shane/Documents/Classes/ECE_385/Lab_6/lab_6/workspace/mb_usb_hdmi_top/hw
TRACE::2024-10-22.20:03:54::SCWPlatform:: Platform Path C:/Users/Shane/Documents/Classes/ECE_385/Lab_6/lab_6/workspace/mb_usb_hdmi_top/hw/mb_usb_hdmi_top.xsa
TRACE::2024-10-22.20:03:54::SCWPlatform:: Unique name xilinx:::0.0
TRACE::2024-10-22.20:03:54::SCWPlatform::Trying to set the existing hwdb with name mb_usb_hdmi_top_0
TRACE::2024-10-22.20:03:54::SCWPlatform::Opened existing hwdb mb_usb_hdmi_top_0
TRACE::2024-10-22.20:03:54::SCWPlatform::Found the Hw Db part of the input DSA
TRACE::2024-10-22.20:03:54::SCWMssOS::Checking the sw design at  C:/Users/Shane/Documents/Classes/ECE_385/Lab_6/lab_6/workspace/mb_usb_hdmi_top/microblaze_0/standalone_microblaze_0/bsp/system.mss
TRACE::2024-10-22.20:03:54::SCWMssOS::DEBUG:  swdes dump  C:/Users/Shane/Documents/Classes/ECE_385/Lab_6/lab_6/workspace/mb_usb_hdmi_top/microblaze_0/standalone_microblaze_0/bsp/system.mss|system||

TRACE::2024-10-22.20:03:54::SCWMssOS::Sw design exists and opened at  C:/Users/Shane/Documents/Classes/ECE_385/Lab_6/lab_6/workspace/mb_usb_hdmi_top/microblaze_0/standalone_microblaze_0/bsp/system.mss
TRACE::2024-10-22.20:03:54::SCWWriter::formatted JSON is {
	"platformName":	"mb_usb_hdmi_top",
	"sprVersion":	"2.0",
	"mode":	"gui",
	"dsaType":	"Fixed",
	"platformDesc":	"mb_usb_hdmi_top",
	"platHandOff":	"C:/Users/Shane/Documents/Classes/ECE_385/Lab_6/lab_6/mb_usb_hdmi_top.xsa",
	"platIntHandOff":	"<platformDir>/hw/mb_usb_hdmi_top.xsa",
	"deviceType":	"FPGA",
	"platIsPrebuiltAutogen":	"false",
	"platIsNoBootBsp":	"false",
	"hasFsblMakeHasChanges":	"false",
	"hasPmufwMakeHasChanges":	"false",
	"platPreBuiltFlag":	false,
	"platformSamplesDir":	"",
	"platActiveSys":	"mb_usb_hdmi_top",
	"systems":	[{
			"systemName":	"mb_usb_hdmi_top",
			"systemDesc":	"mb_usb_hdmi_top",
			"sysIsBootAutoGen":	"true",
			"systemDispName":	"mb_usb_hdmi_top",
			"sysActiveDom":	"standalone_microblaze_0",
			"sysDefaultDom":	"standalone_microblaze_0",
			"domains":	[{
					"domainName":	"standalone_microblaze_0",
					"domainDispName":	"standalone_microblaze_0",
					"domainDesc":	"standalone_microblaze_0",
					"processors":	"microblaze_0",
					"os":	"standalone",
					"sdxOs":	"standalone",
					"debugEnable":	"False",
					"domRuntimes":	["cpp"],
					"swRepo":	"",
					"mssOsVer":	"8.0",
					"mssFile":	"",
					"md5Digest":	"304529987e879521ca977c68d163f362",
					"compatibleApp":	"hello_world",
					"domType":	"mssDomain",
					"arch":	"32-bit",
					"appSettings":	{
						"appCompilerFlags":	"",
						"appLinkerFlags":	""
					},
					"addedLibs":	[],
					"libOptions":	{
						"libsContainingOptions":	[]
					},
					"prebuiltLibs":	{
						"prebuiltIncPath":	[],
						"prebuiltLibPath":	[]
					},
					"isolation":	{
					}
				}]
		}]
}
KEYINFO::2024-10-22.20:03:54::SCWPlatform::updated the xpfm file.
TRACE::2024-10-22.20:03:54::SCWPlatform::Trying to open the hw design at C:/Users/Shane/Documents/Classes/ECE_385/Lab_6/lab_6/workspace/mb_usb_hdmi_top/hw/mb_usb_hdmi_top.xsa
TRACE::2024-10-22.20:03:54::SCWPlatform::DSA given C:/Users/Shane/Documents/Classes/ECE_385/Lab_6/lab_6/workspace/mb_usb_hdmi_top/hw/mb_usb_hdmi_top.xsa
TRACE::2024-10-22.20:03:54::SCWPlatform::DSA absoulate path C:/Users/Shane/Documents/Classes/ECE_385/Lab_6/lab_6/workspace/mb_usb_hdmi_top/hw/mb_usb_hdmi_top.xsa
TRACE::2024-10-22.20:03:54::SCWPlatform::DSA directory C:/Users/Shane/Documents/Classes/ECE_385/Lab_6/lab_6/workspace/mb_usb_hdmi_top/hw
TRACE::2024-10-22.20:03:54::SCWPlatform:: Platform Path C:/Users/Shane/Documents/Classes/ECE_385/Lab_6/lab_6/workspace/mb_usb_hdmi_top/hw/mb_usb_hdmi_top.xsa
TRACE::2024-10-22.20:03:54::SCWPlatform:: Unique name xilinx:::0.0
TRACE::2024-10-22.20:03:54::SCWPlatform::Trying to set the existing hwdb with name mb_usb_hdmi_top_0
TRACE::2024-10-22.20:03:54::SCWPlatform::Opened existing hwdb mb_usb_hdmi_top_0
TRACE::2024-10-22.20:03:54::SCWPlatform::Found the Hw Db part of the input DSA
TRACE::2024-10-22.20:03:54::SCWMssOS::Checking the sw design at  C:/Users/Shane/Documents/Classes/ECE_385/Lab_6/lab_6/workspace/mb_usb_hdmi_top/microblaze_0/standalone_microblaze_0/bsp/system.mss
TRACE::2024-10-22.20:03:54::SCWMssOS::DEBUG:  swdes dump  C:/Users/Shane/Documents/Classes/ECE_385/Lab_6/lab_6/workspace/mb_usb_hdmi_top/microblaze_0/standalone_microblaze_0/bsp/system.mss|system||

TRACE::2024-10-22.20:03:54::SCWMssOS::Sw design exists and opened at  C:/Users/Shane/Documents/Classes/ECE_385/Lab_6/lab_6/workspace/mb_usb_hdmi_top/microblaze_0/standalone_microblaze_0/bsp/system.mss
TRACE::2024-10-22.20:03:54::SCWMssOS::Saving the mss changes C:/Users/Shane/Documents/Classes/ECE_385/Lab_6/lab_6/workspace/mb_usb_hdmi_top/microblaze_0/standalone_microblaze_0/bsp/system.mss
TRACE::2024-10-22.20:03:54::SCWMssOS::Found a swdesign opened with the mssfile.
TRACE::2024-10-22.20:03:54::SCWMssOS::Completed writemss as part of save.
TRACE::2024-10-22.20:03:54::SCWMssOS::Commit changes completed.
TRACE::2024-10-22.20:03:54::SCWPlatform::Trying to open the hw design at C:/Users/Shane/Documents/Classes/ECE_385/Lab_6/lab_6/workspace/mb_usb_hdmi_top/hw/mb_usb_hdmi_top.xsa
TRACE::2024-10-22.20:03:54::SCWPlatform::DSA given C:/Users/Shane/Documents/Classes/ECE_385/Lab_6/lab_6/workspace/mb_usb_hdmi_top/hw/mb_usb_hdmi_top.xsa
TRACE::2024-10-22.20:03:54::SCWPlatform::DSA absoulate path C:/Users/Shane/Documents/Classes/ECE_385/Lab_6/lab_6/workspace/mb_usb_hdmi_top/hw/mb_usb_hdmi_top.xsa
TRACE::2024-10-22.20:03:54::SCWPlatform::DSA directory C:/Users/Shane/Documents/Classes/ECE_385/Lab_6/lab_6/workspace/mb_usb_hdmi_top/hw
TRACE::2024-10-22.20:03:54::SCWPlatform:: Platform Path C:/Users/Shane/Documents/Classes/ECE_385/Lab_6/lab_6/workspace/mb_usb_hdmi_top/hw/mb_usb_hdmi_top.xsa
TRACE::2024-10-22.20:03:54::SCWPlatform:: Unique name xilinx:::0.0
TRACE::2024-10-22.20:03:54::SCWPlatform::Trying to set the existing hwdb with name mb_usb_hdmi_top_0
TRACE::2024-10-22.20:03:54::SCWPlatform::Opened existing hwdb mb_usb_hdmi_top_0
TRACE::2024-10-22.20:03:54::SCWPlatform::Found the Hw Db part of the input DSA
TRACE::2024-10-22.20:03:54::SCWMssOS::Checking the sw design at  C:/Users/Shane/Documents/Classes/ECE_385/Lab_6/lab_6/workspace/mb_usb_hdmi_top/microblaze_0/standalone_microblaze_0/bsp/system.mss
TRACE::2024-10-22.20:03:54::SCWMssOS::DEBUG:  swdes dump  C:/Users/Shane/Documents/Classes/ECE_385/Lab_6/lab_6/workspace/mb_usb_hdmi_top/microblaze_0/standalone_microblaze_0/bsp/system.mss|system||

TRACE::2024-10-22.20:03:54::SCWMssOS::Sw design exists and opened at  C:/Users/Shane/Documents/Classes/ECE_385/Lab_6/lab_6/workspace/mb_usb_hdmi_top/microblaze_0/standalone_microblaze_0/bsp/system.mss
TRACE::2024-10-22.20:03:54::SCWPlatform::Trying to open the hw design at C:/Users/Shane/Documents/Classes/ECE_385/Lab_6/lab_6/workspace/mb_usb_hdmi_top/hw/mb_usb_hdmi_top.xsa
TRACE::2024-10-22.20:03:54::SCWPlatform::DSA given C:/Users/Shane/Documents/Classes/ECE_385/Lab_6/lab_6/workspace/mb_usb_hdmi_top/hw/mb_usb_hdmi_top.xsa
TRACE::2024-10-22.20:03:54::SCWPlatform::DSA absoulate path C:/Users/Shane/Documents/Classes/ECE_385/Lab_6/lab_6/workspace/mb_usb_hdmi_top/hw/mb_usb_hdmi_top.xsa
TRACE::2024-10-22.20:03:54::SCWPlatform::DSA directory C:/Users/Shane/Documents/Classes/ECE_385/Lab_6/lab_6/workspace/mb_usb_hdmi_top/hw
TRACE::2024-10-22.20:03:54::SCWPlatform:: Platform Path C:/Users/Shane/Documents/Classes/ECE_385/Lab_6/lab_6/workspace/mb_usb_hdmi_top/hw/mb_usb_hdmi_top.xsa
TRACE::2024-10-22.20:03:54::SCWPlatform:: Unique name xilinx:::0.0
TRACE::2024-10-22.20:03:54::SCWPlatform::Trying to set the existing hwdb with name mb_usb_hdmi_top_0
TRACE::2024-10-22.20:03:54::SCWPlatform::Opened existing hwdb mb_usb_hdmi_top_0
TRACE::2024-10-22.20:03:54::SCWPlatform::Found the Hw Db part of the input DSA
TRACE::2024-10-22.20:03:54::SCWMssOS::Checking the sw design at  C:/Users/Shane/Documents/Classes/ECE_385/Lab_6/lab_6/workspace/mb_usb_hdmi_top/microblaze_0/standalone_microblaze_0/bsp/system.mss
TRACE::2024-10-22.20:03:54::SCWMssOS::DEBUG:  swdes dump  C:/Users/Shane/Documents/Classes/ECE_385/Lab_6/lab_6/workspace/mb_usb_hdmi_top/microblaze_0/standalone_microblaze_0/bsp/system.mss|system||

TRACE::2024-10-22.20:03:54::SCWMssOS::Sw design exists and opened at  C:/Users/Shane/Documents/Classes/ECE_385/Lab_6/lab_6/workspace/mb_usb_hdmi_top/microblaze_0/standalone_microblaze_0/bsp/system.mss
TRACE::2024-10-22.20:03:54::SCWPlatform::Trying to open the hw design at C:/Users/Shane/Documents/Classes/ECE_385/Lab_6/lab_6/workspace/mb_usb_hdmi_top/hw/mb_usb_hdmi_top.xsa
TRACE::2024-10-22.20:03:54::SCWPlatform::DSA given C:/Users/Shane/Documents/Classes/ECE_385/Lab_6/lab_6/workspace/mb_usb_hdmi_top/hw/mb_usb_hdmi_top.xsa
TRACE::2024-10-22.20:03:54::SCWPlatform::DSA absoulate path C:/Users/Shane/Documents/Classes/ECE_385/Lab_6/lab_6/workspace/mb_usb_hdmi_top/hw/mb_usb_hdmi_top.xsa
TRACE::2024-10-22.20:03:54::SCWPlatform::DSA directory C:/Users/Shane/Documents/Classes/ECE_385/Lab_6/lab_6/workspace/mb_usb_hdmi_top/hw
TRACE::2024-10-22.20:03:54::SCWPlatform:: Platform Path C:/Users/Shane/Documents/Classes/ECE_385/Lab_6/lab_6/workspace/mb_usb_hdmi_top/hw/mb_usb_hdmi_top.xsa
TRACE::2024-10-22.20:03:54::SCWPlatform:: Unique name xilinx:::0.0
TRACE::2024-10-22.20:03:54::SCWPlatform::Trying to set the existing hwdb with name mb_usb_hdmi_top_0
TRACE::2024-10-22.20:03:54::SCWPlatform::Opened existing hwdb mb_usb_hdmi_top_0
TRACE::2024-10-22.20:03:54::SCWPlatform::Found the Hw Db part of the input DSA
TRACE::2024-10-22.20:03:54::SCWMssOS::Checking the sw design at  C:/Users/Shane/Documents/Classes/ECE_385/Lab_6/lab_6/workspace/mb_usb_hdmi_top/microblaze_0/standalone_microblaze_0/bsp/system.mss
TRACE::2024-10-22.20:03:54::SCWMssOS::DEBUG:  swdes dump  C:/Users/Shane/Documents/Classes/ECE_385/Lab_6/lab_6/workspace/mb_usb_hdmi_top/microblaze_0/standalone_microblaze_0/bsp/system.mss|system||

TRACE::2024-10-22.20:03:54::SCWMssOS::Sw design exists and opened at  C:/Users/Shane/Documents/Classes/ECE_385/Lab_6/lab_6/workspace/mb_usb_hdmi_top/microblaze_0/standalone_microblaze_0/bsp/system.mss
TRACE::2024-10-22.20:03:54::SCWWriter::formatted JSON is {
	"platformName":	"mb_usb_hdmi_top",
	"sprVersion":	"2.0",
	"mode":	"gui",
	"dsaType":	"Fixed",
	"platformDesc":	"mb_usb_hdmi_top",
	"platHandOff":	"C:/Users/Shane/Documents/Classes/ECE_385/Lab_6/lab_6/mb_usb_hdmi_top.xsa",
	"platIntHandOff":	"<platformDir>/hw/mb_usb_hdmi_top.xsa",
	"deviceType":	"FPGA",
	"platIsPrebuiltAutogen":	"false",
	"platIsNoBootBsp":	"false",
	"hasFsblMakeHasChanges":	"false",
	"hasPmufwMakeHasChanges":	"false",
	"platPreBuiltFlag":	false,
	"platformSamplesDir":	"",
	"platActiveSys":	"mb_usb_hdmi_top",
	"systems":	[{
			"systemName":	"mb_usb_hdmi_top",
			"systemDesc":	"mb_usb_hdmi_top",
			"sysIsBootAutoGen":	"true",
			"systemDispName":	"mb_usb_hdmi_top",
			"sysActiveDom":	"standalone_microblaze_0",
			"sysDefaultDom":	"standalone_microblaze_0",
			"domains":	[{
					"domainName":	"standalone_microblaze_0",
					"domainDispName":	"standalone_microblaze_0",
					"domainDesc":	"standalone_microblaze_0",
					"processors":	"microblaze_0",
					"os":	"standalone",
					"sdxOs":	"standalone",
					"debugEnable":	"False",
					"domRuntimes":	["cpp"],
					"swRepo":	"",
					"mssOsVer":	"8.0",
					"mssFile":	"",
					"md5Digest":	"304529987e879521ca977c68d163f362",
					"compatibleApp":	"hello_world",
					"domType":	"mssDomain",
					"arch":	"32-bit",
					"appSettings":	{
						"appCompilerFlags":	"",
						"appLinkerFlags":	""
					},
					"addedLibs":	[],
					"libOptions":	{
						"libsContainingOptions":	[]
					},
					"prebuiltLibs":	{
						"prebuiltIncPath":	[],
						"prebuiltLibPath":	[]
					},
					"isolation":	{
					}
				}]
		}]
}
TRACE::2024-10-22.20:03:54::SCWPlatform::Trying to open the hw design at C:/Users/Shane/Documents/Classes/ECE_385/Lab_6/lab_6/workspace/mb_usb_hdmi_top/hw/mb_usb_hdmi_top.xsa
TRACE::2024-10-22.20:03:54::SCWPlatform::DSA given C:/Users/Shane/Documents/Classes/ECE_385/Lab_6/lab_6/workspace/mb_usb_hdmi_top/hw/mb_usb_hdmi_top.xsa
TRACE::2024-10-22.20:03:54::SCWPlatform::DSA absoulate path C:/Users/Shane/Documents/Classes/ECE_385/Lab_6/lab_6/workspace/mb_usb_hdmi_top/hw/mb_usb_hdmi_top.xsa
TRACE::2024-10-22.20:03:54::SCWPlatform::DSA directory C:/Users/Shane/Documents/Classes/ECE_385/Lab_6/lab_6/workspace/mb_usb_hdmi_top/hw
TRACE::2024-10-22.20:03:54::SCWPlatform:: Platform Path C:/Users/Shane/Documents/Classes/ECE_385/Lab_6/lab_6/workspace/mb_usb_hdmi_top/hw/mb_usb_hdmi_top.xsa
TRACE::2024-10-22.20:03:54::SCWPlatform:: Unique name xilinx:::0.0
TRACE::2024-10-22.20:03:54::SCWPlatform::Trying to set the existing hwdb with name mb_usb_hdmi_top_0
TRACE::2024-10-22.20:03:54::SCWPlatform::Opened existing hwdb mb_usb_hdmi_top_0
TRACE::2024-10-22.20:03:54::SCWPlatform::Found the Hw Db part of the input DSA
TRACE::2024-10-22.20:03:54::SCWMssOS::Checking the sw design at  C:/Users/Shane/Documents/Classes/ECE_385/Lab_6/lab_6/workspace/mb_usb_hdmi_top/microblaze_0/standalone_microblaze_0/bsp/system.mss
TRACE::2024-10-22.20:03:54::SCWMssOS::DEBUG:  swdes dump  C:/Users/Shane/Documents/Classes/ECE_385/Lab_6/lab_6/workspace/mb_usb_hdmi_top/microblaze_0/standalone_microblaze_0/bsp/system.mss|system||

TRACE::2024-10-22.20:03:54::SCWMssOS::Sw design exists and opened at  C:/Users/Shane/Documents/Classes/ECE_385/Lab_6/lab_6/workspace/mb_usb_hdmi_top/microblaze_0/standalone_microblaze_0/bsp/system.mss
TRACE::2024-10-22.20:03:54::SCWPlatform::Trying to open the hw design at C:/Users/Shane/Documents/Classes/ECE_385/Lab_6/lab_6/workspace/mb_usb_hdmi_top/hw/mb_usb_hdmi_top.xsa
TRACE::2024-10-22.20:03:54::SCWPlatform::DSA given C:/Users/Shane/Documents/Classes/ECE_385/Lab_6/lab_6/workspace/mb_usb_hdmi_top/hw/mb_usb_hdmi_top.xsa
TRACE::2024-10-22.20:03:54::SCWPlatform::DSA absoulate path C:/Users/Shane/Documents/Classes/ECE_385/Lab_6/lab_6/workspace/mb_usb_hdmi_top/hw/mb_usb_hdmi_top.xsa
TRACE::2024-10-22.20:03:54::SCWPlatform::DSA directory C:/Users/Shane/Documents/Classes/ECE_385/Lab_6/lab_6/workspace/mb_usb_hdmi_top/hw
TRACE::2024-10-22.20:03:54::SCWPlatform:: Platform Path C:/Users/Shane/Documents/Classes/ECE_385/Lab_6/lab_6/workspace/mb_usb_hdmi_top/hw/mb_usb_hdmi_top.xsa
TRACE::2024-10-22.20:03:54::SCWPlatform:: Unique name xilinx:::0.0
TRACE::2024-10-22.20:03:54::SCWPlatform::Trying to set the existing hwdb with name mb_usb_hdmi_top_0
TRACE::2024-10-22.20:03:54::SCWPlatform::Opened existing hwdb mb_usb_hdmi_top_0
TRACE::2024-10-22.20:03:54::SCWPlatform::Found the Hw Db part of the input DSA
TRACE::2024-10-22.20:03:54::SCWMssOS::Checking the sw design at  C:/Users/Shane/Documents/Classes/ECE_385/Lab_6/lab_6/workspace/mb_usb_hdmi_top/microblaze_0/standalone_microblaze_0/bsp/system.mss
TRACE::2024-10-22.20:03:54::SCWMssOS::DEBUG:  swdes dump  C:/Users/Shane/Documents/Classes/ECE_385/Lab_6/lab_6/workspace/mb_usb_hdmi_top/microblaze_0/standalone_microblaze_0/bsp/system.mss|system||

TRACE::2024-10-22.20:03:54::SCWMssOS::Sw design exists and opened at  C:/Users/Shane/Documents/Classes/ECE_385/Lab_6/lab_6/workspace/mb_usb_hdmi_top/microblaze_0/standalone_microblaze_0/bsp/system.mss
TRACE::2024-10-22.20:03:54::SCWMssOS::Saving the mss changes C:/Users/Shane/Documents/Classes/ECE_385/Lab_6/lab_6/workspace/mb_usb_hdmi_top/microblaze_0/standalone_microblaze_0/bsp/system.mss
TRACE::2024-10-22.20:03:54::SCWMssOS::Found a swdesign opened with the mssfile.
TRACE::2024-10-22.20:03:54::SCWMssOS::Completed writemss as part of save.
TRACE::2024-10-22.20:03:54::SCWMssOS::Commit changes completed.
TRACE::2024-10-22.20:03:54::SCWPlatform::Trying to open the hw design at C:/Users/Shane/Documents/Classes/ECE_385/Lab_6/lab_6/workspace/mb_usb_hdmi_top/hw/mb_usb_hdmi_top.xsa
TRACE::2024-10-22.20:03:54::SCWPlatform::DSA given C:/Users/Shane/Documents/Classes/ECE_385/Lab_6/lab_6/workspace/mb_usb_hdmi_top/hw/mb_usb_hdmi_top.xsa
TRACE::2024-10-22.20:03:54::SCWPlatform::DSA absoulate path C:/Users/Shane/Documents/Classes/ECE_385/Lab_6/lab_6/workspace/mb_usb_hdmi_top/hw/mb_usb_hdmi_top.xsa
TRACE::2024-10-22.20:03:54::SCWPlatform::DSA directory C:/Users/Shane/Documents/Classes/ECE_385/Lab_6/lab_6/workspace/mb_usb_hdmi_top/hw
TRACE::2024-10-22.20:03:54::SCWPlatform:: Platform Path C:/Users/Shane/Documents/Classes/ECE_385/Lab_6/lab_6/workspace/mb_usb_hdmi_top/hw/mb_usb_hdmi_top.xsa
TRACE::2024-10-22.20:03:54::SCWPlatform:: Unique name xilinx:::0.0
TRACE::2024-10-22.20:03:54::SCWPlatform::Trying to set the existing hwdb with name mb_usb_hdmi_top_0
TRACE::2024-10-22.20:03:54::SCWPlatform::Opened existing hwdb mb_usb_hdmi_top_0
TRACE::2024-10-22.20:03:54::SCWPlatform::Found the Hw Db part of the input DSA
TRACE::2024-10-22.20:03:54::SCWMssOS::Checking the sw design at  C:/Users/Shane/Documents/Classes/ECE_385/Lab_6/lab_6/workspace/mb_usb_hdmi_top/microblaze_0/standalone_microblaze_0/bsp/system.mss
TRACE::2024-10-22.20:03:54::SCWMssOS::DEBUG:  swdes dump  C:/Users/Shane/Documents/Classes/ECE_385/Lab_6/lab_6/workspace/mb_usb_hdmi_top/microblaze_0/standalone_microblaze_0/bsp/system.mss|system||

TRACE::2024-10-22.20:03:54::SCWMssOS::Sw design exists and opened at  C:/Users/Shane/Documents/Classes/ECE_385/Lab_6/lab_6/workspace/mb_usb_hdmi_top/microblaze_0/standalone_microblaze_0/bsp/system.mss
TRACE::2024-10-22.20:03:54::SCWPlatform::Trying to open the hw design at C:/Users/Shane/Documents/Classes/ECE_385/Lab_6/lab_6/workspace/mb_usb_hdmi_top/hw/mb_usb_hdmi_top.xsa
TRACE::2024-10-22.20:03:54::SCWPlatform::DSA given C:/Users/Shane/Documents/Classes/ECE_385/Lab_6/lab_6/workspace/mb_usb_hdmi_top/hw/mb_usb_hdmi_top.xsa
TRACE::2024-10-22.20:03:54::SCWPlatform::DSA absoulate path C:/Users/Shane/Documents/Classes/ECE_385/Lab_6/lab_6/workspace/mb_usb_hdmi_top/hw/mb_usb_hdmi_top.xsa
TRACE::2024-10-22.20:03:54::SCWPlatform::DSA directory C:/Users/Shane/Documents/Classes/ECE_385/Lab_6/lab_6/workspace/mb_usb_hdmi_top/hw
TRACE::2024-10-22.20:03:54::SCWPlatform:: Platform Path C:/Users/Shane/Documents/Classes/ECE_385/Lab_6/lab_6/workspace/mb_usb_hdmi_top/hw/mb_usb_hdmi_top.xsa
TRACE::2024-10-22.20:03:54::SCWPlatform:: Unique name xilinx:::0.0
TRACE::2024-10-22.20:03:54::SCWPlatform::Trying to set the existing hwdb with name mb_usb_hdmi_top_0
TRACE::2024-10-22.20:03:54::SCWPlatform::Opened existing hwdb mb_usb_hdmi_top_0
TRACE::2024-10-22.20:03:54::SCWPlatform::Found the Hw Db part of the input DSA
TRACE::2024-10-22.20:03:54::SCWMssOS::Checking the sw design at  C:/Users/Shane/Documents/Classes/ECE_385/Lab_6/lab_6/workspace/mb_usb_hdmi_top/microblaze_0/standalone_microblaze_0/bsp/system.mss
TRACE::2024-10-22.20:03:54::SCWMssOS::DEBUG:  swdes dump  C:/Users/Shane/Documents/Classes/ECE_385/Lab_6/lab_6/workspace/mb_usb_hdmi_top/microblaze_0/standalone_microblaze_0/bsp/system.mss|system||

TRACE::2024-10-22.20:03:54::SCWMssOS::Sw design exists and opened at  C:/Users/Shane/Documents/Classes/ECE_385/Lab_6/lab_6/workspace/mb_usb_hdmi_top/microblaze_0/standalone_microblaze_0/bsp/system.mss
TRACE::2024-10-22.20:03:54::SCWPlatform::Trying to open the hw design at C:/Users/Shane/Documents/Classes/ECE_385/Lab_6/lab_6/workspace/mb_usb_hdmi_top/hw/mb_usb_hdmi_top.xsa
TRACE::2024-10-22.20:03:54::SCWPlatform::DSA given C:/Users/Shane/Documents/Classes/ECE_385/Lab_6/lab_6/workspace/mb_usb_hdmi_top/hw/mb_usb_hdmi_top.xsa
TRACE::2024-10-22.20:03:54::SCWPlatform::DSA absoulate path C:/Users/Shane/Documents/Classes/ECE_385/Lab_6/lab_6/workspace/mb_usb_hdmi_top/hw/mb_usb_hdmi_top.xsa
TRACE::2024-10-22.20:03:54::SCWPlatform::DSA directory C:/Users/Shane/Documents/Classes/ECE_385/Lab_6/lab_6/workspace/mb_usb_hdmi_top/hw
TRACE::2024-10-22.20:03:54::SCWPlatform:: Platform Path C:/Users/Shane/Documents/Classes/ECE_385/Lab_6/lab_6/workspace/mb_usb_hdmi_top/hw/mb_usb_hdmi_top.xsa
TRACE::2024-10-22.20:03:54::SCWPlatform:: Unique name xilinx:::0.0
TRACE::2024-10-22.20:03:54::SCWPlatform::Trying to set the existing hwdb with name mb_usb_hdmi_top_0
TRACE::2024-10-22.20:03:54::SCWPlatform::Opened existing hwdb mb_usb_hdmi_top_0
TRACE::2024-10-22.20:03:54::SCWPlatform::Found the Hw Db part of the input DSA
TRACE::2024-10-22.20:03:54::SCWMssOS::Checking the sw design at  C:/Users/Shane/Documents/Classes/ECE_385/Lab_6/lab_6/workspace/mb_usb_hdmi_top/microblaze_0/standalone_microblaze_0/bsp/system.mss
TRACE::2024-10-22.20:03:54::SCWMssOS::DEBUG:  swdes dump  C:/Users/Shane/Documents/Classes/ECE_385/Lab_6/lab_6/workspace/mb_usb_hdmi_top/microblaze_0/standalone_microblaze_0/bsp/system.mss|system||

TRACE::2024-10-22.20:03:54::SCWMssOS::Sw design exists and opened at  C:/Users/Shane/Documents/Classes/ECE_385/Lab_6/lab_6/workspace/mb_usb_hdmi_top/microblaze_0/standalone_microblaze_0/bsp/system.mss
TRACE::2024-10-22.20:03:54::SCWWriter::formatted JSON is {
	"platformName":	"mb_usb_hdmi_top",
	"sprVersion":	"2.0",
	"mode":	"gui",
	"dsaType":	"Fixed",
	"platformDesc":	"mb_usb_hdmi_top",
	"platHandOff":	"C:/Users/Shane/Documents/Classes/ECE_385/Lab_6/lab_6/mb_usb_hdmi_top.xsa",
	"platIntHandOff":	"<platformDir>/hw/mb_usb_hdmi_top.xsa",
	"deviceType":	"FPGA",
	"platIsPrebuiltAutogen":	"false",
	"platIsNoBootBsp":	"false",
	"hasFsblMakeHasChanges":	"false",
	"hasPmufwMakeHasChanges":	"false",
	"platPreBuiltFlag":	false,
	"platformSamplesDir":	"",
	"platActiveSys":	"mb_usb_hdmi_top",
	"systems":	[{
			"systemName":	"mb_usb_hdmi_top",
			"systemDesc":	"mb_usb_hdmi_top",
			"sysIsBootAutoGen":	"true",
			"systemDispName":	"mb_usb_hdmi_top",
			"sysActiveDom":	"standalone_microblaze_0",
			"sysDefaultDom":	"standalone_microblaze_0",
			"domains":	[{
					"domainName":	"standalone_microblaze_0",
					"domainDispName":	"standalone_microblaze_0",
					"domainDesc":	"standalone_microblaze_0",
					"processors":	"microblaze_0",
					"os":	"standalone",
					"sdxOs":	"standalone",
					"debugEnable":	"False",
					"domRuntimes":	["cpp"],
					"swRepo":	"",
					"mssOsVer":	"8.0",
					"mssFile":	"",
					"md5Digest":	"304529987e879521ca977c68d163f362",
					"compatibleApp":	"hello_world",
					"domType":	"mssDomain",
					"arch":	"32-bit",
					"appSettings":	{
						"appCompilerFlags":	"",
						"appLinkerFlags":	""
					},
					"addedLibs":	[],
					"libOptions":	{
						"libsContainingOptions":	[]
					},
					"prebuiltLibs":	{
						"prebuiltIncPath":	[],
						"prebuiltLibPath":	[]
					},
					"isolation":	{
					}
				}]
		}]
}
LOG::2024-10-22.20:03:54::SCWPlatform::Started generating the artifacts platform mb_usb_hdmi_top
TRACE::2024-10-22.20:03:54::SCWPlatform::Sanity checking of platform is completed
LOG::2024-10-22.20:03:54::SCWPlatform::Started generating the artifacts for system configuration mb_usb_hdmi_top
LOG::2024-10-22.20:03:54::SCWSystem::Started Processing the domain standalone_microblaze_0
TRACE::2024-10-22.20:03:54::SCWDomain::Generating domain artifcats
TRACE::2024-10-22.20:03:54::SCWMssOS::Generating standalone artifcats
TRACE::2024-10-22.20:03:54::SCWMssOS:: Copying the user libraries. 
TRACE::2024-10-22.20:03:54::SCWPlatform::Trying to open the hw design at C:/Users/Shane/Documents/Classes/ECE_385/Lab_6/lab_6/workspace/mb_usb_hdmi_top/hw/mb_usb_hdmi_top.xsa
TRACE::2024-10-22.20:03:54::SCWPlatform::DSA given C:/Users/Shane/Documents/Classes/ECE_385/Lab_6/lab_6/workspace/mb_usb_hdmi_top/hw/mb_usb_hdmi_top.xsa
TRACE::2024-10-22.20:03:54::SCWPlatform::DSA absoulate path C:/Users/Shane/Documents/Classes/ECE_385/Lab_6/lab_6/workspace/mb_usb_hdmi_top/hw/mb_usb_hdmi_top.xsa
TRACE::2024-10-22.20:03:54::SCWPlatform::DSA directory C:/Users/Shane/Documents/Classes/ECE_385/Lab_6/lab_6/workspace/mb_usb_hdmi_top/hw
TRACE::2024-10-22.20:03:54::SCWPlatform:: Platform Path C:/Users/Shane/Documents/Classes/ECE_385/Lab_6/lab_6/workspace/mb_usb_hdmi_top/hw/mb_usb_hdmi_top.xsa
TRACE::2024-10-22.20:03:54::SCWPlatform:: Unique name xilinx:::0.0
TRACE::2024-10-22.20:03:54::SCWPlatform::Trying to set the existing hwdb with name mb_usb_hdmi_top_0
TRACE::2024-10-22.20:03:54::SCWPlatform::Opened existing hwdb mb_usb_hdmi_top_0
TRACE::2024-10-22.20:03:54::SCWPlatform::Found the Hw Db part of the input DSA
TRACE::2024-10-22.20:03:54::SCWMssOS::Checking the sw design at  C:/Users/Shane/Documents/Classes/ECE_385/Lab_6/lab_6/workspace/mb_usb_hdmi_top/microblaze_0/standalone_microblaze_0/bsp/system.mss
TRACE::2024-10-22.20:03:54::SCWMssOS::DEBUG:  swdes dump  C:/Users/Shane/Documents/Classes/ECE_385/Lab_6/lab_6/workspace/mb_usb_hdmi_top/microblaze_0/standalone_microblaze_0/bsp/system.mss|system||

TRACE::2024-10-22.20:03:54::SCWMssOS::Sw design exists and opened at  C:/Users/Shane/Documents/Classes/ECE_385/Lab_6/lab_6/workspace/mb_usb_hdmi_top/microblaze_0/standalone_microblaze_0/bsp/system.mss
TRACE::2024-10-22.20:03:54::SCWMssOS::Completed writing the mss file at C:/Users/Shane/Documents/Classes/ECE_385/Lab_6/lab_6/workspace/mb_usb_hdmi_top/microblaze_0/standalone_microblaze_0/bsp
TRACE::2024-10-22.20:03:54::SCWMssOS::Mss edits present, copying mssfile into export location C:/Users/Shane/Documents/Classes/ECE_385/Lab_6/lab_6/workspace/mb_usb_hdmi_top/microblaze_0/standalone_microblaze_0/bsp/system.mss
TRACE::2024-10-22.20:03:54::SCWMssOS::bsp generated is upto date with the mss file. Skipping bsp generation.
TRACE::2024-10-22.20:03:54::SCWMssOS::BSP is already built. skipping the bsp build ... 
TRACE::2024-10-22.20:03:54::SCWDomain::Building the domain as part of full build :  standalone_microblaze_0
TRACE::2024-10-22.20:03:54::SCWMssOS::skipping the bsp build ... 
TRACE::2024-10-22.20:03:54::SCWMssOS::Copying to export directory.
TRACE::2024-10-22.20:03:54::SCWMssOS:: Checking if to create the Supporting Applications
TRACE::2024-10-22.20:03:54::SCWMssOS:: No Linux domain exists, trying to generate FSBL 
LOG::2024-10-22.20:03:54::SCWSystem::Completed Processing the domain standalone_microblaze_0
LOG::2024-10-22.20:03:54::SCWSystem::Completed Processing the sysconfig mb_usb_hdmi_top
LOG::2024-10-22.20:03:54::SCWPlatform::Completed generating the artifacts for system configuration mb_usb_hdmi_top
TRACE::2024-10-22.20:03:54::SCWPlatform::Started preparing the platform 
TRACE::2024-10-22.20:03:54::SCWSystem::Writing the bif file for system config mb_usb_hdmi_top
TRACE::2024-10-22.20:03:54::SCWSystem::dir created 
TRACE::2024-10-22.20:03:54::SCWSystem::Writing the bif 
TRACE::2024-10-22.20:03:54::SCWPlatform::Started writing the spfm file 
TRACE::2024-10-22.20:03:54::SCWPlatform::Started writing the xpfm file 
TRACE::2024-10-22.20:03:54::SCWPlatform::Completed generating the platform
TRACE::2024-10-22.20:03:54::SCWMssOS::Saving the mss changes C:/Users/Shane/Documents/Classes/ECE_385/Lab_6/lab_6/workspace/mb_usb_hdmi_top/microblaze_0/standalone_microblaze_0/bsp/system.mss
TRACE::2024-10-22.20:03:54::SCWMssOS::Found a swdesign opened with the mssfile.
TRACE::2024-10-22.20:03:54::SCWMssOS::Completed writemss as part of save.
TRACE::2024-10-22.20:03:54::SCWMssOS::Commit changes completed.
TRACE::2024-10-22.20:03:54::SCWPlatform::Trying to open the hw design at C:/Users/Shane/Documents/Classes/ECE_385/Lab_6/lab_6/workspace/mb_usb_hdmi_top/hw/mb_usb_hdmi_top.xsa
TRACE::2024-10-22.20:03:54::SCWPlatform::DSA given C:/Users/Shane/Documents/Classes/ECE_385/Lab_6/lab_6/workspace/mb_usb_hdmi_top/hw/mb_usb_hdmi_top.xsa
TRACE::2024-10-22.20:03:54::SCWPlatform::DSA absoulate path C:/Users/Shane/Documents/Classes/ECE_385/Lab_6/lab_6/workspace/mb_usb_hdmi_top/hw/mb_usb_hdmi_top.xsa
TRACE::2024-10-22.20:03:54::SCWPlatform::DSA directory C:/Users/Shane/Documents/Classes/ECE_385/Lab_6/lab_6/workspace/mb_usb_hdmi_top/hw
TRACE::2024-10-22.20:03:54::SCWPlatform:: Platform Path C:/Users/Shane/Documents/Classes/ECE_385/Lab_6/lab_6/workspace/mb_usb_hdmi_top/hw/mb_usb_hdmi_top.xsa
TRACE::2024-10-22.20:03:54::SCWPlatform:: Unique name xilinx:::0.0
TRACE::2024-10-22.20:03:54::SCWPlatform::Trying to set the existing hwdb with name mb_usb_hdmi_top_0
TRACE::2024-10-22.20:03:54::SCWPlatform::Opened existing hwdb mb_usb_hdmi_top_0
TRACE::2024-10-22.20:03:54::SCWPlatform::Found the Hw Db part of the input DSA
TRACE::2024-10-22.20:03:54::SCWMssOS::Checking the sw design at  C:/Users/Shane/Documents/Classes/ECE_385/Lab_6/lab_6/workspace/mb_usb_hdmi_top/microblaze_0/standalone_microblaze_0/bsp/system.mss
TRACE::2024-10-22.20:03:54::SCWMssOS::DEBUG:  swdes dump  C:/Users/Shane/Documents/Classes/ECE_385/Lab_6/lab_6/workspace/mb_usb_hdmi_top/microblaze_0/standalone_microblaze_0/bsp/system.mss|system||

TRACE::2024-10-22.20:03:54::SCWMssOS::Sw design exists and opened at  C:/Users/Shane/Documents/Classes/ECE_385/Lab_6/lab_6/workspace/mb_usb_hdmi_top/microblaze_0/standalone_microblaze_0/bsp/system.mss
TRACE::2024-10-22.20:03:54::SCWPlatform::Trying to open the hw design at C:/Users/Shane/Documents/Classes/ECE_385/Lab_6/lab_6/workspace/mb_usb_hdmi_top/hw/mb_usb_hdmi_top.xsa
TRACE::2024-10-22.20:03:54::SCWPlatform::DSA given C:/Users/Shane/Documents/Classes/ECE_385/Lab_6/lab_6/workspace/mb_usb_hdmi_top/hw/mb_usb_hdmi_top.xsa
TRACE::2024-10-22.20:03:54::SCWPlatform::DSA absoulate path C:/Users/Shane/Documents/Classes/ECE_385/Lab_6/lab_6/workspace/mb_usb_hdmi_top/hw/mb_usb_hdmi_top.xsa
TRACE::2024-10-22.20:03:54::SCWPlatform::DSA directory C:/Users/Shane/Documents/Classes/ECE_385/Lab_6/lab_6/workspace/mb_usb_hdmi_top/hw
TRACE::2024-10-22.20:03:54::SCWPlatform:: Platform Path C:/Users/Shane/Documents/Classes/ECE_385/Lab_6/lab_6/workspace/mb_usb_hdmi_top/hw/mb_usb_hdmi_top.xsa
TRACE::2024-10-22.20:03:54::SCWPlatform:: Unique name xilinx:::0.0
TRACE::2024-10-22.20:03:54::SCWPlatform::Trying to set the existing hwdb with name mb_usb_hdmi_top_0
TRACE::2024-10-22.20:03:54::SCWPlatform::Opened existing hwdb mb_usb_hdmi_top_0
TRACE::2024-10-22.20:03:54::SCWPlatform::Found the Hw Db part of the input DSA
TRACE::2024-10-22.20:03:54::SCWMssOS::Checking the sw design at  C:/Users/Shane/Documents/Classes/ECE_385/Lab_6/lab_6/workspace/mb_usb_hdmi_top/microblaze_0/standalone_microblaze_0/bsp/system.mss
TRACE::2024-10-22.20:03:54::SCWMssOS::DEBUG:  swdes dump  C:/Users/Shane/Documents/Classes/ECE_385/Lab_6/lab_6/workspace/mb_usb_hdmi_top/microblaze_0/standalone_microblaze_0/bsp/system.mss|system||

TRACE::2024-10-22.20:03:54::SCWMssOS::Sw design exists and opened at  C:/Users/Shane/Documents/Classes/ECE_385/Lab_6/lab_6/workspace/mb_usb_hdmi_top/microblaze_0/standalone_microblaze_0/bsp/system.mss
TRACE::2024-10-22.20:03:54::SCWPlatform::Trying to open the hw design at C:/Users/Shane/Documents/Classes/ECE_385/Lab_6/lab_6/workspace/mb_usb_hdmi_top/hw/mb_usb_hdmi_top.xsa
TRACE::2024-10-22.20:03:54::SCWPlatform::DSA given C:/Users/Shane/Documents/Classes/ECE_385/Lab_6/lab_6/workspace/mb_usb_hdmi_top/hw/mb_usb_hdmi_top.xsa
TRACE::2024-10-22.20:03:54::SCWPlatform::DSA absoulate path C:/Users/Shane/Documents/Classes/ECE_385/Lab_6/lab_6/workspace/mb_usb_hdmi_top/hw/mb_usb_hdmi_top.xsa
TRACE::2024-10-22.20:03:54::SCWPlatform::DSA directory C:/Users/Shane/Documents/Classes/ECE_385/Lab_6/lab_6/workspace/mb_usb_hdmi_top/hw
TRACE::2024-10-22.20:03:54::SCWPlatform:: Platform Path C:/Users/Shane/Documents/Classes/ECE_385/Lab_6/lab_6/workspace/mb_usb_hdmi_top/hw/mb_usb_hdmi_top.xsa
TRACE::2024-10-22.20:03:54::SCWPlatform:: Unique name xilinx:::0.0
TRACE::2024-10-22.20:03:54::SCWPlatform::Trying to set the existing hwdb with name mb_usb_hdmi_top_0
TRACE::2024-10-22.20:03:54::SCWPlatform::Opened existing hwdb mb_usb_hdmi_top_0
TRACE::2024-10-22.20:03:54::SCWPlatform::Found the Hw Db part of the input DSA
TRACE::2024-10-22.20:03:54::SCWMssOS::Checking the sw design at  C:/Users/Shane/Documents/Classes/ECE_385/Lab_6/lab_6/workspace/mb_usb_hdmi_top/microblaze_0/standalone_microblaze_0/bsp/system.mss
TRACE::2024-10-22.20:03:54::SCWMssOS::DEBUG:  swdes dump  C:/Users/Shane/Documents/Classes/ECE_385/Lab_6/lab_6/workspace/mb_usb_hdmi_top/microblaze_0/standalone_microblaze_0/bsp/system.mss|system||

TRACE::2024-10-22.20:03:54::SCWMssOS::Sw design exists and opened at  C:/Users/Shane/Documents/Classes/ECE_385/Lab_6/lab_6/workspace/mb_usb_hdmi_top/microblaze_0/standalone_microblaze_0/bsp/system.mss
TRACE::2024-10-22.20:03:54::SCWWriter::formatted JSON is {
	"platformName":	"mb_usb_hdmi_top",
	"sprVersion":	"2.0",
	"mode":	"gui",
	"dsaType":	"Fixed",
	"platformDesc":	"mb_usb_hdmi_top",
	"platHandOff":	"C:/Users/Shane/Documents/Classes/ECE_385/Lab_6/lab_6/mb_usb_hdmi_top.xsa",
	"platIntHandOff":	"<platformDir>/hw/mb_usb_hdmi_top.xsa",
	"deviceType":	"FPGA",
	"platIsPrebuiltAutogen":	"false",
	"platIsNoBootBsp":	"false",
	"hasFsblMakeHasChanges":	"false",
	"hasPmufwMakeHasChanges":	"false",
	"platPreBuiltFlag":	false,
	"platformSamplesDir":	"",
	"platActiveSys":	"mb_usb_hdmi_top",
	"systems":	[{
			"systemName":	"mb_usb_hdmi_top",
			"systemDesc":	"mb_usb_hdmi_top",
			"sysIsBootAutoGen":	"true",
			"systemDispName":	"mb_usb_hdmi_top",
			"sysActiveDom":	"standalone_microblaze_0",
			"sysDefaultDom":	"standalone_microblaze_0",
			"domains":	[{
					"domainName":	"standalone_microblaze_0",
					"domainDispName":	"standalone_microblaze_0",
					"domainDesc":	"standalone_microblaze_0",
					"processors":	"microblaze_0",
					"os":	"standalone",
					"sdxOs":	"standalone",
					"debugEnable":	"False",
					"domRuntimes":	["cpp"],
					"swRepo":	"",
					"mssOsVer":	"8.0",
					"mssFile":	"",
					"md5Digest":	"304529987e879521ca977c68d163f362",
					"compatibleApp":	"hello_world",
					"domType":	"mssDomain",
					"arch":	"32-bit",
					"appSettings":	{
						"appCompilerFlags":	"",
						"appLinkerFlags":	""
					},
					"addedLibs":	[],
					"libOptions":	{
						"libsContainingOptions":	[]
					},
					"prebuiltLibs":	{
						"prebuiltIncPath":	[],
						"prebuiltLibPath":	[]
					},
					"isolation":	{
					}
				}]
		}]
}
KEYINFO::2024-10-22.20:03:54::SCWPlatform::updated the xpfm file.
LOG::2024-10-23.00:04:54::SCWPlatform::Started generating the artifacts platform mb_usb_hdmi_top
TRACE::2024-10-23.00:04:54::SCWPlatform::Sanity checking of platform is completed
LOG::2024-10-23.00:04:54::SCWPlatform::Started generating the artifacts for system configuration mb_usb_hdmi_top
LOG::2024-10-23.00:04:54::SCWSystem::Checking the domain standalone_microblaze_0
LOG::2024-10-23.00:04:54::SCWSystem::Not a boot domain 
LOG::2024-10-23.00:04:54::SCWSystem::Started Processing the domain standalone_microblaze_0
TRACE::2024-10-23.00:04:54::SCWDomain::Generating domain artifcats
TRACE::2024-10-23.00:04:54::SCWMssOS::Generating standalone artifcats
TRACE::2024-10-23.00:04:54::SCWMssOS:: Copying the user libraries. 
TRACE::2024-10-23.00:04:54::SCWPlatform::Trying to open the hw design at C:/Users/Shane/Documents/Classes/ECE_385/Lab_6/lab_6/workspace/mb_usb_hdmi_top/hw/mb_usb_hdmi_top.xsa
TRACE::2024-10-23.00:04:54::SCWPlatform::DSA given C:/Users/Shane/Documents/Classes/ECE_385/Lab_6/lab_6/workspace/mb_usb_hdmi_top/hw/mb_usb_hdmi_top.xsa
TRACE::2024-10-23.00:04:54::SCWPlatform::DSA absoulate path C:/Users/Shane/Documents/Classes/ECE_385/Lab_6/lab_6/workspace/mb_usb_hdmi_top/hw/mb_usb_hdmi_top.xsa
TRACE::2024-10-23.00:04:54::SCWPlatform::DSA directory C:/Users/Shane/Documents/Classes/ECE_385/Lab_6/lab_6/workspace/mb_usb_hdmi_top/hw
TRACE::2024-10-23.00:04:54::SCWPlatform:: Platform Path C:/Users/Shane/Documents/Classes/ECE_385/Lab_6/lab_6/workspace/mb_usb_hdmi_top/hw/mb_usb_hdmi_top.xsa
TRACE::2024-10-23.00:04:54::SCWPlatform:: Unique name xilinx:::0.0
TRACE::2024-10-23.00:04:54::SCWPlatform::Trying to set the existing hwdb with name mb_usb_hdmi_top_0
TRACE::2024-10-23.00:04:54::SCWPlatform::Opened existing hwdb mb_usb_hdmi_top_0
TRACE::2024-10-23.00:04:54::SCWPlatform::Found the Hw Db part of the input DSA
TRACE::2024-10-23.00:04:54::SCWMssOS::Checking the sw design at  C:/Users/Shane/Documents/Classes/ECE_385/Lab_6/lab_6/workspace/mb_usb_hdmi_top/microblaze_0/standalone_microblaze_0/bsp/system.mss
TRACE::2024-10-23.00:04:54::SCWMssOS::DEBUG:  swdes dump  C:/Users/Shane/Documents/Classes/ECE_385/Lab_6/lab_6/workspace/mb_usb_hdmi_top/microblaze_0/standalone_microblaze_0/bsp/system.mss|system||

TRACE::2024-10-23.00:04:54::SCWMssOS::Sw design exists and opened at  C:/Users/Shane/Documents/Classes/ECE_385/Lab_6/lab_6/workspace/mb_usb_hdmi_top/microblaze_0/standalone_microblaze_0/bsp/system.mss
TRACE::2024-10-23.00:04:54::SCWMssOS::Completed writing the mss file at C:/Users/Shane/Documents/Classes/ECE_385/Lab_6/lab_6/workspace/mb_usb_hdmi_top/microblaze_0/standalone_microblaze_0/bsp
TRACE::2024-10-23.00:04:54::SCWMssOS::Mss edits present, copying mssfile into export location C:/Users/Shane/Documents/Classes/ECE_385/Lab_6/lab_6/workspace/mb_usb_hdmi_top/microblaze_0/standalone_microblaze_0/bsp/system.mss
TRACE::2024-10-23.00:04:54::SCWMssOS::bsp generated is upto date with the mss file. Skipping bsp generation.
TRACE::2024-10-23.00:04:54::SCWMssOS::BSP is already built. skipping the bsp build ... 
TRACE::2024-10-23.00:04:54::SCWDomain::Building the domain as part of full build :  standalone_microblaze_0
TRACE::2024-10-23.00:04:54::SCWMssOS::doing bsp build ... 
TRACE::2024-10-23.00:04:54::SCWMssOS::System Command Ran  C: & cd  C:/Users/Shane/Documents/Classes/ECE_385/Lab_6/lab_6/workspace/mb_usb_hdmi_top/microblaze_0/standalone_microblaze_0/bsp & make 
TRACE::2024-10-23.00:04:54::SCWMssOS::make --no-print-directory seq_libs

TRACE::2024-10-23.00:04:54::SCWMssOS::'Finished building libraries sequentially.'

TRACE::2024-10-23.00:04:54::SCWMssOS::make -j 6 --no-print-directory par_libs

TRACE::2024-10-23.00:04:54::SCWMssOS::"Running Make include in microblaze_0/libsrc/bram_v4_8/src"

TRACE::2024-10-23.00:04:54::SCWMssOS::make -C microblaze_0/libsrc/bram_v4_8/src -s include  "SHELL=CMD" "COMPILER=mb-gcc" "ASSEMBLER=mb-as" "ARCHIVER=mb-ar" "COMPILE
TRACE::2024-10-23.00:04:54::SCWMssOS::R_FLAGS=  -O2 -c -mcpu=v11.0 -mlittle-endian -mno-xl-reorder -mno-xl-soft-mul -mxl-barrel-shift -mxl-pattern-compare" "EXTRA_CO
TRACE::2024-10-23.00:04:54::SCWMssOS::MPILER_FLAGS=-g -ffunction-sections -fdata-sections -Wall -Wextra -fno-tree-loop-distribute-patterns"

TRACE::2024-10-23.00:04:54::SCWMssOS::"Running Make include in microblaze_0/libsrc/cpu_v2_16/src"

TRACE::2024-10-23.00:04:54::SCWMssOS::make -C microblaze_0/libsrc/cpu_v2_16/src -s include  "SHELL=CMD" "COMPILER=mb-gcc" "ASSEMBLER=mb-as" "ARCHIVER=mb-ar" "COMPILE
TRACE::2024-10-23.00:04:54::SCWMssOS::R_FLAGS=  -O2 -c -mcpu=v11.0 -mlittle-endian -mno-xl-reorder -mno-xl-soft-mul -mxl-barrel-shift -mxl-pattern-compare" "EXTRA_CO
TRACE::2024-10-23.00:04:54::SCWMssOS::MPILER_FLAGS=-g -ffunction-sections -fdata-sections -Wall -Wextra -fno-tree-loop-distribute-patterns"

TRACE::2024-10-23.00:04:54::SCWMssOS::"Running Make include in microblaze_0/libsrc/gpio_v4_9/src"

TRACE::2024-10-23.00:04:54::SCWMssOS::make -C microblaze_0/libsrc/gpio_v4_9/src -s include  "SHELL=CMD" "COMPILER=mb-gcc" "ASSEMBLER=mb-as" "ARCHIVER=mb-ar" "COMPILE
TRACE::2024-10-23.00:04:54::SCWMssOS::R_FLAGS=  -O2 -c -mcpu=v11.0 -mlittle-endian -mno-xl-reorder -mno-xl-soft-mul -mxl-barrel-shift -mxl-pattern-compare" "EXTRA_CO
TRACE::2024-10-23.00:04:54::SCWMssOS::MPILER_FLAGS=-g -ffunction-sections -fdata-sections -Wall -Wextra -fno-tree-loop-distribute-patterns"

TRACE::2024-10-23.00:04:54::SCWMssOS::"Running Make include in microblaze_0/libsrc/intc_v3_15/src"

TRACE::2024-10-23.00:04:54::SCWMssOS::make -C microblaze_0/libsrc/intc_v3_15/src -s include  "SHELL=CMD" "COMPILER=mb-gcc" "ASSEMBLER=mb-as" "ARCHIVER=mb-ar" "COMPIL
TRACE::2024-10-23.00:04:54::SCWMssOS::ER_FLAGS=  -O2 -c -mcpu=v11.0 -mlittle-endian -mno-xl-reorder -mno-xl-soft-mul -mxl-barrel-shift -mxl-pattern-compare" "EXTRA_C
TRACE::2024-10-23.00:04:54::SCWMssOS::OMPILER_FLAGS=-g -ffunction-sections -fdata-sections -Wall -Wextra -fno-tree-loop-distribute-patterns"

TRACE::2024-10-23.00:04:54::SCWMssOS::"Running Make include in microblaze_0/libsrc/spi_v4_9/src"

TRACE::2024-10-23.00:04:54::SCWMssOS::make -C microblaze_0/libsrc/spi_v4_9/src -s include  "SHELL=CMD" "COMPILER=mb-gcc" "ASSEMBLER=mb-as" "ARCHIVER=mb-ar" "COMPILER
TRACE::2024-10-23.00:04:54::SCWMssOS::_FLAGS=  -O2 -c -mcpu=v11.0 -mlittle-endian -mno-xl-reorder -mno-xl-soft-mul -mxl-barrel-shift -mxl-pattern-compare" "EXTRA_COM
TRACE::2024-10-23.00:04:54::SCWMssOS::PILER_FLAGS=-g -ffunction-sections -fdata-sections -Wall -Wextra -fno-tree-loop-distribute-patterns"

TRACE::2024-10-23.00:04:54::SCWMssOS::"Running Make include in microblaze_0/libsrc/standalone_v8_0/src"

TRACE::2024-10-23.00:04:54::SCWMssOS::make -C microblaze_0/libsrc/standalone_v8_0/src -s include  "SHELL=CMD" "COMPILER=mb-gcc" "ASSEMBLER=mb-as" "ARCHIVER=mb-ar" "C
TRACE::2024-10-23.00:04:54::SCWMssOS::OMPILER_FLAGS=  -O2 -c -mcpu=v11.0 -mlittle-endian -mno-xl-reorder -mno-xl-soft-mul -mxl-barrel-shift -mxl-pattern-compare" "EX
TRACE::2024-10-23.00:04:54::SCWMssOS::TRA_COMPILER_FLAGS=-g -ffunction-sections -fdata-sections -Wall -Wextra -fno-tree-loop-distribute-patterns"

TRACE::2024-10-23.00:04:54::SCWMssOS::"Running Make include in microblaze_0/libsrc/tmrctr_v4_9/src"

TRACE::2024-10-23.00:04:54::SCWMssOS::make -C microblaze_0/libsrc/tmrctr_v4_9/src -s include  "SHELL=CMD" "COMPILER=mb-gcc" "ASSEMBLER=mb-as" "ARCHIVER=mb-ar" "COMPI
TRACE::2024-10-23.00:04:54::SCWMssOS::LER_FLAGS=  -O2 -c -mcpu=v11.0 -mlittle-endian -mno-xl-reorder -mno-xl-soft-mul -mxl-barrel-shift -mxl-pattern-compare" "EXTRA_
TRACE::2024-10-23.00:04:54::SCWMssOS::COMPILER_FLAGS=-g -ffunction-sections -fdata-sections -Wall -Wextra -fno-tree-loop-distribute-patterns"

TRACE::2024-10-23.00:04:54::SCWMssOS::"Running Make include in microblaze_0/libsrc/uartlite_v3_7/src"

TRACE::2024-10-23.00:04:55::SCWMssOS::make -C microblaze_0/libsrc/uartlite_v3_7/src -s include  "SHELL=CMD" "COMPILER=mb-gcc" "ASSEMBLER=mb-as" "ARCHIVER=mb-ar" "COM
TRACE::2024-10-23.00:04:55::SCWMssOS::PILER_FLAGS=  -O2 -c -mcpu=v11.0 -mlittle-endian -mno-xl-reorder -mno-xl-soft-mul -mxl-barrel-shift -mxl-pattern-compare" "EXTR
TRACE::2024-10-23.00:04:55::SCWMssOS::A_COMPILER_FLAGS=-g -ffunction-sections -fdata-sections -Wall -Wextra -fno-tree-loop-distribute-patterns"

TRACE::2024-10-23.00:04:55::SCWMssOS::"Running Make libs in microblaze_0/libsrc/bram_v4_8/src"

TRACE::2024-10-23.00:04:55::SCWMssOS::make -C microblaze_0/libsrc/bram_v4_8/src -s libs  "SHELL=CMD" "COMPILER=mb-gcc" "ASSEMBLER=mb-as" "ARCHIVER=mb-ar" "COMPILER_F
TRACE::2024-10-23.00:04:55::SCWMssOS::LAGS=  -O2 -c -mcpu=v11.0 -mlittle-endian -mno-xl-reorder -mno-xl-soft-mul -mxl-barrel-shift -mxl-pattern-compare" "EXTRA_COMPI
TRACE::2024-10-23.00:04:55::SCWMssOS::LER_FLAGS=-g -ffunction-sections -fdata-sections -Wall -Wextra -fno-tree-loop-distribute-patterns"

TRACE::2024-10-23.00:04:55::SCWMssOS::"Running Make libs in microblaze_0/libsrc/cpu_v2_16/src"

TRACE::2024-10-23.00:04:55::SCWMssOS::make -C microblaze_0/libsrc/cpu_v2_16/src -s libs  "SHELL=CMD" "COMPILER=mb-gcc" "ASSEMBLER=mb-as" "ARCHIVER=mb-ar" "COMPILER_F
TRACE::2024-10-23.00:04:55::SCWMssOS::LAGS=  -O2 -c -mcpu=v11.0 -mlittle-endian -mno-xl-reorder -mno-xl-soft-mul -mxl-barrel-shift -mxl-pattern-compare" "EXTRA_COMPI
TRACE::2024-10-23.00:04:55::SCWMssOS::LER_FLAGS=-g -ffunction-sections -fdata-sections -Wall -Wextra -fno-tree-loop-distribute-patterns"

TRACE::2024-10-23.00:04:55::SCWMssOS::"Running Make libs in microblaze_0/libsrc/gpio_v4_9/src"

TRACE::2024-10-23.00:04:55::SCWMssOS::make -C microblaze_0/libsrc/gpio_v4_9/src -s libs  "SHELL=CMD" "COMPILER=mb-gcc" "ASSEMBLER=mb-as" "ARCHIVER=mb-ar" "COMPILER_F
TRACE::2024-10-23.00:04:55::SCWMssOS::LAGS=  -O2 -c -mcpu=v11.0 -mlittle-endian -mno-xl-reorder -mno-xl-soft-mul -mxl-barrel-shift -mxl-pattern-compare" "EXTRA_COMPI
TRACE::2024-10-23.00:04:55::SCWMssOS::LER_FLAGS=-g -ffunction-sections -fdata-sections -Wall -Wextra -fno-tree-loop-distribute-patterns"

TRACE::2024-10-23.00:04:55::SCWMssOS::"Running Make libs in microblaze_0/libsrc/intc_v3_15/src"

TRACE::2024-10-23.00:04:55::SCWMssOS::make -C microblaze_0/libsrc/intc_v3_15/src -s libs  "SHELL=CMD" "COMPILER=mb-gcc" "ASSEMBLER=mb-as" "ARCHIVER=mb-ar" "COMPILER_
TRACE::2024-10-23.00:04:55::SCWMssOS::FLAGS=  -O2 -c -mcpu=v11.0 -mlittle-endian -mno-xl-reorder -mno-xl-soft-mul -mxl-barrel-shift -mxl-pattern-compare" "EXTRA_COMP
TRACE::2024-10-23.00:04:55::SCWMssOS::ILER_FLAGS=-g -ffunction-sections -fdata-sections -Wall -Wextra -fno-tree-loop-distribute-patterns"

TRACE::2024-10-23.00:04:56::SCWMssOS::"Running Make libs in microblaze_0/libsrc/spi_v4_9/src"

TRACE::2024-10-23.00:04:56::SCWMssOS::make -C microblaze_0/libsrc/spi_v4_9/src -s libs  "SHELL=CMD" "COMPILER=mb-gcc" "ASSEMBLER=mb-as" "ARCHIVER=mb-ar" "COMPILER_FL
TRACE::2024-10-23.00:04:56::SCWMssOS::AGS=  -O2 -c -mcpu=v11.0 -mlittle-endian -mno-xl-reorder -mno-xl-soft-mul -mxl-barrel-shift -mxl-pattern-compare" "EXTRA_COMPIL
TRACE::2024-10-23.00:04:56::SCWMssOS::ER_FLAGS=-g -ffunction-sections -fdata-sections -Wall -Wextra -fno-tree-loop-distribute-patterns"

TRACE::2024-10-23.00:04:56::SCWMssOS::"Running Make libs in microblaze_0/libsrc/standalone_v8_0/src"

TRACE::2024-10-23.00:04:56::SCWMssOS::make -C microblaze_0/libsrc/standalone_v8_0/src -s libs  "SHELL=CMD" "COMPILER=mb-gcc" "ASSEMBLER=mb-as" "ARCHIVER=mb-ar" "COMP
TRACE::2024-10-23.00:04:56::SCWMssOS::ILER_FLAGS=  -O2 -c -mcpu=v11.0 -mlittle-endian -mno-xl-reorder -mno-xl-soft-mul -mxl-barrel-shift -mxl-pattern-compare" "EXTRA
TRACE::2024-10-23.00:04:56::SCWMssOS::_COMPILER_FLAGS=-g -ffunction-sections -fdata-sections -Wall -Wextra -fno-tree-loop-distribute-patterns"

TRACE::2024-10-23.00:04:56::SCWMssOS::"Running Make libs in microblaze_0/libsrc/tmrctr_v4_9/src"

TRACE::2024-10-23.00:04:56::SCWMssOS::make -C microblaze_0/libsrc/tmrctr_v4_9/src -s libs  "SHELL=CMD" "COMPILER=mb-gcc" "ASSEMBLER=mb-as" "ARCHIVER=mb-ar" "COMPILER
TRACE::2024-10-23.00:04:56::SCWMssOS::_FLAGS=  -O2 -c -mcpu=v11.0 -mlittle-endian -mno-xl-reorder -mno-xl-soft-mul -mxl-barrel-shift -mxl-pattern-compare" "EXTRA_COM
TRACE::2024-10-23.00:04:56::SCWMssOS::PILER_FLAGS=-g -ffunction-sections -fdata-sections -Wall -Wextra -fno-tree-loop-distribute-patterns"

TRACE::2024-10-23.00:04:56::SCWMssOS::"Running Make libs in microblaze_0/libsrc/uartlite_v3_7/src"

TRACE::2024-10-23.00:04:56::SCWMssOS::make -C microblaze_0/libsrc/uartlite_v3_7/src -s libs  "SHELL=CMD" "COMPILER=mb-gcc" "ASSEMBLER=mb-as" "ARCHIVER=mb-ar" "COMPIL
TRACE::2024-10-23.00:04:56::SCWMssOS::ER_FLAGS=  -O2 -c -mcpu=v11.0 -mlittle-endian -mno-xl-reorder -mno-xl-soft-mul -mxl-barrel-shift -mxl-pattern-compare" "EXTRA_C
TRACE::2024-10-23.00:04:56::SCWMssOS::OMPILER_FLAGS=-g -ffunction-sections -fdata-sections -Wall -Wextra -fno-tree-loop-distribute-patterns"

TRACE::2024-10-23.00:04:58::SCWMssOS::"DEBUG NON_LTO_OBJECTS is ../../../lib/microblaze_interrupt_handler.o"

TRACE::2024-10-23.00:04:58::SCWMssOS::'Finished building libraries parallelly.'

TRACE::2024-10-23.00:04:58::SCWMssOS::make --no-print-directory archive

TRACE::2024-10-23.00:04:58::SCWMssOS::mb-ar -r  microblaze_0/lib/libxil.a microblaze_0/lib/_exit.o microblaze_0/lib/errno.o microblaze_0/lib/fcntl.o microblaze_0/lib
TRACE::2024-10-23.00:04:58::SCWMssOS::/hw_exception_handler.o microblaze_0/lib/inbyte.o microblaze_0/lib/microblaze_disable_dcache.o microblaze_0/lib/microblaze_disa
TRACE::2024-10-23.00:04:58::SCWMssOS::ble_exceptions.o microblaze_0/lib/microblaze_disable_icache.o microblaze_0/lib/microblaze_disable_interrupts.o microblaze_0/lib
TRACE::2024-10-23.00:04:58::SCWMssOS::/microblaze_enable_dcache.o microblaze_0/lib/microblaze_enable_exceptions.o microblaze_0/lib/microblaze_enable_icache.o microbl
TRACE::2024-10-23.00:04:58::SCWMssOS::aze_0/lib/microblaze_enable_interrupts.o microblaze_0/lib/microblaze_exception_handler.o microblaze_0/lib/microblaze_flush_cach
TRACE::2024-10-23.00:04:58::SCWMssOS::e_ext.o microblaze_0/lib/microblaze_flush_cache_ext_range.o microblaze_0/lib/microblaze_flush_dcache.o microblaze_0/lib/microbl
TRACE::2024-10-23.00:04:58::SCWMssOS::aze_flush_dcache_range.o microblaze_0/lib/microblaze_init_dcache_range.o microblaze_0/lib/microblaze_init_icache_range.o microb
TRACE::2024-10-23.00:04:58::SCWMssOS::laze_0/lib/microblaze_interrupt_handler.o microblaze_0/lib/microblaze_interrupts_g.o microblaze_0/lib/microblaze_invalidate_cac
TRACE::2024-10-23.00:04:58::SCWMssOS::he_ext.o microblaze_0/lib/microblaze_invalidate_cache_ext_range.o microblaze_0/lib/microblaze_invalidate_dcache.o microblaze_0/
TRACE::2024-10-23.00:04:58::SCWMssOS::lib/microblaze_invalidate_dcache_range.o microblaze_0/lib/microblaze_invalidate_icache.o microblaze_0/lib/microblaze_invalidate
TRACE::2024-10-23.00:04:58::SCWMssOS::_icache_range.o microblaze_0/lib/microblaze_scrub.o microblaze_0/lib/microblaze_selftest.o microblaze_0/lib/microblaze_sleep.o 
TRACE::2024-10-23.00:04:58::SCWMssOS::microblaze_0/lib/microblaze_update_dcache.o microblaze_0/lib/microblaze_update_icache.o microblaze_0/lib/outbyte.o microblaze_0
TRACE::2024-10-23.00:04:58::SCWMssOS::/lib/print.o microblaze_0/lib/pvr.o microblaze_0/lib/xbram.o microblaze_0/lib/xbram_g.o microblaze_0/lib/xbram_intr.o microblaz
TRACE::2024-10-23.00:04:58::SCWMssOS::e_0/lib/xbram_selftest.o microblaze_0/lib/xbram_sinit.o microblaze_0/lib/xgpio.o microblaze_0/lib/xgpio_extra.o microblaze_0/li
TRACE::2024-10-23.00:04:58::SCWMssOS::b/xgpio_g.o microblaze_0/lib/xgpio_intr.o microblaze_0/lib/xgpio_selftest.o microblaze_0/lib/xgpio_sinit.o microblaze_0/lib/xil
TRACE::2024-10-23.00:04:58::SCWMssOS::_assert.o microblaze_0/lib/xil_cache.o microblaze_0/lib/xil_clocking.o microblaze_0/lib/xil_exception.o microblaze_0/lib/xil_me
TRACE::2024-10-23.00:04:58::SCWMssOS::m.o microblaze_0/lib/xil_misc_psreset_api.o microblaze_0/lib/xil_printf.o microblaze_0/lib/xil_sleepcommon.o microblaze_0/lib/x
TRACE::2024-10-23.00:04:58::SCWMssOS::il_testcache.o microblaze_0/lib/xil_testio.o microblaze_0/lib/xil_testmem.o microblaze_0/lib/xil_util.o microblaze_0/lib/xintc.
TRACE::2024-10-23.00:04:58::SCWMssOS::o microblaze_0/lib/xintc_g.o microblaze_0/lib/xintc_intr.o microblaze_0/lib/xintc_l.o microblaze_0/lib/xintc_options.o microbla
TRACE::2024-10-23.00:04:58::SCWMssOS::ze_0/lib/xintc_selftest.o microblaze_0/lib/xinterrupt_wrap.o microblaze_0/lib/xio.o microblaze_0/lib/xplatform_info.o microblaz
TRACE::2024-10-23.00:04:58::SCWMssOS::e_0/lib/xspi.o microblaze_0/lib/xspi_g.o microblaze_0/lib/xspi_options.o microblaze_0/lib/xspi_selftest.o microblaze_0/lib/xspi
TRACE::2024-10-23.00:04:58::SCWMssOS::_sinit.o microblaze_0/lib/xspi_stats.o microblaze_0/lib/xtmrctr.o microblaze_0/lib/xtmrctr_g.o microblaze_0/lib/xtmrctr_intr.o 
TRACE::2024-10-23.00:04:58::SCWMssOS::microblaze_0/lib/xtmrctr_l.o microblaze_0/lib/xtmrctr_options.o microblaze_0/lib/xtmrctr_selftest.o microblaze_0/lib/xtmrctr_si
TRACE::2024-10-23.00:04:58::SCWMssOS::nit.o microblaze_0/lib/xtmrctr_stats.o microblaze_0/lib/xuartlite.o microblaze_0/lib/xuartlite_g.o microblaze_0/lib/xuartlite_i
TRACE::2024-10-23.00:04:58::SCWMssOS::ntr.o microblaze_0/lib/xuartlite_l.o microblaze_0/lib/xuartlite_selftest.o microblaze_0/lib/xuartlite_sinit.o microblaze_0/lib/
TRACE::2024-10-23.00:04:58::SCWMssOS::xuartlite_stats.o

TRACE::2024-10-23.00:04:58::SCWMssOS::'Finished building libraries'

TRACE::2024-10-23.00:04:58::SCWMssOS::Copying to export directory.
TRACE::2024-10-23.00:04:58::SCWMssOS:: Checking if to create the Supporting Applications
TRACE::2024-10-23.00:04:58::SCWMssOS:: No Linux domain exists, trying to generate FSBL 
LOG::2024-10-23.00:04:58::SCWSystem::Completed Processing the domain standalone_microblaze_0
LOG::2024-10-23.00:04:58::SCWSystem::Completed Processing the sysconfig mb_usb_hdmi_top
LOG::2024-10-23.00:04:58::SCWPlatform::Completed generating the artifacts for system configuration mb_usb_hdmi_top
TRACE::2024-10-23.00:04:58::SCWPlatform::Started preparing the platform 
TRACE::2024-10-23.00:04:58::SCWSystem::Writing the bif file for system config mb_usb_hdmi_top
TRACE::2024-10-23.00:04:58::SCWSystem::dir created 
TRACE::2024-10-23.00:04:58::SCWSystem::Writing the bif 
TRACE::2024-10-23.00:04:58::SCWPlatform::Started writing the spfm file 
TRACE::2024-10-23.00:04:58::SCWPlatform::Started writing the xpfm file 
TRACE::2024-10-23.00:04:58::SCWPlatform::Completed generating the platform
TRACE::2024-10-23.00:04:58::SCWMssOS::Saving the mss changes C:/Users/Shane/Documents/Classes/ECE_385/Lab_6/lab_6/workspace/mb_usb_hdmi_top/microblaze_0/standalone_microblaze_0/bsp/system.mss
TRACE::2024-10-23.00:04:58::SCWMssOS::Found a swdesign opened with the mssfile.
TRACE::2024-10-23.00:04:58::SCWMssOS::Completed writemss as part of save.
TRACE::2024-10-23.00:04:58::SCWMssOS::Commit changes completed.
TRACE::2024-10-23.00:04:58::SCWPlatform::Trying to open the hw design at C:/Users/Shane/Documents/Classes/ECE_385/Lab_6/lab_6/workspace/mb_usb_hdmi_top/hw/mb_usb_hdmi_top.xsa
TRACE::2024-10-23.00:04:58::SCWPlatform::DSA given C:/Users/Shane/Documents/Classes/ECE_385/Lab_6/lab_6/workspace/mb_usb_hdmi_top/hw/mb_usb_hdmi_top.xsa
TRACE::2024-10-23.00:04:58::SCWPlatform::DSA absoulate path C:/Users/Shane/Documents/Classes/ECE_385/Lab_6/lab_6/workspace/mb_usb_hdmi_top/hw/mb_usb_hdmi_top.xsa
TRACE::2024-10-23.00:04:58::SCWPlatform::DSA directory C:/Users/Shane/Documents/Classes/ECE_385/Lab_6/lab_6/workspace/mb_usb_hdmi_top/hw
TRACE::2024-10-23.00:04:58::SCWPlatform:: Platform Path C:/Users/Shane/Documents/Classes/ECE_385/Lab_6/lab_6/workspace/mb_usb_hdmi_top/hw/mb_usb_hdmi_top.xsa
TRACE::2024-10-23.00:04:58::SCWPlatform:: Unique name xilinx:::0.0
TRACE::2024-10-23.00:04:58::SCWPlatform::Trying to set the existing hwdb with name mb_usb_hdmi_top_0
TRACE::2024-10-23.00:04:58::SCWPlatform::Opened existing hwdb mb_usb_hdmi_top_0
TRACE::2024-10-23.00:04:58::SCWPlatform::Found the Hw Db part of the input DSA
TRACE::2024-10-23.00:04:58::SCWMssOS::Checking the sw design at  C:/Users/Shane/Documents/Classes/ECE_385/Lab_6/lab_6/workspace/mb_usb_hdmi_top/microblaze_0/standalone_microblaze_0/bsp/system.mss
TRACE::2024-10-23.00:04:58::SCWMssOS::DEBUG:  swdes dump  C:/Users/Shane/Documents/Classes/ECE_385/Lab_6/lab_6/workspace/mb_usb_hdmi_top/microblaze_0/standalone_microblaze_0/bsp/system.mss|system||

TRACE::2024-10-23.00:04:58::SCWMssOS::Sw design exists and opened at  C:/Users/Shane/Documents/Classes/ECE_385/Lab_6/lab_6/workspace/mb_usb_hdmi_top/microblaze_0/standalone_microblaze_0/bsp/system.mss
TRACE::2024-10-23.00:04:58::SCWPlatform::Trying to open the hw design at C:/Users/Shane/Documents/Classes/ECE_385/Lab_6/lab_6/workspace/mb_usb_hdmi_top/hw/mb_usb_hdmi_top.xsa
TRACE::2024-10-23.00:04:58::SCWPlatform::DSA given C:/Users/Shane/Documents/Classes/ECE_385/Lab_6/lab_6/workspace/mb_usb_hdmi_top/hw/mb_usb_hdmi_top.xsa
TRACE::2024-10-23.00:04:58::SCWPlatform::DSA absoulate path C:/Users/Shane/Documents/Classes/ECE_385/Lab_6/lab_6/workspace/mb_usb_hdmi_top/hw/mb_usb_hdmi_top.xsa
TRACE::2024-10-23.00:04:58::SCWPlatform::DSA directory C:/Users/Shane/Documents/Classes/ECE_385/Lab_6/lab_6/workspace/mb_usb_hdmi_top/hw
TRACE::2024-10-23.00:04:58::SCWPlatform:: Platform Path C:/Users/Shane/Documents/Classes/ECE_385/Lab_6/lab_6/workspace/mb_usb_hdmi_top/hw/mb_usb_hdmi_top.xsa
TRACE::2024-10-23.00:04:58::SCWPlatform:: Unique name xilinx:::0.0
TRACE::2024-10-23.00:04:58::SCWPlatform::Trying to set the existing hwdb with name mb_usb_hdmi_top_0
TRACE::2024-10-23.00:04:58::SCWPlatform::Opened existing hwdb mb_usb_hdmi_top_0
TRACE::2024-10-23.00:04:58::SCWPlatform::Found the Hw Db part of the input DSA
TRACE::2024-10-23.00:04:58::SCWMssOS::Checking the sw design at  C:/Users/Shane/Documents/Classes/ECE_385/Lab_6/lab_6/workspace/mb_usb_hdmi_top/microblaze_0/standalone_microblaze_0/bsp/system.mss
TRACE::2024-10-23.00:04:58::SCWMssOS::DEBUG:  swdes dump  C:/Users/Shane/Documents/Classes/ECE_385/Lab_6/lab_6/workspace/mb_usb_hdmi_top/microblaze_0/standalone_microblaze_0/bsp/system.mss|system||

TRACE::2024-10-23.00:04:58::SCWMssOS::Sw design exists and opened at  C:/Users/Shane/Documents/Classes/ECE_385/Lab_6/lab_6/workspace/mb_usb_hdmi_top/microblaze_0/standalone_microblaze_0/bsp/system.mss
TRACE::2024-10-23.00:04:58::SCWPlatform::Trying to open the hw design at C:/Users/Shane/Documents/Classes/ECE_385/Lab_6/lab_6/workspace/mb_usb_hdmi_top/hw/mb_usb_hdmi_top.xsa
TRACE::2024-10-23.00:04:58::SCWPlatform::DSA given C:/Users/Shane/Documents/Classes/ECE_385/Lab_6/lab_6/workspace/mb_usb_hdmi_top/hw/mb_usb_hdmi_top.xsa
TRACE::2024-10-23.00:04:58::SCWPlatform::DSA absoulate path C:/Users/Shane/Documents/Classes/ECE_385/Lab_6/lab_6/workspace/mb_usb_hdmi_top/hw/mb_usb_hdmi_top.xsa
TRACE::2024-10-23.00:04:58::SCWPlatform::DSA directory C:/Users/Shane/Documents/Classes/ECE_385/Lab_6/lab_6/workspace/mb_usb_hdmi_top/hw
TRACE::2024-10-23.00:04:58::SCWPlatform:: Platform Path C:/Users/Shane/Documents/Classes/ECE_385/Lab_6/lab_6/workspace/mb_usb_hdmi_top/hw/mb_usb_hdmi_top.xsa
TRACE::2024-10-23.00:04:58::SCWPlatform:: Unique name xilinx:::0.0
TRACE::2024-10-23.00:04:58::SCWPlatform::Trying to set the existing hwdb with name mb_usb_hdmi_top_0
TRACE::2024-10-23.00:04:58::SCWPlatform::Opened existing hwdb mb_usb_hdmi_top_0
TRACE::2024-10-23.00:04:58::SCWPlatform::Found the Hw Db part of the input DSA
TRACE::2024-10-23.00:04:58::SCWMssOS::Checking the sw design at  C:/Users/Shane/Documents/Classes/ECE_385/Lab_6/lab_6/workspace/mb_usb_hdmi_top/microblaze_0/standalone_microblaze_0/bsp/system.mss
TRACE::2024-10-23.00:04:58::SCWMssOS::DEBUG:  swdes dump  C:/Users/Shane/Documents/Classes/ECE_385/Lab_6/lab_6/workspace/mb_usb_hdmi_top/microblaze_0/standalone_microblaze_0/bsp/system.mss|system||

TRACE::2024-10-23.00:04:58::SCWMssOS::Sw design exists and opened at  C:/Users/Shane/Documents/Classes/ECE_385/Lab_6/lab_6/workspace/mb_usb_hdmi_top/microblaze_0/standalone_microblaze_0/bsp/system.mss
TRACE::2024-10-23.00:04:58::SCWWriter::formatted JSON is {
	"platformName":	"mb_usb_hdmi_top",
	"sprVersion":	"2.0",
	"mode":	"gui",
	"dsaType":	"Fixed",
	"platformDesc":	"mb_usb_hdmi_top",
	"platHandOff":	"C:/Users/Shane/Documents/Classes/ECE_385/Lab_6/lab_6/mb_usb_hdmi_top.xsa",
	"platIntHandOff":	"<platformDir>/hw/mb_usb_hdmi_top.xsa",
	"deviceType":	"FPGA",
	"platIsPrebuiltAutogen":	"false",
	"platIsNoBootBsp":	"false",
	"hasFsblMakeHasChanges":	"false",
	"hasPmufwMakeHasChanges":	"false",
	"platPreBuiltFlag":	false,
	"platformSamplesDir":	"",
	"platActiveSys":	"mb_usb_hdmi_top",
	"systems":	[{
			"systemName":	"mb_usb_hdmi_top",
			"systemDesc":	"mb_usb_hdmi_top",
			"sysIsBootAutoGen":	"true",
			"systemDispName":	"mb_usb_hdmi_top",
			"sysActiveDom":	"standalone_microblaze_0",
			"sysDefaultDom":	"standalone_microblaze_0",
			"domains":	[{
					"domainName":	"standalone_microblaze_0",
					"domainDispName":	"standalone_microblaze_0",
					"domainDesc":	"standalone_microblaze_0",
					"processors":	"microblaze_0",
					"os":	"standalone",
					"sdxOs":	"standalone",
					"debugEnable":	"False",
					"domRuntimes":	["cpp"],
					"swRepo":	"",
					"mssOsVer":	"8.0",
					"mssFile":	"",
					"md5Digest":	"304529987e879521ca977c68d163f362",
					"compatibleApp":	"hello_world",
					"domType":	"mssDomain",
					"arch":	"32-bit",
					"appSettings":	{
						"appCompilerFlags":	"",
						"appLinkerFlags":	""
					},
					"addedLibs":	[],
					"libOptions":	{
						"libsContainingOptions":	[]
					},
					"prebuiltLibs":	{
						"prebuiltIncPath":	[],
						"prebuiltLibPath":	[]
					},
					"isolation":	{
					}
				}]
		}]
}
KEYINFO::2024-10-23.00:04:58::SCWPlatform::updated the xpfm file.
TRACE::2024-10-23.00:04:58::SCWPlatform::Trying to open the hw design at C:/Users/Shane/Documents/Classes/ECE_385/Lab_6/lab_6/workspace/mb_usb_hdmi_top/hw/mb_usb_hdmi_top.xsa
TRACE::2024-10-23.00:04:58::SCWPlatform::DSA given C:/Users/Shane/Documents/Classes/ECE_385/Lab_6/lab_6/workspace/mb_usb_hdmi_top/hw/mb_usb_hdmi_top.xsa
TRACE::2024-10-23.00:04:58::SCWPlatform::DSA absoulate path C:/Users/Shane/Documents/Classes/ECE_385/Lab_6/lab_6/workspace/mb_usb_hdmi_top/hw/mb_usb_hdmi_top.xsa
TRACE::2024-10-23.00:04:58::SCWPlatform::DSA directory C:/Users/Shane/Documents/Classes/ECE_385/Lab_6/lab_6/workspace/mb_usb_hdmi_top/hw
TRACE::2024-10-23.00:04:58::SCWPlatform:: Platform Path C:/Users/Shane/Documents/Classes/ECE_385/Lab_6/lab_6/workspace/mb_usb_hdmi_top/hw/mb_usb_hdmi_top.xsa
TRACE::2024-10-23.00:04:58::SCWPlatform:: Unique name xilinx:::0.0
TRACE::2024-10-23.00:04:58::SCWPlatform::Trying to set the existing hwdb with name mb_usb_hdmi_top_0
TRACE::2024-10-23.00:04:58::SCWPlatform::Opened existing hwdb mb_usb_hdmi_top_0
TRACE::2024-10-23.00:04:58::SCWPlatform::Found the Hw Db part of the input DSA
TRACE::2024-10-23.00:04:58::SCWMssOS::Checking the sw design at  C:/Users/Shane/Documents/Classes/ECE_385/Lab_6/lab_6/workspace/mb_usb_hdmi_top/microblaze_0/standalone_microblaze_0/bsp/system.mss
TRACE::2024-10-23.00:04:58::SCWMssOS::DEBUG:  swdes dump  C:/Users/Shane/Documents/Classes/ECE_385/Lab_6/lab_6/workspace/mb_usb_hdmi_top/microblaze_0/standalone_microblaze_0/bsp/system.mss|system||

TRACE::2024-10-23.00:04:58::SCWMssOS::Sw design exists and opened at  C:/Users/Shane/Documents/Classes/ECE_385/Lab_6/lab_6/workspace/mb_usb_hdmi_top/microblaze_0/standalone_microblaze_0/bsp/system.mss
TRACE::2024-10-23.00:11:10::SCWMssOS::cleaning the bsp 
TRACE::2024-10-23.00:11:10::SCWMssOS::System Command Ran  C: & cd  C:/Users/Shane/Documents/Classes/ECE_385/Lab_6/lab_6/workspace/mb_usb_hdmi_top/microblaze_0/standalone_microblaze_0/bsp & make clean 
TRACE::2024-10-23.00:11:10::SCWMssOS::make -C microblaze_0/libsrc/bram_v4_8/src -s clean 

TRACE::2024-10-23.00:11:10::SCWMssOS::make -C microblaze_0/libsrc/cpu_v2_16/src -s clean 

TRACE::2024-10-23.00:11:10::SCWMssOS::make -C microblaze_0/libsrc/gpio_v4_9/src -s clean 

TRACE::2024-10-23.00:11:10::SCWMssOS::make -C microblaze_0/libsrc/intc_v3_15/src -s clean 

TRACE::2024-10-23.00:11:10::SCWMssOS::make -C microblaze_0/libsrc/spi_v4_9/src -s clean 

TRACE::2024-10-23.00:11:10::SCWMssOS::make -C microblaze_0/libsrc/standalone_v8_0/src -s clean 

TRACE::2024-10-23.00:11:11::SCWMssOS::make -C microblaze_0/libsrc/tmrctr_v4_9/src -s clean 

TRACE::2024-10-23.00:11:11::SCWMssOS::make -C microblaze_0/libsrc/uartlite_v3_7/src -s clean 

TRACE::2024-10-23.00:11:11::SCWMssOS::rm -f microblaze_0/lib/libxil.a

LOG::2024-10-23.00:11:16::SCWPlatform::Started generating the artifacts platform mb_usb_hdmi_top
TRACE::2024-10-23.00:11:16::SCWPlatform::Sanity checking of platform is completed
LOG::2024-10-23.00:11:16::SCWPlatform::Started generating the artifacts for system configuration mb_usb_hdmi_top
LOG::2024-10-23.00:11:16::SCWSystem::Checking the domain standalone_microblaze_0
LOG::2024-10-23.00:11:16::SCWSystem::Not a boot domain 
LOG::2024-10-23.00:11:16::SCWSystem::Started Processing the domain standalone_microblaze_0
TRACE::2024-10-23.00:11:16::SCWDomain::Generating domain artifcats
TRACE::2024-10-23.00:11:16::SCWMssOS::Generating standalone artifcats
TRACE::2024-10-23.00:11:16::SCWMssOS:: Copying the user libraries. 
TRACE::2024-10-23.00:11:16::SCWPlatform::Trying to open the hw design at C:/Users/Shane/Documents/Classes/ECE_385/Lab_6/lab_6/workspace/mb_usb_hdmi_top/hw/mb_usb_hdmi_top.xsa
TRACE::2024-10-23.00:11:16::SCWPlatform::DSA given C:/Users/Shane/Documents/Classes/ECE_385/Lab_6/lab_6/workspace/mb_usb_hdmi_top/hw/mb_usb_hdmi_top.xsa
TRACE::2024-10-23.00:11:16::SCWPlatform::DSA absoulate path C:/Users/Shane/Documents/Classes/ECE_385/Lab_6/lab_6/workspace/mb_usb_hdmi_top/hw/mb_usb_hdmi_top.xsa
TRACE::2024-10-23.00:11:16::SCWPlatform::DSA directory C:/Users/Shane/Documents/Classes/ECE_385/Lab_6/lab_6/workspace/mb_usb_hdmi_top/hw
TRACE::2024-10-23.00:11:16::SCWPlatform:: Platform Path C:/Users/Shane/Documents/Classes/ECE_385/Lab_6/lab_6/workspace/mb_usb_hdmi_top/hw/mb_usb_hdmi_top.xsa
TRACE::2024-10-23.00:11:16::SCWPlatform:: Unique name xilinx:::0.0
TRACE::2024-10-23.00:11:16::SCWPlatform::Trying to set the existing hwdb with name mb_usb_hdmi_top_0
TRACE::2024-10-23.00:11:16::SCWPlatform::Opened existing hwdb mb_usb_hdmi_top_0
TRACE::2024-10-23.00:11:16::SCWPlatform::Found the Hw Db part of the input DSA
TRACE::2024-10-23.00:11:16::SCWMssOS::Checking the sw design at  C:/Users/Shane/Documents/Classes/ECE_385/Lab_6/lab_6/workspace/mb_usb_hdmi_top/microblaze_0/standalone_microblaze_0/bsp/system.mss
TRACE::2024-10-23.00:11:16::SCWMssOS::DEBUG:  swdes dump  C:/Users/Shane/Documents/Classes/ECE_385/Lab_6/lab_6/workspace/mb_usb_hdmi_top/microblaze_0/standalone_microblaze_0/bsp/system.mss|system||

TRACE::2024-10-23.00:11:16::SCWMssOS::Sw design exists and opened at  C:/Users/Shane/Documents/Classes/ECE_385/Lab_6/lab_6/workspace/mb_usb_hdmi_top/microblaze_0/standalone_microblaze_0/bsp/system.mss
TRACE::2024-10-23.00:11:16::SCWMssOS::Completed writing the mss file at C:/Users/Shane/Documents/Classes/ECE_385/Lab_6/lab_6/workspace/mb_usb_hdmi_top/microblaze_0/standalone_microblaze_0/bsp
TRACE::2024-10-23.00:11:16::SCWMssOS::Mss edits present, copying mssfile into export location C:/Users/Shane/Documents/Classes/ECE_385/Lab_6/lab_6/workspace/mb_usb_hdmi_top/microblaze_0/standalone_microblaze_0/bsp/system.mss
TRACE::2024-10-23.00:11:16::SCWMssOS::bsp generated is upto date with the mss file. Skipping bsp generation.
TRACE::2024-10-23.00:11:16::SCWMssOS::BSP is already built. skipping the bsp build ... 
TRACE::2024-10-23.00:11:16::SCWDomain::Building the domain as part of full build :  standalone_microblaze_0
TRACE::2024-10-23.00:11:16::SCWMssOS::doing bsp build ... 
TRACE::2024-10-23.00:11:16::SCWMssOS::System Command Ran  C: & cd  C:/Users/Shane/Documents/Classes/ECE_385/Lab_6/lab_6/workspace/mb_usb_hdmi_top/microblaze_0/standalone_microblaze_0/bsp & make 
TRACE::2024-10-23.00:11:16::SCWMssOS::make --no-print-directory seq_libs

TRACE::2024-10-23.00:11:16::SCWMssOS::'Finished building libraries sequentially.'

TRACE::2024-10-23.00:11:16::SCWMssOS::make -j 6 --no-print-directory par_libs

TRACE::2024-10-23.00:11:16::SCWMssOS::"Running Make include in microblaze_0/libsrc/bram_v4_8/src"

TRACE::2024-10-23.00:11:16::SCWMssOS::make -C microblaze_0/libsrc/bram_v4_8/src -s include  "SHELL=CMD" "COMPILER=mb-gcc" "ASSEMBLER=mb-as" "ARCHIVER=mb-ar" "COMPILE
TRACE::2024-10-23.00:11:16::SCWMssOS::R_FLAGS=  -O2 -c -mcpu=v11.0 -mlittle-endian -mno-xl-reorder -mno-xl-soft-mul -mxl-barrel-shift -mxl-pattern-compare" "EXTRA_CO
TRACE::2024-10-23.00:11:16::SCWMssOS::MPILER_FLAGS=-g -ffunction-sections -fdata-sections -Wall -Wextra -fno-tree-loop-distribute-patterns"

TRACE::2024-10-23.00:11:16::SCWMssOS::"Running Make include in microblaze_0/libsrc/cpu_v2_16/src"

TRACE::2024-10-23.00:11:16::SCWMssOS::make -C microblaze_0/libsrc/cpu_v2_16/src -s include  "SHELL=CMD" "COMPILER=mb-gcc" "ASSEMBLER=mb-as" "ARCHIVER=mb-ar" "COMPILE
TRACE::2024-10-23.00:11:16::SCWMssOS::R_FLAGS=  -O2 -c -mcpu=v11.0 -mlittle-endian -mno-xl-reorder -mno-xl-soft-mul -mxl-barrel-shift -mxl-pattern-compare" "EXTRA_CO
TRACE::2024-10-23.00:11:16::SCWMssOS::MPILER_FLAGS=-g -ffunction-sections -fdata-sections -Wall -Wextra -fno-tree-loop-distribute-patterns"

TRACE::2024-10-23.00:11:16::SCWMssOS::"Running Make include in microblaze_0/libsrc/gpio_v4_9/src"

TRACE::2024-10-23.00:11:16::SCWMssOS::make -C microblaze_0/libsrc/gpio_v4_9/src -s include  "SHELL=CMD" "COMPILER=mb-gcc" "ASSEMBLER=mb-as" "ARCHIVER=mb-ar" "COMPILE
TRACE::2024-10-23.00:11:16::SCWMssOS::R_FLAGS=  -O2 -c -mcpu=v11.0 -mlittle-endian -mno-xl-reorder -mno-xl-soft-mul -mxl-barrel-shift -mxl-pattern-compare" "EXTRA_CO
TRACE::2024-10-23.00:11:16::SCWMssOS::MPILER_FLAGS=-g -ffunction-sections -fdata-sections -Wall -Wextra -fno-tree-loop-distribute-patterns"

TRACE::2024-10-23.00:11:16::SCWMssOS::"Running Make include in microblaze_0/libsrc/intc_v3_15/src"

TRACE::2024-10-23.00:11:16::SCWMssOS::make -C microblaze_0/libsrc/intc_v3_15/src -s include  "SHELL=CMD" "COMPILER=mb-gcc" "ASSEMBLER=mb-as" "ARCHIVER=mb-ar" "COMPIL
TRACE::2024-10-23.00:11:16::SCWMssOS::ER_FLAGS=  -O2 -c -mcpu=v11.0 -mlittle-endian -mno-xl-reorder -mno-xl-soft-mul -mxl-barrel-shift -mxl-pattern-compare" "EXTRA_C
TRACE::2024-10-23.00:11:16::SCWMssOS::OMPILER_FLAGS=-g -ffunction-sections -fdata-sections -Wall -Wextra -fno-tree-loop-distribute-patterns"

TRACE::2024-10-23.00:11:16::SCWMssOS::"Running Make include in microblaze_0/libsrc/spi_v4_9/src"

TRACE::2024-10-23.00:11:16::SCWMssOS::make -C microblaze_0/libsrc/spi_v4_9/src -s include  "SHELL=CMD" "COMPILER=mb-gcc" "ASSEMBLER=mb-as" "ARCHIVER=mb-ar" "COMPILER
TRACE::2024-10-23.00:11:16::SCWMssOS::_FLAGS=  -O2 -c -mcpu=v11.0 -mlittle-endian -mno-xl-reorder -mno-xl-soft-mul -mxl-barrel-shift -mxl-pattern-compare" "EXTRA_COM
TRACE::2024-10-23.00:11:16::SCWMssOS::PILER_FLAGS=-g -ffunction-sections -fdata-sections -Wall -Wextra -fno-tree-loop-distribute-patterns"

TRACE::2024-10-23.00:11:16::SCWMssOS::"Running Make include in microblaze_0/libsrc/standalone_v8_0/src"

TRACE::2024-10-23.00:11:16::SCWMssOS::make -C microblaze_0/libsrc/standalone_v8_0/src -s include  "SHELL=CMD" "COMPILER=mb-gcc" "ASSEMBLER=mb-as" "ARCHIVER=mb-ar" "C
TRACE::2024-10-23.00:11:16::SCWMssOS::OMPILER_FLAGS=  -O2 -c -mcpu=v11.0 -mlittle-endian -mno-xl-reorder -mno-xl-soft-mul -mxl-barrel-shift -mxl-pattern-compare" "EX
TRACE::2024-10-23.00:11:16::SCWMssOS::TRA_COMPILER_FLAGS=-g -ffunction-sections -fdata-sections -Wall -Wextra -fno-tree-loop-distribute-patterns"

TRACE::2024-10-23.00:11:16::SCWMssOS::"Running Make include in microblaze_0/libsrc/tmrctr_v4_9/src"

TRACE::2024-10-23.00:11:16::SCWMssOS::make -C microblaze_0/libsrc/tmrctr_v4_9/src -s include  "SHELL=CMD" "COMPILER=mb-gcc" "ASSEMBLER=mb-as" "ARCHIVER=mb-ar" "COMPI
TRACE::2024-10-23.00:11:16::SCWMssOS::LER_FLAGS=  -O2 -c -mcpu=v11.0 -mlittle-endian -mno-xl-reorder -mno-xl-soft-mul -mxl-barrel-shift -mxl-pattern-compare" "EXTRA_
TRACE::2024-10-23.00:11:16::SCWMssOS::COMPILER_FLAGS=-g -ffunction-sections -fdata-sections -Wall -Wextra -fno-tree-loop-distribute-patterns"

TRACE::2024-10-23.00:11:16::SCWMssOS::"Running Make include in microblaze_0/libsrc/uartlite_v3_7/src"

TRACE::2024-10-23.00:11:16::SCWMssOS::make -C microblaze_0/libsrc/uartlite_v3_7/src -s include  "SHELL=CMD" "COMPILER=mb-gcc" "ASSEMBLER=mb-as" "ARCHIVER=mb-ar" "COM
TRACE::2024-10-23.00:11:16::SCWMssOS::PILER_FLAGS=  -O2 -c -mcpu=v11.0 -mlittle-endian -mno-xl-reorder -mno-xl-soft-mul -mxl-barrel-shift -mxl-pattern-compare" "EXTR
TRACE::2024-10-23.00:11:16::SCWMssOS::A_COMPILER_FLAGS=-g -ffunction-sections -fdata-sections -Wall -Wextra -fno-tree-loop-distribute-patterns"

TRACE::2024-10-23.00:11:16::SCWMssOS::"Running Make libs in microblaze_0/libsrc/bram_v4_8/src"

TRACE::2024-10-23.00:11:16::SCWMssOS::make -C microblaze_0/libsrc/bram_v4_8/src -s libs  "SHELL=CMD" "COMPILER=mb-gcc" "ASSEMBLER=mb-as" "ARCHIVER=mb-ar" "COMPILER_F
TRACE::2024-10-23.00:11:16::SCWMssOS::LAGS=  -O2 -c -mcpu=v11.0 -mlittle-endian -mno-xl-reorder -mno-xl-soft-mul -mxl-barrel-shift -mxl-pattern-compare" "EXTRA_COMPI
TRACE::2024-10-23.00:11:16::SCWMssOS::LER_FLAGS=-g -ffunction-sections -fdata-sections -Wall -Wextra -fno-tree-loop-distribute-patterns"

TRACE::2024-10-23.00:11:16::SCWMssOS::"Running Make libs in microblaze_0/libsrc/cpu_v2_16/src"

TRACE::2024-10-23.00:11:16::SCWMssOS::make -C microblaze_0/libsrc/cpu_v2_16/src -s libs  "SHELL=CMD" "COMPILER=mb-gcc" "ASSEMBLER=mb-as" "ARCHIVER=mb-ar" "COMPILER_F
TRACE::2024-10-23.00:11:16::SCWMssOS::LAGS=  -O2 -c -mcpu=v11.0 -mlittle-endian -mno-xl-reorder -mno-xl-soft-mul -mxl-barrel-shift -mxl-pattern-compare" "EXTRA_COMPI
TRACE::2024-10-23.00:11:16::SCWMssOS::LER_FLAGS=-g -ffunction-sections -fdata-sections -Wall -Wextra -fno-tree-loop-distribute-patterns"

TRACE::2024-10-23.00:11:16::SCWMssOS::"Running Make libs in microblaze_0/libsrc/gpio_v4_9/src"

TRACE::2024-10-23.00:11:16::SCWMssOS::make -C microblaze_0/libsrc/gpio_v4_9/src -s libs  "SHELL=CMD" "COMPILER=mb-gcc" "ASSEMBLER=mb-as" "ARCHIVER=mb-ar" "COMPILER_F
TRACE::2024-10-23.00:11:16::SCWMssOS::LAGS=  -O2 -c -mcpu=v11.0 -mlittle-endian -mno-xl-reorder -mno-xl-soft-mul -mxl-barrel-shift -mxl-pattern-compare" "EXTRA_COMPI
TRACE::2024-10-23.00:11:16::SCWMssOS::LER_FLAGS=-g -ffunction-sections -fdata-sections -Wall -Wextra -fno-tree-loop-distribute-patterns"

TRACE::2024-10-23.00:11:16::SCWMssOS::"Running Make libs in microblaze_0/libsrc/intc_v3_15/src"

TRACE::2024-10-23.00:11:16::SCWMssOS::make -C microblaze_0/libsrc/intc_v3_15/src -s libs  "SHELL=CMD" "COMPILER=mb-gcc" "ASSEMBLER=mb-as" "ARCHIVER=mb-ar" "COMPILER_
TRACE::2024-10-23.00:11:16::SCWMssOS::FLAGS=  -O2 -c -mcpu=v11.0 -mlittle-endian -mno-xl-reorder -mno-xl-soft-mul -mxl-barrel-shift -mxl-pattern-compare" "EXTRA_COMP
TRACE::2024-10-23.00:11:16::SCWMssOS::ILER_FLAGS=-g -ffunction-sections -fdata-sections -Wall -Wextra -fno-tree-loop-distribute-patterns"

TRACE::2024-10-23.00:11:17::SCWMssOS::"Running Make libs in microblaze_0/libsrc/spi_v4_9/src"

TRACE::2024-10-23.00:11:17::SCWMssOS::make -C microblaze_0/libsrc/spi_v4_9/src -s libs  "SHELL=CMD" "COMPILER=mb-gcc" "ASSEMBLER=mb-as" "ARCHIVER=mb-ar" "COMPILER_FL
TRACE::2024-10-23.00:11:17::SCWMssOS::AGS=  -O2 -c -mcpu=v11.0 -mlittle-endian -mno-xl-reorder -mno-xl-soft-mul -mxl-barrel-shift -mxl-pattern-compare" "EXTRA_COMPIL
TRACE::2024-10-23.00:11:17::SCWMssOS::ER_FLAGS=-g -ffunction-sections -fdata-sections -Wall -Wextra -fno-tree-loop-distribute-patterns"

TRACE::2024-10-23.00:11:17::SCWMssOS::"Running Make libs in microblaze_0/libsrc/standalone_v8_0/src"

TRACE::2024-10-23.00:11:17::SCWMssOS::make -C microblaze_0/libsrc/standalone_v8_0/src -s libs  "SHELL=CMD" "COMPILER=mb-gcc" "ASSEMBLER=mb-as" "ARCHIVER=mb-ar" "COMP
TRACE::2024-10-23.00:11:17::SCWMssOS::ILER_FLAGS=  -O2 -c -mcpu=v11.0 -mlittle-endian -mno-xl-reorder -mno-xl-soft-mul -mxl-barrel-shift -mxl-pattern-compare" "EXTRA
TRACE::2024-10-23.00:11:17::SCWMssOS::_COMPILER_FLAGS=-g -ffunction-sections -fdata-sections -Wall -Wextra -fno-tree-loop-distribute-patterns"

TRACE::2024-10-23.00:11:17::SCWMssOS::"Running Make libs in microblaze_0/libsrc/tmrctr_v4_9/src"

TRACE::2024-10-23.00:11:17::SCWMssOS::make -C microblaze_0/libsrc/tmrctr_v4_9/src -s libs  "SHELL=CMD" "COMPILER=mb-gcc" "ASSEMBLER=mb-as" "ARCHIVER=mb-ar" "COMPILER
TRACE::2024-10-23.00:11:17::SCWMssOS::_FLAGS=  -O2 -c -mcpu=v11.0 -mlittle-endian -mno-xl-reorder -mno-xl-soft-mul -mxl-barrel-shift -mxl-pattern-compare" "EXTRA_COM
TRACE::2024-10-23.00:11:17::SCWMssOS::PILER_FLAGS=-g -ffunction-sections -fdata-sections -Wall -Wextra -fno-tree-loop-distribute-patterns"

TRACE::2024-10-23.00:11:17::SCWMssOS::"Running Make libs in microblaze_0/libsrc/uartlite_v3_7/src"

TRACE::2024-10-23.00:11:17::SCWMssOS::make -C microblaze_0/libsrc/uartlite_v3_7/src -s libs  "SHELL=CMD" "COMPILER=mb-gcc" "ASSEMBLER=mb-as" "ARCHIVER=mb-ar" "COMPIL
TRACE::2024-10-23.00:11:17::SCWMssOS::ER_FLAGS=  -O2 -c -mcpu=v11.0 -mlittle-endian -mno-xl-reorder -mno-xl-soft-mul -mxl-barrel-shift -mxl-pattern-compare" "EXTRA_C
TRACE::2024-10-23.00:11:17::SCWMssOS::OMPILER_FLAGS=-g -ffunction-sections -fdata-sections -Wall -Wextra -fno-tree-loop-distribute-patterns"

TRACE::2024-10-23.00:11:18::SCWMssOS::"DEBUG NON_LTO_OBJECTS is ../../../lib/microblaze_interrupt_handler.o"

TRACE::2024-10-23.00:11:18::SCWMssOS::'Finished building libraries parallelly.'

TRACE::2024-10-23.00:11:18::SCWMssOS::make --no-print-directory archive

TRACE::2024-10-23.00:11:18::SCWMssOS::mb-ar -r  microblaze_0/lib/libxil.a microblaze_0/lib/_exit.o microblaze_0/lib/errno.o microblaze_0/lib/fcntl.o microblaze_0/lib
TRACE::2024-10-23.00:11:18::SCWMssOS::/hw_exception_handler.o microblaze_0/lib/inbyte.o microblaze_0/lib/microblaze_disable_dcache.o microblaze_0/lib/microblaze_disa
TRACE::2024-10-23.00:11:18::SCWMssOS::ble_exceptions.o microblaze_0/lib/microblaze_disable_icache.o microblaze_0/lib/microblaze_disable_interrupts.o microblaze_0/lib
TRACE::2024-10-23.00:11:18::SCWMssOS::/microblaze_enable_dcache.o microblaze_0/lib/microblaze_enable_exceptions.o microblaze_0/lib/microblaze_enable_icache.o microbl
TRACE::2024-10-23.00:11:18::SCWMssOS::aze_0/lib/microblaze_enable_interrupts.o microblaze_0/lib/microblaze_exception_handler.o microblaze_0/lib/microblaze_flush_cach
TRACE::2024-10-23.00:11:18::SCWMssOS::e_ext.o microblaze_0/lib/microblaze_flush_cache_ext_range.o microblaze_0/lib/microblaze_flush_dcache.o microblaze_0/lib/microbl
TRACE::2024-10-23.00:11:18::SCWMssOS::aze_flush_dcache_range.o microblaze_0/lib/microblaze_init_dcache_range.o microblaze_0/lib/microblaze_init_icache_range.o microb
TRACE::2024-10-23.00:11:18::SCWMssOS::laze_0/lib/microblaze_interrupt_handler.o microblaze_0/lib/microblaze_interrupts_g.o microblaze_0/lib/microblaze_invalidate_cac
TRACE::2024-10-23.00:11:18::SCWMssOS::he_ext.o microblaze_0/lib/microblaze_invalidate_cache_ext_range.o microblaze_0/lib/microblaze_invalidate_dcache.o microblaze_0/
TRACE::2024-10-23.00:11:18::SCWMssOS::lib/microblaze_invalidate_dcache_range.o microblaze_0/lib/microblaze_invalidate_icache.o microblaze_0/lib/microblaze_invalidate
TRACE::2024-10-23.00:11:18::SCWMssOS::_icache_range.o microblaze_0/lib/microblaze_scrub.o microblaze_0/lib/microblaze_selftest.o microblaze_0/lib/microblaze_sleep.o 
TRACE::2024-10-23.00:11:18::SCWMssOS::microblaze_0/lib/microblaze_update_dcache.o microblaze_0/lib/microblaze_update_icache.o microblaze_0/lib/outbyte.o microblaze_0
TRACE::2024-10-23.00:11:18::SCWMssOS::/lib/print.o microblaze_0/lib/pvr.o microblaze_0/lib/xbram.o microblaze_0/lib/xbram_g.o microblaze_0/lib/xbram_intr.o microblaz
TRACE::2024-10-23.00:11:18::SCWMssOS::e_0/lib/xbram_selftest.o microblaze_0/lib/xbram_sinit.o microblaze_0/lib/xgpio.o microblaze_0/lib/xgpio_extra.o microblaze_0/li
TRACE::2024-10-23.00:11:18::SCWMssOS::b/xgpio_g.o microblaze_0/lib/xgpio_intr.o microblaze_0/lib/xgpio_selftest.o microblaze_0/lib/xgpio_sinit.o microblaze_0/lib/xil
TRACE::2024-10-23.00:11:18::SCWMssOS::_assert.o microblaze_0/lib/xil_cache.o microblaze_0/lib/xil_clocking.o microblaze_0/lib/xil_exception.o microblaze_0/lib/xil_me
TRACE::2024-10-23.00:11:18::SCWMssOS::m.o microblaze_0/lib/xil_misc_psreset_api.o microblaze_0/lib/xil_printf.o microblaze_0/lib/xil_sleepcommon.o microblaze_0/lib/x
TRACE::2024-10-23.00:11:18::SCWMssOS::il_testcache.o microblaze_0/lib/xil_testio.o microblaze_0/lib/xil_testmem.o microblaze_0/lib/xil_util.o microblaze_0/lib/xintc.
TRACE::2024-10-23.00:11:18::SCWMssOS::o microblaze_0/lib/xintc_g.o microblaze_0/lib/xintc_intr.o microblaze_0/lib/xintc_l.o microblaze_0/lib/xintc_options.o microbla
TRACE::2024-10-23.00:11:18::SCWMssOS::ze_0/lib/xintc_selftest.o microblaze_0/lib/xinterrupt_wrap.o microblaze_0/lib/xio.o microblaze_0/lib/xplatform_info.o microblaz
TRACE::2024-10-23.00:11:18::SCWMssOS::e_0/lib/xspi.o microblaze_0/lib/xspi_g.o microblaze_0/lib/xspi_options.o microblaze_0/lib/xspi_selftest.o microblaze_0/lib/xspi
TRACE::2024-10-23.00:11:18::SCWMssOS::_sinit.o microblaze_0/lib/xspi_stats.o microblaze_0/lib/xtmrctr.o microblaze_0/lib/xtmrctr_g.o microblaze_0/lib/xtmrctr_intr.o 
TRACE::2024-10-23.00:11:18::SCWMssOS::microblaze_0/lib/xtmrctr_l.o microblaze_0/lib/xtmrctr_options.o microblaze_0/lib/xtmrctr_selftest.o microblaze_0/lib/xtmrctr_si
TRACE::2024-10-23.00:11:18::SCWMssOS::nit.o microblaze_0/lib/xtmrctr_stats.o microblaze_0/lib/xuartlite.o microblaze_0/lib/xuartlite_g.o microblaze_0/lib/xuartlite_i
TRACE::2024-10-23.00:11:18::SCWMssOS::ntr.o microblaze_0/lib/xuartlite_l.o microblaze_0/lib/xuartlite_selftest.o microblaze_0/lib/xuartlite_sinit.o microblaze_0/lib/
TRACE::2024-10-23.00:11:18::SCWMssOS::xuartlite_stats.o

TRACE::2024-10-23.00:11:18::SCWMssOS::'Finished building libraries'

TRACE::2024-10-23.00:11:18::SCWMssOS::Copying to export directory.
TRACE::2024-10-23.00:11:19::SCWMssOS:: Checking if to create the Supporting Applications
TRACE::2024-10-23.00:11:19::SCWMssOS:: No Linux domain exists, trying to generate FSBL 
LOG::2024-10-23.00:11:19::SCWSystem::Completed Processing the domain standalone_microblaze_0
LOG::2024-10-23.00:11:19::SCWSystem::Completed Processing the sysconfig mb_usb_hdmi_top
LOG::2024-10-23.00:11:19::SCWPlatform::Completed generating the artifacts for system configuration mb_usb_hdmi_top
TRACE::2024-10-23.00:11:19::SCWPlatform::Started preparing the platform 
TRACE::2024-10-23.00:11:19::SCWSystem::Writing the bif file for system config mb_usb_hdmi_top
TRACE::2024-10-23.00:11:19::SCWSystem::dir created 
TRACE::2024-10-23.00:11:19::SCWSystem::Writing the bif 
TRACE::2024-10-23.00:11:19::SCWPlatform::Started writing the spfm file 
TRACE::2024-10-23.00:11:19::SCWPlatform::Started writing the xpfm file 
TRACE::2024-10-23.00:11:19::SCWPlatform::Completed generating the platform
TRACE::2024-10-23.00:11:19::SCWMssOS::Saving the mss changes C:/Users/Shane/Documents/Classes/ECE_385/Lab_6/lab_6/workspace/mb_usb_hdmi_top/microblaze_0/standalone_microblaze_0/bsp/system.mss
TRACE::2024-10-23.00:11:19::SCWMssOS::Found a swdesign opened with the mssfile.
TRACE::2024-10-23.00:11:19::SCWMssOS::Completed writemss as part of save.
TRACE::2024-10-23.00:11:19::SCWMssOS::Commit changes completed.
TRACE::2024-10-23.00:11:19::SCWPlatform::Trying to open the hw design at C:/Users/Shane/Documents/Classes/ECE_385/Lab_6/lab_6/workspace/mb_usb_hdmi_top/hw/mb_usb_hdmi_top.xsa
TRACE::2024-10-23.00:11:19::SCWPlatform::DSA given C:/Users/Shane/Documents/Classes/ECE_385/Lab_6/lab_6/workspace/mb_usb_hdmi_top/hw/mb_usb_hdmi_top.xsa
TRACE::2024-10-23.00:11:19::SCWPlatform::DSA absoulate path C:/Users/Shane/Documents/Classes/ECE_385/Lab_6/lab_6/workspace/mb_usb_hdmi_top/hw/mb_usb_hdmi_top.xsa
TRACE::2024-10-23.00:11:19::SCWPlatform::DSA directory C:/Users/Shane/Documents/Classes/ECE_385/Lab_6/lab_6/workspace/mb_usb_hdmi_top/hw
TRACE::2024-10-23.00:11:19::SCWPlatform:: Platform Path C:/Users/Shane/Documents/Classes/ECE_385/Lab_6/lab_6/workspace/mb_usb_hdmi_top/hw/mb_usb_hdmi_top.xsa
TRACE::2024-10-23.00:11:19::SCWPlatform:: Unique name xilinx:::0.0
TRACE::2024-10-23.00:11:19::SCWPlatform::Trying to set the existing hwdb with name mb_usb_hdmi_top_0
TRACE::2024-10-23.00:11:19::SCWPlatform::Opened existing hwdb mb_usb_hdmi_top_0
TRACE::2024-10-23.00:11:19::SCWPlatform::Found the Hw Db part of the input DSA
TRACE::2024-10-23.00:11:19::SCWMssOS::Checking the sw design at  C:/Users/Shane/Documents/Classes/ECE_385/Lab_6/lab_6/workspace/mb_usb_hdmi_top/microblaze_0/standalone_microblaze_0/bsp/system.mss
TRACE::2024-10-23.00:11:19::SCWMssOS::DEBUG:  swdes dump  C:/Users/Shane/Documents/Classes/ECE_385/Lab_6/lab_6/workspace/mb_usb_hdmi_top/microblaze_0/standalone_microblaze_0/bsp/system.mss|system||

TRACE::2024-10-23.00:11:19::SCWMssOS::Sw design exists and opened at  C:/Users/Shane/Documents/Classes/ECE_385/Lab_6/lab_6/workspace/mb_usb_hdmi_top/microblaze_0/standalone_microblaze_0/bsp/system.mss
TRACE::2024-10-23.00:11:19::SCWPlatform::Trying to open the hw design at C:/Users/Shane/Documents/Classes/ECE_385/Lab_6/lab_6/workspace/mb_usb_hdmi_top/hw/mb_usb_hdmi_top.xsa
TRACE::2024-10-23.00:11:19::SCWPlatform::DSA given C:/Users/Shane/Documents/Classes/ECE_385/Lab_6/lab_6/workspace/mb_usb_hdmi_top/hw/mb_usb_hdmi_top.xsa
TRACE::2024-10-23.00:11:19::SCWPlatform::DSA absoulate path C:/Users/Shane/Documents/Classes/ECE_385/Lab_6/lab_6/workspace/mb_usb_hdmi_top/hw/mb_usb_hdmi_top.xsa
TRACE::2024-10-23.00:11:19::SCWPlatform::DSA directory C:/Users/Shane/Documents/Classes/ECE_385/Lab_6/lab_6/workspace/mb_usb_hdmi_top/hw
TRACE::2024-10-23.00:11:19::SCWPlatform:: Platform Path C:/Users/Shane/Documents/Classes/ECE_385/Lab_6/lab_6/workspace/mb_usb_hdmi_top/hw/mb_usb_hdmi_top.xsa
TRACE::2024-10-23.00:11:19::SCWPlatform:: Unique name xilinx:::0.0
TRACE::2024-10-23.00:11:19::SCWPlatform::Trying to set the existing hwdb with name mb_usb_hdmi_top_0
TRACE::2024-10-23.00:11:19::SCWPlatform::Opened existing hwdb mb_usb_hdmi_top_0
TRACE::2024-10-23.00:11:19::SCWPlatform::Found the Hw Db part of the input DSA
TRACE::2024-10-23.00:11:19::SCWMssOS::Checking the sw design at  C:/Users/Shane/Documents/Classes/ECE_385/Lab_6/lab_6/workspace/mb_usb_hdmi_top/microblaze_0/standalone_microblaze_0/bsp/system.mss
TRACE::2024-10-23.00:11:19::SCWMssOS::DEBUG:  swdes dump  C:/Users/Shane/Documents/Classes/ECE_385/Lab_6/lab_6/workspace/mb_usb_hdmi_top/microblaze_0/standalone_microblaze_0/bsp/system.mss|system||

TRACE::2024-10-23.00:11:19::SCWMssOS::Sw design exists and opened at  C:/Users/Shane/Documents/Classes/ECE_385/Lab_6/lab_6/workspace/mb_usb_hdmi_top/microblaze_0/standalone_microblaze_0/bsp/system.mss
TRACE::2024-10-23.00:11:19::SCWPlatform::Trying to open the hw design at C:/Users/Shane/Documents/Classes/ECE_385/Lab_6/lab_6/workspace/mb_usb_hdmi_top/hw/mb_usb_hdmi_top.xsa
TRACE::2024-10-23.00:11:19::SCWPlatform::DSA given C:/Users/Shane/Documents/Classes/ECE_385/Lab_6/lab_6/workspace/mb_usb_hdmi_top/hw/mb_usb_hdmi_top.xsa
TRACE::2024-10-23.00:11:19::SCWPlatform::DSA absoulate path C:/Users/Shane/Documents/Classes/ECE_385/Lab_6/lab_6/workspace/mb_usb_hdmi_top/hw/mb_usb_hdmi_top.xsa
TRACE::2024-10-23.00:11:19::SCWPlatform::DSA directory C:/Users/Shane/Documents/Classes/ECE_385/Lab_6/lab_6/workspace/mb_usb_hdmi_top/hw
TRACE::2024-10-23.00:11:19::SCWPlatform:: Platform Path C:/Users/Shane/Documents/Classes/ECE_385/Lab_6/lab_6/workspace/mb_usb_hdmi_top/hw/mb_usb_hdmi_top.xsa
TRACE::2024-10-23.00:11:19::SCWPlatform:: Unique name xilinx:::0.0
TRACE::2024-10-23.00:11:19::SCWPlatform::Trying to set the existing hwdb with name mb_usb_hdmi_top_0
TRACE::2024-10-23.00:11:19::SCWPlatform::Opened existing hwdb mb_usb_hdmi_top_0
TRACE::2024-10-23.00:11:19::SCWPlatform::Found the Hw Db part of the input DSA
TRACE::2024-10-23.00:11:19::SCWMssOS::Checking the sw design at  C:/Users/Shane/Documents/Classes/ECE_385/Lab_6/lab_6/workspace/mb_usb_hdmi_top/microblaze_0/standalone_microblaze_0/bsp/system.mss
TRACE::2024-10-23.00:11:19::SCWMssOS::DEBUG:  swdes dump  C:/Users/Shane/Documents/Classes/ECE_385/Lab_6/lab_6/workspace/mb_usb_hdmi_top/microblaze_0/standalone_microblaze_0/bsp/system.mss|system||

TRACE::2024-10-23.00:11:19::SCWMssOS::Sw design exists and opened at  C:/Users/Shane/Documents/Classes/ECE_385/Lab_6/lab_6/workspace/mb_usb_hdmi_top/microblaze_0/standalone_microblaze_0/bsp/system.mss
TRACE::2024-10-23.00:11:19::SCWWriter::formatted JSON is {
	"platformName":	"mb_usb_hdmi_top",
	"sprVersion":	"2.0",
	"mode":	"gui",
	"dsaType":	"Fixed",
	"platformDesc":	"mb_usb_hdmi_top",
	"platHandOff":	"C:/Users/Shane/Documents/Classes/ECE_385/Lab_6/lab_6/mb_usb_hdmi_top.xsa",
	"platIntHandOff":	"<platformDir>/hw/mb_usb_hdmi_top.xsa",
	"deviceType":	"FPGA",
	"platIsPrebuiltAutogen":	"false",
	"platIsNoBootBsp":	"false",
	"hasFsblMakeHasChanges":	"false",
	"hasPmufwMakeHasChanges":	"false",
	"platPreBuiltFlag":	false,
	"platformSamplesDir":	"",
	"platActiveSys":	"mb_usb_hdmi_top",
	"systems":	[{
			"systemName":	"mb_usb_hdmi_top",
			"systemDesc":	"mb_usb_hdmi_top",
			"sysIsBootAutoGen":	"true",
			"systemDispName":	"mb_usb_hdmi_top",
			"sysActiveDom":	"standalone_microblaze_0",
			"sysDefaultDom":	"standalone_microblaze_0",
			"domains":	[{
					"domainName":	"standalone_microblaze_0",
					"domainDispName":	"standalone_microblaze_0",
					"domainDesc":	"standalone_microblaze_0",
					"processors":	"microblaze_0",
					"os":	"standalone",
					"sdxOs":	"standalone",
					"debugEnable":	"False",
					"domRuntimes":	["cpp"],
					"swRepo":	"",
					"mssOsVer":	"8.0",
					"mssFile":	"",
					"md5Digest":	"304529987e879521ca977c68d163f362",
					"compatibleApp":	"hello_world",
					"domType":	"mssDomain",
					"arch":	"32-bit",
					"appSettings":	{
						"appCompilerFlags":	"",
						"appLinkerFlags":	""
					},
					"addedLibs":	[],
					"libOptions":	{
						"libsContainingOptions":	[]
					},
					"prebuiltLibs":	{
						"prebuiltIncPath":	[],
						"prebuiltLibPath":	[]
					},
					"isolation":	{
					}
				}]
		}]
}
KEYINFO::2024-10-23.00:11:19::SCWPlatform::updated the xpfm file.
TRACE::2024-10-23.00:11:19::SCWPlatform::Trying to open the hw design at C:/Users/Shane/Documents/Classes/ECE_385/Lab_6/lab_6/workspace/mb_usb_hdmi_top/hw/mb_usb_hdmi_top.xsa
TRACE::2024-10-23.00:11:19::SCWPlatform::DSA given C:/Users/Shane/Documents/Classes/ECE_385/Lab_6/lab_6/workspace/mb_usb_hdmi_top/hw/mb_usb_hdmi_top.xsa
TRACE::2024-10-23.00:11:19::SCWPlatform::DSA absoulate path C:/Users/Shane/Documents/Classes/ECE_385/Lab_6/lab_6/workspace/mb_usb_hdmi_top/hw/mb_usb_hdmi_top.xsa
TRACE::2024-10-23.00:11:19::SCWPlatform::DSA directory C:/Users/Shane/Documents/Classes/ECE_385/Lab_6/lab_6/workspace/mb_usb_hdmi_top/hw
TRACE::2024-10-23.00:11:19::SCWPlatform:: Platform Path C:/Users/Shane/Documents/Classes/ECE_385/Lab_6/lab_6/workspace/mb_usb_hdmi_top/hw/mb_usb_hdmi_top.xsa
TRACE::2024-10-23.00:11:19::SCWPlatform:: Unique name xilinx:::0.0
TRACE::2024-10-23.00:11:19::SCWPlatform::Trying to set the existing hwdb with name mb_usb_hdmi_top_0
TRACE::2024-10-23.00:11:19::SCWPlatform::Opened existing hwdb mb_usb_hdmi_top_0
TRACE::2024-10-23.00:11:19::SCWPlatform::Found the Hw Db part of the input DSA
TRACE::2024-10-23.00:11:19::SCWMssOS::Checking the sw design at  C:/Users/Shane/Documents/Classes/ECE_385/Lab_6/lab_6/workspace/mb_usb_hdmi_top/microblaze_0/standalone_microblaze_0/bsp/system.mss
TRACE::2024-10-23.00:11:19::SCWMssOS::DEBUG:  swdes dump  C:/Users/Shane/Documents/Classes/ECE_385/Lab_6/lab_6/workspace/mb_usb_hdmi_top/microblaze_0/standalone_microblaze_0/bsp/system.mss|system||

TRACE::2024-10-23.00:11:19::SCWMssOS::Sw design exists and opened at  C:/Users/Shane/Documents/Classes/ECE_385/Lab_6/lab_6/workspace/mb_usb_hdmi_top/microblaze_0/standalone_microblaze_0/bsp/system.mss
TRACE::2024-10-23.00:23:18::SCWPlatform::Clearing the existing platform
TRACE::2024-10-23.00:23:18::SCWSystem::Clearing the existing sysconfig
TRACE::2024-10-23.00:23:18::SCWMssOS::Removing the swdes entry for  C:/Users/Shane/Documents/Classes/ECE_385/Lab_6/lab_6/workspace/mb_usb_hdmi_top/microblaze_0/standalone_microblaze_0/bsp/system.mss
TRACE::2024-10-23.00:23:18::SCWSystem::Clearing the domains completed.
TRACE::2024-10-23.00:23:18::SCWPlatform::Clearing the opened hw db.
TRACE::2024-10-23.00:23:18::SCWPlatform::DSA given C:/Users/Shane/Documents/Classes/ECE_385/Lab_6/lab_6/workspace/mb_usb_hdmi_top/hw/mb_usb_hdmi_top.xsa
TRACE::2024-10-23.00:23:18::SCWPlatform::DSA absoulate path C:/Users/Shane/Documents/Classes/ECE_385/Lab_6/lab_6/workspace/mb_usb_hdmi_top/hw/mb_usb_hdmi_top.xsa
TRACE::2024-10-23.00:23:18::SCWPlatform:: Platform location is C:/Users/Shane/Documents/Classes/ECE_385/Lab_6/lab_6/workspace/mb_usb_hdmi_top/hw
TRACE::2024-10-23.00:23:18::SCWPlatform:: Platform Path C:/Users/Shane/Documents/Classes/ECE_385/Lab_6/lab_6/workspace/mb_usb_hdmi_top/hw/mb_usb_hdmi_top.xsa
TRACE::2024-10-23.00:23:18::SCWPlatform:: Unique name xilinx:::0.0
TRACE::2024-10-23.00:23:18::SCWPlatform::Removing the HwDB with name C:/Users/Shane/Documents/Classes/ECE_385/Lab_6/lab_6/workspace/mb_usb_hdmi_top/hw/mb_usb_hdmi_top.xsa
TRACE::2024-10-23.00:23:18::SCWPlatform::Trying to open the hw design at C:/Users/Shane/Documents/Classes/ECE_385/Lab_6/lab_6/workspace/mb_usb_hdmi_top/hw/mb_usb_hdmi_top.xsa
TRACE::2024-10-23.00:23:18::SCWPlatform::DSA given C:/Users/Shane/Documents/Classes/ECE_385/Lab_6/lab_6/workspace/mb_usb_hdmi_top/hw/mb_usb_hdmi_top.xsa
TRACE::2024-10-23.00:23:18::SCWPlatform::DSA absoulate path C:/Users/Shane/Documents/Classes/ECE_385/Lab_6/lab_6/workspace/mb_usb_hdmi_top/hw/mb_usb_hdmi_top.xsa
TRACE::2024-10-23.00:23:18::SCWPlatform::DSA directory C:/Users/Shane/Documents/Classes/ECE_385/Lab_6/lab_6/workspace/mb_usb_hdmi_top/hw
TRACE::2024-10-23.00:23:18::SCWPlatform:: Platform Path C:/Users/Shane/Documents/Classes/ECE_385/Lab_6/lab_6/workspace/mb_usb_hdmi_top/hw/mb_usb_hdmi_top.xsa
TRACE::2024-10-23.00:23:18::SCWPlatform:: Unique name xilinx:::0.0
TRACE::2024-10-23.00:23:18::SCWPlatform::Do not have an existing db opened. 
TRACE::2024-10-23.00:23:19::SCWPlatform::Opened new HwDB with name mb_usb_hdmi_top_2
TRACE::2024-10-23.00:23:19::SCWReader::Active system found as  mb_usb_hdmi_top
TRACE::2024-10-23.00:23:19::SCWReader::Handling sysconfig mb_usb_hdmi_top
TRACE::2024-10-23.00:23:19::SCWDomain::checking for install qemu data   : 
TRACE::2024-10-23.00:23:19::SCWPlatform::Trying to open the hw design at C:/Users/Shane/Documents/Classes/ECE_385/Lab_6/lab_6/workspace/mb_usb_hdmi_top/hw/mb_usb_hdmi_top.xsa
TRACE::2024-10-23.00:23:19::SCWPlatform::DSA given C:/Users/Shane/Documents/Classes/ECE_385/Lab_6/lab_6/workspace/mb_usb_hdmi_top/hw/mb_usb_hdmi_top.xsa
TRACE::2024-10-23.00:23:19::SCWPlatform::DSA absoulate path C:/Users/Shane/Documents/Classes/ECE_385/Lab_6/lab_6/workspace/mb_usb_hdmi_top/hw/mb_usb_hdmi_top.xsa
TRACE::2024-10-23.00:23:19::SCWPlatform::DSA directory C:/Users/Shane/Documents/Classes/ECE_385/Lab_6/lab_6/workspace/mb_usb_hdmi_top/hw
TRACE::2024-10-23.00:23:19::SCWPlatform:: Platform Path C:/Users/Shane/Documents/Classes/ECE_385/Lab_6/lab_6/workspace/mb_usb_hdmi_top/hw/mb_usb_hdmi_top.xsa
TRACE::2024-10-23.00:23:19::SCWPlatform:: Unique name xilinx:::0.0
TRACE::2024-10-23.00:23:19::SCWPlatform::Trying to set the existing hwdb with name mb_usb_hdmi_top_2
TRACE::2024-10-23.00:23:19::SCWPlatform::Opened existing hwdb mb_usb_hdmi_top_2
TRACE::2024-10-23.00:23:19::SCWPlatform::Found the Hw Db part of the input DSA
TRACE::2024-10-23.00:23:19::SCWPlatform::Trying to open the hw design at C:/Users/Shane/Documents/Classes/ECE_385/Lab_6/lab_6/workspace/mb_usb_hdmi_top/hw/mb_usb_hdmi_top.xsa
TRACE::2024-10-23.00:23:19::SCWPlatform::DSA given C:/Users/Shane/Documents/Classes/ECE_385/Lab_6/lab_6/workspace/mb_usb_hdmi_top/hw/mb_usb_hdmi_top.xsa
TRACE::2024-10-23.00:23:19::SCWPlatform::DSA absoulate path C:/Users/Shane/Documents/Classes/ECE_385/Lab_6/lab_6/workspace/mb_usb_hdmi_top/hw/mb_usb_hdmi_top.xsa
TRACE::2024-10-23.00:23:19::SCWPlatform::DSA directory C:/Users/Shane/Documents/Classes/ECE_385/Lab_6/lab_6/workspace/mb_usb_hdmi_top/hw
TRACE::2024-10-23.00:23:19::SCWPlatform:: Platform Path C:/Users/Shane/Documents/Classes/ECE_385/Lab_6/lab_6/workspace/mb_usb_hdmi_top/hw/mb_usb_hdmi_top.xsa
TRACE::2024-10-23.00:23:19::SCWPlatform:: Unique name xilinx:::0.0
TRACE::2024-10-23.00:23:19::SCWPlatform::Trying to set the existing hwdb with name mb_usb_hdmi_top_2
TRACE::2024-10-23.00:23:19::SCWPlatform::Opened existing hwdb mb_usb_hdmi_top_2
TRACE::2024-10-23.00:23:19::SCWPlatform::Found the Hw Db part of the input DSA
TRACE::2024-10-23.00:23:19::SCWPlatform::Trying to open the hw design at C:/Users/Shane/Documents/Classes/ECE_385/Lab_6/lab_6/workspace/mb_usb_hdmi_top/hw/mb_usb_hdmi_top.xsa
TRACE::2024-10-23.00:23:19::SCWPlatform::DSA given C:/Users/Shane/Documents/Classes/ECE_385/Lab_6/lab_6/workspace/mb_usb_hdmi_top/hw/mb_usb_hdmi_top.xsa
TRACE::2024-10-23.00:23:19::SCWPlatform::DSA absoulate path C:/Users/Shane/Documents/Classes/ECE_385/Lab_6/lab_6/workspace/mb_usb_hdmi_top/hw/mb_usb_hdmi_top.xsa
TRACE::2024-10-23.00:23:19::SCWPlatform::DSA directory C:/Users/Shane/Documents/Classes/ECE_385/Lab_6/lab_6/workspace/mb_usb_hdmi_top/hw
TRACE::2024-10-23.00:23:19::SCWPlatform:: Platform Path C:/Users/Shane/Documents/Classes/ECE_385/Lab_6/lab_6/workspace/mb_usb_hdmi_top/hw/mb_usb_hdmi_top.xsa
TRACE::2024-10-23.00:23:19::SCWPlatform:: Unique name xilinx:::0.0
TRACE::2024-10-23.00:23:19::SCWPlatform::Trying to set the existing hwdb with name mb_usb_hdmi_top_2
TRACE::2024-10-23.00:23:19::SCWPlatform::Opened existing hwdb mb_usb_hdmi_top_2
TRACE::2024-10-23.00:23:19::SCWPlatform::Found the Hw Db part of the input DSA
TRACE::2024-10-23.00:23:19::SCWPlatform::Trying to open the hw design at C:/Users/Shane/Documents/Classes/ECE_385/Lab_6/lab_6/workspace/mb_usb_hdmi_top/hw/mb_usb_hdmi_top.xsa
TRACE::2024-10-23.00:23:19::SCWPlatform::DSA given C:/Users/Shane/Documents/Classes/ECE_385/Lab_6/lab_6/workspace/mb_usb_hdmi_top/hw/mb_usb_hdmi_top.xsa
TRACE::2024-10-23.00:23:19::SCWPlatform::DSA absoulate path C:/Users/Shane/Documents/Classes/ECE_385/Lab_6/lab_6/workspace/mb_usb_hdmi_top/hw/mb_usb_hdmi_top.xsa
TRACE::2024-10-23.00:23:19::SCWPlatform::DSA directory C:/Users/Shane/Documents/Classes/ECE_385/Lab_6/lab_6/workspace/mb_usb_hdmi_top/hw
TRACE::2024-10-23.00:23:19::SCWPlatform:: Platform Path C:/Users/Shane/Documents/Classes/ECE_385/Lab_6/lab_6/workspace/mb_usb_hdmi_top/hw/mb_usb_hdmi_top.xsa
TRACE::2024-10-23.00:23:19::SCWPlatform:: Unique name xilinx:::0.0
TRACE::2024-10-23.00:23:19::SCWPlatform::Trying to set the existing hwdb with name mb_usb_hdmi_top_2
TRACE::2024-10-23.00:23:19::SCWPlatform::Opened existing hwdb mb_usb_hdmi_top_2
TRACE::2024-10-23.00:23:19::SCWPlatform::Found the Hw Db part of the input DSA
TRACE::2024-10-23.00:23:19::SCWMssOS::Checking the sw design at  C:/Users/Shane/Documents/Classes/ECE_385/Lab_6/lab_6/workspace/mb_usb_hdmi_top/microblaze_0/standalone_microblaze_0/bsp/system.mss
TRACE::2024-10-23.00:23:19::SCWMssOS::DEBUG:  swdes dump  
TRACE::2024-10-23.00:23:19::SCWMssOS::No sw design opened at  C:/Users/Shane/Documents/Classes/ECE_385/Lab_6/lab_6/workspace/mb_usb_hdmi_top/microblaze_0/standalone_microblaze_0/bsp/system.mss
TRACE::2024-10-23.00:23:19::SCWMssOS::mss exists loading the mss file  C:/Users/Shane/Documents/Classes/ECE_385/Lab_6/lab_6/workspace/mb_usb_hdmi_top/microblaze_0/standalone_microblaze_0/bsp/system.mss
TRACE::2024-10-23.00:23:19::SCWMssOS::Opened the sw design from mss  C:/Users/Shane/Documents/Classes/ECE_385/Lab_6/lab_6/workspace/mb_usb_hdmi_top/microblaze_0/standalone_microblaze_0/bsp/system.mss
TRACE::2024-10-23.00:23:19::SCWMssOS::Adding the swdes entry C:/Users/Shane/Documents/Classes/ECE_385/Lab_6/lab_6/workspace/mb_usb_hdmi_top/microblaze_0/standalone_microblaze_0/bsp/system.mss with des name system
TRACE::2024-10-23.00:23:19::SCWMssOS::updating the scw layer about changes
TRACE::2024-10-23.00:23:19::SCWMssOS::Opened the sw design.  C:/Users/Shane/Documents/Classes/ECE_385/Lab_6/lab_6/workspace/mb_usb_hdmi_top/microblaze_0/standalone_microblaze_0/bsp/system.mss
TRACE::2024-10-23.00:23:19::SCWMssOS::Saving the mss changes C:/Users/Shane/Documents/Classes/ECE_385/Lab_6/lab_6/workspace/mb_usb_hdmi_top/microblaze_0/standalone_microblaze_0/bsp/system.mss
TRACE::2024-10-23.00:23:19::SCWMssOS::Found a swdesign opened with the mssfile.
TRACE::2024-10-23.00:23:19::SCWMssOS::Completed writemss as part of save.
TRACE::2024-10-23.00:23:19::SCWMssOS::Commit changes completed.
TRACE::2024-10-23.00:23:19::SCWReader::Adding prebuilt librarypaths as   
TRACE::2024-10-23.00:23:19::SCWReader::Adding prebuilt incpaths  as   
TRACE::2024-10-23.00:23:19::SCWPlatform::Trying to open the hw design at C:/Users/Shane/Documents/Classes/ECE_385/Lab_6/lab_6/workspace/mb_usb_hdmi_top/hw/mb_usb_hdmi_top.xsa
TRACE::2024-10-23.00:23:19::SCWPlatform::DSA given C:/Users/Shane/Documents/Classes/ECE_385/Lab_6/lab_6/workspace/mb_usb_hdmi_top/hw/mb_usb_hdmi_top.xsa
TRACE::2024-10-23.00:23:19::SCWPlatform::DSA absoulate path C:/Users/Shane/Documents/Classes/ECE_385/Lab_6/lab_6/workspace/mb_usb_hdmi_top/hw/mb_usb_hdmi_top.xsa
TRACE::2024-10-23.00:23:19::SCWPlatform::DSA directory C:/Users/Shane/Documents/Classes/ECE_385/Lab_6/lab_6/workspace/mb_usb_hdmi_top/hw
TRACE::2024-10-23.00:23:19::SCWPlatform:: Platform Path C:/Users/Shane/Documents/Classes/ECE_385/Lab_6/lab_6/workspace/mb_usb_hdmi_top/hw/mb_usb_hdmi_top.xsa
TRACE::2024-10-23.00:23:19::SCWPlatform:: Unique name xilinx:::0.0
TRACE::2024-10-23.00:23:19::SCWPlatform::Trying to set the existing hwdb with name mb_usb_hdmi_top_2
TRACE::2024-10-23.00:23:19::SCWPlatform::Opened existing hwdb mb_usb_hdmi_top_2
TRACE::2024-10-23.00:23:19::SCWPlatform::Found the Hw Db part of the input DSA
TRACE::2024-10-23.00:23:19::SCWMssOS::Checking the sw design at  C:/Users/Shane/Documents/Classes/ECE_385/Lab_6/lab_6/workspace/mb_usb_hdmi_top/microblaze_0/standalone_microblaze_0/bsp/system.mss
TRACE::2024-10-23.00:23:19::SCWMssOS::DEBUG:  swdes dump  C:/Users/Shane/Documents/Classes/ECE_385/Lab_6/lab_6/workspace/mb_usb_hdmi_top/microblaze_0/standalone_microblaze_0/bsp/system.mss|system||

TRACE::2024-10-23.00:23:19::SCWMssOS::Sw design exists and opened at  C:/Users/Shane/Documents/Classes/ECE_385/Lab_6/lab_6/workspace/mb_usb_hdmi_top/microblaze_0/standalone_microblaze_0/bsp/system.mss
TRACE::2024-10-23.00:23:19::SCWReader::No isolation master present  
TRACE::2024-10-23.00:23:22::SCWPlatform::DSA given C:/Users/Shane/Documents/Classes/ECE_385/Lab_6/lab_6/workspace/mb_usb_hdmi_top/tempdsa/mb_usb_hdmi_top.xsa
TRACE::2024-10-23.00:23:22::SCWPlatform::DSA absoulate path C:/Users/Shane/Documents/Classes/ECE_385/Lab_6/lab_6/workspace/mb_usb_hdmi_top/tempdsa/mb_usb_hdmi_top.xsa
TRACE::2024-10-23.00:23:22::SCWPlatform:: Platform location is C:/Users/Shane/Documents/Classes/ECE_385/Lab_6/lab_6/workspace/mb_usb_hdmi_top/tempdsa
TRACE::2024-10-23.00:23:22::SCWPlatform:: Platform Path C:/Users/Shane/Documents/Classes/ECE_385/Lab_6/lab_6/workspace/mb_usb_hdmi_top/tempdsa/mb_usb_hdmi_top.xsa
TRACE::2024-10-23.00:23:22::SCWPlatform:: Unique name xilinx:::0.0
TRACE::2024-10-23.00:23:22::SCWPlatform::Found the Hw Db part of the input DSA
TRACE::2024-10-23.00:23:22::SCWMssOS::Doing hw sync for the mss in domain: standalone_microblaze_0
TRACE::2024-10-23.00:23:22::SCWPlatform::Trying to open the hw design at C:/Users/Shane/Documents/Classes/ECE_385/Lab_6/lab_6/workspace/mb_usb_hdmi_top/hw/mb_usb_hdmi_top.xsa
TRACE::2024-10-23.00:23:22::SCWPlatform::DSA given C:/Users/Shane/Documents/Classes/ECE_385/Lab_6/lab_6/workspace/mb_usb_hdmi_top/hw/mb_usb_hdmi_top.xsa
TRACE::2024-10-23.00:23:22::SCWPlatform::DSA absoulate path C:/Users/Shane/Documents/Classes/ECE_385/Lab_6/lab_6/workspace/mb_usb_hdmi_top/hw/mb_usb_hdmi_top.xsa
TRACE::2024-10-23.00:23:22::SCWPlatform::DSA directory C:/Users/Shane/Documents/Classes/ECE_385/Lab_6/lab_6/workspace/mb_usb_hdmi_top/hw
TRACE::2024-10-23.00:23:22::SCWPlatform:: Platform Path C:/Users/Shane/Documents/Classes/ECE_385/Lab_6/lab_6/workspace/mb_usb_hdmi_top/hw/mb_usb_hdmi_top.xsa
TRACE::2024-10-23.00:23:22::SCWPlatform:: Unique name xilinx:::0.0
TRACE::2024-10-23.00:23:22::SCWPlatform::Trying to set the existing hwdb with name mb_usb_hdmi_top_2
TRACE::2024-10-23.00:23:22::SCWPlatform::Opened existing hwdb mb_usb_hdmi_top_2
TRACE::2024-10-23.00:23:22::SCWPlatform::Found the Hw Db part of the input DSA
TRACE::2024-10-23.00:23:22::SCWPlatform::Trying to open the hw design at C:/Users/Shane/Documents/Classes/ECE_385/Lab_6/lab_6/workspace/mb_usb_hdmi_top/hw/mb_usb_hdmi_top.xsa
TRACE::2024-10-23.00:23:22::SCWPlatform::DSA given C:/Users/Shane/Documents/Classes/ECE_385/Lab_6/lab_6/workspace/mb_usb_hdmi_top/hw/mb_usb_hdmi_top.xsa
TRACE::2024-10-23.00:23:22::SCWPlatform::DSA absoulate path C:/Users/Shane/Documents/Classes/ECE_385/Lab_6/lab_6/workspace/mb_usb_hdmi_top/hw/mb_usb_hdmi_top.xsa
TRACE::2024-10-23.00:23:22::SCWPlatform::DSA directory C:/Users/Shane/Documents/Classes/ECE_385/Lab_6/lab_6/workspace/mb_usb_hdmi_top/hw
TRACE::2024-10-23.00:23:22::SCWPlatform:: Platform Path C:/Users/Shane/Documents/Classes/ECE_385/Lab_6/lab_6/workspace/mb_usb_hdmi_top/hw/mb_usb_hdmi_top.xsa
TRACE::2024-10-23.00:23:22::SCWPlatform:: Unique name xilinx:::0.0
TRACE::2024-10-23.00:23:22::SCWPlatform::Trying to set the existing hwdb with name mb_usb_hdmi_top_2
TRACE::2024-10-23.00:23:22::SCWPlatform::Opened existing hwdb mb_usb_hdmi_top_2
TRACE::2024-10-23.00:23:22::SCWPlatform::Found the Hw Db part of the input DSA
TRACE::2024-10-23.00:23:22::SCWMssOS::Checking the sw design at  C:/Users/Shane/Documents/Classes/ECE_385/Lab_6/lab_6/workspace/mb_usb_hdmi_top/microblaze_0/standalone_microblaze_0/bsp/system.mss
TRACE::2024-10-23.00:23:22::SCWMssOS::DEBUG:  swdes dump  C:/Users/Shane/Documents/Classes/ECE_385/Lab_6/lab_6/workspace/mb_usb_hdmi_top/microblaze_0/standalone_microblaze_0/bsp/system.mss|system||

TRACE::2024-10-23.00:23:22::SCWMssOS::Sw design exists and opened at  C:/Users/Shane/Documents/Classes/ECE_385/Lab_6/lab_6/workspace/mb_usb_hdmi_top/microblaze_0/standalone_microblaze_0/bsp/system.mss
TRACE::2024-10-23.00:23:22::SCWPlatform::Trying to open the hw design at C:/Users/Shane/Documents/Classes/ECE_385/Lab_6/lab_6/workspace/mb_usb_hdmi_top/tempdsa/mb_usb_hdmi_top.xsa
TRACE::2024-10-23.00:23:22::SCWPlatform::DSA given C:/Users/Shane/Documents/Classes/ECE_385/Lab_6/lab_6/workspace/mb_usb_hdmi_top/tempdsa/mb_usb_hdmi_top.xsa
TRACE::2024-10-23.00:23:22::SCWPlatform::DSA absoulate path C:/Users/Shane/Documents/Classes/ECE_385/Lab_6/lab_6/workspace/mb_usb_hdmi_top/tempdsa/mb_usb_hdmi_top.xsa
TRACE::2024-10-23.00:23:22::SCWPlatform::DSA directory C:/Users/Shane/Documents/Classes/ECE_385/Lab_6/lab_6/workspace/mb_usb_hdmi_top/tempdsa
TRACE::2024-10-23.00:23:22::SCWPlatform:: Platform Path C:/Users/Shane/Documents/Classes/ECE_385/Lab_6/lab_6/workspace/mb_usb_hdmi_top/tempdsa/mb_usb_hdmi_top.xsa
TRACE::2024-10-23.00:23:22::SCWPlatform:: Unique name xilinx:::0.0
TRACE::2024-10-23.00:23:22::SCWPlatform::update - Opened existing hwdb mb_usb_hdmi_top_3
TRACE::2024-10-23.00:23:22::SCWPlatform::Found the Hw Db part of the input DSA
TRACE::2024-10-23.00:23:22::SCWMssOS::Saving the mss changes C:/Users/Shane/Documents/Classes/ECE_385/Lab_6/lab_6/workspace/mb_usb_hdmi_top/microblaze_0/standalone_microblaze_0/bsp/system.mss
TRACE::2024-10-23.00:23:22::SCWMssOS::Found a swdesign opened with the mssfile.
TRACE::2024-10-23.00:23:22::SCWMssOS::Completed writemss as part of save.
TRACE::2024-10-23.00:23:22::SCWMssOS::Commit changes completed.
TRACE::2024-10-23.00:23:22::SCWMssOS::Completed hw sync for the mss in domain: standalone_microblaze_0
TRACE::2024-10-23.00:23:22::SCWMssOS::Removing the swdes entry for  C:/Users/Shane/Documents/Classes/ECE_385/Lab_6/lab_6/workspace/mb_usb_hdmi_top/microblaze_0/standalone_microblaze_0/bsp/system.mss
TRACE::2024-10-23.00:23:22::SCWPlatform::Trying to open the hw design at C:/Users/Shane/Documents/Classes/ECE_385/Lab_6/lab_6/workspace/mb_usb_hdmi_top/hw/mb_usb_hdmi_top.xsa
TRACE::2024-10-23.00:23:22::SCWPlatform::DSA given C:/Users/Shane/Documents/Classes/ECE_385/Lab_6/lab_6/workspace/mb_usb_hdmi_top/hw/mb_usb_hdmi_top.xsa
TRACE::2024-10-23.00:23:22::SCWPlatform::DSA absoulate path C:/Users/Shane/Documents/Classes/ECE_385/Lab_6/lab_6/workspace/mb_usb_hdmi_top/hw/mb_usb_hdmi_top.xsa
TRACE::2024-10-23.00:23:22::SCWPlatform::DSA directory C:/Users/Shane/Documents/Classes/ECE_385/Lab_6/lab_6/workspace/mb_usb_hdmi_top/hw
TRACE::2024-10-23.00:23:22::SCWPlatform:: Platform Path C:/Users/Shane/Documents/Classes/ECE_385/Lab_6/lab_6/workspace/mb_usb_hdmi_top/hw/mb_usb_hdmi_top.xsa
TRACE::2024-10-23.00:23:22::SCWPlatform:: Unique name xilinx:::0.0
TRACE::2024-10-23.00:23:22::SCWPlatform::Do not have an existing db opened. 
TRACE::2024-10-23.00:23:22::SCWPlatform::Opened new HwDB with name mb_usb_hdmi_top_4
TRACE::2024-10-23.00:23:22::SCWMssOS::Saving the mss changes C:/Users/Shane/Documents/Classes/ECE_385/Lab_6/lab_6/workspace/mb_usb_hdmi_top/microblaze_0/standalone_microblaze_0/bsp/system.mss
TRACE::2024-10-23.00:23:22::SCWMssOS::Adding the swdes entry, mss present, able to open swdb C:/Users/Shane/Documents/Classes/ECE_385/Lab_6/lab_6/workspace/mb_usb_hdmi_top/microblaze_0/standalone_microblaze_0/bsp/system.mss with des name system
TRACE::2024-10-23.00:23:22::SCWMssOS::Writing the mss file completed C:/Users/Shane/Documents/Classes/ECE_385/Lab_6/lab_6/workspace/mb_usb_hdmi_top/microblaze_0/standalone_microblaze_0/bsp/system.mss
TRACE::2024-10-23.00:23:22::SCWMssOS::Commit changes completed.
TRACE::2024-10-23.00:23:22::SCWPlatform::Trying to open the hw design at C:/Users/Shane/Documents/Classes/ECE_385/Lab_6/lab_6/workspace/mb_usb_hdmi_top/hw/mb_usb_hdmi_top.xsa
TRACE::2024-10-23.00:23:22::SCWPlatform::DSA given C:/Users/Shane/Documents/Classes/ECE_385/Lab_6/lab_6/workspace/mb_usb_hdmi_top/hw/mb_usb_hdmi_top.xsa
TRACE::2024-10-23.00:23:22::SCWPlatform::DSA absoulate path C:/Users/Shane/Documents/Classes/ECE_385/Lab_6/lab_6/workspace/mb_usb_hdmi_top/hw/mb_usb_hdmi_top.xsa
TRACE::2024-10-23.00:23:22::SCWPlatform::DSA directory C:/Users/Shane/Documents/Classes/ECE_385/Lab_6/lab_6/workspace/mb_usb_hdmi_top/hw
TRACE::2024-10-23.00:23:22::SCWPlatform:: Platform Path C:/Users/Shane/Documents/Classes/ECE_385/Lab_6/lab_6/workspace/mb_usb_hdmi_top/hw/mb_usb_hdmi_top.xsa
TRACE::2024-10-23.00:23:22::SCWPlatform:: Unique name xilinx:::0.0
TRACE::2024-10-23.00:23:22::SCWPlatform::Trying to set the existing hwdb with name mb_usb_hdmi_top_4
TRACE::2024-10-23.00:23:22::SCWPlatform::Opened existing hwdb mb_usb_hdmi_top_4
TRACE::2024-10-23.00:23:22::SCWPlatform::Found the Hw Db part of the input DSA
TRACE::2024-10-23.00:23:22::SCWMssOS::Checking the sw design at  C:/Users/Shane/Documents/Classes/ECE_385/Lab_6/lab_6/workspace/mb_usb_hdmi_top/microblaze_0/standalone_microblaze_0/bsp/system.mss
TRACE::2024-10-23.00:23:22::SCWMssOS::DEBUG:  swdes dump  C:/Users/Shane/Documents/Classes/ECE_385/Lab_6/lab_6/workspace/mb_usb_hdmi_top/microblaze_0/standalone_microblaze_0/bsp/system.mss|system||

TRACE::2024-10-23.00:23:22::SCWMssOS::Sw design exists and opened at  C:/Users/Shane/Documents/Classes/ECE_385/Lab_6/lab_6/workspace/mb_usb_hdmi_top/microblaze_0/standalone_microblaze_0/bsp/system.mss
TRACE::2024-10-23.00:23:22::SCWWriter::formatted JSON is {
	"platformName":	"mb_usb_hdmi_top",
	"sprVersion":	"2.0",
	"mode":	"gui",
	"dsaType":	"Fixed",
	"platformDesc":	"mb_usb_hdmi_top",
	"platHandOff":	"C:/Users/Shane/Documents/Classes/ECE_385/Lab_6/lab_6/mb_usb_hdmi_top.xsa",
	"platIntHandOff":	"<platformDir>/hw/mb_usb_hdmi_top.xsa",
	"deviceType":	"FPGA",
	"platIsPrebuiltAutogen":	"false",
	"platIsNoBootBsp":	"false",
	"hasFsblMakeHasChanges":	"false",
	"hasPmufwMakeHasChanges":	"false",
	"platPreBuiltFlag":	false,
	"platformSamplesDir":	"",
	"platActiveSys":	"mb_usb_hdmi_top",
	"systems":	[{
			"systemName":	"mb_usb_hdmi_top",
			"systemDesc":	"mb_usb_hdmi_top",
			"sysIsBootAutoGen":	"true",
			"systemDispName":	"mb_usb_hdmi_top",
			"sysActiveDom":	"standalone_microblaze_0",
			"sysDefaultDom":	"standalone_microblaze_0",
			"domains":	[{
					"domainName":	"standalone_microblaze_0",
					"domainDispName":	"standalone_microblaze_0",
					"domainDesc":	"standalone_microblaze_0",
					"processors":	"microblaze_0",
					"os":	"standalone",
					"sdxOs":	"standalone",
					"debugEnable":	"False",
					"domRuntimes":	["cpp"],
					"swRepo":	"",
					"mssOsVer":	"8.0",
					"mssFile":	"",
					"md5Digest":	"304529987e879521ca977c68d163f3621",
					"compatibleApp":	"",
					"domType":	"mssDomain",
					"arch":	"32-bit",
					"appSettings":	{
						"appCompilerFlags":	"",
						"appLinkerFlags":	""
					},
					"addedLibs":	[],
					"libOptions":	{
						"libsContainingOptions":	[]
					},
					"prebuiltLibs":	{
						"prebuiltIncPath":	[],
						"prebuiltLibPath":	[]
					},
					"isolation":	{
					}
				}]
		}]
}
TRACE::2024-10-23.00:23:46::SCWMssOS::cleaning the bsp 
TRACE::2024-10-23.00:23:46::SCWMssOS::System Command Ran  C: & cd  C:/Users/Shane/Documents/Classes/ECE_385/Lab_6/lab_6/workspace/mb_usb_hdmi_top/microblaze_0/standalone_microblaze_0/bsp & make clean 
TRACE::2024-10-23.00:23:46::SCWMssOS::make -C microblaze_0/libsrc/bram_v4_8/src -s clean 

TRACE::2024-10-23.00:23:46::SCWMssOS::make -C microblaze_0/libsrc/cpu_v2_16/src -s clean 

TRACE::2024-10-23.00:23:46::SCWMssOS::make -C microblaze_0/libsrc/gpio_v4_9/src -s clean 

TRACE::2024-10-23.00:23:46::SCWMssOS::make -C microblaze_0/libsrc/intc_v3_15/src -s clean 

TRACE::2024-10-23.00:23:46::SCWMssOS::make -C microblaze_0/libsrc/spi_v4_9/src -s clean 

TRACE::2024-10-23.00:23:46::SCWMssOS::make -C microblaze_0/libsrc/standalone_v8_0/src -s clean 

TRACE::2024-10-23.00:23:46::SCWMssOS::make -C microblaze_0/libsrc/tmrctr_v4_9/src -s clean 

TRACE::2024-10-23.00:23:46::SCWMssOS::make -C microblaze_0/libsrc/uartlite_v3_7/src -s clean 

TRACE::2024-10-23.00:23:47::SCWMssOS::rm -f microblaze_0/lib/libxil.a

LOG::2024-10-23.00:24:16::SCWPlatform::Started generating the artifacts platform mb_usb_hdmi_top
TRACE::2024-10-23.00:24:16::SCWPlatform::Sanity checking of platform is completed
LOG::2024-10-23.00:24:16::SCWPlatform::Started generating the artifacts for system configuration mb_usb_hdmi_top
LOG::2024-10-23.00:24:16::SCWSystem::Checking the domain standalone_microblaze_0
LOG::2024-10-23.00:24:16::SCWSystem::Not a boot domain 
LOG::2024-10-23.00:24:16::SCWSystem::Started Processing the domain standalone_microblaze_0
TRACE::2024-10-23.00:24:16::SCWDomain::Generating domain artifcats
TRACE::2024-10-23.00:24:16::SCWMssOS::Generating standalone artifcats
TRACE::2024-10-23.00:24:16::SCWMssOS:: Copying the user libraries. 
TRACE::2024-10-23.00:24:16::SCWPlatform::Trying to open the hw design at C:/Users/Shane/Documents/Classes/ECE_385/Lab_6/lab_6/workspace/mb_usb_hdmi_top/hw/mb_usb_hdmi_top.xsa
TRACE::2024-10-23.00:24:16::SCWPlatform::DSA given C:/Users/Shane/Documents/Classes/ECE_385/Lab_6/lab_6/workspace/mb_usb_hdmi_top/hw/mb_usb_hdmi_top.xsa
TRACE::2024-10-23.00:24:16::SCWPlatform::DSA absoulate path C:/Users/Shane/Documents/Classes/ECE_385/Lab_6/lab_6/workspace/mb_usb_hdmi_top/hw/mb_usb_hdmi_top.xsa
TRACE::2024-10-23.00:24:16::SCWPlatform::DSA directory C:/Users/Shane/Documents/Classes/ECE_385/Lab_6/lab_6/workspace/mb_usb_hdmi_top/hw
TRACE::2024-10-23.00:24:16::SCWPlatform:: Platform Path C:/Users/Shane/Documents/Classes/ECE_385/Lab_6/lab_6/workspace/mb_usb_hdmi_top/hw/mb_usb_hdmi_top.xsa
TRACE::2024-10-23.00:24:16::SCWPlatform:: Unique name xilinx:::0.0
TRACE::2024-10-23.00:24:16::SCWPlatform::Trying to set the existing hwdb with name mb_usb_hdmi_top_4
TRACE::2024-10-23.00:24:16::SCWPlatform::Opened existing hwdb mb_usb_hdmi_top_4
TRACE::2024-10-23.00:24:16::SCWPlatform::Found the Hw Db part of the input DSA
TRACE::2024-10-23.00:24:16::SCWMssOS::Checking the sw design at  C:/Users/Shane/Documents/Classes/ECE_385/Lab_6/lab_6/workspace/mb_usb_hdmi_top/microblaze_0/standalone_microblaze_0/bsp/system.mss
TRACE::2024-10-23.00:24:16::SCWMssOS::DEBUG:  swdes dump  C:/Users/Shane/Documents/Classes/ECE_385/Lab_6/lab_6/workspace/mb_usb_hdmi_top/microblaze_0/standalone_microblaze_0/bsp/system.mss|system||

TRACE::2024-10-23.00:24:16::SCWMssOS::Sw design exists and opened at  C:/Users/Shane/Documents/Classes/ECE_385/Lab_6/lab_6/workspace/mb_usb_hdmi_top/microblaze_0/standalone_microblaze_0/bsp/system.mss
TRACE::2024-10-23.00:24:16::SCWMssOS::Completed writing the mss file at C:/Users/Shane/Documents/Classes/ECE_385/Lab_6/lab_6/workspace/mb_usb_hdmi_top/microblaze_0/standalone_microblaze_0/bsp
TRACE::2024-10-23.00:24:16::SCWMssOS::Mss edits present, copying mssfile into export location C:/Users/Shane/Documents/Classes/ECE_385/Lab_6/lab_6/workspace/mb_usb_hdmi_top/microblaze_0/standalone_microblaze_0/bsp/system.mss
TRACE::2024-10-23.00:24:16::SCWMssOS::bsp generated is stale removing and regenerating. 
TRACE::2024-10-23.00:24:18::SCWMssOS::doing bsp build ... 
TRACE::2024-10-23.00:24:18::SCWMssOS::System Command Ran  C: & cd  C:/Users/Shane/Documents/Classes/ECE_385/Lab_6/lab_6/workspace/mb_usb_hdmi_top/microblaze_0/standalone_microblaze_0/bsp & make 
TRACE::2024-10-23.00:24:18::SCWMssOS::make --no-print-directory seq_libs

TRACE::2024-10-23.00:24:18::SCWMssOS::'Finished building libraries sequentially.'

TRACE::2024-10-23.00:24:18::SCWMssOS::make -j 6 --no-print-directory par_libs

TRACE::2024-10-23.00:24:19::SCWMssOS::"Running Make include in microblaze_0/libsrc/bram_v4_8/src"

TRACE::2024-10-23.00:24:19::SCWMssOS::make -C microblaze_0/libsrc/bram_v4_8/src -s include  "SHELL=CMD" "COMPILER=mb-gcc" "ASSEMBLER=mb-as" "ARCHIVER=mb-ar" "COMPILE
TRACE::2024-10-23.00:24:19::SCWMssOS::R_FLAGS=  -O2 -c -mcpu=v11.0 -mlittle-endian -mno-xl-reorder -mno-xl-soft-mul -mxl-barrel-shift -mxl-pattern-compare" "EXTRA_CO
TRACE::2024-10-23.00:24:19::SCWMssOS::MPILER_FLAGS=-g -ffunction-sections -fdata-sections -Wall -Wextra -fno-tree-loop-distribute-patterns"

TRACE::2024-10-23.00:24:19::SCWMssOS::"Running Make include in microblaze_0/libsrc/cpu_v2_16/src"

TRACE::2024-10-23.00:24:19::SCWMssOS::make -C microblaze_0/libsrc/cpu_v2_16/src -s include  "SHELL=CMD" "COMPILER=mb-gcc" "ASSEMBLER=mb-as" "ARCHIVER=mb-ar" "COMPILE
TRACE::2024-10-23.00:24:19::SCWMssOS::R_FLAGS=  -O2 -c -mcpu=v11.0 -mlittle-endian -mno-xl-reorder -mno-xl-soft-mul -mxl-barrel-shift -mxl-pattern-compare" "EXTRA_CO
TRACE::2024-10-23.00:24:19::SCWMssOS::MPILER_FLAGS=-g -ffunction-sections -fdata-sections -Wall -Wextra -fno-tree-loop-distribute-patterns"

TRACE::2024-10-23.00:24:19::SCWMssOS::"Running Make include in microblaze_0/libsrc/gpio_v4_9/src"

TRACE::2024-10-23.00:24:19::SCWMssOS::make -C microblaze_0/libsrc/gpio_v4_9/src -s include  "SHELL=CMD" "COMPILER=mb-gcc" "ASSEMBLER=mb-as" "ARCHIVER=mb-ar" "COMPILE
TRACE::2024-10-23.00:24:19::SCWMssOS::R_FLAGS=  -O2 -c -mcpu=v11.0 -mlittle-endian -mno-xl-reorder -mno-xl-soft-mul -mxl-barrel-shift -mxl-pattern-compare" "EXTRA_CO
TRACE::2024-10-23.00:24:19::SCWMssOS::MPILER_FLAGS=-g -ffunction-sections -fdata-sections -Wall -Wextra -fno-tree-loop-distribute-patterns"

TRACE::2024-10-23.00:24:19::SCWMssOS::"Running Make include in microblaze_0/libsrc/intc_v3_15/src"

TRACE::2024-10-23.00:24:19::SCWMssOS::make -C microblaze_0/libsrc/intc_v3_15/src -s include  "SHELL=CMD" "COMPILER=mb-gcc" "ASSEMBLER=mb-as" "ARCHIVER=mb-ar" "COMPIL
TRACE::2024-10-23.00:24:19::SCWMssOS::ER_FLAGS=  -O2 -c -mcpu=v11.0 -mlittle-endian -mno-xl-reorder -mno-xl-soft-mul -mxl-barrel-shift -mxl-pattern-compare" "EXTRA_C
TRACE::2024-10-23.00:24:19::SCWMssOS::OMPILER_FLAGS=-g -ffunction-sections -fdata-sections -Wall -Wextra -fno-tree-loop-distribute-patterns"

TRACE::2024-10-23.00:24:19::SCWMssOS::"Running Make include in microblaze_0/libsrc/spi_v4_9/src"

TRACE::2024-10-23.00:24:19::SCWMssOS::make -C microblaze_0/libsrc/spi_v4_9/src -s include  "SHELL=CMD" "COMPILER=mb-gcc" "ASSEMBLER=mb-as" "ARCHIVER=mb-ar" "COMPILER
TRACE::2024-10-23.00:24:19::SCWMssOS::_FLAGS=  -O2 -c -mcpu=v11.0 -mlittle-endian -mno-xl-reorder -mno-xl-soft-mul -mxl-barrel-shift -mxl-pattern-compare" "EXTRA_COM
TRACE::2024-10-23.00:24:19::SCWMssOS::PILER_FLAGS=-g -ffunction-sections -fdata-sections -Wall -Wextra -fno-tree-loop-distribute-patterns"

TRACE::2024-10-23.00:24:19::SCWMssOS::"Running Make include in microblaze_0/libsrc/standalone_v8_0/src"

TRACE::2024-10-23.00:24:19::SCWMssOS::make -C microblaze_0/libsrc/standalone_v8_0/src -s include  "SHELL=CMD" "COMPILER=mb-gcc" "ASSEMBLER=mb-as" "ARCHIVER=mb-ar" "C
TRACE::2024-10-23.00:24:19::SCWMssOS::OMPILER_FLAGS=  -O2 -c -mcpu=v11.0 -mlittle-endian -mno-xl-reorder -mno-xl-soft-mul -mxl-barrel-shift -mxl-pattern-compare" "EX
TRACE::2024-10-23.00:24:19::SCWMssOS::TRA_COMPILER_FLAGS=-g -ffunction-sections -fdata-sections -Wall -Wextra -fno-tree-loop-distribute-patterns"

TRACE::2024-10-23.00:24:19::SCWMssOS::"Running Make include in microblaze_0/libsrc/tmrctr_v4_9/src"

TRACE::2024-10-23.00:24:19::SCWMssOS::make -C microblaze_0/libsrc/tmrctr_v4_9/src -s include  "SHELL=CMD" "COMPILER=mb-gcc" "ASSEMBLER=mb-as" "ARCHIVER=mb-ar" "COMPI
TRACE::2024-10-23.00:24:19::SCWMssOS::LER_FLAGS=  -O2 -c -mcpu=v11.0 -mlittle-endian -mno-xl-reorder -mno-xl-soft-mul -mxl-barrel-shift -mxl-pattern-compare" "EXTRA_
TRACE::2024-10-23.00:24:19::SCWMssOS::COMPILER_FLAGS=-g -ffunction-sections -fdata-sections -Wall -Wextra -fno-tree-loop-distribute-patterns"

TRACE::2024-10-23.00:24:19::SCWMssOS::"Running Make include in microblaze_0/libsrc/uartlite_v3_7/src"

TRACE::2024-10-23.00:24:19::SCWMssOS::make -C microblaze_0/libsrc/uartlite_v3_7/src -s include  "SHELL=CMD" "COMPILER=mb-gcc" "ASSEMBLER=mb-as" "ARCHIVER=mb-ar" "COM
TRACE::2024-10-23.00:24:19::SCWMssOS::PILER_FLAGS=  -O2 -c -mcpu=v11.0 -mlittle-endian -mno-xl-reorder -mno-xl-soft-mul -mxl-barrel-shift -mxl-pattern-compare" "EXTR
TRACE::2024-10-23.00:24:19::SCWMssOS::A_COMPILER_FLAGS=-g -ffunction-sections -fdata-sections -Wall -Wextra -fno-tree-loop-distribute-patterns"

TRACE::2024-10-23.00:24:19::SCWMssOS::"Running Make libs in microblaze_0/libsrc/bram_v4_8/src"

TRACE::2024-10-23.00:24:19::SCWMssOS::make -C microblaze_0/libsrc/bram_v4_8/src -s libs  "SHELL=CMD" "COMPILER=mb-gcc" "ASSEMBLER=mb-as" "ARCHIVER=mb-ar" "COMPILER_F
TRACE::2024-10-23.00:24:19::SCWMssOS::LAGS=  -O2 -c -mcpu=v11.0 -mlittle-endian -mno-xl-reorder -mno-xl-soft-mul -mxl-barrel-shift -mxl-pattern-compare" "EXTRA_COMPI
TRACE::2024-10-23.00:24:19::SCWMssOS::LER_FLAGS=-g -ffunction-sections -fdata-sections -Wall -Wextra -fno-tree-loop-distribute-patterns"

TRACE::2024-10-23.00:24:19::SCWMssOS::"Running Make libs in microblaze_0/libsrc/cpu_v2_16/src"

TRACE::2024-10-23.00:24:19::SCWMssOS::make -C microblaze_0/libsrc/cpu_v2_16/src -s libs  "SHELL=CMD" "COMPILER=mb-gcc" "ASSEMBLER=mb-as" "ARCHIVER=mb-ar" "COMPILER_F
TRACE::2024-10-23.00:24:19::SCWMssOS::LAGS=  -O2 -c -mcpu=v11.0 -mlittle-endian -mno-xl-reorder -mno-xl-soft-mul -mxl-barrel-shift -mxl-pattern-compare" "EXTRA_COMPI
TRACE::2024-10-23.00:24:19::SCWMssOS::LER_FLAGS=-g -ffunction-sections -fdata-sections -Wall -Wextra -fno-tree-loop-distribute-patterns"

TRACE::2024-10-23.00:24:19::SCWMssOS::"Running Make libs in microblaze_0/libsrc/gpio_v4_9/src"

TRACE::2024-10-23.00:24:19::SCWMssOS::make -C microblaze_0/libsrc/gpio_v4_9/src -s libs  "SHELL=CMD" "COMPILER=mb-gcc" "ASSEMBLER=mb-as" "ARCHIVER=mb-ar" "COMPILER_F
TRACE::2024-10-23.00:24:19::SCWMssOS::LAGS=  -O2 -c -mcpu=v11.0 -mlittle-endian -mno-xl-reorder -mno-xl-soft-mul -mxl-barrel-shift -mxl-pattern-compare" "EXTRA_COMPI
TRACE::2024-10-23.00:24:19::SCWMssOS::LER_FLAGS=-g -ffunction-sections -fdata-sections -Wall -Wextra -fno-tree-loop-distribute-patterns"

TRACE::2024-10-23.00:24:19::SCWMssOS::"Running Make libs in microblaze_0/libsrc/intc_v3_15/src"

TRACE::2024-10-23.00:24:19::SCWMssOS::make -C microblaze_0/libsrc/intc_v3_15/src -s libs  "SHELL=CMD" "COMPILER=mb-gcc" "ASSEMBLER=mb-as" "ARCHIVER=mb-ar" "COMPILER_
TRACE::2024-10-23.00:24:19::SCWMssOS::FLAGS=  -O2 -c -mcpu=v11.0 -mlittle-endian -mno-xl-reorder -mno-xl-soft-mul -mxl-barrel-shift -mxl-pattern-compare" "EXTRA_COMP
TRACE::2024-10-23.00:24:19::SCWMssOS::ILER_FLAGS=-g -ffunction-sections -fdata-sections -Wall -Wextra -fno-tree-loop-distribute-patterns"

TRACE::2024-10-23.00:24:19::SCWMssOS::"Running Make libs in microblaze_0/libsrc/spi_v4_9/src"

TRACE::2024-10-23.00:24:19::SCWMssOS::make -C microblaze_0/libsrc/spi_v4_9/src -s libs  "SHELL=CMD" "COMPILER=mb-gcc" "ASSEMBLER=mb-as" "ARCHIVER=mb-ar" "COMPILER_FL
TRACE::2024-10-23.00:24:19::SCWMssOS::AGS=  -O2 -c -mcpu=v11.0 -mlittle-endian -mno-xl-reorder -mno-xl-soft-mul -mxl-barrel-shift -mxl-pattern-compare" "EXTRA_COMPIL
TRACE::2024-10-23.00:24:19::SCWMssOS::ER_FLAGS=-g -ffunction-sections -fdata-sections -Wall -Wextra -fno-tree-loop-distribute-patterns"

TRACE::2024-10-23.00:24:20::SCWMssOS::"Running Make libs in microblaze_0/libsrc/standalone_v8_0/src"

TRACE::2024-10-23.00:24:20::SCWMssOS::make -C microblaze_0/libsrc/standalone_v8_0/src -s libs  "SHELL=CMD" "COMPILER=mb-gcc" "ASSEMBLER=mb-as" "ARCHIVER=mb-ar" "COMP
TRACE::2024-10-23.00:24:20::SCWMssOS::ILER_FLAGS=  -O2 -c -mcpu=v11.0 -mlittle-endian -mno-xl-reorder -mno-xl-soft-mul -mxl-barrel-shift -mxl-pattern-compare" "EXTRA
TRACE::2024-10-23.00:24:20::SCWMssOS::_COMPILER_FLAGS=-g -ffunction-sections -fdata-sections -Wall -Wextra -fno-tree-loop-distribute-patterns"

TRACE::2024-10-23.00:24:20::SCWMssOS::"Running Make libs in microblaze_0/libsrc/tmrctr_v4_9/src"

TRACE::2024-10-23.00:24:20::SCWMssOS::make -C microblaze_0/libsrc/tmrctr_v4_9/src -s libs  "SHELL=CMD" "COMPILER=mb-gcc" "ASSEMBLER=mb-as" "ARCHIVER=mb-ar" "COMPILER
TRACE::2024-10-23.00:24:20::SCWMssOS::_FLAGS=  -O2 -c -mcpu=v11.0 -mlittle-endian -mno-xl-reorder -mno-xl-soft-mul -mxl-barrel-shift -mxl-pattern-compare" "EXTRA_COM
TRACE::2024-10-23.00:24:20::SCWMssOS::PILER_FLAGS=-g -ffunction-sections -fdata-sections -Wall -Wextra -fno-tree-loop-distribute-patterns"

TRACE::2024-10-23.00:24:20::SCWMssOS::"Running Make libs in microblaze_0/libsrc/uartlite_v3_7/src"

TRACE::2024-10-23.00:24:20::SCWMssOS::make -C microblaze_0/libsrc/uartlite_v3_7/src -s libs  "SHELL=CMD" "COMPILER=mb-gcc" "ASSEMBLER=mb-as" "ARCHIVER=mb-ar" "COMPIL
TRACE::2024-10-23.00:24:20::SCWMssOS::ER_FLAGS=  -O2 -c -mcpu=v11.0 -mlittle-endian -mno-xl-reorder -mno-xl-soft-mul -mxl-barrel-shift -mxl-pattern-compare" "EXTRA_C
TRACE::2024-10-23.00:24:20::SCWMssOS::OMPILER_FLAGS=-g -ffunction-sections -fdata-sections -Wall -Wextra -fno-tree-loop-distribute-patterns"

TRACE::2024-10-23.00:24:22::SCWMssOS::"DEBUG NON_LTO_OBJECTS is ../../../lib/microblaze_interrupt_handler.o"

TRACE::2024-10-23.00:24:22::SCWMssOS::'Finished building libraries parallelly.'

TRACE::2024-10-23.00:24:22::SCWMssOS::make --no-print-directory archive

TRACE::2024-10-23.00:24:22::SCWMssOS::mb-ar -r  microblaze_0/lib/libxil.a microblaze_0/lib/_exit.o microblaze_0/lib/errno.o microblaze_0/lib/fcntl.o microblaze_0/lib
TRACE::2024-10-23.00:24:22::SCWMssOS::/hw_exception_handler.o microblaze_0/lib/inbyte.o microblaze_0/lib/microblaze_disable_dcache.o microblaze_0/lib/microblaze_disa
TRACE::2024-10-23.00:24:22::SCWMssOS::ble_exceptions.o microblaze_0/lib/microblaze_disable_icache.o microblaze_0/lib/microblaze_disable_interrupts.o microblaze_0/lib
TRACE::2024-10-23.00:24:22::SCWMssOS::/microblaze_enable_dcache.o microblaze_0/lib/microblaze_enable_exceptions.o microblaze_0/lib/microblaze_enable_icache.o microbl
TRACE::2024-10-23.00:24:22::SCWMssOS::aze_0/lib/microblaze_enable_interrupts.o microblaze_0/lib/microblaze_exception_handler.o microblaze_0/lib/microblaze_flush_cach
TRACE::2024-10-23.00:24:22::SCWMssOS::e_ext.o microblaze_0/lib/microblaze_flush_cache_ext_range.o microblaze_0/lib/microblaze_flush_dcache.o microblaze_0/lib/microbl
TRACE::2024-10-23.00:24:22::SCWMssOS::aze_flush_dcache_range.o microblaze_0/lib/microblaze_init_dcache_range.o microblaze_0/lib/microblaze_init_icache_range.o microb
TRACE::2024-10-23.00:24:22::SCWMssOS::laze_0/lib/microblaze_interrupt_handler.o microblaze_0/lib/microblaze_interrupts_g.o microblaze_0/lib/microblaze_invalidate_cac
TRACE::2024-10-23.00:24:22::SCWMssOS::he_ext.o microblaze_0/lib/microblaze_invalidate_cache_ext_range.o microblaze_0/lib/microblaze_invalidate_dcache.o microblaze_0/
TRACE::2024-10-23.00:24:22::SCWMssOS::lib/microblaze_invalidate_dcache_range.o microblaze_0/lib/microblaze_invalidate_icache.o microblaze_0/lib/microblaze_invalidate
TRACE::2024-10-23.00:24:22::SCWMssOS::_icache_range.o microblaze_0/lib/microblaze_scrub.o microblaze_0/lib/microblaze_selftest.o microblaze_0/lib/microblaze_sleep.o 
TRACE::2024-10-23.00:24:22::SCWMssOS::microblaze_0/lib/microblaze_update_dcache.o microblaze_0/lib/microblaze_update_icache.o microblaze_0/lib/outbyte.o microblaze_0
TRACE::2024-10-23.00:24:22::SCWMssOS::/lib/print.o microblaze_0/lib/pvr.o microblaze_0/lib/xbram.o microblaze_0/lib/xbram_g.o microblaze_0/lib/xbram_intr.o microblaz
TRACE::2024-10-23.00:24:22::SCWMssOS::e_0/lib/xbram_selftest.o microblaze_0/lib/xbram_sinit.o microblaze_0/lib/xgpio.o microblaze_0/lib/xgpio_extra.o microblaze_0/li
TRACE::2024-10-23.00:24:22::SCWMssOS::b/xgpio_g.o microblaze_0/lib/xgpio_intr.o microblaze_0/lib/xgpio_selftest.o microblaze_0/lib/xgpio_sinit.o microblaze_0/lib/xil
TRACE::2024-10-23.00:24:22::SCWMssOS::_assert.o microblaze_0/lib/xil_cache.o microblaze_0/lib/xil_clocking.o microblaze_0/lib/xil_exception.o microblaze_0/lib/xil_me
TRACE::2024-10-23.00:24:22::SCWMssOS::m.o microblaze_0/lib/xil_misc_psreset_api.o microblaze_0/lib/xil_printf.o microblaze_0/lib/xil_sleepcommon.o microblaze_0/lib/x
TRACE::2024-10-23.00:24:22::SCWMssOS::il_testcache.o microblaze_0/lib/xil_testio.o microblaze_0/lib/xil_testmem.o microblaze_0/lib/xil_util.o microblaze_0/lib/xintc.
TRACE::2024-10-23.00:24:22::SCWMssOS::o microblaze_0/lib/xintc_g.o microblaze_0/lib/xintc_intr.o microblaze_0/lib/xintc_l.o microblaze_0/lib/xintc_options.o microbla
TRACE::2024-10-23.00:24:22::SCWMssOS::ze_0/lib/xintc_selftest.o microblaze_0/lib/xinterrupt_wrap.o microblaze_0/lib/xio.o microblaze_0/lib/xplatform_info.o microblaz
TRACE::2024-10-23.00:24:22::SCWMssOS::e_0/lib/xspi.o microblaze_0/lib/xspi_g.o microblaze_0/lib/xspi_options.o microblaze_0/lib/xspi_selftest.o microblaze_0/lib/xspi
TRACE::2024-10-23.00:24:22::SCWMssOS::_sinit.o microblaze_0/lib/xspi_stats.o microblaze_0/lib/xtmrctr.o microblaze_0/lib/xtmrctr_g.o microblaze_0/lib/xtmrctr_intr.o 
TRACE::2024-10-23.00:24:22::SCWMssOS::microblaze_0/lib/xtmrctr_l.o microblaze_0/lib/xtmrctr_options.o microblaze_0/lib/xtmrctr_selftest.o microblaze_0/lib/xtmrctr_si
TRACE::2024-10-23.00:24:22::SCWMssOS::nit.o microblaze_0/lib/xtmrctr_stats.o microblaze_0/lib/xuartlite.o microblaze_0/lib/xuartlite_g.o microblaze_0/lib/xuartlite_i
TRACE::2024-10-23.00:24:22::SCWMssOS::ntr.o microblaze_0/lib/xuartlite_l.o microblaze_0/lib/xuartlite_selftest.o microblaze_0/lib/xuartlite_sinit.o microblaze_0/lib/
TRACE::2024-10-23.00:24:22::SCWMssOS::xuartlite_stats.o

TRACE::2024-10-23.00:24:22::SCWMssOS::'Finished building libraries'

TRACE::2024-10-23.00:24:22::SCWMssOS:: Checking if to create the Supporting Applications
TRACE::2024-10-23.00:24:22::SCWMssOS:: No Linux domain exists, trying to generate FSBL 
LOG::2024-10-23.00:24:22::SCWSystem::Completed Processing the domain standalone_microblaze_0
LOG::2024-10-23.00:24:22::SCWSystem::Completed Processing the sysconfig mb_usb_hdmi_top
LOG::2024-10-23.00:24:22::SCWPlatform::Completed generating the artifacts for system configuration mb_usb_hdmi_top
TRACE::2024-10-23.00:24:22::SCWPlatform::Started preparing the platform 
TRACE::2024-10-23.00:24:22::SCWSystem::Writing the bif file for system config mb_usb_hdmi_top
TRACE::2024-10-23.00:24:22::SCWSystem::dir created 
TRACE::2024-10-23.00:24:22::SCWSystem::Writing the bif 
TRACE::2024-10-23.00:24:22::SCWPlatform::Started writing the spfm file 
TRACE::2024-10-23.00:24:22::SCWPlatform::Started writing the xpfm file 
TRACE::2024-10-23.00:24:22::SCWPlatform::Completed generating the platform
TRACE::2024-10-23.00:24:22::SCWMssOS::Saving the mss changes C:/Users/Shane/Documents/Classes/ECE_385/Lab_6/lab_6/workspace/mb_usb_hdmi_top/microblaze_0/standalone_microblaze_0/bsp/system.mss
TRACE::2024-10-23.00:24:22::SCWMssOS::Adding the swdes entry, mss present, able to open swdb C:/Users/Shane/Documents/Classes/ECE_385/Lab_6/lab_6/workspace/mb_usb_hdmi_top/microblaze_0/standalone_microblaze_0/bsp/system.mss with des name system
TRACE::2024-10-23.00:24:22::SCWMssOS::Writing the mss file completed C:/Users/Shane/Documents/Classes/ECE_385/Lab_6/lab_6/workspace/mb_usb_hdmi_top/microblaze_0/standalone_microblaze_0/bsp/system.mss
TRACE::2024-10-23.00:24:22::SCWMssOS::Commit changes completed.
TRACE::2024-10-23.00:24:22::SCWPlatform::Trying to open the hw design at C:/Users/Shane/Documents/Classes/ECE_385/Lab_6/lab_6/workspace/mb_usb_hdmi_top/hw/mb_usb_hdmi_top.xsa
TRACE::2024-10-23.00:24:22::SCWPlatform::DSA given C:/Users/Shane/Documents/Classes/ECE_385/Lab_6/lab_6/workspace/mb_usb_hdmi_top/hw/mb_usb_hdmi_top.xsa
TRACE::2024-10-23.00:24:22::SCWPlatform::DSA absoulate path C:/Users/Shane/Documents/Classes/ECE_385/Lab_6/lab_6/workspace/mb_usb_hdmi_top/hw/mb_usb_hdmi_top.xsa
TRACE::2024-10-23.00:24:22::SCWPlatform::DSA directory C:/Users/Shane/Documents/Classes/ECE_385/Lab_6/lab_6/workspace/mb_usb_hdmi_top/hw
TRACE::2024-10-23.00:24:22::SCWPlatform:: Platform Path C:/Users/Shane/Documents/Classes/ECE_385/Lab_6/lab_6/workspace/mb_usb_hdmi_top/hw/mb_usb_hdmi_top.xsa
TRACE::2024-10-23.00:24:22::SCWPlatform:: Unique name xilinx:::0.0
TRACE::2024-10-23.00:24:22::SCWPlatform::Trying to set the existing hwdb with name mb_usb_hdmi_top_4
TRACE::2024-10-23.00:24:22::SCWPlatform::Opened existing hwdb mb_usb_hdmi_top_4
TRACE::2024-10-23.00:24:22::SCWPlatform::Found the Hw Db part of the input DSA
TRACE::2024-10-23.00:24:22::SCWMssOS::Checking the sw design at  C:/Users/Shane/Documents/Classes/ECE_385/Lab_6/lab_6/workspace/mb_usb_hdmi_top/microblaze_0/standalone_microblaze_0/bsp/system.mss
TRACE::2024-10-23.00:24:22::SCWMssOS::DEBUG:  swdes dump  C:/Users/Shane/Documents/Classes/ECE_385/Lab_6/lab_6/workspace/mb_usb_hdmi_top/microblaze_0/standalone_microblaze_0/bsp/system.mss|system||

TRACE::2024-10-23.00:24:22::SCWMssOS::Sw design exists and opened at  C:/Users/Shane/Documents/Classes/ECE_385/Lab_6/lab_6/workspace/mb_usb_hdmi_top/microblaze_0/standalone_microblaze_0/bsp/system.mss
TRACE::2024-10-23.00:24:22::SCWWriter::formatted JSON is {
	"platformName":	"mb_usb_hdmi_top",
	"sprVersion":	"2.0",
	"mode":	"gui",
	"dsaType":	"Fixed",
	"platformDesc":	"mb_usb_hdmi_top",
	"platHandOff":	"C:/Users/Shane/Documents/Classes/ECE_385/Lab_6/lab_6/mb_usb_hdmi_top.xsa",
	"platIntHandOff":	"<platformDir>/hw/mb_usb_hdmi_top.xsa",
	"deviceType":	"FPGA",
	"platIsPrebuiltAutogen":	"false",
	"platIsNoBootBsp":	"false",
	"hasFsblMakeHasChanges":	"false",
	"hasPmufwMakeHasChanges":	"false",
	"platPreBuiltFlag":	false,
	"platformSamplesDir":	"",
	"platActiveSys":	"mb_usb_hdmi_top",
	"systems":	[{
			"systemName":	"mb_usb_hdmi_top",
			"systemDesc":	"mb_usb_hdmi_top",
			"sysIsBootAutoGen":	"true",
			"systemDispName":	"mb_usb_hdmi_top",
			"sysActiveDom":	"standalone_microblaze_0",
			"sysDefaultDom":	"standalone_microblaze_0",
			"domains":	[{
					"domainName":	"standalone_microblaze_0",
					"domainDispName":	"standalone_microblaze_0",
					"domainDesc":	"standalone_microblaze_0",
					"processors":	"microblaze_0",
					"os":	"standalone",
					"sdxOs":	"standalone",
					"debugEnable":	"False",
					"domRuntimes":	["cpp"],
					"swRepo":	"",
					"mssOsVer":	"8.0",
					"mssFile":	"",
					"md5Digest":	"304529987e879521ca977c68d163f362",
					"compatibleApp":	"",
					"domType":	"mssDomain",
					"arch":	"32-bit",
					"appSettings":	{
						"appCompilerFlags":	"",
						"appLinkerFlags":	""
					},
					"addedLibs":	[],
					"libOptions":	{
						"libsContainingOptions":	[]
					},
					"prebuiltLibs":	{
						"prebuiltIncPath":	[],
						"prebuiltLibPath":	[]
					},
					"isolation":	{
					}
				}]
		}]
}
KEYINFO::2024-10-23.00:24:22::SCWPlatform::updated the xpfm file.
TRACE::2024-10-23.00:24:22::SCWPlatform::Trying to open the hw design at C:/Users/Shane/Documents/Classes/ECE_385/Lab_6/lab_6/workspace/mb_usb_hdmi_top/hw/mb_usb_hdmi_top.xsa
TRACE::2024-10-23.00:24:22::SCWPlatform::DSA given C:/Users/Shane/Documents/Classes/ECE_385/Lab_6/lab_6/workspace/mb_usb_hdmi_top/hw/mb_usb_hdmi_top.xsa
TRACE::2024-10-23.00:24:22::SCWPlatform::DSA absoulate path C:/Users/Shane/Documents/Classes/ECE_385/Lab_6/lab_6/workspace/mb_usb_hdmi_top/hw/mb_usb_hdmi_top.xsa
TRACE::2024-10-23.00:24:22::SCWPlatform::DSA directory C:/Users/Shane/Documents/Classes/ECE_385/Lab_6/lab_6/workspace/mb_usb_hdmi_top/hw
TRACE::2024-10-23.00:24:22::SCWPlatform:: Platform Path C:/Users/Shane/Documents/Classes/ECE_385/Lab_6/lab_6/workspace/mb_usb_hdmi_top/hw/mb_usb_hdmi_top.xsa
TRACE::2024-10-23.00:24:22::SCWPlatform:: Unique name xilinx:::0.0
TRACE::2024-10-23.00:24:22::SCWPlatform::Trying to set the existing hwdb with name mb_usb_hdmi_top_4
TRACE::2024-10-23.00:24:22::SCWPlatform::Opened existing hwdb mb_usb_hdmi_top_4
TRACE::2024-10-23.00:24:22::SCWPlatform::Found the Hw Db part of the input DSA
TRACE::2024-10-23.00:24:22::SCWMssOS::Checking the sw design at  C:/Users/Shane/Documents/Classes/ECE_385/Lab_6/lab_6/workspace/mb_usb_hdmi_top/microblaze_0/standalone_microblaze_0/bsp/system.mss
TRACE::2024-10-23.00:24:22::SCWMssOS::DEBUG:  swdes dump  C:/Users/Shane/Documents/Classes/ECE_385/Lab_6/lab_6/workspace/mb_usb_hdmi_top/microblaze_0/standalone_microblaze_0/bsp/system.mss|system||

TRACE::2024-10-23.00:24:22::SCWMssOS::Sw design exists and opened at  C:/Users/Shane/Documents/Classes/ECE_385/Lab_6/lab_6/workspace/mb_usb_hdmi_top/microblaze_0/standalone_microblaze_0/bsp/system.mss
TRACE::2024-10-23.00:40:35::SCWMssOS::cleaning the bsp 
TRACE::2024-10-23.00:40:35::SCWMssOS::System Command Ran  C: & cd  C:/Users/Shane/Documents/Classes/ECE_385/Lab_6/lab_6/workspace/mb_usb_hdmi_top/microblaze_0/standalone_microblaze_0/bsp & make clean 
TRACE::2024-10-23.00:40:35::SCWMssOS::make -C microblaze_0/libsrc/bram_v4_8/src -s clean 

TRACE::2024-10-23.00:40:36::SCWMssOS::make -C microblaze_0/libsrc/cpu_v2_16/src -s clean 

TRACE::2024-10-23.00:40:36::SCWMssOS::make -C microblaze_0/libsrc/gpio_v4_9/src -s clean 

TRACE::2024-10-23.00:40:36::SCWMssOS::make -C microblaze_0/libsrc/intc_v3_15/src -s clean 

TRACE::2024-10-23.00:40:36::SCWMssOS::make -C microblaze_0/libsrc/spi_v4_9/src -s clean 

TRACE::2024-10-23.00:40:36::SCWMssOS::make -C microblaze_0/libsrc/standalone_v8_0/src -s clean 

TRACE::2024-10-23.00:40:36::SCWMssOS::make -C microblaze_0/libsrc/tmrctr_v4_9/src -s clean 

TRACE::2024-10-23.00:40:36::SCWMssOS::make -C microblaze_0/libsrc/uartlite_v3_7/src -s clean 

TRACE::2024-10-23.00:40:36::SCWMssOS::rm -f microblaze_0/lib/libxil.a

LOG::2024-10-23.00:40:39::SCWPlatform::Started generating the artifacts platform mb_usb_hdmi_top
TRACE::2024-10-23.00:40:39::SCWPlatform::Sanity checking of platform is completed
LOG::2024-10-23.00:40:39::SCWPlatform::Started generating the artifacts for system configuration mb_usb_hdmi_top
LOG::2024-10-23.00:40:39::SCWSystem::Checking the domain standalone_microblaze_0
LOG::2024-10-23.00:40:39::SCWSystem::Not a boot domain 
LOG::2024-10-23.00:40:39::SCWSystem::Started Processing the domain standalone_microblaze_0
TRACE::2024-10-23.00:40:39::SCWDomain::Generating domain artifcats
TRACE::2024-10-23.00:40:39::SCWMssOS::Generating standalone artifcats
TRACE::2024-10-23.00:40:39::SCWMssOS:: Copying the user libraries. 
TRACE::2024-10-23.00:40:39::SCWPlatform::Trying to open the hw design at C:/Users/Shane/Documents/Classes/ECE_385/Lab_6/lab_6/workspace/mb_usb_hdmi_top/hw/mb_usb_hdmi_top.xsa
TRACE::2024-10-23.00:40:39::SCWPlatform::DSA given C:/Users/Shane/Documents/Classes/ECE_385/Lab_6/lab_6/workspace/mb_usb_hdmi_top/hw/mb_usb_hdmi_top.xsa
TRACE::2024-10-23.00:40:39::SCWPlatform::DSA absoulate path C:/Users/Shane/Documents/Classes/ECE_385/Lab_6/lab_6/workspace/mb_usb_hdmi_top/hw/mb_usb_hdmi_top.xsa
TRACE::2024-10-23.00:40:39::SCWPlatform::DSA directory C:/Users/Shane/Documents/Classes/ECE_385/Lab_6/lab_6/workspace/mb_usb_hdmi_top/hw
TRACE::2024-10-23.00:40:39::SCWPlatform:: Platform Path C:/Users/Shane/Documents/Classes/ECE_385/Lab_6/lab_6/workspace/mb_usb_hdmi_top/hw/mb_usb_hdmi_top.xsa
TRACE::2024-10-23.00:40:39::SCWPlatform:: Unique name xilinx:::0.0
TRACE::2024-10-23.00:40:39::SCWPlatform::Trying to set the existing hwdb with name mb_usb_hdmi_top_4
TRACE::2024-10-23.00:40:39::SCWPlatform::Opened existing hwdb mb_usb_hdmi_top_4
TRACE::2024-10-23.00:40:39::SCWPlatform::Found the Hw Db part of the input DSA
TRACE::2024-10-23.00:40:39::SCWMssOS::Checking the sw design at  C:/Users/Shane/Documents/Classes/ECE_385/Lab_6/lab_6/workspace/mb_usb_hdmi_top/microblaze_0/standalone_microblaze_0/bsp/system.mss
TRACE::2024-10-23.00:40:39::SCWMssOS::DEBUG:  swdes dump  C:/Users/Shane/Documents/Classes/ECE_385/Lab_6/lab_6/workspace/mb_usb_hdmi_top/microblaze_0/standalone_microblaze_0/bsp/system.mss|system||

TRACE::2024-10-23.00:40:39::SCWMssOS::Sw design exists and opened at  C:/Users/Shane/Documents/Classes/ECE_385/Lab_6/lab_6/workspace/mb_usb_hdmi_top/microblaze_0/standalone_microblaze_0/bsp/system.mss
TRACE::2024-10-23.00:40:39::SCWMssOS::Completed writing the mss file at C:/Users/Shane/Documents/Classes/ECE_385/Lab_6/lab_6/workspace/mb_usb_hdmi_top/microblaze_0/standalone_microblaze_0/bsp
TRACE::2024-10-23.00:40:39::SCWMssOS::Mss edits present, copying mssfile into export location C:/Users/Shane/Documents/Classes/ECE_385/Lab_6/lab_6/workspace/mb_usb_hdmi_top/microblaze_0/standalone_microblaze_0/bsp/system.mss
TRACE::2024-10-23.00:40:39::SCWMssOS::bsp generated is upto date with the mss file. Skipping bsp generation.
TRACE::2024-10-23.00:40:39::SCWMssOS::BSP is already built. skipping the bsp build ... 
TRACE::2024-10-23.00:40:39::SCWDomain::Building the domain as part of full build :  standalone_microblaze_0
TRACE::2024-10-23.00:40:39::SCWMssOS::doing bsp build ... 
TRACE::2024-10-23.00:40:39::SCWMssOS::System Command Ran  C: & cd  C:/Users/Shane/Documents/Classes/ECE_385/Lab_6/lab_6/workspace/mb_usb_hdmi_top/microblaze_0/standalone_microblaze_0/bsp & make 
TRACE::2024-10-23.00:40:39::SCWMssOS::make --no-print-directory seq_libs

TRACE::2024-10-23.00:40:39::SCWMssOS::'Finished building libraries sequentially.'

TRACE::2024-10-23.00:40:39::SCWMssOS::make -j 6 --no-print-directory par_libs

TRACE::2024-10-23.00:40:39::SCWMssOS::"Running Make include in microblaze_0/libsrc/bram_v4_8/src"

TRACE::2024-10-23.00:40:39::SCWMssOS::make -C microblaze_0/libsrc/bram_v4_8/src -s include  "SHELL=CMD" "COMPILER=mb-gcc" "ASSEMBLER=mb-as" "ARCHIVER=mb-ar" "COMPILE
TRACE::2024-10-23.00:40:39::SCWMssOS::R_FLAGS=  -O2 -c -mcpu=v11.0 -mlittle-endian -mno-xl-reorder -mno-xl-soft-mul -mxl-barrel-shift -mxl-pattern-compare" "EXTRA_CO
TRACE::2024-10-23.00:40:39::SCWMssOS::MPILER_FLAGS=-g -ffunction-sections -fdata-sections -Wall -Wextra -fno-tree-loop-distribute-patterns"

TRACE::2024-10-23.00:40:39::SCWMssOS::"Running Make include in microblaze_0/libsrc/cpu_v2_16/src"

TRACE::2024-10-23.00:40:39::SCWMssOS::make -C microblaze_0/libsrc/cpu_v2_16/src -s include  "SHELL=CMD" "COMPILER=mb-gcc" "ASSEMBLER=mb-as" "ARCHIVER=mb-ar" "COMPILE
TRACE::2024-10-23.00:40:39::SCWMssOS::R_FLAGS=  -O2 -c -mcpu=v11.0 -mlittle-endian -mno-xl-reorder -mno-xl-soft-mul -mxl-barrel-shift -mxl-pattern-compare" "EXTRA_CO
TRACE::2024-10-23.00:40:39::SCWMssOS::MPILER_FLAGS=-g -ffunction-sections -fdata-sections -Wall -Wextra -fno-tree-loop-distribute-patterns"

TRACE::2024-10-23.00:40:39::SCWMssOS::"Running Make include in microblaze_0/libsrc/gpio_v4_9/src"

TRACE::2024-10-23.00:40:39::SCWMssOS::make -C microblaze_0/libsrc/gpio_v4_9/src -s include  "SHELL=CMD" "COMPILER=mb-gcc" "ASSEMBLER=mb-as" "ARCHIVER=mb-ar" "COMPILE
TRACE::2024-10-23.00:40:39::SCWMssOS::R_FLAGS=  -O2 -c -mcpu=v11.0 -mlittle-endian -mno-xl-reorder -mno-xl-soft-mul -mxl-barrel-shift -mxl-pattern-compare" "EXTRA_CO
TRACE::2024-10-23.00:40:39::SCWMssOS::MPILER_FLAGS=-g -ffunction-sections -fdata-sections -Wall -Wextra -fno-tree-loop-distribute-patterns"

TRACE::2024-10-23.00:40:39::SCWMssOS::"Running Make include in microblaze_0/libsrc/intc_v3_15/src"

TRACE::2024-10-23.00:40:39::SCWMssOS::make -C microblaze_0/libsrc/intc_v3_15/src -s include  "SHELL=CMD" "COMPILER=mb-gcc" "ASSEMBLER=mb-as" "ARCHIVER=mb-ar" "COMPIL
TRACE::2024-10-23.00:40:39::SCWMssOS::ER_FLAGS=  -O2 -c -mcpu=v11.0 -mlittle-endian -mno-xl-reorder -mno-xl-soft-mul -mxl-barrel-shift -mxl-pattern-compare" "EXTRA_C
TRACE::2024-10-23.00:40:39::SCWMssOS::OMPILER_FLAGS=-g -ffunction-sections -fdata-sections -Wall -Wextra -fno-tree-loop-distribute-patterns"

TRACE::2024-10-23.00:40:39::SCWMssOS::"Running Make include in microblaze_0/libsrc/spi_v4_9/src"

TRACE::2024-10-23.00:40:39::SCWMssOS::make -C microblaze_0/libsrc/spi_v4_9/src -s include  "SHELL=CMD" "COMPILER=mb-gcc" "ASSEMBLER=mb-as" "ARCHIVER=mb-ar" "COMPILER
TRACE::2024-10-23.00:40:39::SCWMssOS::_FLAGS=  -O2 -c -mcpu=v11.0 -mlittle-endian -mno-xl-reorder -mno-xl-soft-mul -mxl-barrel-shift -mxl-pattern-compare" "EXTRA_COM
TRACE::2024-10-23.00:40:39::SCWMssOS::PILER_FLAGS=-g -ffunction-sections -fdata-sections -Wall -Wextra -fno-tree-loop-distribute-patterns"

TRACE::2024-10-23.00:40:39::SCWMssOS::"Running Make include in microblaze_0/libsrc/standalone_v8_0/src"

TRACE::2024-10-23.00:40:40::SCWMssOS::make -C microblaze_0/libsrc/standalone_v8_0/src -s include  "SHELL=CMD" "COMPILER=mb-gcc" "ASSEMBLER=mb-as" "ARCHIVER=mb-ar" "C
TRACE::2024-10-23.00:40:40::SCWMssOS::OMPILER_FLAGS=  -O2 -c -mcpu=v11.0 -mlittle-endian -mno-xl-reorder -mno-xl-soft-mul -mxl-barrel-shift -mxl-pattern-compare" "EX
TRACE::2024-10-23.00:40:40::SCWMssOS::TRA_COMPILER_FLAGS=-g -ffunction-sections -fdata-sections -Wall -Wextra -fno-tree-loop-distribute-patterns"

TRACE::2024-10-23.00:40:40::SCWMssOS::"Running Make include in microblaze_0/libsrc/tmrctr_v4_9/src"

TRACE::2024-10-23.00:40:40::SCWMssOS::make -C microblaze_0/libsrc/tmrctr_v4_9/src -s include  "SHELL=CMD" "COMPILER=mb-gcc" "ASSEMBLER=mb-as" "ARCHIVER=mb-ar" "COMPI
TRACE::2024-10-23.00:40:40::SCWMssOS::LER_FLAGS=  -O2 -c -mcpu=v11.0 -mlittle-endian -mno-xl-reorder -mno-xl-soft-mul -mxl-barrel-shift -mxl-pattern-compare" "EXTRA_
TRACE::2024-10-23.00:40:40::SCWMssOS::COMPILER_FLAGS=-g -ffunction-sections -fdata-sections -Wall -Wextra -fno-tree-loop-distribute-patterns"

TRACE::2024-10-23.00:40:40::SCWMssOS::"Running Make include in microblaze_0/libsrc/uartlite_v3_7/src"

TRACE::2024-10-23.00:40:40::SCWMssOS::make -C microblaze_0/libsrc/uartlite_v3_7/src -s include  "SHELL=CMD" "COMPILER=mb-gcc" "ASSEMBLER=mb-as" "ARCHIVER=mb-ar" "COM
TRACE::2024-10-23.00:40:40::SCWMssOS::PILER_FLAGS=  -O2 -c -mcpu=v11.0 -mlittle-endian -mno-xl-reorder -mno-xl-soft-mul -mxl-barrel-shift -mxl-pattern-compare" "EXTR
TRACE::2024-10-23.00:40:40::SCWMssOS::A_COMPILER_FLAGS=-g -ffunction-sections -fdata-sections -Wall -Wextra -fno-tree-loop-distribute-patterns"

TRACE::2024-10-23.00:40:40::SCWMssOS::"Running Make libs in microblaze_0/libsrc/bram_v4_8/src"

TRACE::2024-10-23.00:40:40::SCWMssOS::make -C microblaze_0/libsrc/bram_v4_8/src -s libs  "SHELL=CMD" "COMPILER=mb-gcc" "ASSEMBLER=mb-as" "ARCHIVER=mb-ar" "COMPILER_F
TRACE::2024-10-23.00:40:40::SCWMssOS::LAGS=  -O2 -c -mcpu=v11.0 -mlittle-endian -mno-xl-reorder -mno-xl-soft-mul -mxl-barrel-shift -mxl-pattern-compare" "EXTRA_COMPI
TRACE::2024-10-23.00:40:40::SCWMssOS::LER_FLAGS=-g -ffunction-sections -fdata-sections -Wall -Wextra -fno-tree-loop-distribute-patterns"

TRACE::2024-10-23.00:40:40::SCWMssOS::"Running Make libs in microblaze_0/libsrc/cpu_v2_16/src"

TRACE::2024-10-23.00:40:40::SCWMssOS::make -C microblaze_0/libsrc/cpu_v2_16/src -s libs  "SHELL=CMD" "COMPILER=mb-gcc" "ASSEMBLER=mb-as" "ARCHIVER=mb-ar" "COMPILER_F
TRACE::2024-10-23.00:40:40::SCWMssOS::LAGS=  -O2 -c -mcpu=v11.0 -mlittle-endian -mno-xl-reorder -mno-xl-soft-mul -mxl-barrel-shift -mxl-pattern-compare" "EXTRA_COMPI
TRACE::2024-10-23.00:40:40::SCWMssOS::LER_FLAGS=-g -ffunction-sections -fdata-sections -Wall -Wextra -fno-tree-loop-distribute-patterns"

TRACE::2024-10-23.00:40:40::SCWMssOS::"Running Make libs in microblaze_0/libsrc/gpio_v4_9/src"

TRACE::2024-10-23.00:40:40::SCWMssOS::make -C microblaze_0/libsrc/gpio_v4_9/src -s libs  "SHELL=CMD" "COMPILER=mb-gcc" "ASSEMBLER=mb-as" "ARCHIVER=mb-ar" "COMPILER_F
TRACE::2024-10-23.00:40:40::SCWMssOS::LAGS=  -O2 -c -mcpu=v11.0 -mlittle-endian -mno-xl-reorder -mno-xl-soft-mul -mxl-barrel-shift -mxl-pattern-compare" "EXTRA_COMPI
TRACE::2024-10-23.00:40:40::SCWMssOS::LER_FLAGS=-g -ffunction-sections -fdata-sections -Wall -Wextra -fno-tree-loop-distribute-patterns"

TRACE::2024-10-23.00:40:40::SCWMssOS::"Running Make libs in microblaze_0/libsrc/intc_v3_15/src"

TRACE::2024-10-23.00:40:40::SCWMssOS::make -C microblaze_0/libsrc/intc_v3_15/src -s libs  "SHELL=CMD" "COMPILER=mb-gcc" "ASSEMBLER=mb-as" "ARCHIVER=mb-ar" "COMPILER_
TRACE::2024-10-23.00:40:40::SCWMssOS::FLAGS=  -O2 -c -mcpu=v11.0 -mlittle-endian -mno-xl-reorder -mno-xl-soft-mul -mxl-barrel-shift -mxl-pattern-compare" "EXTRA_COMP
TRACE::2024-10-23.00:40:40::SCWMssOS::ILER_FLAGS=-g -ffunction-sections -fdata-sections -Wall -Wextra -fno-tree-loop-distribute-patterns"

TRACE::2024-10-23.00:40:40::SCWMssOS::"Running Make libs in microblaze_0/libsrc/spi_v4_9/src"

TRACE::2024-10-23.00:40:40::SCWMssOS::make -C microblaze_0/libsrc/spi_v4_9/src -s libs  "SHELL=CMD" "COMPILER=mb-gcc" "ASSEMBLER=mb-as" "ARCHIVER=mb-ar" "COMPILER_FL
TRACE::2024-10-23.00:40:40::SCWMssOS::AGS=  -O2 -c -mcpu=v11.0 -mlittle-endian -mno-xl-reorder -mno-xl-soft-mul -mxl-barrel-shift -mxl-pattern-compare" "EXTRA_COMPIL
TRACE::2024-10-23.00:40:40::SCWMssOS::ER_FLAGS=-g -ffunction-sections -fdata-sections -Wall -Wextra -fno-tree-loop-distribute-patterns"

TRACE::2024-10-23.00:40:40::SCWMssOS::"Running Make libs in microblaze_0/libsrc/standalone_v8_0/src"

TRACE::2024-10-23.00:40:40::SCWMssOS::make -C microblaze_0/libsrc/standalone_v8_0/src -s libs  "SHELL=CMD" "COMPILER=mb-gcc" "ASSEMBLER=mb-as" "ARCHIVER=mb-ar" "COMP
TRACE::2024-10-23.00:40:40::SCWMssOS::ILER_FLAGS=  -O2 -c -mcpu=v11.0 -mlittle-endian -mno-xl-reorder -mno-xl-soft-mul -mxl-barrel-shift -mxl-pattern-compare" "EXTRA
TRACE::2024-10-23.00:40:40::SCWMssOS::_COMPILER_FLAGS=-g -ffunction-sections -fdata-sections -Wall -Wextra -fno-tree-loop-distribute-patterns"

TRACE::2024-10-23.00:40:41::SCWMssOS::"Running Make libs in microblaze_0/libsrc/tmrctr_v4_9/src"

TRACE::2024-10-23.00:40:41::SCWMssOS::make -C microblaze_0/libsrc/tmrctr_v4_9/src -s libs  "SHELL=CMD" "COMPILER=mb-gcc" "ASSEMBLER=mb-as" "ARCHIVER=mb-ar" "COMPILER
TRACE::2024-10-23.00:40:41::SCWMssOS::_FLAGS=  -O2 -c -mcpu=v11.0 -mlittle-endian -mno-xl-reorder -mno-xl-soft-mul -mxl-barrel-shift -mxl-pattern-compare" "EXTRA_COM
TRACE::2024-10-23.00:40:41::SCWMssOS::PILER_FLAGS=-g -ffunction-sections -fdata-sections -Wall -Wextra -fno-tree-loop-distribute-patterns"

TRACE::2024-10-23.00:40:41::SCWMssOS::"Running Make libs in microblaze_0/libsrc/uartlite_v3_7/src"

TRACE::2024-10-23.00:40:41::SCWMssOS::make -C microblaze_0/libsrc/uartlite_v3_7/src -s libs  "SHELL=CMD" "COMPILER=mb-gcc" "ASSEMBLER=mb-as" "ARCHIVER=mb-ar" "COMPIL
TRACE::2024-10-23.00:40:41::SCWMssOS::ER_FLAGS=  -O2 -c -mcpu=v11.0 -mlittle-endian -mno-xl-reorder -mno-xl-soft-mul -mxl-barrel-shift -mxl-pattern-compare" "EXTRA_C
TRACE::2024-10-23.00:40:41::SCWMssOS::OMPILER_FLAGS=-g -ffunction-sections -fdata-sections -Wall -Wextra -fno-tree-loop-distribute-patterns"

TRACE::2024-10-23.00:40:44::SCWMssOS::"DEBUG NON_LTO_OBJECTS is ../../../lib/microblaze_interrupt_handler.o"

TRACE::2024-10-23.00:40:44::SCWMssOS::'Finished building libraries parallelly.'

TRACE::2024-10-23.00:40:44::SCWMssOS::make --no-print-directory archive

TRACE::2024-10-23.00:40:44::SCWMssOS::mb-ar -r  microblaze_0/lib/libxil.a microblaze_0/lib/_exit.o microblaze_0/lib/errno.o microblaze_0/lib/fcntl.o microblaze_0/lib
TRACE::2024-10-23.00:40:44::SCWMssOS::/hw_exception_handler.o microblaze_0/lib/inbyte.o microblaze_0/lib/microblaze_disable_dcache.o microblaze_0/lib/microblaze_disa
TRACE::2024-10-23.00:40:44::SCWMssOS::ble_exceptions.o microblaze_0/lib/microblaze_disable_icache.o microblaze_0/lib/microblaze_disable_interrupts.o microblaze_0/lib
TRACE::2024-10-23.00:40:44::SCWMssOS::/microblaze_enable_dcache.o microblaze_0/lib/microblaze_enable_exceptions.o microblaze_0/lib/microblaze_enable_icache.o microbl
TRACE::2024-10-23.00:40:44::SCWMssOS::aze_0/lib/microblaze_enable_interrupts.o microblaze_0/lib/microblaze_exception_handler.o microblaze_0/lib/microblaze_flush_cach
TRACE::2024-10-23.00:40:44::SCWMssOS::e_ext.o microblaze_0/lib/microblaze_flush_cache_ext_range.o microblaze_0/lib/microblaze_flush_dcache.o microblaze_0/lib/microbl
TRACE::2024-10-23.00:40:44::SCWMssOS::aze_flush_dcache_range.o microblaze_0/lib/microblaze_init_dcache_range.o microblaze_0/lib/microblaze_init_icache_range.o microb
TRACE::2024-10-23.00:40:44::SCWMssOS::laze_0/lib/microblaze_interrupt_handler.o microblaze_0/lib/microblaze_interrupts_g.o microblaze_0/lib/microblaze_invalidate_cac
TRACE::2024-10-23.00:40:44::SCWMssOS::he_ext.o microblaze_0/lib/microblaze_invalidate_cache_ext_range.o microblaze_0/lib/microblaze_invalidate_dcache.o microblaze_0/
TRACE::2024-10-23.00:40:44::SCWMssOS::lib/microblaze_invalidate_dcache_range.o microblaze_0/lib/microblaze_invalidate_icache.o microblaze_0/lib/microblaze_invalidate
TRACE::2024-10-23.00:40:44::SCWMssOS::_icache_range.o microblaze_0/lib/microblaze_scrub.o microblaze_0/lib/microblaze_selftest.o microblaze_0/lib/microblaze_sleep.o 
TRACE::2024-10-23.00:40:44::SCWMssOS::microblaze_0/lib/microblaze_update_dcache.o microblaze_0/lib/microblaze_update_icache.o microblaze_0/lib/outbyte.o microblaze_0
TRACE::2024-10-23.00:40:44::SCWMssOS::/lib/print.o microblaze_0/lib/pvr.o microblaze_0/lib/xbram.o microblaze_0/lib/xbram_g.o microblaze_0/lib/xbram_intr.o microblaz
TRACE::2024-10-23.00:40:44::SCWMssOS::e_0/lib/xbram_selftest.o microblaze_0/lib/xbram_sinit.o microblaze_0/lib/xgpio.o microblaze_0/lib/xgpio_extra.o microblaze_0/li
TRACE::2024-10-23.00:40:44::SCWMssOS::b/xgpio_g.o microblaze_0/lib/xgpio_intr.o microblaze_0/lib/xgpio_selftest.o microblaze_0/lib/xgpio_sinit.o microblaze_0/lib/xil
TRACE::2024-10-23.00:40:44::SCWMssOS::_assert.o microblaze_0/lib/xil_cache.o microblaze_0/lib/xil_clocking.o microblaze_0/lib/xil_exception.o microblaze_0/lib/xil_me
TRACE::2024-10-23.00:40:44::SCWMssOS::m.o microblaze_0/lib/xil_misc_psreset_api.o microblaze_0/lib/xil_printf.o microblaze_0/lib/xil_sleepcommon.o microblaze_0/lib/x
TRACE::2024-10-23.00:40:44::SCWMssOS::il_testcache.o microblaze_0/lib/xil_testio.o microblaze_0/lib/xil_testmem.o microblaze_0/lib/xil_util.o microblaze_0/lib/xintc.
TRACE::2024-10-23.00:40:44::SCWMssOS::o microblaze_0/lib/xintc_g.o microblaze_0/lib/xintc_intr.o microblaze_0/lib/xintc_l.o microblaze_0/lib/xintc_options.o microbla
TRACE::2024-10-23.00:40:44::SCWMssOS::ze_0/lib/xintc_selftest.o microblaze_0/lib/xinterrupt_wrap.o microblaze_0/lib/xio.o microblaze_0/lib/xplatform_info.o microblaz
TRACE::2024-10-23.00:40:44::SCWMssOS::e_0/lib/xspi.o microblaze_0/lib/xspi_g.o microblaze_0/lib/xspi_options.o microblaze_0/lib/xspi_selftest.o microblaze_0/lib/xspi
TRACE::2024-10-23.00:40:44::SCWMssOS::_sinit.o microblaze_0/lib/xspi_stats.o microblaze_0/lib/xtmrctr.o microblaze_0/lib/xtmrctr_g.o microblaze_0/lib/xtmrctr_intr.o 
TRACE::2024-10-23.00:40:44::SCWMssOS::microblaze_0/lib/xtmrctr_l.o microblaze_0/lib/xtmrctr_options.o microblaze_0/lib/xtmrctr_selftest.o microblaze_0/lib/xtmrctr_si
TRACE::2024-10-23.00:40:44::SCWMssOS::nit.o microblaze_0/lib/xtmrctr_stats.o microblaze_0/lib/xuartlite.o microblaze_0/lib/xuartlite_g.o microblaze_0/lib/xuartlite_i
TRACE::2024-10-23.00:40:44::SCWMssOS::ntr.o microblaze_0/lib/xuartlite_l.o microblaze_0/lib/xuartlite_selftest.o microblaze_0/lib/xuartlite_sinit.o microblaze_0/lib/
TRACE::2024-10-23.00:40:44::SCWMssOS::xuartlite_stats.o

TRACE::2024-10-23.00:40:44::SCWMssOS::'Finished building libraries'

TRACE::2024-10-23.00:40:45::SCWMssOS::Copying to export directory.
TRACE::2024-10-23.00:40:45::SCWMssOS:: Checking if to create the Supporting Applications
TRACE::2024-10-23.00:40:45::SCWMssOS:: No Linux domain exists, trying to generate FSBL 
LOG::2024-10-23.00:40:45::SCWSystem::Completed Processing the domain standalone_microblaze_0
LOG::2024-10-23.00:40:45::SCWSystem::Completed Processing the sysconfig mb_usb_hdmi_top
LOG::2024-10-23.00:40:45::SCWPlatform::Completed generating the artifacts for system configuration mb_usb_hdmi_top
TRACE::2024-10-23.00:40:45::SCWPlatform::Started preparing the platform 
TRACE::2024-10-23.00:40:45::SCWSystem::Writing the bif file for system config mb_usb_hdmi_top
TRACE::2024-10-23.00:40:45::SCWSystem::dir created 
TRACE::2024-10-23.00:40:45::SCWSystem::Writing the bif 
TRACE::2024-10-23.00:40:45::SCWPlatform::Started writing the spfm file 
TRACE::2024-10-23.00:40:45::SCWPlatform::Started writing the xpfm file 
TRACE::2024-10-23.00:40:45::SCWPlatform::Completed generating the platform
TRACE::2024-10-23.00:40:45::SCWMssOS::Saving the mss changes C:/Users/Shane/Documents/Classes/ECE_385/Lab_6/lab_6/workspace/mb_usb_hdmi_top/microblaze_0/standalone_microblaze_0/bsp/system.mss
TRACE::2024-10-23.00:40:45::SCWMssOS::Found a swdesign opened with the mssfile.
TRACE::2024-10-23.00:40:45::SCWMssOS::Completed writemss as part of save.
TRACE::2024-10-23.00:40:45::SCWMssOS::Commit changes completed.
TRACE::2024-10-23.00:40:45::SCWPlatform::Trying to open the hw design at C:/Users/Shane/Documents/Classes/ECE_385/Lab_6/lab_6/workspace/mb_usb_hdmi_top/hw/mb_usb_hdmi_top.xsa
TRACE::2024-10-23.00:40:45::SCWPlatform::DSA given C:/Users/Shane/Documents/Classes/ECE_385/Lab_6/lab_6/workspace/mb_usb_hdmi_top/hw/mb_usb_hdmi_top.xsa
TRACE::2024-10-23.00:40:45::SCWPlatform::DSA absoulate path C:/Users/Shane/Documents/Classes/ECE_385/Lab_6/lab_6/workspace/mb_usb_hdmi_top/hw/mb_usb_hdmi_top.xsa
TRACE::2024-10-23.00:40:45::SCWPlatform::DSA directory C:/Users/Shane/Documents/Classes/ECE_385/Lab_6/lab_6/workspace/mb_usb_hdmi_top/hw
TRACE::2024-10-23.00:40:45::SCWPlatform:: Platform Path C:/Users/Shane/Documents/Classes/ECE_385/Lab_6/lab_6/workspace/mb_usb_hdmi_top/hw/mb_usb_hdmi_top.xsa
TRACE::2024-10-23.00:40:45::SCWPlatform:: Unique name xilinx:::0.0
TRACE::2024-10-23.00:40:45::SCWPlatform::Trying to set the existing hwdb with name mb_usb_hdmi_top_4
TRACE::2024-10-23.00:40:45::SCWPlatform::Opened existing hwdb mb_usb_hdmi_top_4
TRACE::2024-10-23.00:40:45::SCWPlatform::Found the Hw Db part of the input DSA
TRACE::2024-10-23.00:40:45::SCWMssOS::Checking the sw design at  C:/Users/Shane/Documents/Classes/ECE_385/Lab_6/lab_6/workspace/mb_usb_hdmi_top/microblaze_0/standalone_microblaze_0/bsp/system.mss
TRACE::2024-10-23.00:40:45::SCWMssOS::DEBUG:  swdes dump  C:/Users/Shane/Documents/Classes/ECE_385/Lab_6/lab_6/workspace/mb_usb_hdmi_top/microblaze_0/standalone_microblaze_0/bsp/system.mss|system||

TRACE::2024-10-23.00:40:45::SCWMssOS::Sw design exists and opened at  C:/Users/Shane/Documents/Classes/ECE_385/Lab_6/lab_6/workspace/mb_usb_hdmi_top/microblaze_0/standalone_microblaze_0/bsp/system.mss
TRACE::2024-10-23.00:40:45::SCWWriter::formatted JSON is {
	"platformName":	"mb_usb_hdmi_top",
	"sprVersion":	"2.0",
	"mode":	"gui",
	"dsaType":	"Fixed",
	"platformDesc":	"mb_usb_hdmi_top",
	"platHandOff":	"C:/Users/Shane/Documents/Classes/ECE_385/Lab_6/lab_6/mb_usb_hdmi_top.xsa",
	"platIntHandOff":	"<platformDir>/hw/mb_usb_hdmi_top.xsa",
	"deviceType":	"FPGA",
	"platIsPrebuiltAutogen":	"false",
	"platIsNoBootBsp":	"false",
	"hasFsblMakeHasChanges":	"false",
	"hasPmufwMakeHasChanges":	"false",
	"platPreBuiltFlag":	false,
	"platformSamplesDir":	"",
	"platActiveSys":	"mb_usb_hdmi_top",
	"systems":	[{
			"systemName":	"mb_usb_hdmi_top",
			"systemDesc":	"mb_usb_hdmi_top",
			"sysIsBootAutoGen":	"true",
			"systemDispName":	"mb_usb_hdmi_top",
			"sysActiveDom":	"standalone_microblaze_0",
			"sysDefaultDom":	"standalone_microblaze_0",
			"domains":	[{
					"domainName":	"standalone_microblaze_0",
					"domainDispName":	"standalone_microblaze_0",
					"domainDesc":	"standalone_microblaze_0",
					"processors":	"microblaze_0",
					"os":	"standalone",
					"sdxOs":	"standalone",
					"debugEnable":	"False",
					"domRuntimes":	["cpp"],
					"swRepo":	"",
					"mssOsVer":	"8.0",
					"mssFile":	"",
					"md5Digest":	"304529987e879521ca977c68d163f362",
					"compatibleApp":	"",
					"domType":	"mssDomain",
					"arch":	"32-bit",
					"appSettings":	{
						"appCompilerFlags":	"",
						"appLinkerFlags":	""
					},
					"addedLibs":	[],
					"libOptions":	{
						"libsContainingOptions":	[]
					},
					"prebuiltLibs":	{
						"prebuiltIncPath":	[],
						"prebuiltLibPath":	[]
					},
					"isolation":	{
					}
				}]
		}]
}
KEYINFO::2024-10-23.00:40:45::SCWPlatform::updated the xpfm file.
TRACE::2024-10-23.00:40:45::SCWPlatform::Trying to open the hw design at C:/Users/Shane/Documents/Classes/ECE_385/Lab_6/lab_6/workspace/mb_usb_hdmi_top/hw/mb_usb_hdmi_top.xsa
TRACE::2024-10-23.00:40:45::SCWPlatform::DSA given C:/Users/Shane/Documents/Classes/ECE_385/Lab_6/lab_6/workspace/mb_usb_hdmi_top/hw/mb_usb_hdmi_top.xsa
TRACE::2024-10-23.00:40:45::SCWPlatform::DSA absoulate path C:/Users/Shane/Documents/Classes/ECE_385/Lab_6/lab_6/workspace/mb_usb_hdmi_top/hw/mb_usb_hdmi_top.xsa
TRACE::2024-10-23.00:40:45::SCWPlatform::DSA directory C:/Users/Shane/Documents/Classes/ECE_385/Lab_6/lab_6/workspace/mb_usb_hdmi_top/hw
TRACE::2024-10-23.00:40:45::SCWPlatform:: Platform Path C:/Users/Shane/Documents/Classes/ECE_385/Lab_6/lab_6/workspace/mb_usb_hdmi_top/hw/mb_usb_hdmi_top.xsa
TRACE::2024-10-23.00:40:45::SCWPlatform:: Unique name xilinx:::0.0
TRACE::2024-10-23.00:40:45::SCWPlatform::Trying to set the existing hwdb with name mb_usb_hdmi_top_4
TRACE::2024-10-23.00:40:45::SCWPlatform::Opened existing hwdb mb_usb_hdmi_top_4
TRACE::2024-10-23.00:40:45::SCWPlatform::Found the Hw Db part of the input DSA
TRACE::2024-10-23.00:40:45::SCWMssOS::Checking the sw design at  C:/Users/Shane/Documents/Classes/ECE_385/Lab_6/lab_6/workspace/mb_usb_hdmi_top/microblaze_0/standalone_microblaze_0/bsp/system.mss
TRACE::2024-10-23.00:40:45::SCWMssOS::DEBUG:  swdes dump  C:/Users/Shane/Documents/Classes/ECE_385/Lab_6/lab_6/workspace/mb_usb_hdmi_top/microblaze_0/standalone_microblaze_0/bsp/system.mss|system||

TRACE::2024-10-23.00:40:45::SCWMssOS::Sw design exists and opened at  C:/Users/Shane/Documents/Classes/ECE_385/Lab_6/lab_6/workspace/mb_usb_hdmi_top/microblaze_0/standalone_microblaze_0/bsp/system.mss
TRACE::2024-10-23.00:55:47::SCWPlatform::Clearing the existing platform
TRACE::2024-10-23.00:55:47::SCWSystem::Clearing the existing sysconfig
TRACE::2024-10-23.00:55:47::SCWMssOS::Removing the swdes entry for  C:/Users/Shane/Documents/Classes/ECE_385/Lab_6/lab_6/workspace/mb_usb_hdmi_top/microblaze_0/standalone_microblaze_0/bsp/system.mss
TRACE::2024-10-23.00:55:47::SCWSystem::Clearing the domains completed.
TRACE::2024-10-23.00:55:47::SCWPlatform::Clearing the opened hw db.
TRACE::2024-10-23.00:55:47::SCWPlatform::DSA given C:/Users/Shane/Documents/Classes/ECE_385/Lab_6/lab_6/workspace/mb_usb_hdmi_top/hw/mb_usb_hdmi_top.xsa
TRACE::2024-10-23.00:55:47::SCWPlatform::DSA absoulate path C:/Users/Shane/Documents/Classes/ECE_385/Lab_6/lab_6/workspace/mb_usb_hdmi_top/hw/mb_usb_hdmi_top.xsa
TRACE::2024-10-23.00:55:47::SCWPlatform:: Platform location is C:/Users/Shane/Documents/Classes/ECE_385/Lab_6/lab_6/workspace/mb_usb_hdmi_top/hw
TRACE::2024-10-23.00:55:47::SCWPlatform:: Platform Path C:/Users/Shane/Documents/Classes/ECE_385/Lab_6/lab_6/workspace/mb_usb_hdmi_top/hw/mb_usb_hdmi_top.xsa
TRACE::2024-10-23.00:55:47::SCWPlatform:: Unique name xilinx:::0.0
TRACE::2024-10-23.00:55:47::SCWPlatform::Removing the HwDB with name C:/Users/Shane/Documents/Classes/ECE_385/Lab_6/lab_6/workspace/mb_usb_hdmi_top/hw/mb_usb_hdmi_top.xsa
TRACE::2024-10-23.00:55:47::SCWPlatform::Trying to open the hw design at C:/Users/Shane/Documents/Classes/ECE_385/Lab_6/lab_6/workspace/mb_usb_hdmi_top/hw/mb_usb_hdmi_top.xsa
TRACE::2024-10-23.00:55:47::SCWPlatform::DSA given C:/Users/Shane/Documents/Classes/ECE_385/Lab_6/lab_6/workspace/mb_usb_hdmi_top/hw/mb_usb_hdmi_top.xsa
TRACE::2024-10-23.00:55:47::SCWPlatform::DSA absoulate path C:/Users/Shane/Documents/Classes/ECE_385/Lab_6/lab_6/workspace/mb_usb_hdmi_top/hw/mb_usb_hdmi_top.xsa
TRACE::2024-10-23.00:55:47::SCWPlatform::DSA directory C:/Users/Shane/Documents/Classes/ECE_385/Lab_6/lab_6/workspace/mb_usb_hdmi_top/hw
TRACE::2024-10-23.00:55:47::SCWPlatform:: Platform Path C:/Users/Shane/Documents/Classes/ECE_385/Lab_6/lab_6/workspace/mb_usb_hdmi_top/hw/mb_usb_hdmi_top.xsa
TRACE::2024-10-23.00:55:47::SCWPlatform:: Unique name xilinx:::0.0
TRACE::2024-10-23.00:55:47::SCWPlatform::Do not have an existing db opened. 
TRACE::2024-10-23.00:55:48::SCWPlatform::Opened new HwDB with name mb_usb_hdmi_top_6
TRACE::2024-10-23.00:55:48::SCWReader::Active system found as  mb_usb_hdmi_top
TRACE::2024-10-23.00:55:48::SCWReader::Handling sysconfig mb_usb_hdmi_top
TRACE::2024-10-23.00:55:48::SCWDomain::checking for install qemu data   : 
TRACE::2024-10-23.00:55:48::SCWPlatform::Trying to open the hw design at C:/Users/Shane/Documents/Classes/ECE_385/Lab_6/lab_6/workspace/mb_usb_hdmi_top/hw/mb_usb_hdmi_top.xsa
TRACE::2024-10-23.00:55:48::SCWPlatform::DSA given C:/Users/Shane/Documents/Classes/ECE_385/Lab_6/lab_6/workspace/mb_usb_hdmi_top/hw/mb_usb_hdmi_top.xsa
TRACE::2024-10-23.00:55:48::SCWPlatform::DSA absoulate path C:/Users/Shane/Documents/Classes/ECE_385/Lab_6/lab_6/workspace/mb_usb_hdmi_top/hw/mb_usb_hdmi_top.xsa
TRACE::2024-10-23.00:55:48::SCWPlatform::DSA directory C:/Users/Shane/Documents/Classes/ECE_385/Lab_6/lab_6/workspace/mb_usb_hdmi_top/hw
TRACE::2024-10-23.00:55:48::SCWPlatform:: Platform Path C:/Users/Shane/Documents/Classes/ECE_385/Lab_6/lab_6/workspace/mb_usb_hdmi_top/hw/mb_usb_hdmi_top.xsa
TRACE::2024-10-23.00:55:48::SCWPlatform:: Unique name xilinx:::0.0
TRACE::2024-10-23.00:55:48::SCWPlatform::Trying to set the existing hwdb with name mb_usb_hdmi_top_6
TRACE::2024-10-23.00:55:48::SCWPlatform::Opened existing hwdb mb_usb_hdmi_top_6
TRACE::2024-10-23.00:55:48::SCWPlatform::Found the Hw Db part of the input DSA
TRACE::2024-10-23.00:55:48::SCWPlatform::Trying to open the hw design at C:/Users/Shane/Documents/Classes/ECE_385/Lab_6/lab_6/workspace/mb_usb_hdmi_top/hw/mb_usb_hdmi_top.xsa
TRACE::2024-10-23.00:55:48::SCWPlatform::DSA given C:/Users/Shane/Documents/Classes/ECE_385/Lab_6/lab_6/workspace/mb_usb_hdmi_top/hw/mb_usb_hdmi_top.xsa
TRACE::2024-10-23.00:55:48::SCWPlatform::DSA absoulate path C:/Users/Shane/Documents/Classes/ECE_385/Lab_6/lab_6/workspace/mb_usb_hdmi_top/hw/mb_usb_hdmi_top.xsa
TRACE::2024-10-23.00:55:48::SCWPlatform::DSA directory C:/Users/Shane/Documents/Classes/ECE_385/Lab_6/lab_6/workspace/mb_usb_hdmi_top/hw
TRACE::2024-10-23.00:55:48::SCWPlatform:: Platform Path C:/Users/Shane/Documents/Classes/ECE_385/Lab_6/lab_6/workspace/mb_usb_hdmi_top/hw/mb_usb_hdmi_top.xsa
TRACE::2024-10-23.00:55:48::SCWPlatform:: Unique name xilinx:::0.0
TRACE::2024-10-23.00:55:48::SCWPlatform::Trying to set the existing hwdb with name mb_usb_hdmi_top_6
TRACE::2024-10-23.00:55:48::SCWPlatform::Opened existing hwdb mb_usb_hdmi_top_6
TRACE::2024-10-23.00:55:48::SCWPlatform::Found the Hw Db part of the input DSA
TRACE::2024-10-23.00:55:48::SCWPlatform::Trying to open the hw design at C:/Users/Shane/Documents/Classes/ECE_385/Lab_6/lab_6/workspace/mb_usb_hdmi_top/hw/mb_usb_hdmi_top.xsa
TRACE::2024-10-23.00:55:48::SCWPlatform::DSA given C:/Users/Shane/Documents/Classes/ECE_385/Lab_6/lab_6/workspace/mb_usb_hdmi_top/hw/mb_usb_hdmi_top.xsa
TRACE::2024-10-23.00:55:48::SCWPlatform::DSA absoulate path C:/Users/Shane/Documents/Classes/ECE_385/Lab_6/lab_6/workspace/mb_usb_hdmi_top/hw/mb_usb_hdmi_top.xsa
TRACE::2024-10-23.00:55:48::SCWPlatform::DSA directory C:/Users/Shane/Documents/Classes/ECE_385/Lab_6/lab_6/workspace/mb_usb_hdmi_top/hw
TRACE::2024-10-23.00:55:48::SCWPlatform:: Platform Path C:/Users/Shane/Documents/Classes/ECE_385/Lab_6/lab_6/workspace/mb_usb_hdmi_top/hw/mb_usb_hdmi_top.xsa
TRACE::2024-10-23.00:55:48::SCWPlatform:: Unique name xilinx:::0.0
TRACE::2024-10-23.00:55:48::SCWPlatform::Trying to set the existing hwdb with name mb_usb_hdmi_top_6
TRACE::2024-10-23.00:55:48::SCWPlatform::Opened existing hwdb mb_usb_hdmi_top_6
TRACE::2024-10-23.00:55:48::SCWPlatform::Found the Hw Db part of the input DSA
TRACE::2024-10-23.00:55:48::SCWPlatform::Trying to open the hw design at C:/Users/Shane/Documents/Classes/ECE_385/Lab_6/lab_6/workspace/mb_usb_hdmi_top/hw/mb_usb_hdmi_top.xsa
TRACE::2024-10-23.00:55:48::SCWPlatform::DSA given C:/Users/Shane/Documents/Classes/ECE_385/Lab_6/lab_6/workspace/mb_usb_hdmi_top/hw/mb_usb_hdmi_top.xsa
TRACE::2024-10-23.00:55:48::SCWPlatform::DSA absoulate path C:/Users/Shane/Documents/Classes/ECE_385/Lab_6/lab_6/workspace/mb_usb_hdmi_top/hw/mb_usb_hdmi_top.xsa
TRACE::2024-10-23.00:55:48::SCWPlatform::DSA directory C:/Users/Shane/Documents/Classes/ECE_385/Lab_6/lab_6/workspace/mb_usb_hdmi_top/hw
TRACE::2024-10-23.00:55:48::SCWPlatform:: Platform Path C:/Users/Shane/Documents/Classes/ECE_385/Lab_6/lab_6/workspace/mb_usb_hdmi_top/hw/mb_usb_hdmi_top.xsa
TRACE::2024-10-23.00:55:48::SCWPlatform:: Unique name xilinx:::0.0
TRACE::2024-10-23.00:55:48::SCWPlatform::Trying to set the existing hwdb with name mb_usb_hdmi_top_6
TRACE::2024-10-23.00:55:48::SCWPlatform::Opened existing hwdb mb_usb_hdmi_top_6
TRACE::2024-10-23.00:55:48::SCWPlatform::Found the Hw Db part of the input DSA
TRACE::2024-10-23.00:55:48::SCWMssOS::Checking the sw design at  C:/Users/Shane/Documents/Classes/ECE_385/Lab_6/lab_6/workspace/mb_usb_hdmi_top/microblaze_0/standalone_microblaze_0/bsp/system.mss
TRACE::2024-10-23.00:55:48::SCWMssOS::DEBUG:  swdes dump  
TRACE::2024-10-23.00:55:48::SCWMssOS::No sw design opened at  C:/Users/Shane/Documents/Classes/ECE_385/Lab_6/lab_6/workspace/mb_usb_hdmi_top/microblaze_0/standalone_microblaze_0/bsp/system.mss
TRACE::2024-10-23.00:55:48::SCWMssOS::mss exists loading the mss file  C:/Users/Shane/Documents/Classes/ECE_385/Lab_6/lab_6/workspace/mb_usb_hdmi_top/microblaze_0/standalone_microblaze_0/bsp/system.mss
TRACE::2024-10-23.00:55:48::SCWMssOS::Opened the sw design from mss  C:/Users/Shane/Documents/Classes/ECE_385/Lab_6/lab_6/workspace/mb_usb_hdmi_top/microblaze_0/standalone_microblaze_0/bsp/system.mss
TRACE::2024-10-23.00:55:48::SCWMssOS::Adding the swdes entry C:/Users/Shane/Documents/Classes/ECE_385/Lab_6/lab_6/workspace/mb_usb_hdmi_top/microblaze_0/standalone_microblaze_0/bsp/system.mss with des name system
TRACE::2024-10-23.00:55:48::SCWMssOS::updating the scw layer about changes
TRACE::2024-10-23.00:55:48::SCWMssOS::Opened the sw design.  C:/Users/Shane/Documents/Classes/ECE_385/Lab_6/lab_6/workspace/mb_usb_hdmi_top/microblaze_0/standalone_microblaze_0/bsp/system.mss
TRACE::2024-10-23.00:55:48::SCWMssOS::Saving the mss changes C:/Users/Shane/Documents/Classes/ECE_385/Lab_6/lab_6/workspace/mb_usb_hdmi_top/microblaze_0/standalone_microblaze_0/bsp/system.mss
TRACE::2024-10-23.00:55:48::SCWMssOS::Found a swdesign opened with the mssfile.
TRACE::2024-10-23.00:55:48::SCWMssOS::Completed writemss as part of save.
TRACE::2024-10-23.00:55:48::SCWMssOS::Commit changes completed.
TRACE::2024-10-23.00:55:48::SCWReader::Adding prebuilt librarypaths as   
TRACE::2024-10-23.00:55:48::SCWReader::Adding prebuilt incpaths  as   
TRACE::2024-10-23.00:55:48::SCWPlatform::Trying to open the hw design at C:/Users/Shane/Documents/Classes/ECE_385/Lab_6/lab_6/workspace/mb_usb_hdmi_top/hw/mb_usb_hdmi_top.xsa
TRACE::2024-10-23.00:55:48::SCWPlatform::DSA given C:/Users/Shane/Documents/Classes/ECE_385/Lab_6/lab_6/workspace/mb_usb_hdmi_top/hw/mb_usb_hdmi_top.xsa
TRACE::2024-10-23.00:55:48::SCWPlatform::DSA absoulate path C:/Users/Shane/Documents/Classes/ECE_385/Lab_6/lab_6/workspace/mb_usb_hdmi_top/hw/mb_usb_hdmi_top.xsa
TRACE::2024-10-23.00:55:48::SCWPlatform::DSA directory C:/Users/Shane/Documents/Classes/ECE_385/Lab_6/lab_6/workspace/mb_usb_hdmi_top/hw
TRACE::2024-10-23.00:55:48::SCWPlatform:: Platform Path C:/Users/Shane/Documents/Classes/ECE_385/Lab_6/lab_6/workspace/mb_usb_hdmi_top/hw/mb_usb_hdmi_top.xsa
TRACE::2024-10-23.00:55:48::SCWPlatform:: Unique name xilinx:::0.0
TRACE::2024-10-23.00:55:48::SCWPlatform::Trying to set the existing hwdb with name mb_usb_hdmi_top_6
TRACE::2024-10-23.00:55:48::SCWPlatform::Opened existing hwdb mb_usb_hdmi_top_6
TRACE::2024-10-23.00:55:48::SCWPlatform::Found the Hw Db part of the input DSA
TRACE::2024-10-23.00:55:48::SCWMssOS::Checking the sw design at  C:/Users/Shane/Documents/Classes/ECE_385/Lab_6/lab_6/workspace/mb_usb_hdmi_top/microblaze_0/standalone_microblaze_0/bsp/system.mss
TRACE::2024-10-23.00:55:48::SCWMssOS::DEBUG:  swdes dump  C:/Users/Shane/Documents/Classes/ECE_385/Lab_6/lab_6/workspace/mb_usb_hdmi_top/microblaze_0/standalone_microblaze_0/bsp/system.mss|system||

TRACE::2024-10-23.00:55:48::SCWMssOS::Sw design exists and opened at  C:/Users/Shane/Documents/Classes/ECE_385/Lab_6/lab_6/workspace/mb_usb_hdmi_top/microblaze_0/standalone_microblaze_0/bsp/system.mss
TRACE::2024-10-23.00:55:48::SCWReader::No isolation master present  
TRACE::2024-10-23.00:55:58::SCWPlatform::DSA given C:/Users/Shane/Documents/Classes/ECE_385/Lab_6/lab_6/workspace/mb_usb_hdmi_top/tempdsa/mb_usb_hdmi_top.xsa
TRACE::2024-10-23.00:55:58::SCWPlatform::DSA absoulate path C:/Users/Shane/Documents/Classes/ECE_385/Lab_6/lab_6/workspace/mb_usb_hdmi_top/tempdsa/mb_usb_hdmi_top.xsa
TRACE::2024-10-23.00:55:58::SCWPlatform:: Platform location is C:/Users/Shane/Documents/Classes/ECE_385/Lab_6/lab_6/workspace/mb_usb_hdmi_top/tempdsa
TRACE::2024-10-23.00:55:58::SCWPlatform:: Platform Path C:/Users/Shane/Documents/Classes/ECE_385/Lab_6/lab_6/workspace/mb_usb_hdmi_top/tempdsa/mb_usb_hdmi_top.xsa
TRACE::2024-10-23.00:55:58::SCWPlatform:: Unique name xilinx:::0.0
TRACE::2024-10-23.00:55:58::SCWPlatform::Found the Hw Db part of the input DSA
TRACE::2024-10-23.00:55:58::SCWMssOS::Doing hw sync for the mss in domain: standalone_microblaze_0
TRACE::2024-10-23.00:55:58::SCWPlatform::Trying to open the hw design at C:/Users/Shane/Documents/Classes/ECE_385/Lab_6/lab_6/workspace/mb_usb_hdmi_top/hw/mb_usb_hdmi_top.xsa
TRACE::2024-10-23.00:55:58::SCWPlatform::DSA given C:/Users/Shane/Documents/Classes/ECE_385/Lab_6/lab_6/workspace/mb_usb_hdmi_top/hw/mb_usb_hdmi_top.xsa
TRACE::2024-10-23.00:55:58::SCWPlatform::DSA absoulate path C:/Users/Shane/Documents/Classes/ECE_385/Lab_6/lab_6/workspace/mb_usb_hdmi_top/hw/mb_usb_hdmi_top.xsa
TRACE::2024-10-23.00:55:58::SCWPlatform::DSA directory C:/Users/Shane/Documents/Classes/ECE_385/Lab_6/lab_6/workspace/mb_usb_hdmi_top/hw
TRACE::2024-10-23.00:55:58::SCWPlatform:: Platform Path C:/Users/Shane/Documents/Classes/ECE_385/Lab_6/lab_6/workspace/mb_usb_hdmi_top/hw/mb_usb_hdmi_top.xsa
TRACE::2024-10-23.00:55:58::SCWPlatform:: Unique name xilinx:::0.0
TRACE::2024-10-23.00:55:58::SCWPlatform::Trying to set the existing hwdb with name mb_usb_hdmi_top_6
TRACE::2024-10-23.00:55:58::SCWPlatform::Opened existing hwdb mb_usb_hdmi_top_6
TRACE::2024-10-23.00:55:58::SCWPlatform::Found the Hw Db part of the input DSA
TRACE::2024-10-23.00:55:58::SCWPlatform::Trying to open the hw design at C:/Users/Shane/Documents/Classes/ECE_385/Lab_6/lab_6/workspace/mb_usb_hdmi_top/hw/mb_usb_hdmi_top.xsa
TRACE::2024-10-23.00:55:58::SCWPlatform::DSA given C:/Users/Shane/Documents/Classes/ECE_385/Lab_6/lab_6/workspace/mb_usb_hdmi_top/hw/mb_usb_hdmi_top.xsa
TRACE::2024-10-23.00:55:58::SCWPlatform::DSA absoulate path C:/Users/Shane/Documents/Classes/ECE_385/Lab_6/lab_6/workspace/mb_usb_hdmi_top/hw/mb_usb_hdmi_top.xsa
TRACE::2024-10-23.00:55:58::SCWPlatform::DSA directory C:/Users/Shane/Documents/Classes/ECE_385/Lab_6/lab_6/workspace/mb_usb_hdmi_top/hw
TRACE::2024-10-23.00:55:58::SCWPlatform:: Platform Path C:/Users/Shane/Documents/Classes/ECE_385/Lab_6/lab_6/workspace/mb_usb_hdmi_top/hw/mb_usb_hdmi_top.xsa
TRACE::2024-10-23.00:55:58::SCWPlatform:: Unique name xilinx:::0.0
TRACE::2024-10-23.00:55:58::SCWPlatform::Trying to set the existing hwdb with name mb_usb_hdmi_top_6
TRACE::2024-10-23.00:55:58::SCWPlatform::Opened existing hwdb mb_usb_hdmi_top_6
TRACE::2024-10-23.00:55:58::SCWPlatform::Found the Hw Db part of the input DSA
TRACE::2024-10-23.00:55:58::SCWMssOS::Checking the sw design at  C:/Users/Shane/Documents/Classes/ECE_385/Lab_6/lab_6/workspace/mb_usb_hdmi_top/microblaze_0/standalone_microblaze_0/bsp/system.mss
TRACE::2024-10-23.00:55:58::SCWMssOS::DEBUG:  swdes dump  C:/Users/Shane/Documents/Classes/ECE_385/Lab_6/lab_6/workspace/mb_usb_hdmi_top/microblaze_0/standalone_microblaze_0/bsp/system.mss|system||

TRACE::2024-10-23.00:55:58::SCWMssOS::Sw design exists and opened at  C:/Users/Shane/Documents/Classes/ECE_385/Lab_6/lab_6/workspace/mb_usb_hdmi_top/microblaze_0/standalone_microblaze_0/bsp/system.mss
TRACE::2024-10-23.00:55:58::SCWPlatform::Trying to open the hw design at C:/Users/Shane/Documents/Classes/ECE_385/Lab_6/lab_6/workspace/mb_usb_hdmi_top/tempdsa/mb_usb_hdmi_top.xsa
TRACE::2024-10-23.00:55:58::SCWPlatform::DSA given C:/Users/Shane/Documents/Classes/ECE_385/Lab_6/lab_6/workspace/mb_usb_hdmi_top/tempdsa/mb_usb_hdmi_top.xsa
TRACE::2024-10-23.00:55:58::SCWPlatform::DSA absoulate path C:/Users/Shane/Documents/Classes/ECE_385/Lab_6/lab_6/workspace/mb_usb_hdmi_top/tempdsa/mb_usb_hdmi_top.xsa
TRACE::2024-10-23.00:55:58::SCWPlatform::DSA directory C:/Users/Shane/Documents/Classes/ECE_385/Lab_6/lab_6/workspace/mb_usb_hdmi_top/tempdsa
TRACE::2024-10-23.00:55:58::SCWPlatform:: Platform Path C:/Users/Shane/Documents/Classes/ECE_385/Lab_6/lab_6/workspace/mb_usb_hdmi_top/tempdsa/mb_usb_hdmi_top.xsa
TRACE::2024-10-23.00:55:58::SCWPlatform:: Unique name xilinx:::0.0
TRACE::2024-10-23.00:55:58::SCWPlatform::update - Opened existing hwdb mb_usb_hdmi_top_7
TRACE::2024-10-23.00:55:58::SCWPlatform::Found the Hw Db part of the input DSA
TRACE::2024-10-23.00:55:58::SCWMssOS::Saving the mss changes C:/Users/Shane/Documents/Classes/ECE_385/Lab_6/lab_6/workspace/mb_usb_hdmi_top/microblaze_0/standalone_microblaze_0/bsp/system.mss
TRACE::2024-10-23.00:55:58::SCWMssOS::Found a swdesign opened with the mssfile.
TRACE::2024-10-23.00:55:58::SCWMssOS::Completed writemss as part of save.
TRACE::2024-10-23.00:55:58::SCWMssOS::Commit changes completed.
TRACE::2024-10-23.00:55:58::SCWMssOS::Completed hw sync for the mss in domain: standalone_microblaze_0
TRACE::2024-10-23.00:55:58::SCWMssOS::Removing the swdes entry for  C:/Users/Shane/Documents/Classes/ECE_385/Lab_6/lab_6/workspace/mb_usb_hdmi_top/microblaze_0/standalone_microblaze_0/bsp/system.mss
TRACE::2024-10-23.00:55:58::SCWPlatform::Trying to open the hw design at C:/Users/Shane/Documents/Classes/ECE_385/Lab_6/lab_6/workspace/mb_usb_hdmi_top/hw/mb_usb_hdmi_top.xsa
TRACE::2024-10-23.00:55:58::SCWPlatform::DSA given C:/Users/Shane/Documents/Classes/ECE_385/Lab_6/lab_6/workspace/mb_usb_hdmi_top/hw/mb_usb_hdmi_top.xsa
TRACE::2024-10-23.00:55:58::SCWPlatform::DSA absoulate path C:/Users/Shane/Documents/Classes/ECE_385/Lab_6/lab_6/workspace/mb_usb_hdmi_top/hw/mb_usb_hdmi_top.xsa
TRACE::2024-10-23.00:55:58::SCWPlatform::DSA directory C:/Users/Shane/Documents/Classes/ECE_385/Lab_6/lab_6/workspace/mb_usb_hdmi_top/hw
TRACE::2024-10-23.00:55:58::SCWPlatform:: Platform Path C:/Users/Shane/Documents/Classes/ECE_385/Lab_6/lab_6/workspace/mb_usb_hdmi_top/hw/mb_usb_hdmi_top.xsa
TRACE::2024-10-23.00:55:58::SCWPlatform:: Unique name xilinx:::0.0
TRACE::2024-10-23.00:55:58::SCWPlatform::Do not have an existing db opened. 
TRACE::2024-10-23.00:55:59::SCWPlatform::Opened new HwDB with name mb_usb_hdmi_top_8
TRACE::2024-10-23.00:55:59::SCWMssOS::Saving the mss changes C:/Users/Shane/Documents/Classes/ECE_385/Lab_6/lab_6/workspace/mb_usb_hdmi_top/microblaze_0/standalone_microblaze_0/bsp/system.mss
TRACE::2024-10-23.00:55:59::SCWMssOS::Adding the swdes entry, mss present, able to open swdb C:/Users/Shane/Documents/Classes/ECE_385/Lab_6/lab_6/workspace/mb_usb_hdmi_top/microblaze_0/standalone_microblaze_0/bsp/system.mss with des name system
TRACE::2024-10-23.00:55:59::SCWMssOS::Writing the mss file completed C:/Users/Shane/Documents/Classes/ECE_385/Lab_6/lab_6/workspace/mb_usb_hdmi_top/microblaze_0/standalone_microblaze_0/bsp/system.mss
TRACE::2024-10-23.00:55:59::SCWMssOS::Commit changes completed.
TRACE::2024-10-23.00:55:59::SCWPlatform::Trying to open the hw design at C:/Users/Shane/Documents/Classes/ECE_385/Lab_6/lab_6/workspace/mb_usb_hdmi_top/hw/mb_usb_hdmi_top.xsa
TRACE::2024-10-23.00:55:59::SCWPlatform::DSA given C:/Users/Shane/Documents/Classes/ECE_385/Lab_6/lab_6/workspace/mb_usb_hdmi_top/hw/mb_usb_hdmi_top.xsa
TRACE::2024-10-23.00:55:59::SCWPlatform::DSA absoulate path C:/Users/Shane/Documents/Classes/ECE_385/Lab_6/lab_6/workspace/mb_usb_hdmi_top/hw/mb_usb_hdmi_top.xsa
TRACE::2024-10-23.00:55:59::SCWPlatform::DSA directory C:/Users/Shane/Documents/Classes/ECE_385/Lab_6/lab_6/workspace/mb_usb_hdmi_top/hw
TRACE::2024-10-23.00:55:59::SCWPlatform:: Platform Path C:/Users/Shane/Documents/Classes/ECE_385/Lab_6/lab_6/workspace/mb_usb_hdmi_top/hw/mb_usb_hdmi_top.xsa
TRACE::2024-10-23.00:55:59::SCWPlatform:: Unique name xilinx:::0.0
TRACE::2024-10-23.00:55:59::SCWPlatform::Trying to set the existing hwdb with name mb_usb_hdmi_top_8
TRACE::2024-10-23.00:55:59::SCWPlatform::Opened existing hwdb mb_usb_hdmi_top_8
TRACE::2024-10-23.00:55:59::SCWPlatform::Found the Hw Db part of the input DSA
TRACE::2024-10-23.00:55:59::SCWMssOS::Checking the sw design at  C:/Users/Shane/Documents/Classes/ECE_385/Lab_6/lab_6/workspace/mb_usb_hdmi_top/microblaze_0/standalone_microblaze_0/bsp/system.mss
TRACE::2024-10-23.00:55:59::SCWMssOS::DEBUG:  swdes dump  C:/Users/Shane/Documents/Classes/ECE_385/Lab_6/lab_6/workspace/mb_usb_hdmi_top/microblaze_0/standalone_microblaze_0/bsp/system.mss|system||

TRACE::2024-10-23.00:55:59::SCWMssOS::Sw design exists and opened at  C:/Users/Shane/Documents/Classes/ECE_385/Lab_6/lab_6/workspace/mb_usb_hdmi_top/microblaze_0/standalone_microblaze_0/bsp/system.mss
TRACE::2024-10-23.00:55:59::SCWWriter::formatted JSON is {
	"platformName":	"mb_usb_hdmi_top",
	"sprVersion":	"2.0",
	"mode":	"gui",
	"dsaType":	"Fixed",
	"platformDesc":	"mb_usb_hdmi_top",
	"platHandOff":	"C:/Users/Shane/Documents/Classes/ECE_385/Lab_6/lab_6/mb_usb_hdmi_top.xsa",
	"platIntHandOff":	"<platformDir>/hw/mb_usb_hdmi_top.xsa",
	"deviceType":	"FPGA",
	"platIsPrebuiltAutogen":	"false",
	"platIsNoBootBsp":	"false",
	"hasFsblMakeHasChanges":	"false",
	"hasPmufwMakeHasChanges":	"false",
	"platPreBuiltFlag":	false,
	"platformSamplesDir":	"",
	"platActiveSys":	"mb_usb_hdmi_top",
	"systems":	[{
			"systemName":	"mb_usb_hdmi_top",
			"systemDesc":	"mb_usb_hdmi_top",
			"sysIsBootAutoGen":	"true",
			"systemDispName":	"mb_usb_hdmi_top",
			"sysActiveDom":	"standalone_microblaze_0",
			"sysDefaultDom":	"standalone_microblaze_0",
			"domains":	[{
					"domainName":	"standalone_microblaze_0",
					"domainDispName":	"standalone_microblaze_0",
					"domainDesc":	"standalone_microblaze_0",
					"processors":	"microblaze_0",
					"os":	"standalone",
					"sdxOs":	"standalone",
					"debugEnable":	"False",
					"domRuntimes":	["cpp"],
					"swRepo":	"",
					"mssOsVer":	"8.0",
					"mssFile":	"",
					"md5Digest":	"304529987e879521ca977c68d163f3621",
					"compatibleApp":	"",
					"domType":	"mssDomain",
					"arch":	"32-bit",
					"appSettings":	{
						"appCompilerFlags":	"",
						"appLinkerFlags":	""
					},
					"addedLibs":	[],
					"libOptions":	{
						"libsContainingOptions":	[]
					},
					"prebuiltLibs":	{
						"prebuiltIncPath":	[],
						"prebuiltLibPath":	[]
					},
					"isolation":	{
					}
				}]
		}]
}
TRACE::2024-10-23.00:57:37::SCWMssOS::cleaning the bsp 
TRACE::2024-10-23.00:57:37::SCWMssOS::System Command Ran  C: & cd  C:/Users/Shane/Documents/Classes/ECE_385/Lab_6/lab_6/workspace/mb_usb_hdmi_top/microblaze_0/standalone_microblaze_0/bsp & make clean 
TRACE::2024-10-23.00:57:37::SCWMssOS::make -C microblaze_0/libsrc/bram_v4_8/src -s clean 

TRACE::2024-10-23.00:57:37::SCWMssOS::make -C microblaze_0/libsrc/cpu_v2_16/src -s clean 

TRACE::2024-10-23.00:57:37::SCWMssOS::make -C microblaze_0/libsrc/gpio_v4_9/src -s clean 

TRACE::2024-10-23.00:57:37::SCWMssOS::make -C microblaze_0/libsrc/intc_v3_15/src -s clean 

TRACE::2024-10-23.00:57:37::SCWMssOS::make -C microblaze_0/libsrc/spi_v4_9/src -s clean 

TRACE::2024-10-23.00:57:37::SCWMssOS::make -C microblaze_0/libsrc/standalone_v8_0/src -s clean 

TRACE::2024-10-23.00:57:38::SCWMssOS::make -C microblaze_0/libsrc/tmrctr_v4_9/src -s clean 

TRACE::2024-10-23.00:57:38::SCWMssOS::make -C microblaze_0/libsrc/uartlite_v3_7/src -s clean 

TRACE::2024-10-23.00:57:38::SCWMssOS::rm -f microblaze_0/lib/libxil.a

LOG::2024-10-23.00:57:47::SCWPlatform::Started generating the artifacts platform mb_usb_hdmi_top
TRACE::2024-10-23.00:57:47::SCWPlatform::Sanity checking of platform is completed
LOG::2024-10-23.00:57:47::SCWPlatform::Started generating the artifacts for system configuration mb_usb_hdmi_top
LOG::2024-10-23.00:57:47::SCWSystem::Checking the domain standalone_microblaze_0
LOG::2024-10-23.00:57:47::SCWSystem::Not a boot domain 
LOG::2024-10-23.00:57:47::SCWSystem::Started Processing the domain standalone_microblaze_0
TRACE::2024-10-23.00:57:47::SCWDomain::Generating domain artifcats
TRACE::2024-10-23.00:57:47::SCWMssOS::Generating standalone artifcats
TRACE::2024-10-23.00:57:47::SCWMssOS:: Copying the user libraries. 
TRACE::2024-10-23.00:57:47::SCWPlatform::Trying to open the hw design at C:/Users/Shane/Documents/Classes/ECE_385/Lab_6/lab_6/workspace/mb_usb_hdmi_top/hw/mb_usb_hdmi_top.xsa
TRACE::2024-10-23.00:57:47::SCWPlatform::DSA given C:/Users/Shane/Documents/Classes/ECE_385/Lab_6/lab_6/workspace/mb_usb_hdmi_top/hw/mb_usb_hdmi_top.xsa
TRACE::2024-10-23.00:57:47::SCWPlatform::DSA absoulate path C:/Users/Shane/Documents/Classes/ECE_385/Lab_6/lab_6/workspace/mb_usb_hdmi_top/hw/mb_usb_hdmi_top.xsa
TRACE::2024-10-23.00:57:47::SCWPlatform::DSA directory C:/Users/Shane/Documents/Classes/ECE_385/Lab_6/lab_6/workspace/mb_usb_hdmi_top/hw
TRACE::2024-10-23.00:57:47::SCWPlatform:: Platform Path C:/Users/Shane/Documents/Classes/ECE_385/Lab_6/lab_6/workspace/mb_usb_hdmi_top/hw/mb_usb_hdmi_top.xsa
TRACE::2024-10-23.00:57:47::SCWPlatform:: Unique name xilinx:::0.0
TRACE::2024-10-23.00:57:47::SCWPlatform::Trying to set the existing hwdb with name mb_usb_hdmi_top_8
TRACE::2024-10-23.00:57:47::SCWPlatform::Opened existing hwdb mb_usb_hdmi_top_8
TRACE::2024-10-23.00:57:47::SCWPlatform::Found the Hw Db part of the input DSA
TRACE::2024-10-23.00:57:47::SCWMssOS::Checking the sw design at  C:/Users/Shane/Documents/Classes/ECE_385/Lab_6/lab_6/workspace/mb_usb_hdmi_top/microblaze_0/standalone_microblaze_0/bsp/system.mss
TRACE::2024-10-23.00:57:47::SCWMssOS::DEBUG:  swdes dump  C:/Users/Shane/Documents/Classes/ECE_385/Lab_6/lab_6/workspace/mb_usb_hdmi_top/microblaze_0/standalone_microblaze_0/bsp/system.mss|system||

TRACE::2024-10-23.00:57:47::SCWMssOS::Sw design exists and opened at  C:/Users/Shane/Documents/Classes/ECE_385/Lab_6/lab_6/workspace/mb_usb_hdmi_top/microblaze_0/standalone_microblaze_0/bsp/system.mss
TRACE::2024-10-23.00:57:47::SCWMssOS::Completed writing the mss file at C:/Users/Shane/Documents/Classes/ECE_385/Lab_6/lab_6/workspace/mb_usb_hdmi_top/microblaze_0/standalone_microblaze_0/bsp
TRACE::2024-10-23.00:57:47::SCWMssOS::Mss edits present, copying mssfile into export location C:/Users/Shane/Documents/Classes/ECE_385/Lab_6/lab_6/workspace/mb_usb_hdmi_top/microblaze_0/standalone_microblaze_0/bsp/system.mss
TRACE::2024-10-23.00:57:47::SCWMssOS::bsp generated is stale removing and regenerating. 
TRACE::2024-10-23.00:57:49::SCWMssOS::doing bsp build ... 
TRACE::2024-10-23.00:57:49::SCWMssOS::System Command Ran  C: & cd  C:/Users/Shane/Documents/Classes/ECE_385/Lab_6/lab_6/workspace/mb_usb_hdmi_top/microblaze_0/standalone_microblaze_0/bsp & make 
TRACE::2024-10-23.00:57:49::SCWMssOS::make --no-print-directory seq_libs

TRACE::2024-10-23.00:57:49::SCWMssOS::'Finished building libraries sequentially.'

TRACE::2024-10-23.00:57:49::SCWMssOS::make -j 6 --no-print-directory par_libs

TRACE::2024-10-23.00:57:49::SCWMssOS::"Running Make include in microblaze_0/libsrc/bram_v4_8/src"

TRACE::2024-10-23.00:57:49::SCWMssOS::make -C microblaze_0/libsrc/bram_v4_8/src -s include  "SHELL=CMD" "COMPILER=mb-gcc" "ASSEMBLER=mb-as" "ARCHIVER=mb-ar" "COMPILE
TRACE::2024-10-23.00:57:49::SCWMssOS::R_FLAGS=  -O2 -c -mcpu=v11.0 -mlittle-endian -mno-xl-reorder -mno-xl-soft-mul -mxl-barrel-shift -mxl-pattern-compare" "EXTRA_CO
TRACE::2024-10-23.00:57:49::SCWMssOS::MPILER_FLAGS=-g -ffunction-sections -fdata-sections -Wall -Wextra -fno-tree-loop-distribute-patterns"

TRACE::2024-10-23.00:57:49::SCWMssOS::"Running Make include in microblaze_0/libsrc/cpu_v2_16/src"

TRACE::2024-10-23.00:57:49::SCWMssOS::make -C microblaze_0/libsrc/cpu_v2_16/src -s include  "SHELL=CMD" "COMPILER=mb-gcc" "ASSEMBLER=mb-as" "ARCHIVER=mb-ar" "COMPILE
TRACE::2024-10-23.00:57:49::SCWMssOS::R_FLAGS=  -O2 -c -mcpu=v11.0 -mlittle-endian -mno-xl-reorder -mno-xl-soft-mul -mxl-barrel-shift -mxl-pattern-compare" "EXTRA_CO
TRACE::2024-10-23.00:57:49::SCWMssOS::MPILER_FLAGS=-g -ffunction-sections -fdata-sections -Wall -Wextra -fno-tree-loop-distribute-patterns"

TRACE::2024-10-23.00:57:49::SCWMssOS::"Running Make include in microblaze_0/libsrc/gpio_v4_9/src"

TRACE::2024-10-23.00:57:49::SCWMssOS::make -C microblaze_0/libsrc/gpio_v4_9/src -s include  "SHELL=CMD" "COMPILER=mb-gcc" "ASSEMBLER=mb-as" "ARCHIVER=mb-ar" "COMPILE
TRACE::2024-10-23.00:57:49::SCWMssOS::R_FLAGS=  -O2 -c -mcpu=v11.0 -mlittle-endian -mno-xl-reorder -mno-xl-soft-mul -mxl-barrel-shift -mxl-pattern-compare" "EXTRA_CO
TRACE::2024-10-23.00:57:49::SCWMssOS::MPILER_FLAGS=-g -ffunction-sections -fdata-sections -Wall -Wextra -fno-tree-loop-distribute-patterns"

TRACE::2024-10-23.00:57:50::SCWMssOS::"Running Make include in microblaze_0/libsrc/intc_v3_15/src"

TRACE::2024-10-23.00:57:50::SCWMssOS::make -C microblaze_0/libsrc/intc_v3_15/src -s include  "SHELL=CMD" "COMPILER=mb-gcc" "ASSEMBLER=mb-as" "ARCHIVER=mb-ar" "COMPIL
TRACE::2024-10-23.00:57:50::SCWMssOS::ER_FLAGS=  -O2 -c -mcpu=v11.0 -mlittle-endian -mno-xl-reorder -mno-xl-soft-mul -mxl-barrel-shift -mxl-pattern-compare" "EXTRA_C
TRACE::2024-10-23.00:57:50::SCWMssOS::OMPILER_FLAGS=-g -ffunction-sections -fdata-sections -Wall -Wextra -fno-tree-loop-distribute-patterns"

TRACE::2024-10-23.00:57:50::SCWMssOS::"Running Make include in microblaze_0/libsrc/spi_v4_9/src"

TRACE::2024-10-23.00:57:50::SCWMssOS::"Running Make include in microblaze_0/libsrc/standalone_v8_0/src"

TRACE::2024-10-23.00:57:50::SCWMssOS::make -C microblaze_0/libsrc/standalone_v8_0/src -s include  "SHELL=CMD" "COMPILER=mb-gcc" "ASSEMBLER=mb-as" "ARCHIVER=mb-ar" "C
TRACE::2024-10-23.00:57:50::SCWMssOS::OMPILER_FLAGS=  -O2 -c -mcpu=v11.0 -mlittle-endian -mno-xl-reorder -mno-xl-soft-mul -mxl-barrel-shift -mxl-pattern-compare" "EX
TRACE::2024-10-23.00:57:50::SCWMssOS::TRA_COMPILER_FLAGS=-g -ffunction-sections -fdata-sections -Wall -Wextra -fno-tree-loop-distribute-patterns"

TRACE::2024-10-23.00:57:50::SCWMssOS::make -C microblaze_0/libsrc/spi_v4_9/src -s include  "SHELL=CMD" "COMPILER=mb-gcc" "ASSEMBLER=mb-as" "ARCHIVER=mb-ar" "COMPILER
TRACE::2024-10-23.00:57:50::SCWMssOS::_FLAGS=  -O2 -c -mcpu=v11.0 -mlittle-endian -mno-xl-reorder -mno-xl-soft-mul -mxl-barrel-shift -mxl-pattern-compare" "EXTRA_COM
TRACE::2024-10-23.00:57:50::SCWMssOS::PILER_FLAGS=-g -ffunction-sections -fdata-sections -Wall -Wextra -fno-tree-loop-distribute-patterns"

TRACE::2024-10-23.00:57:50::SCWMssOS::"Running Make include in microblaze_0/libsrc/tmrctr_v4_9/src"

TRACE::2024-10-23.00:57:50::SCWMssOS::make -C microblaze_0/libsrc/tmrctr_v4_9/src -s include  "SHELL=CMD" "COMPILER=mb-gcc" "ASSEMBLER=mb-as" "ARCHIVER=mb-ar" "COMPI
TRACE::2024-10-23.00:57:50::SCWMssOS::LER_FLAGS=  -O2 -c -mcpu=v11.0 -mlittle-endian -mno-xl-reorder -mno-xl-soft-mul -mxl-barrel-shift -mxl-pattern-compare" "EXTRA_
TRACE::2024-10-23.00:57:50::SCWMssOS::COMPILER_FLAGS=-g -ffunction-sections -fdata-sections -Wall -Wextra -fno-tree-loop-distribute-patterns"

TRACE::2024-10-23.00:57:50::SCWMssOS::"Running Make include in microblaze_0/libsrc/uartlite_v3_7/src"

TRACE::2024-10-23.00:57:50::SCWMssOS::make -C microblaze_0/libsrc/uartlite_v3_7/src -s include  "SHELL=CMD" "COMPILER=mb-gcc" "ASSEMBLER=mb-as" "ARCHIVER=mb-ar" "COM
TRACE::2024-10-23.00:57:50::SCWMssOS::PILER_FLAGS=  -O2 -c -mcpu=v11.0 -mlittle-endian -mno-xl-reorder -mno-xl-soft-mul -mxl-barrel-shift -mxl-pattern-compare" "EXTR
TRACE::2024-10-23.00:57:50::SCWMssOS::A_COMPILER_FLAGS=-g -ffunction-sections -fdata-sections -Wall -Wextra -fno-tree-loop-distribute-patterns"

TRACE::2024-10-23.00:57:50::SCWMssOS::"Running Make libs in microblaze_0/libsrc/bram_v4_8/src"

TRACE::2024-10-23.00:57:51::SCWMssOS::make -C microblaze_0/libsrc/bram_v4_8/src -s libs  "SHELL=CMD" "COMPILER=mb-gcc" "ASSEMBLER=mb-as" "ARCHIVER=mb-ar" "COMPILER_F
TRACE::2024-10-23.00:57:51::SCWMssOS::LAGS=  -O2 -c -mcpu=v11.0 -mlittle-endian -mno-xl-reorder -mno-xl-soft-mul -mxl-barrel-shift -mxl-pattern-compare" "EXTRA_COMPI
TRACE::2024-10-23.00:57:51::SCWMssOS::LER_FLAGS=-g -ffunction-sections -fdata-sections -Wall -Wextra -fno-tree-loop-distribute-patterns"

TRACE::2024-10-23.00:57:51::SCWMssOS::"Running Make libs in microblaze_0/libsrc/cpu_v2_16/src"

TRACE::2024-10-23.00:57:51::SCWMssOS::make -C microblaze_0/libsrc/cpu_v2_16/src -s libs  "SHELL=CMD" "COMPILER=mb-gcc" "ASSEMBLER=mb-as" "ARCHIVER=mb-ar" "COMPILER_F
TRACE::2024-10-23.00:57:51::SCWMssOS::LAGS=  -O2 -c -mcpu=v11.0 -mlittle-endian -mno-xl-reorder -mno-xl-soft-mul -mxl-barrel-shift -mxl-pattern-compare" "EXTRA_COMPI
TRACE::2024-10-23.00:57:51::SCWMssOS::LER_FLAGS=-g -ffunction-sections -fdata-sections -Wall -Wextra -fno-tree-loop-distribute-patterns"

TRACE::2024-10-23.00:57:51::SCWMssOS::"Running Make libs in microblaze_0/libsrc/gpio_v4_9/src"

TRACE::2024-10-23.00:57:51::SCWMssOS::make -C microblaze_0/libsrc/gpio_v4_9/src -s libs  "SHELL=CMD" "COMPILER=mb-gcc" "ASSEMBLER=mb-as" "ARCHIVER=mb-ar" "COMPILER_F
TRACE::2024-10-23.00:57:51::SCWMssOS::LAGS=  -O2 -c -mcpu=v11.0 -mlittle-endian -mno-xl-reorder -mno-xl-soft-mul -mxl-barrel-shift -mxl-pattern-compare" "EXTRA_COMPI
TRACE::2024-10-23.00:57:51::SCWMssOS::LER_FLAGS=-g -ffunction-sections -fdata-sections -Wall -Wextra -fno-tree-loop-distribute-patterns"

TRACE::2024-10-23.00:57:51::SCWMssOS::"Running Make libs in microblaze_0/libsrc/intc_v3_15/src"

TRACE::2024-10-23.00:57:51::SCWMssOS::make -C microblaze_0/libsrc/intc_v3_15/src -s libs  "SHELL=CMD" "COMPILER=mb-gcc" "ASSEMBLER=mb-as" "ARCHIVER=mb-ar" "COMPILER_
TRACE::2024-10-23.00:57:51::SCWMssOS::FLAGS=  -O2 -c -mcpu=v11.0 -mlittle-endian -mno-xl-reorder -mno-xl-soft-mul -mxl-barrel-shift -mxl-pattern-compare" "EXTRA_COMP
TRACE::2024-10-23.00:57:51::SCWMssOS::ILER_FLAGS=-g -ffunction-sections -fdata-sections -Wall -Wextra -fno-tree-loop-distribute-patterns"

TRACE::2024-10-23.00:57:51::SCWMssOS::"Running Make libs in microblaze_0/libsrc/spi_v4_9/src"

TRACE::2024-10-23.00:57:51::SCWMssOS::make -C microblaze_0/libsrc/spi_v4_9/src -s libs  "SHELL=CMD" "COMPILER=mb-gcc" "ASSEMBLER=mb-as" "ARCHIVER=mb-ar" "COMPILER_FL
TRACE::2024-10-23.00:57:51::SCWMssOS::AGS=  -O2 -c -mcpu=v11.0 -mlittle-endian -mno-xl-reorder -mno-xl-soft-mul -mxl-barrel-shift -mxl-pattern-compare" "EXTRA_COMPIL
TRACE::2024-10-23.00:57:51::SCWMssOS::ER_FLAGS=-g -ffunction-sections -fdata-sections -Wall -Wextra -fno-tree-loop-distribute-patterns"

TRACE::2024-10-23.00:57:52::SCWMssOS::"Running Make libs in microblaze_0/libsrc/standalone_v8_0/src"

TRACE::2024-10-23.00:57:52::SCWMssOS::make -C microblaze_0/libsrc/standalone_v8_0/src -s libs  "SHELL=CMD" "COMPILER=mb-gcc" "ASSEMBLER=mb-as" "ARCHIVER=mb-ar" "COMP
TRACE::2024-10-23.00:57:52::SCWMssOS::ILER_FLAGS=  -O2 -c -mcpu=v11.0 -mlittle-endian -mno-xl-reorder -mno-xl-soft-mul -mxl-barrel-shift -mxl-pattern-compare" "EXTRA
TRACE::2024-10-23.00:57:52::SCWMssOS::_COMPILER_FLAGS=-g -ffunction-sections -fdata-sections -Wall -Wextra -fno-tree-loop-distribute-patterns"

TRACE::2024-10-23.00:57:52::SCWMssOS::"Running Make libs in microblaze_0/libsrc/tmrctr_v4_9/src"

TRACE::2024-10-23.00:57:52::SCWMssOS::make -C microblaze_0/libsrc/tmrctr_v4_9/src -s libs  "SHELL=CMD" "COMPILER=mb-gcc" "ASSEMBLER=mb-as" "ARCHIVER=mb-ar" "COMPILER
TRACE::2024-10-23.00:57:52::SCWMssOS::_FLAGS=  -O2 -c -mcpu=v11.0 -mlittle-endian -mno-xl-reorder -mno-xl-soft-mul -mxl-barrel-shift -mxl-pattern-compare" "EXTRA_COM
TRACE::2024-10-23.00:57:52::SCWMssOS::PILER_FLAGS=-g -ffunction-sections -fdata-sections -Wall -Wextra -fno-tree-loop-distribute-patterns"

TRACE::2024-10-23.00:57:52::SCWMssOS::"Running Make libs in microblaze_0/libsrc/uartlite_v3_7/src"

TRACE::2024-10-23.00:57:52::SCWMssOS::make -C microblaze_0/libsrc/uartlite_v3_7/src -s libs  "SHELL=CMD" "COMPILER=mb-gcc" "ASSEMBLER=mb-as" "ARCHIVER=mb-ar" "COMPIL
TRACE::2024-10-23.00:57:52::SCWMssOS::ER_FLAGS=  -O2 -c -mcpu=v11.0 -mlittle-endian -mno-xl-reorder -mno-xl-soft-mul -mxl-barrel-shift -mxl-pattern-compare" "EXTRA_C
TRACE::2024-10-23.00:57:52::SCWMssOS::OMPILER_FLAGS=-g -ffunction-sections -fdata-sections -Wall -Wextra -fno-tree-loop-distribute-patterns"

TRACE::2024-10-23.00:57:56::SCWMssOS::"DEBUG NON_LTO_OBJECTS is ../../../lib/microblaze_interrupt_handler.o"

TRACE::2024-10-23.00:57:56::SCWMssOS::'Finished building libraries parallelly.'

TRACE::2024-10-23.00:57:56::SCWMssOS::make --no-print-directory archive

TRACE::2024-10-23.00:57:56::SCWMssOS::mb-ar -r  microblaze_0/lib/libxil.a microblaze_0/lib/_exit.o microblaze_0/lib/errno.o microblaze_0/lib/fcntl.o microblaze_0/lib
TRACE::2024-10-23.00:57:56::SCWMssOS::/hw_exception_handler.o microblaze_0/lib/inbyte.o microblaze_0/lib/microblaze_disable_dcache.o microblaze_0/lib/microblaze_disa
TRACE::2024-10-23.00:57:56::SCWMssOS::ble_exceptions.o microblaze_0/lib/microblaze_disable_icache.o microblaze_0/lib/microblaze_disable_interrupts.o microblaze_0/lib
TRACE::2024-10-23.00:57:56::SCWMssOS::/microblaze_enable_dcache.o microblaze_0/lib/microblaze_enable_exceptions.o microblaze_0/lib/microblaze_enable_icache.o microbl
TRACE::2024-10-23.00:57:56::SCWMssOS::aze_0/lib/microblaze_enable_interrupts.o microblaze_0/lib/microblaze_exception_handler.o microblaze_0/lib/microblaze_flush_cach
TRACE::2024-10-23.00:57:56::SCWMssOS::e_ext.o microblaze_0/lib/microblaze_flush_cache_ext_range.o microblaze_0/lib/microblaze_flush_dcache.o microblaze_0/lib/microbl
TRACE::2024-10-23.00:57:56::SCWMssOS::aze_flush_dcache_range.o microblaze_0/lib/microblaze_init_dcache_range.o microblaze_0/lib/microblaze_init_icache_range.o microb
TRACE::2024-10-23.00:57:56::SCWMssOS::laze_0/lib/microblaze_interrupt_handler.o microblaze_0/lib/microblaze_interrupts_g.o microblaze_0/lib/microblaze_invalidate_cac
TRACE::2024-10-23.00:57:56::SCWMssOS::he_ext.o microblaze_0/lib/microblaze_invalidate_cache_ext_range.o microblaze_0/lib/microblaze_invalidate_dcache.o microblaze_0/
TRACE::2024-10-23.00:57:56::SCWMssOS::lib/microblaze_invalidate_dcache_range.o microblaze_0/lib/microblaze_invalidate_icache.o microblaze_0/lib/microblaze_invalidate
TRACE::2024-10-23.00:57:56::SCWMssOS::_icache_range.o microblaze_0/lib/microblaze_scrub.o microblaze_0/lib/microblaze_selftest.o microblaze_0/lib/microblaze_sleep.o 
TRACE::2024-10-23.00:57:56::SCWMssOS::microblaze_0/lib/microblaze_update_dcache.o microblaze_0/lib/microblaze_update_icache.o microblaze_0/lib/outbyte.o microblaze_0
TRACE::2024-10-23.00:57:56::SCWMssOS::/lib/print.o microblaze_0/lib/pvr.o microblaze_0/lib/xbram.o microblaze_0/lib/xbram_g.o microblaze_0/lib/xbram_intr.o microblaz
TRACE::2024-10-23.00:57:56::SCWMssOS::e_0/lib/xbram_selftest.o microblaze_0/lib/xbram_sinit.o microblaze_0/lib/xgpio.o microblaze_0/lib/xgpio_extra.o microblaze_0/li
TRACE::2024-10-23.00:57:56::SCWMssOS::b/xgpio_g.o microblaze_0/lib/xgpio_intr.o microblaze_0/lib/xgpio_selftest.o microblaze_0/lib/xgpio_sinit.o microblaze_0/lib/xil
TRACE::2024-10-23.00:57:56::SCWMssOS::_assert.o microblaze_0/lib/xil_cache.o microblaze_0/lib/xil_clocking.o microblaze_0/lib/xil_exception.o microblaze_0/lib/xil_me
TRACE::2024-10-23.00:57:56::SCWMssOS::m.o microblaze_0/lib/xil_misc_psreset_api.o microblaze_0/lib/xil_printf.o microblaze_0/lib/xil_sleepcommon.o microblaze_0/lib/x
TRACE::2024-10-23.00:57:56::SCWMssOS::il_testcache.o microblaze_0/lib/xil_testio.o microblaze_0/lib/xil_testmem.o microblaze_0/lib/xil_util.o microblaze_0/lib/xintc.
TRACE::2024-10-23.00:57:56::SCWMssOS::o microblaze_0/lib/xintc_g.o microblaze_0/lib/xintc_intr.o microblaze_0/lib/xintc_l.o microblaze_0/lib/xintc_options.o microbla
TRACE::2024-10-23.00:57:56::SCWMssOS::ze_0/lib/xintc_selftest.o microblaze_0/lib/xinterrupt_wrap.o microblaze_0/lib/xio.o microblaze_0/lib/xplatform_info.o microblaz
TRACE::2024-10-23.00:57:56::SCWMssOS::e_0/lib/xspi.o microblaze_0/lib/xspi_g.o microblaze_0/lib/xspi_options.o microblaze_0/lib/xspi_selftest.o microblaze_0/lib/xspi
TRACE::2024-10-23.00:57:56::SCWMssOS::_sinit.o microblaze_0/lib/xspi_stats.o microblaze_0/lib/xtmrctr.o microblaze_0/lib/xtmrctr_g.o microblaze_0/lib/xtmrctr_intr.o 
TRACE::2024-10-23.00:57:56::SCWMssOS::microblaze_0/lib/xtmrctr_l.o microblaze_0/lib/xtmrctr_options.o microblaze_0/lib/xtmrctr_selftest.o microblaze_0/lib/xtmrctr_si
TRACE::2024-10-23.00:57:56::SCWMssOS::nit.o microblaze_0/lib/xtmrctr_stats.o microblaze_0/lib/xuartlite.o microblaze_0/lib/xuartlite_g.o microblaze_0/lib/xuartlite_i
TRACE::2024-10-23.00:57:56::SCWMssOS::ntr.o microblaze_0/lib/xuartlite_l.o microblaze_0/lib/xuartlite_selftest.o microblaze_0/lib/xuartlite_sinit.o microblaze_0/lib/
TRACE::2024-10-23.00:57:56::SCWMssOS::xuartlite_stats.o

TRACE::2024-10-23.00:57:56::SCWMssOS::'Finished building libraries'

TRACE::2024-10-23.00:57:56::SCWMssOS:: Checking if to create the Supporting Applications
TRACE::2024-10-23.00:57:56::SCWMssOS:: No Linux domain exists, trying to generate FSBL 
LOG::2024-10-23.00:57:56::SCWSystem::Completed Processing the domain standalone_microblaze_0
LOG::2024-10-23.00:57:56::SCWSystem::Completed Processing the sysconfig mb_usb_hdmi_top
LOG::2024-10-23.00:57:56::SCWPlatform::Completed generating the artifacts for system configuration mb_usb_hdmi_top
TRACE::2024-10-23.00:57:56::SCWPlatform::Started preparing the platform 
TRACE::2024-10-23.00:57:56::SCWSystem::Writing the bif file for system config mb_usb_hdmi_top
TRACE::2024-10-23.00:57:56::SCWSystem::dir created 
TRACE::2024-10-23.00:57:56::SCWSystem::Writing the bif 
TRACE::2024-10-23.00:57:56::SCWPlatform::Started writing the spfm file 
TRACE::2024-10-23.00:57:56::SCWPlatform::Started writing the xpfm file 
TRACE::2024-10-23.00:57:56::SCWPlatform::Completed generating the platform
TRACE::2024-10-23.00:57:56::SCWMssOS::Saving the mss changes C:/Users/Shane/Documents/Classes/ECE_385/Lab_6/lab_6/workspace/mb_usb_hdmi_top/microblaze_0/standalone_microblaze_0/bsp/system.mss
TRACE::2024-10-23.00:57:56::SCWMssOS::Adding the swdes entry, mss present, able to open swdb C:/Users/Shane/Documents/Classes/ECE_385/Lab_6/lab_6/workspace/mb_usb_hdmi_top/microblaze_0/standalone_microblaze_0/bsp/system.mss with des name system
TRACE::2024-10-23.00:57:56::SCWMssOS::Writing the mss file completed C:/Users/Shane/Documents/Classes/ECE_385/Lab_6/lab_6/workspace/mb_usb_hdmi_top/microblaze_0/standalone_microblaze_0/bsp/system.mss
TRACE::2024-10-23.00:57:56::SCWMssOS::Commit changes completed.
TRACE::2024-10-23.00:57:56::SCWPlatform::Trying to open the hw design at C:/Users/Shane/Documents/Classes/ECE_385/Lab_6/lab_6/workspace/mb_usb_hdmi_top/hw/mb_usb_hdmi_top.xsa
TRACE::2024-10-23.00:57:56::SCWPlatform::DSA given C:/Users/Shane/Documents/Classes/ECE_385/Lab_6/lab_6/workspace/mb_usb_hdmi_top/hw/mb_usb_hdmi_top.xsa
TRACE::2024-10-23.00:57:56::SCWPlatform::DSA absoulate path C:/Users/Shane/Documents/Classes/ECE_385/Lab_6/lab_6/workspace/mb_usb_hdmi_top/hw/mb_usb_hdmi_top.xsa
TRACE::2024-10-23.00:57:56::SCWPlatform::DSA directory C:/Users/Shane/Documents/Classes/ECE_385/Lab_6/lab_6/workspace/mb_usb_hdmi_top/hw
TRACE::2024-10-23.00:57:56::SCWPlatform:: Platform Path C:/Users/Shane/Documents/Classes/ECE_385/Lab_6/lab_6/workspace/mb_usb_hdmi_top/hw/mb_usb_hdmi_top.xsa
TRACE::2024-10-23.00:57:56::SCWPlatform:: Unique name xilinx:::0.0
TRACE::2024-10-23.00:57:56::SCWPlatform::Trying to set the existing hwdb with name mb_usb_hdmi_top_8
TRACE::2024-10-23.00:57:56::SCWPlatform::Opened existing hwdb mb_usb_hdmi_top_8
TRACE::2024-10-23.00:57:56::SCWPlatform::Found the Hw Db part of the input DSA
TRACE::2024-10-23.00:57:56::SCWMssOS::Checking the sw design at  C:/Users/Shane/Documents/Classes/ECE_385/Lab_6/lab_6/workspace/mb_usb_hdmi_top/microblaze_0/standalone_microblaze_0/bsp/system.mss
TRACE::2024-10-23.00:57:56::SCWMssOS::DEBUG:  swdes dump  C:/Users/Shane/Documents/Classes/ECE_385/Lab_6/lab_6/workspace/mb_usb_hdmi_top/microblaze_0/standalone_microblaze_0/bsp/system.mss|system||

TRACE::2024-10-23.00:57:56::SCWMssOS::Sw design exists and opened at  C:/Users/Shane/Documents/Classes/ECE_385/Lab_6/lab_6/workspace/mb_usb_hdmi_top/microblaze_0/standalone_microblaze_0/bsp/system.mss
TRACE::2024-10-23.00:57:56::SCWWriter::formatted JSON is {
	"platformName":	"mb_usb_hdmi_top",
	"sprVersion":	"2.0",
	"mode":	"gui",
	"dsaType":	"Fixed",
	"platformDesc":	"mb_usb_hdmi_top",
	"platHandOff":	"C:/Users/Shane/Documents/Classes/ECE_385/Lab_6/lab_6/mb_usb_hdmi_top.xsa",
	"platIntHandOff":	"<platformDir>/hw/mb_usb_hdmi_top.xsa",
	"deviceType":	"FPGA",
	"platIsPrebuiltAutogen":	"false",
	"platIsNoBootBsp":	"false",
	"hasFsblMakeHasChanges":	"false",
	"hasPmufwMakeHasChanges":	"false",
	"platPreBuiltFlag":	false,
	"platformSamplesDir":	"",
	"platActiveSys":	"mb_usb_hdmi_top",
	"systems":	[{
			"systemName":	"mb_usb_hdmi_top",
			"systemDesc":	"mb_usb_hdmi_top",
			"sysIsBootAutoGen":	"true",
			"systemDispName":	"mb_usb_hdmi_top",
			"sysActiveDom":	"standalone_microblaze_0",
			"sysDefaultDom":	"standalone_microblaze_0",
			"domains":	[{
					"domainName":	"standalone_microblaze_0",
					"domainDispName":	"standalone_microblaze_0",
					"domainDesc":	"standalone_microblaze_0",
					"processors":	"microblaze_0",
					"os":	"standalone",
					"sdxOs":	"standalone",
					"debugEnable":	"False",
					"domRuntimes":	["cpp"],
					"swRepo":	"",
					"mssOsVer":	"8.0",
					"mssFile":	"",
					"md5Digest":	"304529987e879521ca977c68d163f362",
					"compatibleApp":	"",
					"domType":	"mssDomain",
					"arch":	"32-bit",
					"appSettings":	{
						"appCompilerFlags":	"",
						"appLinkerFlags":	""
					},
					"addedLibs":	[],
					"libOptions":	{
						"libsContainingOptions":	[]
					},
					"prebuiltLibs":	{
						"prebuiltIncPath":	[],
						"prebuiltLibPath":	[]
					},
					"isolation":	{
					}
				}]
		}]
}
KEYINFO::2024-10-23.00:57:56::SCWPlatform::updated the xpfm file.
TRACE::2024-10-23.00:57:57::SCWPlatform::Trying to open the hw design at C:/Users/Shane/Documents/Classes/ECE_385/Lab_6/lab_6/workspace/mb_usb_hdmi_top/hw/mb_usb_hdmi_top.xsa
TRACE::2024-10-23.00:57:57::SCWPlatform::DSA given C:/Users/Shane/Documents/Classes/ECE_385/Lab_6/lab_6/workspace/mb_usb_hdmi_top/hw/mb_usb_hdmi_top.xsa
TRACE::2024-10-23.00:57:57::SCWPlatform::DSA absoulate path C:/Users/Shane/Documents/Classes/ECE_385/Lab_6/lab_6/workspace/mb_usb_hdmi_top/hw/mb_usb_hdmi_top.xsa
TRACE::2024-10-23.00:57:57::SCWPlatform::DSA directory C:/Users/Shane/Documents/Classes/ECE_385/Lab_6/lab_6/workspace/mb_usb_hdmi_top/hw
TRACE::2024-10-23.00:57:57::SCWPlatform:: Platform Path C:/Users/Shane/Documents/Classes/ECE_385/Lab_6/lab_6/workspace/mb_usb_hdmi_top/hw/mb_usb_hdmi_top.xsa
TRACE::2024-10-23.00:57:57::SCWPlatform:: Unique name xilinx:::0.0
TRACE::2024-10-23.00:57:57::SCWPlatform::Trying to set the existing hwdb with name mb_usb_hdmi_top_8
TRACE::2024-10-23.00:57:57::SCWPlatform::Opened existing hwdb mb_usb_hdmi_top_8
TRACE::2024-10-23.00:57:57::SCWPlatform::Found the Hw Db part of the input DSA
TRACE::2024-10-23.00:57:57::SCWMssOS::Checking the sw design at  C:/Users/Shane/Documents/Classes/ECE_385/Lab_6/lab_6/workspace/mb_usb_hdmi_top/microblaze_0/standalone_microblaze_0/bsp/system.mss
TRACE::2024-10-23.00:57:57::SCWMssOS::DEBUG:  swdes dump  C:/Users/Shane/Documents/Classes/ECE_385/Lab_6/lab_6/workspace/mb_usb_hdmi_top/microblaze_0/standalone_microblaze_0/bsp/system.mss|system||

TRACE::2024-10-23.00:57:57::SCWMssOS::Sw design exists and opened at  C:/Users/Shane/Documents/Classes/ECE_385/Lab_6/lab_6/workspace/mb_usb_hdmi_top/microblaze_0/standalone_microblaze_0/bsp/system.mss
TRACE::2024-10-23.01:10:40::SCWPlatform::Trying to open the hw design at C:/Users/Shane/Documents/Classes/ECE_385/Lab_6/lab_6/workspace/mb_usb_hdmi_top/hw/mb_usb_hdmi_top.xsa
TRACE::2024-10-23.01:10:40::SCWPlatform::DSA given C:/Users/Shane/Documents/Classes/ECE_385/Lab_6/lab_6/workspace/mb_usb_hdmi_top/hw/mb_usb_hdmi_top.xsa
TRACE::2024-10-23.01:10:40::SCWPlatform::DSA absoulate path C:/Users/Shane/Documents/Classes/ECE_385/Lab_6/lab_6/workspace/mb_usb_hdmi_top/hw/mb_usb_hdmi_top.xsa
TRACE::2024-10-23.01:10:40::SCWPlatform::DSA directory C:/Users/Shane/Documents/Classes/ECE_385/Lab_6/lab_6/workspace/mb_usb_hdmi_top/hw
TRACE::2024-10-23.01:10:40::SCWPlatform:: Platform Path C:/Users/Shane/Documents/Classes/ECE_385/Lab_6/lab_6/workspace/mb_usb_hdmi_top/hw/mb_usb_hdmi_top.xsa
TRACE::2024-10-23.01:10:40::SCWPlatform:: Unique name xilinx:::0.0
TRACE::2024-10-23.01:10:40::SCWPlatform::Do not have an existing db opened. 
TRACE::2024-10-23.01:10:40::SCWPlatform::Opened new HwDB with name mb_usb_hdmi_top
TRACE::2024-10-23.01:10:40::SCWReader::Active system found as  mb_usb_hdmi_top
TRACE::2024-10-23.01:10:40::SCWReader::Handling sysconfig mb_usb_hdmi_top
TRACE::2024-10-23.01:10:40::SCWDomain::checking for install qemu data   : 
TRACE::2024-10-23.01:10:40::SCWPlatform::Trying to open the hw design at C:/Users/Shane/Documents/Classes/ECE_385/Lab_6/lab_6/workspace/mb_usb_hdmi_top/hw/mb_usb_hdmi_top.xsa
TRACE::2024-10-23.01:10:40::SCWPlatform::DSA given C:/Users/Shane/Documents/Classes/ECE_385/Lab_6/lab_6/workspace/mb_usb_hdmi_top/hw/mb_usb_hdmi_top.xsa
TRACE::2024-10-23.01:10:40::SCWPlatform::DSA absoulate path C:/Users/Shane/Documents/Classes/ECE_385/Lab_6/lab_6/workspace/mb_usb_hdmi_top/hw/mb_usb_hdmi_top.xsa
TRACE::2024-10-23.01:10:40::SCWPlatform::DSA directory C:/Users/Shane/Documents/Classes/ECE_385/Lab_6/lab_6/workspace/mb_usb_hdmi_top/hw
TRACE::2024-10-23.01:10:40::SCWPlatform:: Platform Path C:/Users/Shane/Documents/Classes/ECE_385/Lab_6/lab_6/workspace/mb_usb_hdmi_top/hw/mb_usb_hdmi_top.xsa
TRACE::2024-10-23.01:10:40::SCWPlatform:: Unique name xilinx:::0.0
TRACE::2024-10-23.01:10:40::SCWPlatform::Trying to set the existing hwdb with name mb_usb_hdmi_top
TRACE::2024-10-23.01:10:40::SCWPlatform::Opened existing hwdb mb_usb_hdmi_top
TRACE::2024-10-23.01:10:40::SCWPlatform::Found the Hw Db part of the input DSA
TRACE::2024-10-23.01:10:40::SCWPlatform::Trying to open the hw design at C:/Users/Shane/Documents/Classes/ECE_385/Lab_6/lab_6/workspace/mb_usb_hdmi_top/hw/mb_usb_hdmi_top.xsa
TRACE::2024-10-23.01:10:40::SCWPlatform::DSA given C:/Users/Shane/Documents/Classes/ECE_385/Lab_6/lab_6/workspace/mb_usb_hdmi_top/hw/mb_usb_hdmi_top.xsa
TRACE::2024-10-23.01:10:40::SCWPlatform::DSA absoulate path C:/Users/Shane/Documents/Classes/ECE_385/Lab_6/lab_6/workspace/mb_usb_hdmi_top/hw/mb_usb_hdmi_top.xsa
TRACE::2024-10-23.01:10:40::SCWPlatform::DSA directory C:/Users/Shane/Documents/Classes/ECE_385/Lab_6/lab_6/workspace/mb_usb_hdmi_top/hw
TRACE::2024-10-23.01:10:40::SCWPlatform:: Platform Path C:/Users/Shane/Documents/Classes/ECE_385/Lab_6/lab_6/workspace/mb_usb_hdmi_top/hw/mb_usb_hdmi_top.xsa
TRACE::2024-10-23.01:10:40::SCWPlatform:: Unique name xilinx:::0.0
TRACE::2024-10-23.01:10:40::SCWPlatform::Trying to set the existing hwdb with name mb_usb_hdmi_top
TRACE::2024-10-23.01:10:40::SCWPlatform::Opened existing hwdb mb_usb_hdmi_top
TRACE::2024-10-23.01:10:40::SCWPlatform::Found the Hw Db part of the input DSA
TRACE::2024-10-23.01:10:40::SCWPlatform::Trying to open the hw design at C:/Users/Shane/Documents/Classes/ECE_385/Lab_6/lab_6/workspace/mb_usb_hdmi_top/hw/mb_usb_hdmi_top.xsa
TRACE::2024-10-23.01:10:40::SCWPlatform::DSA given C:/Users/Shane/Documents/Classes/ECE_385/Lab_6/lab_6/workspace/mb_usb_hdmi_top/hw/mb_usb_hdmi_top.xsa
TRACE::2024-10-23.01:10:40::SCWPlatform::DSA absoulate path C:/Users/Shane/Documents/Classes/ECE_385/Lab_6/lab_6/workspace/mb_usb_hdmi_top/hw/mb_usb_hdmi_top.xsa
TRACE::2024-10-23.01:10:40::SCWPlatform::DSA directory C:/Users/Shane/Documents/Classes/ECE_385/Lab_6/lab_6/workspace/mb_usb_hdmi_top/hw
TRACE::2024-10-23.01:10:40::SCWPlatform:: Platform Path C:/Users/Shane/Documents/Classes/ECE_385/Lab_6/lab_6/workspace/mb_usb_hdmi_top/hw/mb_usb_hdmi_top.xsa
TRACE::2024-10-23.01:10:40::SCWPlatform:: Unique name xilinx:::0.0
TRACE::2024-10-23.01:10:40::SCWPlatform::Trying to set the existing hwdb with name mb_usb_hdmi_top
TRACE::2024-10-23.01:10:40::SCWPlatform::Opened existing hwdb mb_usb_hdmi_top
TRACE::2024-10-23.01:10:40::SCWPlatform::Found the Hw Db part of the input DSA
TRACE::2024-10-23.01:10:40::SCWPlatform::Trying to open the hw design at C:/Users/Shane/Documents/Classes/ECE_385/Lab_6/lab_6/workspace/mb_usb_hdmi_top/hw/mb_usb_hdmi_top.xsa
TRACE::2024-10-23.01:10:40::SCWPlatform::DSA given C:/Users/Shane/Documents/Classes/ECE_385/Lab_6/lab_6/workspace/mb_usb_hdmi_top/hw/mb_usb_hdmi_top.xsa
TRACE::2024-10-23.01:10:40::SCWPlatform::DSA absoulate path C:/Users/Shane/Documents/Classes/ECE_385/Lab_6/lab_6/workspace/mb_usb_hdmi_top/hw/mb_usb_hdmi_top.xsa
TRACE::2024-10-23.01:10:40::SCWPlatform::DSA directory C:/Users/Shane/Documents/Classes/ECE_385/Lab_6/lab_6/workspace/mb_usb_hdmi_top/hw
TRACE::2024-10-23.01:10:40::SCWPlatform:: Platform Path C:/Users/Shane/Documents/Classes/ECE_385/Lab_6/lab_6/workspace/mb_usb_hdmi_top/hw/mb_usb_hdmi_top.xsa
TRACE::2024-10-23.01:10:40::SCWPlatform:: Unique name xilinx:::0.0
TRACE::2024-10-23.01:10:40::SCWPlatform::Trying to set the existing hwdb with name mb_usb_hdmi_top
TRACE::2024-10-23.01:10:40::SCWPlatform::Opened existing hwdb mb_usb_hdmi_top
TRACE::2024-10-23.01:10:40::SCWPlatform::Found the Hw Db part of the input DSA
TRACE::2024-10-23.01:10:40::SCWMssOS::Checking the sw design at  C:/Users/Shane/Documents/Classes/ECE_385/Lab_6/lab_6/workspace/mb_usb_hdmi_top/microblaze_0/standalone_microblaze_0/bsp/system.mss
TRACE::2024-10-23.01:10:40::SCWMssOS::DEBUG:  swdes dump  
TRACE::2024-10-23.01:10:40::SCWMssOS::No sw design opened at  C:/Users/Shane/Documents/Classes/ECE_385/Lab_6/lab_6/workspace/mb_usb_hdmi_top/microblaze_0/standalone_microblaze_0/bsp/system.mss
TRACE::2024-10-23.01:10:40::SCWMssOS::mss exists loading the mss file  C:/Users/Shane/Documents/Classes/ECE_385/Lab_6/lab_6/workspace/mb_usb_hdmi_top/microblaze_0/standalone_microblaze_0/bsp/system.mss
TRACE::2024-10-23.01:10:40::SCWMssOS::Opened the sw design from mss  C:/Users/Shane/Documents/Classes/ECE_385/Lab_6/lab_6/workspace/mb_usb_hdmi_top/microblaze_0/standalone_microblaze_0/bsp/system.mss
TRACE::2024-10-23.01:10:40::SCWMssOS::Adding the swdes entry C:/Users/Shane/Documents/Classes/ECE_385/Lab_6/lab_6/workspace/mb_usb_hdmi_top/microblaze_0/standalone_microblaze_0/bsp/system.mss with des name system
TRACE::2024-10-23.01:10:40::SCWMssOS::updating the scw layer about changes
TRACE::2024-10-23.01:10:40::SCWMssOS::Opened the sw design.  C:/Users/Shane/Documents/Classes/ECE_385/Lab_6/lab_6/workspace/mb_usb_hdmi_top/microblaze_0/standalone_microblaze_0/bsp/system.mss
TRACE::2024-10-23.01:10:40::SCWMssOS::Saving the mss changes C:/Users/Shane/Documents/Classes/ECE_385/Lab_6/lab_6/workspace/mb_usb_hdmi_top/microblaze_0/standalone_microblaze_0/bsp/system.mss
TRACE::2024-10-23.01:10:40::SCWMssOS::Found a swdesign opened with the mssfile.
TRACE::2024-10-23.01:10:40::SCWMssOS::Completed writemss as part of save.
TRACE::2024-10-23.01:10:40::SCWMssOS::Commit changes completed.
TRACE::2024-10-23.01:10:40::SCWReader::Adding prebuilt librarypaths as   
TRACE::2024-10-23.01:10:40::SCWReader::Adding prebuilt incpaths  as   
TRACE::2024-10-23.01:10:40::SCWPlatform::Trying to open the hw design at C:/Users/Shane/Documents/Classes/ECE_385/Lab_6/lab_6/workspace/mb_usb_hdmi_top/hw/mb_usb_hdmi_top.xsa
TRACE::2024-10-23.01:10:40::SCWPlatform::DSA given C:/Users/Shane/Documents/Classes/ECE_385/Lab_6/lab_6/workspace/mb_usb_hdmi_top/hw/mb_usb_hdmi_top.xsa
TRACE::2024-10-23.01:10:40::SCWPlatform::DSA absoulate path C:/Users/Shane/Documents/Classes/ECE_385/Lab_6/lab_6/workspace/mb_usb_hdmi_top/hw/mb_usb_hdmi_top.xsa
TRACE::2024-10-23.01:10:40::SCWPlatform::DSA directory C:/Users/Shane/Documents/Classes/ECE_385/Lab_6/lab_6/workspace/mb_usb_hdmi_top/hw
TRACE::2024-10-23.01:10:40::SCWPlatform:: Platform Path C:/Users/Shane/Documents/Classes/ECE_385/Lab_6/lab_6/workspace/mb_usb_hdmi_top/hw/mb_usb_hdmi_top.xsa
TRACE::2024-10-23.01:10:40::SCWPlatform:: Unique name xilinx:::0.0
TRACE::2024-10-23.01:10:40::SCWPlatform::Trying to set the existing hwdb with name mb_usb_hdmi_top
TRACE::2024-10-23.01:10:40::SCWPlatform::Opened existing hwdb mb_usb_hdmi_top
TRACE::2024-10-23.01:10:40::SCWPlatform::Found the Hw Db part of the input DSA
TRACE::2024-10-23.01:10:40::SCWMssOS::Checking the sw design at  C:/Users/Shane/Documents/Classes/ECE_385/Lab_6/lab_6/workspace/mb_usb_hdmi_top/microblaze_0/standalone_microblaze_0/bsp/system.mss
TRACE::2024-10-23.01:10:40::SCWMssOS::DEBUG:  swdes dump  C:/Users/Shane/Documents/Classes/ECE_385/Lab_6/lab_6/workspace/mb_usb_hdmi_top/microblaze_0/standalone_microblaze_0/bsp/system.mss|system||

TRACE::2024-10-23.01:10:40::SCWMssOS::Sw design exists and opened at  C:/Users/Shane/Documents/Classes/ECE_385/Lab_6/lab_6/workspace/mb_usb_hdmi_top/microblaze_0/standalone_microblaze_0/bsp/system.mss
TRACE::2024-10-23.01:10:40::SCWReader::No isolation master present  
LOG::2024-10-23.01:10:40::SCWPlatform::Started generating the artifacts platform mb_usb_hdmi_top
TRACE::2024-10-23.01:10:40::SCWPlatform::Sanity checking of platform is completed
LOG::2024-10-23.01:10:40::SCWPlatform::Started generating the artifacts for system configuration mb_usb_hdmi_top
LOG::2024-10-23.01:10:40::SCWSystem::Checking the domain standalone_microblaze_0
LOG::2024-10-23.01:10:40::SCWSystem::Not a boot domain 
LOG::2024-10-23.01:10:40::SCWSystem::Started Processing the domain standalone_microblaze_0
TRACE::2024-10-23.01:10:40::SCWDomain::Generating domain artifcats
TRACE::2024-10-23.01:10:40::SCWMssOS::Generating standalone artifcats
TRACE::2024-10-23.01:10:40::SCWMssOS:: Copying the user libraries. 
TRACE::2024-10-23.01:10:40::SCWPlatform::Trying to open the hw design at C:/Users/Shane/Documents/Classes/ECE_385/Lab_6/lab_6/workspace/mb_usb_hdmi_top/hw/mb_usb_hdmi_top.xsa
TRACE::2024-10-23.01:10:40::SCWPlatform::DSA given C:/Users/Shane/Documents/Classes/ECE_385/Lab_6/lab_6/workspace/mb_usb_hdmi_top/hw/mb_usb_hdmi_top.xsa
TRACE::2024-10-23.01:10:40::SCWPlatform::DSA absoulate path C:/Users/Shane/Documents/Classes/ECE_385/Lab_6/lab_6/workspace/mb_usb_hdmi_top/hw/mb_usb_hdmi_top.xsa
TRACE::2024-10-23.01:10:40::SCWPlatform::DSA directory C:/Users/Shane/Documents/Classes/ECE_385/Lab_6/lab_6/workspace/mb_usb_hdmi_top/hw
TRACE::2024-10-23.01:10:40::SCWPlatform:: Platform Path C:/Users/Shane/Documents/Classes/ECE_385/Lab_6/lab_6/workspace/mb_usb_hdmi_top/hw/mb_usb_hdmi_top.xsa
TRACE::2024-10-23.01:10:40::SCWPlatform:: Unique name xilinx:::0.0
TRACE::2024-10-23.01:10:40::SCWPlatform::Trying to set the existing hwdb with name mb_usb_hdmi_top
TRACE::2024-10-23.01:10:40::SCWPlatform::Opened existing hwdb mb_usb_hdmi_top
TRACE::2024-10-23.01:10:40::SCWPlatform::Found the Hw Db part of the input DSA
TRACE::2024-10-23.01:10:40::SCWMssOS::Checking the sw design at  C:/Users/Shane/Documents/Classes/ECE_385/Lab_6/lab_6/workspace/mb_usb_hdmi_top/microblaze_0/standalone_microblaze_0/bsp/system.mss
TRACE::2024-10-23.01:10:40::SCWMssOS::DEBUG:  swdes dump  C:/Users/Shane/Documents/Classes/ECE_385/Lab_6/lab_6/workspace/mb_usb_hdmi_top/microblaze_0/standalone_microblaze_0/bsp/system.mss|system||

TRACE::2024-10-23.01:10:40::SCWMssOS::Sw design exists and opened at  C:/Users/Shane/Documents/Classes/ECE_385/Lab_6/lab_6/workspace/mb_usb_hdmi_top/microblaze_0/standalone_microblaze_0/bsp/system.mss
TRACE::2024-10-23.01:10:40::SCWMssOS::Completed writing the mss file at C:/Users/Shane/Documents/Classes/ECE_385/Lab_6/lab_6/workspace/mb_usb_hdmi_top/microblaze_0/standalone_microblaze_0/bsp
TRACE::2024-10-23.01:10:40::SCWMssOS::Mss edits present, copying mssfile into export location C:/Users/Shane/Documents/Classes/ECE_385/Lab_6/lab_6/workspace/mb_usb_hdmi_top/microblaze_0/standalone_microblaze_0/bsp/system.mss
TRACE::2024-10-23.01:10:40::SCWMssOS::bsp generated is upto date with the mss file. Skipping bsp generation.
TRACE::2024-10-23.01:10:40::SCWMssOS::BSP is already built. skipping the bsp build ... 
TRACE::2024-10-23.01:10:40::SCWDomain::Building the domain as part of full build :  standalone_microblaze_0
TRACE::2024-10-23.01:10:40::SCWMssOS::doing bsp build ... 
TRACE::2024-10-23.01:10:40::SCWMssOS::System Command Ran  C: & cd  C:/Users/Shane/Documents/Classes/ECE_385/Lab_6/lab_6/workspace/mb_usb_hdmi_top/microblaze_0/standalone_microblaze_0/bsp & make 
TRACE::2024-10-23.01:10:40::SCWMssOS::make --no-print-directory seq_libs

TRACE::2024-10-23.01:10:40::SCWMssOS::'Finished building libraries sequentially.'

TRACE::2024-10-23.01:10:40::SCWMssOS::make -j 6 --no-print-directory par_libs

TRACE::2024-10-23.01:10:40::SCWMssOS::"Running Make include in microblaze_0/libsrc/bram_v4_8/src"

TRACE::2024-10-23.01:10:40::SCWMssOS::make -C microblaze_0/libsrc/bram_v4_8/src -s include  "SHELL=CMD" "COMPILER=mb-gcc" "ASSEMBLER=mb-as" "ARCHIVER=mb-ar" "COMPILE
TRACE::2024-10-23.01:10:40::SCWMssOS::R_FLAGS=  -O2 -c -mcpu=v11.0 -mlittle-endian -mno-xl-reorder -mno-xl-soft-mul -mxl-barrel-shift -mxl-pattern-compare" "EXTRA_CO
TRACE::2024-10-23.01:10:40::SCWMssOS::MPILER_FLAGS=-g -ffunction-sections -fdata-sections -Wall -Wextra -fno-tree-loop-distribute-patterns"

TRACE::2024-10-23.01:10:40::SCWMssOS::"Running Make include in microblaze_0/libsrc/cpu_v2_16/src"

TRACE::2024-10-23.01:10:40::SCWMssOS::make -C microblaze_0/libsrc/cpu_v2_16/src -s include  "SHELL=CMD" "COMPILER=mb-gcc" "ASSEMBLER=mb-as" "ARCHIVER=mb-ar" "COMPILE
TRACE::2024-10-23.01:10:40::SCWMssOS::R_FLAGS=  -O2 -c -mcpu=v11.0 -mlittle-endian -mno-xl-reorder -mno-xl-soft-mul -mxl-barrel-shift -mxl-pattern-compare" "EXTRA_CO
TRACE::2024-10-23.01:10:40::SCWMssOS::MPILER_FLAGS=-g -ffunction-sections -fdata-sections -Wall -Wextra -fno-tree-loop-distribute-patterns"

TRACE::2024-10-23.01:10:40::SCWMssOS::"Running Make include in microblaze_0/libsrc/gpio_v4_9/src"

TRACE::2024-10-23.01:10:40::SCWMssOS::make -C microblaze_0/libsrc/gpio_v4_9/src -s include  "SHELL=CMD" "COMPILER=mb-gcc" "ASSEMBLER=mb-as" "ARCHIVER=mb-ar" "COMPILE
TRACE::2024-10-23.01:10:40::SCWMssOS::R_FLAGS=  -O2 -c -mcpu=v11.0 -mlittle-endian -mno-xl-reorder -mno-xl-soft-mul -mxl-barrel-shift -mxl-pattern-compare" "EXTRA_CO
TRACE::2024-10-23.01:10:40::SCWMssOS::MPILER_FLAGS=-g -ffunction-sections -fdata-sections -Wall -Wextra -fno-tree-loop-distribute-patterns"

TRACE::2024-10-23.01:10:40::SCWMssOS::"Running Make include in microblaze_0/libsrc/intc_v3_15/src"

TRACE::2024-10-23.01:10:40::SCWMssOS::make -C microblaze_0/libsrc/intc_v3_15/src -s include  "SHELL=CMD" "COMPILER=mb-gcc" "ASSEMBLER=mb-as" "ARCHIVER=mb-ar" "COMPIL
TRACE::2024-10-23.01:10:40::SCWMssOS::ER_FLAGS=  -O2 -c -mcpu=v11.0 -mlittle-endian -mno-xl-reorder -mno-xl-soft-mul -mxl-barrel-shift -mxl-pattern-compare" "EXTRA_C
TRACE::2024-10-23.01:10:40::SCWMssOS::OMPILER_FLAGS=-g -ffunction-sections -fdata-sections -Wall -Wextra -fno-tree-loop-distribute-patterns"

TRACE::2024-10-23.01:10:40::SCWMssOS::"Running Make include in microblaze_0/libsrc/spi_v4_9/src"

TRACE::2024-10-23.01:10:40::SCWMssOS::make -C microblaze_0/libsrc/spi_v4_9/src -s include  "SHELL=CMD" "COMPILER=mb-gcc" "ASSEMBLER=mb-as" "ARCHIVER=mb-ar" "COMPILER
TRACE::2024-10-23.01:10:40::SCWMssOS::_FLAGS=  -O2 -c -mcpu=v11.0 -mlittle-endian -mno-xl-reorder -mno-xl-soft-mul -mxl-barrel-shift -mxl-pattern-compare" "EXTRA_COM
TRACE::2024-10-23.01:10:40::SCWMssOS::PILER_FLAGS=-g -ffunction-sections -fdata-sections -Wall -Wextra -fno-tree-loop-distribute-patterns"

TRACE::2024-10-23.01:10:40::SCWMssOS::"Running Make include in microblaze_0/libsrc/standalone_v8_0/src"

TRACE::2024-10-23.01:10:40::SCWMssOS::make -C microblaze_0/libsrc/standalone_v8_0/src -s include  "SHELL=CMD" "COMPILER=mb-gcc" "ASSEMBLER=mb-as" "ARCHIVER=mb-ar" "C
TRACE::2024-10-23.01:10:40::SCWMssOS::OMPILER_FLAGS=  -O2 -c -mcpu=v11.0 -mlittle-endian -mno-xl-reorder -mno-xl-soft-mul -mxl-barrel-shift -mxl-pattern-compare" "EX
TRACE::2024-10-23.01:10:40::SCWMssOS::TRA_COMPILER_FLAGS=-g -ffunction-sections -fdata-sections -Wall -Wextra -fno-tree-loop-distribute-patterns"

TRACE::2024-10-23.01:10:40::SCWMssOS::"Running Make include in microblaze_0/libsrc/tmrctr_v4_9/src"

TRACE::2024-10-23.01:10:40::SCWMssOS::make -C microblaze_0/libsrc/tmrctr_v4_9/src -s include  "SHELL=CMD" "COMPILER=mb-gcc" "ASSEMBLER=mb-as" "ARCHIVER=mb-ar" "COMPI
TRACE::2024-10-23.01:10:40::SCWMssOS::LER_FLAGS=  -O2 -c -mcpu=v11.0 -mlittle-endian -mno-xl-reorder -mno-xl-soft-mul -mxl-barrel-shift -mxl-pattern-compare" "EXTRA_
TRACE::2024-10-23.01:10:40::SCWMssOS::COMPILER_FLAGS=-g -ffunction-sections -fdata-sections -Wall -Wextra -fno-tree-loop-distribute-patterns"

TRACE::2024-10-23.01:10:40::SCWMssOS::"Running Make include in microblaze_0/libsrc/uartlite_v3_7/src"

TRACE::2024-10-23.01:10:40::SCWMssOS::make -C microblaze_0/libsrc/uartlite_v3_7/src -s include  "SHELL=CMD" "COMPILER=mb-gcc" "ASSEMBLER=mb-as" "ARCHIVER=mb-ar" "COM
TRACE::2024-10-23.01:10:40::SCWMssOS::PILER_FLAGS=  -O2 -c -mcpu=v11.0 -mlittle-endian -mno-xl-reorder -mno-xl-soft-mul -mxl-barrel-shift -mxl-pattern-compare" "EXTR
TRACE::2024-10-23.01:10:40::SCWMssOS::A_COMPILER_FLAGS=-g -ffunction-sections -fdata-sections -Wall -Wextra -fno-tree-loop-distribute-patterns"

TRACE::2024-10-23.01:10:40::SCWMssOS::"Running Make libs in microblaze_0/libsrc/bram_v4_8/src"

TRACE::2024-10-23.01:10:41::SCWMssOS::make -C microblaze_0/libsrc/bram_v4_8/src -s libs  "SHELL=CMD" "COMPILER=mb-gcc" "ASSEMBLER=mb-as" "ARCHIVER=mb-ar" "COMPILER_F
TRACE::2024-10-23.01:10:41::SCWMssOS::LAGS=  -O2 -c -mcpu=v11.0 -mlittle-endian -mno-xl-reorder -mno-xl-soft-mul -mxl-barrel-shift -mxl-pattern-compare" "EXTRA_COMPI
TRACE::2024-10-23.01:10:41::SCWMssOS::LER_FLAGS=-g -ffunction-sections -fdata-sections -Wall -Wextra -fno-tree-loop-distribute-patterns"

TRACE::2024-10-23.01:10:41::SCWMssOS::"Running Make libs in microblaze_0/libsrc/cpu_v2_16/src"

TRACE::2024-10-23.01:10:41::SCWMssOS::make -C microblaze_0/libsrc/cpu_v2_16/src -s libs  "SHELL=CMD" "COMPILER=mb-gcc" "ASSEMBLER=mb-as" "ARCHIVER=mb-ar" "COMPILER_F
TRACE::2024-10-23.01:10:41::SCWMssOS::LAGS=  -O2 -c -mcpu=v11.0 -mlittle-endian -mno-xl-reorder -mno-xl-soft-mul -mxl-barrel-shift -mxl-pattern-compare" "EXTRA_COMPI
TRACE::2024-10-23.01:10:41::SCWMssOS::LER_FLAGS=-g -ffunction-sections -fdata-sections -Wall -Wextra -fno-tree-loop-distribute-patterns"

TRACE::2024-10-23.01:10:41::SCWMssOS::"Running Make libs in microblaze_0/libsrc/gpio_v4_9/src"

TRACE::2024-10-23.01:10:41::SCWMssOS::make -C microblaze_0/libsrc/gpio_v4_9/src -s libs  "SHELL=CMD" "COMPILER=mb-gcc" "ASSEMBLER=mb-as" "ARCHIVER=mb-ar" "COMPILER_F
TRACE::2024-10-23.01:10:41::SCWMssOS::LAGS=  -O2 -c -mcpu=v11.0 -mlittle-endian -mno-xl-reorder -mno-xl-soft-mul -mxl-barrel-shift -mxl-pattern-compare" "EXTRA_COMPI
TRACE::2024-10-23.01:10:41::SCWMssOS::LER_FLAGS=-g -ffunction-sections -fdata-sections -Wall -Wextra -fno-tree-loop-distribute-patterns"

TRACE::2024-10-23.01:10:41::SCWMssOS::"Running Make libs in microblaze_0/libsrc/intc_v3_15/src"

TRACE::2024-10-23.01:10:41::SCWMssOS::make -C microblaze_0/libsrc/intc_v3_15/src -s libs  "SHELL=CMD" "COMPILER=mb-gcc" "ASSEMBLER=mb-as" "ARCHIVER=mb-ar" "COMPILER_
TRACE::2024-10-23.01:10:41::SCWMssOS::FLAGS=  -O2 -c -mcpu=v11.0 -mlittle-endian -mno-xl-reorder -mno-xl-soft-mul -mxl-barrel-shift -mxl-pattern-compare" "EXTRA_COMP
TRACE::2024-10-23.01:10:41::SCWMssOS::ILER_FLAGS=-g -ffunction-sections -fdata-sections -Wall -Wextra -fno-tree-loop-distribute-patterns"

TRACE::2024-10-23.01:10:41::SCWMssOS::"Running Make libs in microblaze_0/libsrc/spi_v4_9/src"

TRACE::2024-10-23.01:10:41::SCWMssOS::make -C microblaze_0/libsrc/spi_v4_9/src -s libs  "SHELL=CMD" "COMPILER=mb-gcc" "ASSEMBLER=mb-as" "ARCHIVER=mb-ar" "COMPILER_FL
TRACE::2024-10-23.01:10:41::SCWMssOS::AGS=  -O2 -c -mcpu=v11.0 -mlittle-endian -mno-xl-reorder -mno-xl-soft-mul -mxl-barrel-shift -mxl-pattern-compare" "EXTRA_COMPIL
TRACE::2024-10-23.01:10:41::SCWMssOS::ER_FLAGS=-g -ffunction-sections -fdata-sections -Wall -Wextra -fno-tree-loop-distribute-patterns"

TRACE::2024-10-23.01:10:41::SCWMssOS::"Running Make libs in microblaze_0/libsrc/standalone_v8_0/src"

TRACE::2024-10-23.01:10:41::SCWMssOS::make -C microblaze_0/libsrc/standalone_v8_0/src -s libs  "SHELL=CMD" "COMPILER=mb-gcc" "ASSEMBLER=mb-as" "ARCHIVER=mb-ar" "COMP
TRACE::2024-10-23.01:10:41::SCWMssOS::ILER_FLAGS=  -O2 -c -mcpu=v11.0 -mlittle-endian -mno-xl-reorder -mno-xl-soft-mul -mxl-barrel-shift -mxl-pattern-compare" "EXTRA
TRACE::2024-10-23.01:10:41::SCWMssOS::_COMPILER_FLAGS=-g -ffunction-sections -fdata-sections -Wall -Wextra -fno-tree-loop-distribute-patterns"

TRACE::2024-10-23.01:10:41::SCWMssOS::"Running Make libs in microblaze_0/libsrc/tmrctr_v4_9/src"

TRACE::2024-10-23.01:10:41::SCWMssOS::make -C microblaze_0/libsrc/tmrctr_v4_9/src -s libs  "SHELL=CMD" "COMPILER=mb-gcc" "ASSEMBLER=mb-as" "ARCHIVER=mb-ar" "COMPILER
TRACE::2024-10-23.01:10:41::SCWMssOS::_FLAGS=  -O2 -c -mcpu=v11.0 -mlittle-endian -mno-xl-reorder -mno-xl-soft-mul -mxl-barrel-shift -mxl-pattern-compare" "EXTRA_COM
TRACE::2024-10-23.01:10:41::SCWMssOS::PILER_FLAGS=-g -ffunction-sections -fdata-sections -Wall -Wextra -fno-tree-loop-distribute-patterns"

TRACE::2024-10-23.01:10:41::SCWMssOS::"Running Make libs in microblaze_0/libsrc/uartlite_v3_7/src"

TRACE::2024-10-23.01:10:41::SCWMssOS::make -C microblaze_0/libsrc/uartlite_v3_7/src -s libs  "SHELL=CMD" "COMPILER=mb-gcc" "ASSEMBLER=mb-as" "ARCHIVER=mb-ar" "COMPIL
TRACE::2024-10-23.01:10:41::SCWMssOS::ER_FLAGS=  -O2 -c -mcpu=v11.0 -mlittle-endian -mno-xl-reorder -mno-xl-soft-mul -mxl-barrel-shift -mxl-pattern-compare" "EXTRA_C
TRACE::2024-10-23.01:10:41::SCWMssOS::OMPILER_FLAGS=-g -ffunction-sections -fdata-sections -Wall -Wextra -fno-tree-loop-distribute-patterns"

TRACE::2024-10-23.01:10:41::SCWMssOS::'Finished building libraries parallelly.'

TRACE::2024-10-23.01:10:41::SCWMssOS::make --no-print-directory archive

TRACE::2024-10-23.01:10:41::SCWMssOS::mb-ar -r  microblaze_0/lib/libxil.a microblaze_0/lib/_exit.o microblaze_0/lib/errno.o microblaze_0/lib/fcntl.o microblaze_0/lib
TRACE::2024-10-23.01:10:41::SCWMssOS::/hw_exception_handler.o microblaze_0/lib/inbyte.o microblaze_0/lib/microblaze_disable_dcache.o microblaze_0/lib/microblaze_disa
TRACE::2024-10-23.01:10:41::SCWMssOS::ble_exceptions.o microblaze_0/lib/microblaze_disable_icache.o microblaze_0/lib/microblaze_disable_interrupts.o microblaze_0/lib
TRACE::2024-10-23.01:10:41::SCWMssOS::/microblaze_enable_dcache.o microblaze_0/lib/microblaze_enable_exceptions.o microblaze_0/lib/microblaze_enable_icache.o microbl
TRACE::2024-10-23.01:10:41::SCWMssOS::aze_0/lib/microblaze_enable_interrupts.o microblaze_0/lib/microblaze_exception_handler.o microblaze_0/lib/microblaze_flush_cach
TRACE::2024-10-23.01:10:41::SCWMssOS::e_ext.o microblaze_0/lib/microblaze_flush_cache_ext_range.o microblaze_0/lib/microblaze_flush_dcache.o microblaze_0/lib/microbl
TRACE::2024-10-23.01:10:41::SCWMssOS::aze_flush_dcache_range.o microblaze_0/lib/microblaze_init_dcache_range.o microblaze_0/lib/microblaze_init_icache_range.o microb
TRACE::2024-10-23.01:10:41::SCWMssOS::laze_0/lib/microblaze_interrupt_handler.o microblaze_0/lib/microblaze_interrupts_g.o microblaze_0/lib/microblaze_invalidate_cac
TRACE::2024-10-23.01:10:41::SCWMssOS::he_ext.o microblaze_0/lib/microblaze_invalidate_cache_ext_range.o microblaze_0/lib/microblaze_invalidate_dcache.o microblaze_0/
TRACE::2024-10-23.01:10:41::SCWMssOS::lib/microblaze_invalidate_dcache_range.o microblaze_0/lib/microblaze_invalidate_icache.o microblaze_0/lib/microblaze_invalidate
TRACE::2024-10-23.01:10:41::SCWMssOS::_icache_range.o microblaze_0/lib/microblaze_scrub.o microblaze_0/lib/microblaze_selftest.o microblaze_0/lib/microblaze_sleep.o 
TRACE::2024-10-23.01:10:41::SCWMssOS::microblaze_0/lib/microblaze_update_dcache.o microblaze_0/lib/microblaze_update_icache.o microblaze_0/lib/outbyte.o microblaze_0
TRACE::2024-10-23.01:10:41::SCWMssOS::/lib/print.o microblaze_0/lib/pvr.o microblaze_0/lib/xbram.o microblaze_0/lib/xbram_g.o microblaze_0/lib/xbram_intr.o microblaz
TRACE::2024-10-23.01:10:41::SCWMssOS::e_0/lib/xbram_selftest.o microblaze_0/lib/xbram_sinit.o microblaze_0/lib/xgpio.o microblaze_0/lib/xgpio_extra.o microblaze_0/li
TRACE::2024-10-23.01:10:41::SCWMssOS::b/xgpio_g.o microblaze_0/lib/xgpio_intr.o microblaze_0/lib/xgpio_selftest.o microblaze_0/lib/xgpio_sinit.o microblaze_0/lib/xil
TRACE::2024-10-23.01:10:41::SCWMssOS::_assert.o microblaze_0/lib/xil_cache.o microblaze_0/lib/xil_clocking.o microblaze_0/lib/xil_exception.o microblaze_0/lib/xil_me
TRACE::2024-10-23.01:10:41::SCWMssOS::m.o microblaze_0/lib/xil_misc_psreset_api.o microblaze_0/lib/xil_printf.o microblaze_0/lib/xil_sleepcommon.o microblaze_0/lib/x
TRACE::2024-10-23.01:10:41::SCWMssOS::il_testcache.o microblaze_0/lib/xil_testio.o microblaze_0/lib/xil_testmem.o microblaze_0/lib/xil_util.o microblaze_0/lib/xintc.
TRACE::2024-10-23.01:10:41::SCWMssOS::o microblaze_0/lib/xintc_g.o microblaze_0/lib/xintc_intr.o microblaze_0/lib/xintc_l.o microblaze_0/lib/xintc_options.o microbla
TRACE::2024-10-23.01:10:41::SCWMssOS::ze_0/lib/xintc_selftest.o microblaze_0/lib/xinterrupt_wrap.o microblaze_0/lib/xio.o microblaze_0/lib/xplatform_info.o microblaz
TRACE::2024-10-23.01:10:41::SCWMssOS::e_0/lib/xspi.o microblaze_0/lib/xspi_g.o microblaze_0/lib/xspi_options.o microblaze_0/lib/xspi_selftest.o microblaze_0/lib/xspi
TRACE::2024-10-23.01:10:41::SCWMssOS::_sinit.o microblaze_0/lib/xspi_stats.o microblaze_0/lib/xtmrctr.o microblaze_0/lib/xtmrctr_g.o microblaze_0/lib/xtmrctr_intr.o 
TRACE::2024-10-23.01:10:41::SCWMssOS::microblaze_0/lib/xtmrctr_l.o microblaze_0/lib/xtmrctr_options.o microblaze_0/lib/xtmrctr_selftest.o microblaze_0/lib/xtmrctr_si
TRACE::2024-10-23.01:10:41::SCWMssOS::nit.o microblaze_0/lib/xtmrctr_stats.o microblaze_0/lib/xuartlite.o microblaze_0/lib/xuartlite_g.o microblaze_0/lib/xuartlite_i
TRACE::2024-10-23.01:10:41::SCWMssOS::ntr.o microblaze_0/lib/xuartlite_l.o microblaze_0/lib/xuartlite_selftest.o microblaze_0/lib/xuartlite_sinit.o microblaze_0/lib/
TRACE::2024-10-23.01:10:41::SCWMssOS::xuartlite_stats.o

TRACE::2024-10-23.01:10:41::SCWMssOS::'Finished building libraries'

TRACE::2024-10-23.01:10:41::SCWMssOS::Copying to export directory.
TRACE::2024-10-23.01:10:41::SCWMssOS:: Checking if to create the Supporting Applications
TRACE::2024-10-23.01:10:41::SCWMssOS:: No Linux domain exists, trying to generate FSBL 
LOG::2024-10-23.01:10:41::SCWSystem::Completed Processing the domain standalone_microblaze_0
LOG::2024-10-23.01:10:41::SCWSystem::Completed Processing the sysconfig mb_usb_hdmi_top
LOG::2024-10-23.01:10:41::SCWPlatform::Completed generating the artifacts for system configuration mb_usb_hdmi_top
TRACE::2024-10-23.01:10:41::SCWPlatform::Started preparing the platform 
TRACE::2024-10-23.01:10:41::SCWSystem::Writing the bif file for system config mb_usb_hdmi_top
TRACE::2024-10-23.01:10:41::SCWSystem::dir created 
TRACE::2024-10-23.01:10:41::SCWSystem::Writing the bif 
TRACE::2024-10-23.01:10:41::SCWPlatform::Started writing the spfm file 
TRACE::2024-10-23.01:10:41::SCWPlatform::Started writing the xpfm file 
TRACE::2024-10-23.01:10:41::SCWPlatform::Completed generating the platform
TRACE::2024-10-23.01:10:41::SCWMssOS::Saving the mss changes C:/Users/Shane/Documents/Classes/ECE_385/Lab_6/lab_6/workspace/mb_usb_hdmi_top/microblaze_0/standalone_microblaze_0/bsp/system.mss
TRACE::2024-10-23.01:10:41::SCWMssOS::Found a swdesign opened with the mssfile.
TRACE::2024-10-23.01:10:41::SCWMssOS::Completed writemss as part of save.
TRACE::2024-10-23.01:10:41::SCWMssOS::Commit changes completed.
TRACE::2024-10-23.01:10:41::SCWPlatform::Trying to open the hw design at C:/Users/Shane/Documents/Classes/ECE_385/Lab_6/lab_6/workspace/mb_usb_hdmi_top/hw/mb_usb_hdmi_top.xsa
TRACE::2024-10-23.01:10:41::SCWPlatform::DSA given C:/Users/Shane/Documents/Classes/ECE_385/Lab_6/lab_6/workspace/mb_usb_hdmi_top/hw/mb_usb_hdmi_top.xsa
TRACE::2024-10-23.01:10:41::SCWPlatform::DSA absoulate path C:/Users/Shane/Documents/Classes/ECE_385/Lab_6/lab_6/workspace/mb_usb_hdmi_top/hw/mb_usb_hdmi_top.xsa
TRACE::2024-10-23.01:10:41::SCWPlatform::DSA directory C:/Users/Shane/Documents/Classes/ECE_385/Lab_6/lab_6/workspace/mb_usb_hdmi_top/hw
TRACE::2024-10-23.01:10:41::SCWPlatform:: Platform Path C:/Users/Shane/Documents/Classes/ECE_385/Lab_6/lab_6/workspace/mb_usb_hdmi_top/hw/mb_usb_hdmi_top.xsa
TRACE::2024-10-23.01:10:41::SCWPlatform:: Unique name xilinx:::0.0
TRACE::2024-10-23.01:10:41::SCWPlatform::Trying to set the existing hwdb with name mb_usb_hdmi_top
TRACE::2024-10-23.01:10:41::SCWPlatform::Opened existing hwdb mb_usb_hdmi_top
TRACE::2024-10-23.01:10:41::SCWPlatform::Found the Hw Db part of the input DSA
TRACE::2024-10-23.01:10:41::SCWMssOS::Checking the sw design at  C:/Users/Shane/Documents/Classes/ECE_385/Lab_6/lab_6/workspace/mb_usb_hdmi_top/microblaze_0/standalone_microblaze_0/bsp/system.mss
TRACE::2024-10-23.01:10:41::SCWMssOS::DEBUG:  swdes dump  C:/Users/Shane/Documents/Classes/ECE_385/Lab_6/lab_6/workspace/mb_usb_hdmi_top/microblaze_0/standalone_microblaze_0/bsp/system.mss|system||

TRACE::2024-10-23.01:10:41::SCWMssOS::Sw design exists and opened at  C:/Users/Shane/Documents/Classes/ECE_385/Lab_6/lab_6/workspace/mb_usb_hdmi_top/microblaze_0/standalone_microblaze_0/bsp/system.mss
TRACE::2024-10-23.01:10:41::SCWWriter::formatted JSON is {
	"platformName":	"mb_usb_hdmi_top",
	"sprVersion":	"2.0",
	"mode":	"gui",
	"dsaType":	"Fixed",
	"platformDesc":	"mb_usb_hdmi_top",
	"platHandOff":	"C:/Users/Shane/Documents/Classes/ECE_385/Lab_6/lab_6/mb_usb_hdmi_top.xsa",
	"platIntHandOff":	"<platformDir>/hw/mb_usb_hdmi_top.xsa",
	"deviceType":	"FPGA",
	"platIsPrebuiltAutogen":	"false",
	"platIsNoBootBsp":	"false",
	"hasFsblMakeHasChanges":	"false",
	"hasPmufwMakeHasChanges":	"false",
	"platPreBuiltFlag":	false,
	"platformSamplesDir":	"",
	"platActiveSys":	"mb_usb_hdmi_top",
	"systems":	[{
			"systemName":	"mb_usb_hdmi_top",
			"systemDesc":	"mb_usb_hdmi_top",
			"sysIsBootAutoGen":	"true",
			"systemDispName":	"mb_usb_hdmi_top",
			"sysActiveDom":	"standalone_microblaze_0",
			"sysDefaultDom":	"standalone_microblaze_0",
			"domains":	[{
					"domainName":	"standalone_microblaze_0",
					"domainDispName":	"standalone_microblaze_0",
					"domainDesc":	"standalone_microblaze_0",
					"processors":	"microblaze_0",
					"os":	"standalone",
					"sdxOs":	"standalone",
					"debugEnable":	"False",
					"domRuntimes":	["cpp"],
					"swRepo":	"",
					"mssOsVer":	"8.0",
					"mssFile":	"",
					"md5Digest":	"304529987e879521ca977c68d163f362",
					"compatibleApp":	"",
					"domType":	"mssDomain",
					"arch":	"32-bit",
					"appSettings":	{
						"appCompilerFlags":	"",
						"appLinkerFlags":	""
					},
					"addedLibs":	[],
					"libOptions":	{
						"libsContainingOptions":	[]
					},
					"prebuiltLibs":	{
						"prebuiltIncPath":	[],
						"prebuiltLibPath":	[]
					},
					"isolation":	{
					}
				}]
		}]
}
KEYINFO::2024-10-23.01:10:41::SCWPlatform::updated the xpfm file.
TRACE::2024-10-23.01:10:41::SCWPlatform::Trying to open the hw design at C:/Users/Shane/Documents/Classes/ECE_385/Lab_6/lab_6/workspace/mb_usb_hdmi_top/hw/mb_usb_hdmi_top.xsa
TRACE::2024-10-23.01:10:41::SCWPlatform::DSA given C:/Users/Shane/Documents/Classes/ECE_385/Lab_6/lab_6/workspace/mb_usb_hdmi_top/hw/mb_usb_hdmi_top.xsa
TRACE::2024-10-23.01:10:41::SCWPlatform::DSA absoulate path C:/Users/Shane/Documents/Classes/ECE_385/Lab_6/lab_6/workspace/mb_usb_hdmi_top/hw/mb_usb_hdmi_top.xsa
TRACE::2024-10-23.01:10:41::SCWPlatform::DSA directory C:/Users/Shane/Documents/Classes/ECE_385/Lab_6/lab_6/workspace/mb_usb_hdmi_top/hw
TRACE::2024-10-23.01:10:41::SCWPlatform:: Platform Path C:/Users/Shane/Documents/Classes/ECE_385/Lab_6/lab_6/workspace/mb_usb_hdmi_top/hw/mb_usb_hdmi_top.xsa
TRACE::2024-10-23.01:10:41::SCWPlatform:: Unique name xilinx:::0.0
TRACE::2024-10-23.01:10:41::SCWPlatform::Trying to set the existing hwdb with name mb_usb_hdmi_top
TRACE::2024-10-23.01:10:41::SCWPlatform::Opened existing hwdb mb_usb_hdmi_top
TRACE::2024-10-23.01:10:41::SCWPlatform::Found the Hw Db part of the input DSA
TRACE::2024-10-23.01:10:41::SCWMssOS::Checking the sw design at  C:/Users/Shane/Documents/Classes/ECE_385/Lab_6/lab_6/workspace/mb_usb_hdmi_top/microblaze_0/standalone_microblaze_0/bsp/system.mss
TRACE::2024-10-23.01:10:41::SCWMssOS::DEBUG:  swdes dump  C:/Users/Shane/Documents/Classes/ECE_385/Lab_6/lab_6/workspace/mb_usb_hdmi_top/microblaze_0/standalone_microblaze_0/bsp/system.mss|system||

TRACE::2024-10-23.01:10:41::SCWMssOS::Sw design exists and opened at  C:/Users/Shane/Documents/Classes/ECE_385/Lab_6/lab_6/workspace/mb_usb_hdmi_top/microblaze_0/standalone_microblaze_0/bsp/system.mss
TRACE::2024-10-23.01:31:11::SCWMssOS::cleaning the bsp 
TRACE::2024-10-23.01:31:11::SCWMssOS::System Command Ran  C: & cd  C:/Users/Shane/Documents/Classes/ECE_385/Lab_6/lab_6/workspace/mb_usb_hdmi_top/microblaze_0/standalone_microblaze_0/bsp & make clean 
TRACE::2024-10-23.01:31:11::SCWMssOS::make -C microblaze_0/libsrc/bram_v4_8/src -s clean 

TRACE::2024-10-23.01:31:11::SCWMssOS::make -C microblaze_0/libsrc/cpu_v2_16/src -s clean 

TRACE::2024-10-23.01:31:11::SCWMssOS::make -C microblaze_0/libsrc/gpio_v4_9/src -s clean 

TRACE::2024-10-23.01:31:11::SCWMssOS::make -C microblaze_0/libsrc/intc_v3_15/src -s clean 

TRACE::2024-10-23.01:31:11::SCWMssOS::make -C microblaze_0/libsrc/spi_v4_9/src -s clean 

TRACE::2024-10-23.01:31:11::SCWMssOS::make -C microblaze_0/libsrc/standalone_v8_0/src -s clean 

TRACE::2024-10-23.01:31:12::SCWMssOS::make -C microblaze_0/libsrc/tmrctr_v4_9/src -s clean 

TRACE::2024-10-23.01:31:12::SCWMssOS::make -C microblaze_0/libsrc/uartlite_v3_7/src -s clean 

TRACE::2024-10-23.01:31:12::SCWMssOS::rm -f microblaze_0/lib/libxil.a

LOG::2024-10-23.01:31:15::SCWPlatform::Started generating the artifacts platform mb_usb_hdmi_top
TRACE::2024-10-23.01:31:15::SCWPlatform::Sanity checking of platform is completed
LOG::2024-10-23.01:31:15::SCWPlatform::Started generating the artifacts for system configuration mb_usb_hdmi_top
LOG::2024-10-23.01:31:15::SCWSystem::Checking the domain standalone_microblaze_0
LOG::2024-10-23.01:31:15::SCWSystem::Not a boot domain 
LOG::2024-10-23.01:31:15::SCWSystem::Started Processing the domain standalone_microblaze_0
TRACE::2024-10-23.01:31:15::SCWDomain::Generating domain artifcats
TRACE::2024-10-23.01:31:15::SCWMssOS::Generating standalone artifcats
TRACE::2024-10-23.01:31:15::SCWMssOS:: Copying the user libraries. 
TRACE::2024-10-23.01:31:15::SCWPlatform::Trying to open the hw design at C:/Users/Shane/Documents/Classes/ECE_385/Lab_6/lab_6/workspace/mb_usb_hdmi_top/hw/mb_usb_hdmi_top.xsa
TRACE::2024-10-23.01:31:15::SCWPlatform::DSA given C:/Users/Shane/Documents/Classes/ECE_385/Lab_6/lab_6/workspace/mb_usb_hdmi_top/hw/mb_usb_hdmi_top.xsa
TRACE::2024-10-23.01:31:15::SCWPlatform::DSA absoulate path C:/Users/Shane/Documents/Classes/ECE_385/Lab_6/lab_6/workspace/mb_usb_hdmi_top/hw/mb_usb_hdmi_top.xsa
TRACE::2024-10-23.01:31:15::SCWPlatform::DSA directory C:/Users/Shane/Documents/Classes/ECE_385/Lab_6/lab_6/workspace/mb_usb_hdmi_top/hw
TRACE::2024-10-23.01:31:15::SCWPlatform:: Platform Path C:/Users/Shane/Documents/Classes/ECE_385/Lab_6/lab_6/workspace/mb_usb_hdmi_top/hw/mb_usb_hdmi_top.xsa
TRACE::2024-10-23.01:31:15::SCWPlatform:: Unique name xilinx:::0.0
TRACE::2024-10-23.01:31:15::SCWPlatform::Trying to set the existing hwdb with name mb_usb_hdmi_top
TRACE::2024-10-23.01:31:15::SCWPlatform::Opened existing hwdb mb_usb_hdmi_top
TRACE::2024-10-23.01:31:15::SCWPlatform::Found the Hw Db part of the input DSA
TRACE::2024-10-23.01:31:15::SCWMssOS::Checking the sw design at  C:/Users/Shane/Documents/Classes/ECE_385/Lab_6/lab_6/workspace/mb_usb_hdmi_top/microblaze_0/standalone_microblaze_0/bsp/system.mss
TRACE::2024-10-23.01:31:15::SCWMssOS::DEBUG:  swdes dump  C:/Users/Shane/Documents/Classes/ECE_385/Lab_6/lab_6/workspace/mb_usb_hdmi_top/microblaze_0/standalone_microblaze_0/bsp/system.mss|system||

TRACE::2024-10-23.01:31:15::SCWMssOS::Sw design exists and opened at  C:/Users/Shane/Documents/Classes/ECE_385/Lab_6/lab_6/workspace/mb_usb_hdmi_top/microblaze_0/standalone_microblaze_0/bsp/system.mss
TRACE::2024-10-23.01:31:15::SCWMssOS::Completed writing the mss file at C:/Users/Shane/Documents/Classes/ECE_385/Lab_6/lab_6/workspace/mb_usb_hdmi_top/microblaze_0/standalone_microblaze_0/bsp
TRACE::2024-10-23.01:31:15::SCWMssOS::Mss edits present, copying mssfile into export location C:/Users/Shane/Documents/Classes/ECE_385/Lab_6/lab_6/workspace/mb_usb_hdmi_top/microblaze_0/standalone_microblaze_0/bsp/system.mss
TRACE::2024-10-23.01:31:15::SCWMssOS::bsp generated is upto date with the mss file. Skipping bsp generation.
TRACE::2024-10-23.01:31:15::SCWMssOS::BSP is already built. skipping the bsp build ... 
TRACE::2024-10-23.01:31:15::SCWDomain::Building the domain as part of full build :  standalone_microblaze_0
TRACE::2024-10-23.01:31:15::SCWMssOS::doing bsp build ... 
TRACE::2024-10-23.01:31:15::SCWMssOS::System Command Ran  C: & cd  C:/Users/Shane/Documents/Classes/ECE_385/Lab_6/lab_6/workspace/mb_usb_hdmi_top/microblaze_0/standalone_microblaze_0/bsp & make 
TRACE::2024-10-23.01:31:15::SCWMssOS::make --no-print-directory seq_libs

TRACE::2024-10-23.01:31:16::SCWMssOS::'Finished building libraries sequentially.'

TRACE::2024-10-23.01:31:16::SCWMssOS::make -j 6 --no-print-directory par_libs

TRACE::2024-10-23.01:31:16::SCWMssOS::"Running Make include in microblaze_0/libsrc/bram_v4_8/src"

TRACE::2024-10-23.01:31:16::SCWMssOS::make -C microblaze_0/libsrc/bram_v4_8/src -s include  "SHELL=CMD" "COMPILER=mb-gcc" "ASSEMBLER=mb-as" "ARCHIVER=mb-ar" "COMPILE
TRACE::2024-10-23.01:31:16::SCWMssOS::R_FLAGS=  -O2 -c -mcpu=v11.0 -mlittle-endian -mno-xl-reorder -mno-xl-soft-mul -mxl-barrel-shift -mxl-pattern-compare" "EXTRA_CO
TRACE::2024-10-23.01:31:16::SCWMssOS::MPILER_FLAGS=-g -ffunction-sections -fdata-sections -Wall -Wextra -fno-tree-loop-distribute-patterns"

TRACE::2024-10-23.01:31:16::SCWMssOS::"Running Make include in microblaze_0/libsrc/cpu_v2_16/src"

TRACE::2024-10-23.01:31:16::SCWMssOS::make -C microblaze_0/libsrc/cpu_v2_16/src -s include  "SHELL=CMD" "COMPILER=mb-gcc" "ASSEMBLER=mb-as" "ARCHIVER=mb-ar" "COMPILE
TRACE::2024-10-23.01:31:16::SCWMssOS::R_FLAGS=  -O2 -c -mcpu=v11.0 -mlittle-endian -mno-xl-reorder -mno-xl-soft-mul -mxl-barrel-shift -mxl-pattern-compare" "EXTRA_CO
TRACE::2024-10-23.01:31:16::SCWMssOS::MPILER_FLAGS=-g -ffunction-sections -fdata-sections -Wall -Wextra -fno-tree-loop-distribute-patterns"

TRACE::2024-10-23.01:31:16::SCWMssOS::"Running Make include in microblaze_0/libsrc/gpio_v4_9/src"

TRACE::2024-10-23.01:31:16::SCWMssOS::make -C microblaze_0/libsrc/gpio_v4_9/src -s include  "SHELL=CMD" "COMPILER=mb-gcc" "ASSEMBLER=mb-as" "ARCHIVER=mb-ar" "COMPILE
TRACE::2024-10-23.01:31:16::SCWMssOS::R_FLAGS=  -O2 -c -mcpu=v11.0 -mlittle-endian -mno-xl-reorder -mno-xl-soft-mul -mxl-barrel-shift -mxl-pattern-compare" "EXTRA_CO
TRACE::2024-10-23.01:31:16::SCWMssOS::MPILER_FLAGS=-g -ffunction-sections -fdata-sections -Wall -Wextra -fno-tree-loop-distribute-patterns"

TRACE::2024-10-23.01:31:16::SCWMssOS::"Running Make include in microblaze_0/libsrc/intc_v3_15/src"

TRACE::2024-10-23.01:31:16::SCWMssOS::make -C microblaze_0/libsrc/intc_v3_15/src -s include  "SHELL=CMD" "COMPILER=mb-gcc" "ASSEMBLER=mb-as" "ARCHIVER=mb-ar" "COMPIL
TRACE::2024-10-23.01:31:16::SCWMssOS::ER_FLAGS=  -O2 -c -mcpu=v11.0 -mlittle-endian -mno-xl-reorder -mno-xl-soft-mul -mxl-barrel-shift -mxl-pattern-compare" "EXTRA_C
TRACE::2024-10-23.01:31:16::SCWMssOS::OMPILER_FLAGS=-g -ffunction-sections -fdata-sections -Wall -Wextra -fno-tree-loop-distribute-patterns"

TRACE::2024-10-23.01:31:16::SCWMssOS::"Running Make include in microblaze_0/libsrc/spi_v4_9/src"

TRACE::2024-10-23.01:31:16::SCWMssOS::make -C microblaze_0/libsrc/spi_v4_9/src -s include  "SHELL=CMD" "COMPILER=mb-gcc" "ASSEMBLER=mb-as" "ARCHIVER=mb-ar" "COMPILER
TRACE::2024-10-23.01:31:16::SCWMssOS::_FLAGS=  -O2 -c -mcpu=v11.0 -mlittle-endian -mno-xl-reorder -mno-xl-soft-mul -mxl-barrel-shift -mxl-pattern-compare" "EXTRA_COM
TRACE::2024-10-23.01:31:16::SCWMssOS::PILER_FLAGS=-g -ffunction-sections -fdata-sections -Wall -Wextra -fno-tree-loop-distribute-patterns"

TRACE::2024-10-23.01:31:16::SCWMssOS::"Running Make include in microblaze_0/libsrc/standalone_v8_0/src"

TRACE::2024-10-23.01:31:16::SCWMssOS::make -C microblaze_0/libsrc/standalone_v8_0/src -s include  "SHELL=CMD" "COMPILER=mb-gcc" "ASSEMBLER=mb-as" "ARCHIVER=mb-ar" "C
TRACE::2024-10-23.01:31:16::SCWMssOS::OMPILER_FLAGS=  -O2 -c -mcpu=v11.0 -mlittle-endian -mno-xl-reorder -mno-xl-soft-mul -mxl-barrel-shift -mxl-pattern-compare" "EX
TRACE::2024-10-23.01:31:16::SCWMssOS::TRA_COMPILER_FLAGS=-g -ffunction-sections -fdata-sections -Wall -Wextra -fno-tree-loop-distribute-patterns"

TRACE::2024-10-23.01:31:16::SCWMssOS::"Running Make include in microblaze_0/libsrc/tmrctr_v4_9/src"

TRACE::2024-10-23.01:31:16::SCWMssOS::make -C microblaze_0/libsrc/tmrctr_v4_9/src -s include  "SHELL=CMD" "COMPILER=mb-gcc" "ASSEMBLER=mb-as" "ARCHIVER=mb-ar" "COMPI
TRACE::2024-10-23.01:31:16::SCWMssOS::LER_FLAGS=  -O2 -c -mcpu=v11.0 -mlittle-endian -mno-xl-reorder -mno-xl-soft-mul -mxl-barrel-shift -mxl-pattern-compare" "EXTRA_
TRACE::2024-10-23.01:31:16::SCWMssOS::COMPILER_FLAGS=-g -ffunction-sections -fdata-sections -Wall -Wextra -fno-tree-loop-distribute-patterns"

TRACE::2024-10-23.01:31:16::SCWMssOS::"Running Make include in microblaze_0/libsrc/uartlite_v3_7/src"

TRACE::2024-10-23.01:31:16::SCWMssOS::make -C microblaze_0/libsrc/uartlite_v3_7/src -s include  "SHELL=CMD" "COMPILER=mb-gcc" "ASSEMBLER=mb-as" "ARCHIVER=mb-ar" "COM
TRACE::2024-10-23.01:31:16::SCWMssOS::PILER_FLAGS=  -O2 -c -mcpu=v11.0 -mlittle-endian -mno-xl-reorder -mno-xl-soft-mul -mxl-barrel-shift -mxl-pattern-compare" "EXTR
TRACE::2024-10-23.01:31:16::SCWMssOS::A_COMPILER_FLAGS=-g -ffunction-sections -fdata-sections -Wall -Wextra -fno-tree-loop-distribute-patterns"

TRACE::2024-10-23.01:31:16::SCWMssOS::"Running Make libs in microblaze_0/libsrc/bram_v4_8/src"

TRACE::2024-10-23.01:31:16::SCWMssOS::make -C microblaze_0/libsrc/bram_v4_8/src -s libs  "SHELL=CMD" "COMPILER=mb-gcc" "ASSEMBLER=mb-as" "ARCHIVER=mb-ar" "COMPILER_F
TRACE::2024-10-23.01:31:16::SCWMssOS::LAGS=  -O2 -c -mcpu=v11.0 -mlittle-endian -mno-xl-reorder -mno-xl-soft-mul -mxl-barrel-shift -mxl-pattern-compare" "EXTRA_COMPI
TRACE::2024-10-23.01:31:16::SCWMssOS::LER_FLAGS=-g -ffunction-sections -fdata-sections -Wall -Wextra -fno-tree-loop-distribute-patterns"

TRACE::2024-10-23.01:31:16::SCWMssOS::"Running Make libs in microblaze_0/libsrc/cpu_v2_16/src"

TRACE::2024-10-23.01:31:16::SCWMssOS::make -C microblaze_0/libsrc/cpu_v2_16/src -s libs  "SHELL=CMD" "COMPILER=mb-gcc" "ASSEMBLER=mb-as" "ARCHIVER=mb-ar" "COMPILER_F
TRACE::2024-10-23.01:31:16::SCWMssOS::LAGS=  -O2 -c -mcpu=v11.0 -mlittle-endian -mno-xl-reorder -mno-xl-soft-mul -mxl-barrel-shift -mxl-pattern-compare" "EXTRA_COMPI
TRACE::2024-10-23.01:31:16::SCWMssOS::LER_FLAGS=-g -ffunction-sections -fdata-sections -Wall -Wextra -fno-tree-loop-distribute-patterns"

TRACE::2024-10-23.01:31:16::SCWMssOS::"Running Make libs in microblaze_0/libsrc/gpio_v4_9/src"

TRACE::2024-10-23.01:31:16::SCWMssOS::make -C microblaze_0/libsrc/gpio_v4_9/src -s libs  "SHELL=CMD" "COMPILER=mb-gcc" "ASSEMBLER=mb-as" "ARCHIVER=mb-ar" "COMPILER_F
TRACE::2024-10-23.01:31:16::SCWMssOS::LAGS=  -O2 -c -mcpu=v11.0 -mlittle-endian -mno-xl-reorder -mno-xl-soft-mul -mxl-barrel-shift -mxl-pattern-compare" "EXTRA_COMPI
TRACE::2024-10-23.01:31:16::SCWMssOS::LER_FLAGS=-g -ffunction-sections -fdata-sections -Wall -Wextra -fno-tree-loop-distribute-patterns"

TRACE::2024-10-23.01:31:16::SCWMssOS::"Running Make libs in microblaze_0/libsrc/intc_v3_15/src"

TRACE::2024-10-23.01:31:16::SCWMssOS::make -C microblaze_0/libsrc/intc_v3_15/src -s libs  "SHELL=CMD" "COMPILER=mb-gcc" "ASSEMBLER=mb-as" "ARCHIVER=mb-ar" "COMPILER_
TRACE::2024-10-23.01:31:16::SCWMssOS::FLAGS=  -O2 -c -mcpu=v11.0 -mlittle-endian -mno-xl-reorder -mno-xl-soft-mul -mxl-barrel-shift -mxl-pattern-compare" "EXTRA_COMP
TRACE::2024-10-23.01:31:16::SCWMssOS::ILER_FLAGS=-g -ffunction-sections -fdata-sections -Wall -Wextra -fno-tree-loop-distribute-patterns"

TRACE::2024-10-23.01:31:16::SCWMssOS::"Running Make libs in microblaze_0/libsrc/spi_v4_9/src"

TRACE::2024-10-23.01:31:16::SCWMssOS::make -C microblaze_0/libsrc/spi_v4_9/src -s libs  "SHELL=CMD" "COMPILER=mb-gcc" "ASSEMBLER=mb-as" "ARCHIVER=mb-ar" "COMPILER_FL
TRACE::2024-10-23.01:31:16::SCWMssOS::AGS=  -O2 -c -mcpu=v11.0 -mlittle-endian -mno-xl-reorder -mno-xl-soft-mul -mxl-barrel-shift -mxl-pattern-compare" "EXTRA_COMPIL
TRACE::2024-10-23.01:31:16::SCWMssOS::ER_FLAGS=-g -ffunction-sections -fdata-sections -Wall -Wextra -fno-tree-loop-distribute-patterns"

TRACE::2024-10-23.01:31:17::SCWMssOS::"Running Make libs in microblaze_0/libsrc/standalone_v8_0/src"

TRACE::2024-10-23.01:31:17::SCWMssOS::make -C microblaze_0/libsrc/standalone_v8_0/src -s libs  "SHELL=CMD" "COMPILER=mb-gcc" "ASSEMBLER=mb-as" "ARCHIVER=mb-ar" "COMP
TRACE::2024-10-23.01:31:17::SCWMssOS::ILER_FLAGS=  -O2 -c -mcpu=v11.0 -mlittle-endian -mno-xl-reorder -mno-xl-soft-mul -mxl-barrel-shift -mxl-pattern-compare" "EXTRA
TRACE::2024-10-23.01:31:17::SCWMssOS::_COMPILER_FLAGS=-g -ffunction-sections -fdata-sections -Wall -Wextra -fno-tree-loop-distribute-patterns"

TRACE::2024-10-23.01:31:17::SCWMssOS::"Running Make libs in microblaze_0/libsrc/tmrctr_v4_9/src"

TRACE::2024-10-23.01:31:17::SCWMssOS::make -C microblaze_0/libsrc/tmrctr_v4_9/src -s libs  "SHELL=CMD" "COMPILER=mb-gcc" "ASSEMBLER=mb-as" "ARCHIVER=mb-ar" "COMPILER
TRACE::2024-10-23.01:31:17::SCWMssOS::_FLAGS=  -O2 -c -mcpu=v11.0 -mlittle-endian -mno-xl-reorder -mno-xl-soft-mul -mxl-barrel-shift -mxl-pattern-compare" "EXTRA_COM
TRACE::2024-10-23.01:31:17::SCWMssOS::PILER_FLAGS=-g -ffunction-sections -fdata-sections -Wall -Wextra -fno-tree-loop-distribute-patterns"

TRACE::2024-10-23.01:31:18::SCWMssOS::"Running Make libs in microblaze_0/libsrc/uartlite_v3_7/src"

TRACE::2024-10-23.01:31:18::SCWMssOS::make -C microblaze_0/libsrc/uartlite_v3_7/src -s libs  "SHELL=CMD" "COMPILER=mb-gcc" "ASSEMBLER=mb-as" "ARCHIVER=mb-ar" "COMPIL
TRACE::2024-10-23.01:31:18::SCWMssOS::ER_FLAGS=  -O2 -c -mcpu=v11.0 -mlittle-endian -mno-xl-reorder -mno-xl-soft-mul -mxl-barrel-shift -mxl-pattern-compare" "EXTRA_C
TRACE::2024-10-23.01:31:18::SCWMssOS::OMPILER_FLAGS=-g -ffunction-sections -fdata-sections -Wall -Wextra -fno-tree-loop-distribute-patterns"

TRACE::2024-10-23.01:31:21::SCWMssOS::"DEBUG NON_LTO_OBJECTS is ../../../lib/microblaze_interrupt_handler.o"

TRACE::2024-10-23.01:31:21::SCWMssOS::'Finished building libraries parallelly.'

TRACE::2024-10-23.01:31:21::SCWMssOS::make --no-print-directory archive

TRACE::2024-10-23.01:31:21::SCWMssOS::mb-ar -r  microblaze_0/lib/libxil.a microblaze_0/lib/_exit.o microblaze_0/lib/errno.o microblaze_0/lib/fcntl.o microblaze_0/lib
TRACE::2024-10-23.01:31:21::SCWMssOS::/hw_exception_handler.o microblaze_0/lib/inbyte.o microblaze_0/lib/microblaze_disable_dcache.o microblaze_0/lib/microblaze_disa
TRACE::2024-10-23.01:31:21::SCWMssOS::ble_exceptions.o microblaze_0/lib/microblaze_disable_icache.o microblaze_0/lib/microblaze_disable_interrupts.o microblaze_0/lib
TRACE::2024-10-23.01:31:21::SCWMssOS::/microblaze_enable_dcache.o microblaze_0/lib/microblaze_enable_exceptions.o microblaze_0/lib/microblaze_enable_icache.o microbl
TRACE::2024-10-23.01:31:21::SCWMssOS::aze_0/lib/microblaze_enable_interrupts.o microblaze_0/lib/microblaze_exception_handler.o microblaze_0/lib/microblaze_flush_cach
TRACE::2024-10-23.01:31:21::SCWMssOS::e_ext.o microblaze_0/lib/microblaze_flush_cache_ext_range.o microblaze_0/lib/microblaze_flush_dcache.o microblaze_0/lib/microbl
TRACE::2024-10-23.01:31:21::SCWMssOS::aze_flush_dcache_range.o microblaze_0/lib/microblaze_init_dcache_range.o microblaze_0/lib/microblaze_init_icache_range.o microb
TRACE::2024-10-23.01:31:21::SCWMssOS::laze_0/lib/microblaze_interrupt_handler.o microblaze_0/lib/microblaze_interrupts_g.o microblaze_0/lib/microblaze_invalidate_cac
TRACE::2024-10-23.01:31:22::SCWMssOS::he_ext.o microblaze_0/lib/microblaze_invalidate_cache_ext_range.o microblaze_0/lib/microblaze_invalidate_dcache.o microblaze_0/
TRACE::2024-10-23.01:31:22::SCWMssOS::lib/microblaze_invalidate_dcache_range.o microblaze_0/lib/microblaze_invalidate_icache.o microblaze_0/lib/microblaze_invalidate
TRACE::2024-10-23.01:31:22::SCWMssOS::_icache_range.o microblaze_0/lib/microblaze_scrub.o microblaze_0/lib/microblaze_selftest.o microblaze_0/lib/microblaze_sleep.o 
TRACE::2024-10-23.01:31:22::SCWMssOS::microblaze_0/lib/microblaze_update_dcache.o microblaze_0/lib/microblaze_update_icache.o microblaze_0/lib/outbyte.o microblaze_0
TRACE::2024-10-23.01:31:22::SCWMssOS::/lib/print.o microblaze_0/lib/pvr.o microblaze_0/lib/xbram.o microblaze_0/lib/xbram_g.o microblaze_0/lib/xbram_intr.o microblaz
TRACE::2024-10-23.01:31:22::SCWMssOS::e_0/lib/xbram_selftest.o microblaze_0/lib/xbram_sinit.o microblaze_0/lib/xgpio.o microblaze_0/lib/xgpio_extra.o microblaze_0/li
TRACE::2024-10-23.01:31:22::SCWMssOS::b/xgpio_g.o microblaze_0/lib/xgpio_intr.o microblaze_0/lib/xgpio_selftest.o microblaze_0/lib/xgpio_sinit.o microblaze_0/lib/xil
TRACE::2024-10-23.01:31:22::SCWMssOS::_assert.o microblaze_0/lib/xil_cache.o microblaze_0/lib/xil_clocking.o microblaze_0/lib/xil_exception.o microblaze_0/lib/xil_me
TRACE::2024-10-23.01:31:22::SCWMssOS::m.o microblaze_0/lib/xil_misc_psreset_api.o microblaze_0/lib/xil_printf.o microblaze_0/lib/xil_sleepcommon.o microblaze_0/lib/x
TRACE::2024-10-23.01:31:22::SCWMssOS::il_testcache.o microblaze_0/lib/xil_testio.o microblaze_0/lib/xil_testmem.o microblaze_0/lib/xil_util.o microblaze_0/lib/xintc.
TRACE::2024-10-23.01:31:22::SCWMssOS::o microblaze_0/lib/xintc_g.o microblaze_0/lib/xintc_intr.o microblaze_0/lib/xintc_l.o microblaze_0/lib/xintc_options.o microbla
TRACE::2024-10-23.01:31:22::SCWMssOS::ze_0/lib/xintc_selftest.o microblaze_0/lib/xinterrupt_wrap.o microblaze_0/lib/xio.o microblaze_0/lib/xplatform_info.o microblaz
TRACE::2024-10-23.01:31:22::SCWMssOS::e_0/lib/xspi.o microblaze_0/lib/xspi_g.o microblaze_0/lib/xspi_options.o microblaze_0/lib/xspi_selftest.o microblaze_0/lib/xspi
TRACE::2024-10-23.01:31:22::SCWMssOS::_sinit.o microblaze_0/lib/xspi_stats.o microblaze_0/lib/xtmrctr.o microblaze_0/lib/xtmrctr_g.o microblaze_0/lib/xtmrctr_intr.o 
TRACE::2024-10-23.01:31:22::SCWMssOS::microblaze_0/lib/xtmrctr_l.o microblaze_0/lib/xtmrctr_options.o microblaze_0/lib/xtmrctr_selftest.o microblaze_0/lib/xtmrctr_si
TRACE::2024-10-23.01:31:22::SCWMssOS::nit.o microblaze_0/lib/xtmrctr_stats.o microblaze_0/lib/xuartlite.o microblaze_0/lib/xuartlite_g.o microblaze_0/lib/xuartlite_i
TRACE::2024-10-23.01:31:22::SCWMssOS::ntr.o microblaze_0/lib/xuartlite_l.o microblaze_0/lib/xuartlite_selftest.o microblaze_0/lib/xuartlite_sinit.o microblaze_0/lib/
TRACE::2024-10-23.01:31:22::SCWMssOS::xuartlite_stats.o

TRACE::2024-10-23.01:31:22::SCWMssOS::'Finished building libraries'

TRACE::2024-10-23.01:31:22::SCWMssOS::Copying to export directory.
TRACE::2024-10-23.01:31:22::SCWMssOS:: Checking if to create the Supporting Applications
TRACE::2024-10-23.01:31:22::SCWMssOS:: No Linux domain exists, trying to generate FSBL 
LOG::2024-10-23.01:31:22::SCWSystem::Completed Processing the domain standalone_microblaze_0
LOG::2024-10-23.01:31:22::SCWSystem::Completed Processing the sysconfig mb_usb_hdmi_top
LOG::2024-10-23.01:31:22::SCWPlatform::Completed generating the artifacts for system configuration mb_usb_hdmi_top
TRACE::2024-10-23.01:31:22::SCWPlatform::Started preparing the platform 
TRACE::2024-10-23.01:31:22::SCWSystem::Writing the bif file for system config mb_usb_hdmi_top
TRACE::2024-10-23.01:31:22::SCWSystem::dir created 
TRACE::2024-10-23.01:31:22::SCWSystem::Writing the bif 
TRACE::2024-10-23.01:31:22::SCWPlatform::Started writing the spfm file 
TRACE::2024-10-23.01:31:22::SCWPlatform::Started writing the xpfm file 
TRACE::2024-10-23.01:31:22::SCWPlatform::Completed generating the platform
TRACE::2024-10-23.01:31:22::SCWMssOS::Saving the mss changes C:/Users/Shane/Documents/Classes/ECE_385/Lab_6/lab_6/workspace/mb_usb_hdmi_top/microblaze_0/standalone_microblaze_0/bsp/system.mss
TRACE::2024-10-23.01:31:22::SCWMssOS::Found a swdesign opened with the mssfile.
TRACE::2024-10-23.01:31:22::SCWMssOS::Completed writemss as part of save.
TRACE::2024-10-23.01:31:22::SCWMssOS::Commit changes completed.
TRACE::2024-10-23.01:31:22::SCWPlatform::Trying to open the hw design at C:/Users/Shane/Documents/Classes/ECE_385/Lab_6/lab_6/workspace/mb_usb_hdmi_top/hw/mb_usb_hdmi_top.xsa
TRACE::2024-10-23.01:31:22::SCWPlatform::DSA given C:/Users/Shane/Documents/Classes/ECE_385/Lab_6/lab_6/workspace/mb_usb_hdmi_top/hw/mb_usb_hdmi_top.xsa
TRACE::2024-10-23.01:31:22::SCWPlatform::DSA absoulate path C:/Users/Shane/Documents/Classes/ECE_385/Lab_6/lab_6/workspace/mb_usb_hdmi_top/hw/mb_usb_hdmi_top.xsa
TRACE::2024-10-23.01:31:22::SCWPlatform::DSA directory C:/Users/Shane/Documents/Classes/ECE_385/Lab_6/lab_6/workspace/mb_usb_hdmi_top/hw
TRACE::2024-10-23.01:31:22::SCWPlatform:: Platform Path C:/Users/Shane/Documents/Classes/ECE_385/Lab_6/lab_6/workspace/mb_usb_hdmi_top/hw/mb_usb_hdmi_top.xsa
TRACE::2024-10-23.01:31:22::SCWPlatform:: Unique name xilinx:::0.0
TRACE::2024-10-23.01:31:22::SCWPlatform::Trying to set the existing hwdb with name mb_usb_hdmi_top
TRACE::2024-10-23.01:31:22::SCWPlatform::Opened existing hwdb mb_usb_hdmi_top
TRACE::2024-10-23.01:31:22::SCWPlatform::Found the Hw Db part of the input DSA
TRACE::2024-10-23.01:31:22::SCWMssOS::Checking the sw design at  C:/Users/Shane/Documents/Classes/ECE_385/Lab_6/lab_6/workspace/mb_usb_hdmi_top/microblaze_0/standalone_microblaze_0/bsp/system.mss
TRACE::2024-10-23.01:31:22::SCWMssOS::DEBUG:  swdes dump  C:/Users/Shane/Documents/Classes/ECE_385/Lab_6/lab_6/workspace/mb_usb_hdmi_top/microblaze_0/standalone_microblaze_0/bsp/system.mss|system||

TRACE::2024-10-23.01:31:22::SCWMssOS::Sw design exists and opened at  C:/Users/Shane/Documents/Classes/ECE_385/Lab_6/lab_6/workspace/mb_usb_hdmi_top/microblaze_0/standalone_microblaze_0/bsp/system.mss
TRACE::2024-10-23.01:31:22::SCWWriter::formatted JSON is {
	"platformName":	"mb_usb_hdmi_top",
	"sprVersion":	"2.0",
	"mode":	"gui",
	"dsaType":	"Fixed",
	"platformDesc":	"mb_usb_hdmi_top",
	"platHandOff":	"C:/Users/Shane/Documents/Classes/ECE_385/Lab_6/lab_6/mb_usb_hdmi_top.xsa",
	"platIntHandOff":	"<platformDir>/hw/mb_usb_hdmi_top.xsa",
	"deviceType":	"FPGA",
	"platIsPrebuiltAutogen":	"false",
	"platIsNoBootBsp":	"false",
	"hasFsblMakeHasChanges":	"false",
	"hasPmufwMakeHasChanges":	"false",
	"platPreBuiltFlag":	false,
	"platformSamplesDir":	"",
	"platActiveSys":	"mb_usb_hdmi_top",
	"systems":	[{
			"systemName":	"mb_usb_hdmi_top",
			"systemDesc":	"mb_usb_hdmi_top",
			"sysIsBootAutoGen":	"true",
			"systemDispName":	"mb_usb_hdmi_top",
			"sysActiveDom":	"standalone_microblaze_0",
			"sysDefaultDom":	"standalone_microblaze_0",
			"domains":	[{
					"domainName":	"standalone_microblaze_0",
					"domainDispName":	"standalone_microblaze_0",
					"domainDesc":	"standalone_microblaze_0",
					"processors":	"microblaze_0",
					"os":	"standalone",
					"sdxOs":	"standalone",
					"debugEnable":	"False",
					"domRuntimes":	["cpp"],
					"swRepo":	"",
					"mssOsVer":	"8.0",
					"mssFile":	"",
					"md5Digest":	"304529987e879521ca977c68d163f362",
					"compatibleApp":	"",
					"domType":	"mssDomain",
					"arch":	"32-bit",
					"appSettings":	{
						"appCompilerFlags":	"",
						"appLinkerFlags":	""
					},
					"addedLibs":	[],
					"libOptions":	{
						"libsContainingOptions":	[]
					},
					"prebuiltLibs":	{
						"prebuiltIncPath":	[],
						"prebuiltLibPath":	[]
					},
					"isolation":	{
					}
				}]
		}]
}
KEYINFO::2024-10-23.01:31:22::SCWPlatform::updated the xpfm file.
TRACE::2024-10-23.01:31:22::SCWPlatform::Trying to open the hw design at C:/Users/Shane/Documents/Classes/ECE_385/Lab_6/lab_6/workspace/mb_usb_hdmi_top/hw/mb_usb_hdmi_top.xsa
TRACE::2024-10-23.01:31:22::SCWPlatform::DSA given C:/Users/Shane/Documents/Classes/ECE_385/Lab_6/lab_6/workspace/mb_usb_hdmi_top/hw/mb_usb_hdmi_top.xsa
TRACE::2024-10-23.01:31:22::SCWPlatform::DSA absoulate path C:/Users/Shane/Documents/Classes/ECE_385/Lab_6/lab_6/workspace/mb_usb_hdmi_top/hw/mb_usb_hdmi_top.xsa
TRACE::2024-10-23.01:31:22::SCWPlatform::DSA directory C:/Users/Shane/Documents/Classes/ECE_385/Lab_6/lab_6/workspace/mb_usb_hdmi_top/hw
TRACE::2024-10-23.01:31:22::SCWPlatform:: Platform Path C:/Users/Shane/Documents/Classes/ECE_385/Lab_6/lab_6/workspace/mb_usb_hdmi_top/hw/mb_usb_hdmi_top.xsa
TRACE::2024-10-23.01:31:22::SCWPlatform:: Unique name xilinx:::0.0
TRACE::2024-10-23.01:31:22::SCWPlatform::Trying to set the existing hwdb with name mb_usb_hdmi_top
TRACE::2024-10-23.01:31:22::SCWPlatform::Opened existing hwdb mb_usb_hdmi_top
TRACE::2024-10-23.01:31:22::SCWPlatform::Found the Hw Db part of the input DSA
TRACE::2024-10-23.01:31:22::SCWMssOS::Checking the sw design at  C:/Users/Shane/Documents/Classes/ECE_385/Lab_6/lab_6/workspace/mb_usb_hdmi_top/microblaze_0/standalone_microblaze_0/bsp/system.mss
TRACE::2024-10-23.01:31:22::SCWMssOS::DEBUG:  swdes dump  C:/Users/Shane/Documents/Classes/ECE_385/Lab_6/lab_6/workspace/mb_usb_hdmi_top/microblaze_0/standalone_microblaze_0/bsp/system.mss|system||

TRACE::2024-10-23.01:31:22::SCWMssOS::Sw design exists and opened at  C:/Users/Shane/Documents/Classes/ECE_385/Lab_6/lab_6/workspace/mb_usb_hdmi_top/microblaze_0/standalone_microblaze_0/bsp/system.mss
TRACE::2024-10-23.01:35:57::SCWMssOS::cleaning the bsp 
TRACE::2024-10-23.01:35:57::SCWMssOS::System Command Ran  C: & cd  C:/Users/Shane/Documents/Classes/ECE_385/Lab_6/lab_6/workspace/mb_usb_hdmi_top/microblaze_0/standalone_microblaze_0/bsp & make clean 
TRACE::2024-10-23.01:35:57::SCWMssOS::make -C microblaze_0/libsrc/bram_v4_8/src -s clean 

TRACE::2024-10-23.01:35:57::SCWMssOS::make -C microblaze_0/libsrc/cpu_v2_16/src -s clean 

TRACE::2024-10-23.01:35:57::SCWMssOS::make -C microblaze_0/libsrc/gpio_v4_9/src -s clean 

TRACE::2024-10-23.01:35:57::SCWMssOS::make -C microblaze_0/libsrc/intc_v3_15/src -s clean 

TRACE::2024-10-23.01:35:57::SCWMssOS::make -C microblaze_0/libsrc/spi_v4_9/src -s clean 

TRACE::2024-10-23.01:35:57::SCWMssOS::make -C microblaze_0/libsrc/standalone_v8_0/src -s clean 

TRACE::2024-10-23.01:35:58::SCWMssOS::make -C microblaze_0/libsrc/tmrctr_v4_9/src -s clean 

TRACE::2024-10-23.01:35:58::SCWMssOS::make -C microblaze_0/libsrc/uartlite_v3_7/src -s clean 

TRACE::2024-10-23.01:35:58::SCWMssOS::rm -f microblaze_0/lib/libxil.a

LOG::2024-10-23.01:36:03::SCWPlatform::Started generating the artifacts platform mb_usb_hdmi_top
TRACE::2024-10-23.01:36:03::SCWPlatform::Sanity checking of platform is completed
LOG::2024-10-23.01:36:03::SCWPlatform::Started generating the artifacts for system configuration mb_usb_hdmi_top
LOG::2024-10-23.01:36:03::SCWSystem::Checking the domain standalone_microblaze_0
LOG::2024-10-23.01:36:03::SCWSystem::Not a boot domain 
LOG::2024-10-23.01:36:03::SCWSystem::Started Processing the domain standalone_microblaze_0
TRACE::2024-10-23.01:36:03::SCWDomain::Generating domain artifcats
TRACE::2024-10-23.01:36:03::SCWMssOS::Generating standalone artifcats
TRACE::2024-10-23.01:36:03::SCWMssOS:: Copying the user libraries. 
TRACE::2024-10-23.01:36:03::SCWPlatform::Trying to open the hw design at C:/Users/Shane/Documents/Classes/ECE_385/Lab_6/lab_6/workspace/mb_usb_hdmi_top/hw/mb_usb_hdmi_top.xsa
TRACE::2024-10-23.01:36:03::SCWPlatform::DSA given C:/Users/Shane/Documents/Classes/ECE_385/Lab_6/lab_6/workspace/mb_usb_hdmi_top/hw/mb_usb_hdmi_top.xsa
TRACE::2024-10-23.01:36:03::SCWPlatform::DSA absoulate path C:/Users/Shane/Documents/Classes/ECE_385/Lab_6/lab_6/workspace/mb_usb_hdmi_top/hw/mb_usb_hdmi_top.xsa
TRACE::2024-10-23.01:36:03::SCWPlatform::DSA directory C:/Users/Shane/Documents/Classes/ECE_385/Lab_6/lab_6/workspace/mb_usb_hdmi_top/hw
TRACE::2024-10-23.01:36:03::SCWPlatform:: Platform Path C:/Users/Shane/Documents/Classes/ECE_385/Lab_6/lab_6/workspace/mb_usb_hdmi_top/hw/mb_usb_hdmi_top.xsa
TRACE::2024-10-23.01:36:03::SCWPlatform:: Unique name xilinx:::0.0
TRACE::2024-10-23.01:36:03::SCWPlatform::Trying to set the existing hwdb with name mb_usb_hdmi_top
TRACE::2024-10-23.01:36:03::SCWPlatform::Opened existing hwdb mb_usb_hdmi_top
TRACE::2024-10-23.01:36:03::SCWPlatform::Found the Hw Db part of the input DSA
TRACE::2024-10-23.01:36:03::SCWMssOS::Checking the sw design at  C:/Users/Shane/Documents/Classes/ECE_385/Lab_6/lab_6/workspace/mb_usb_hdmi_top/microblaze_0/standalone_microblaze_0/bsp/system.mss
TRACE::2024-10-23.01:36:03::SCWMssOS::DEBUG:  swdes dump  C:/Users/Shane/Documents/Classes/ECE_385/Lab_6/lab_6/workspace/mb_usb_hdmi_top/microblaze_0/standalone_microblaze_0/bsp/system.mss|system||

TRACE::2024-10-23.01:36:03::SCWMssOS::Sw design exists and opened at  C:/Users/Shane/Documents/Classes/ECE_385/Lab_6/lab_6/workspace/mb_usb_hdmi_top/microblaze_0/standalone_microblaze_0/bsp/system.mss
TRACE::2024-10-23.01:36:03::SCWMssOS::Completed writing the mss file at C:/Users/Shane/Documents/Classes/ECE_385/Lab_6/lab_6/workspace/mb_usb_hdmi_top/microblaze_0/standalone_microblaze_0/bsp
TRACE::2024-10-23.01:36:03::SCWMssOS::Mss edits present, copying mssfile into export location C:/Users/Shane/Documents/Classes/ECE_385/Lab_6/lab_6/workspace/mb_usb_hdmi_top/microblaze_0/standalone_microblaze_0/bsp/system.mss
TRACE::2024-10-23.01:36:03::SCWMssOS::bsp generated is upto date with the mss file. Skipping bsp generation.
TRACE::2024-10-23.01:36:03::SCWMssOS::BSP is already built. skipping the bsp build ... 
TRACE::2024-10-23.01:36:03::SCWDomain::Building the domain as part of full build :  standalone_microblaze_0
TRACE::2024-10-23.01:36:03::SCWMssOS::doing bsp build ... 
TRACE::2024-10-23.01:36:03::SCWMssOS::System Command Ran  C: & cd  C:/Users/Shane/Documents/Classes/ECE_385/Lab_6/lab_6/workspace/mb_usb_hdmi_top/microblaze_0/standalone_microblaze_0/bsp & make 
TRACE::2024-10-23.01:36:04::SCWMssOS::make --no-print-directory seq_libs

TRACE::2024-10-23.01:36:04::SCWMssOS::'Finished building libraries sequentially.'

TRACE::2024-10-23.01:36:04::SCWMssOS::make -j 6 --no-print-directory par_libs

TRACE::2024-10-23.01:36:04::SCWMssOS::"Running Make include in microblaze_0/libsrc/bram_v4_8/src"

TRACE::2024-10-23.01:36:04::SCWMssOS::make -C microblaze_0/libsrc/bram_v4_8/src -s include  "SHELL=CMD" "COMPILER=mb-gcc" "ASSEMBLER=mb-as" "ARCHIVER=mb-ar" "COMPILE
TRACE::2024-10-23.01:36:04::SCWMssOS::R_FLAGS=  -O2 -c -mcpu=v11.0 -mlittle-endian -mno-xl-reorder -mno-xl-soft-mul -mxl-barrel-shift -mxl-pattern-compare" "EXTRA_CO
TRACE::2024-10-23.01:36:04::SCWMssOS::MPILER_FLAGS=-g -ffunction-sections -fdata-sections -Wall -Wextra -fno-tree-loop-distribute-patterns"

TRACE::2024-10-23.01:36:04::SCWMssOS::"Running Make include in microblaze_0/libsrc/cpu_v2_16/src"

TRACE::2024-10-23.01:36:04::SCWMssOS::make -C microblaze_0/libsrc/cpu_v2_16/src -s include  "SHELL=CMD" "COMPILER=mb-gcc" "ASSEMBLER=mb-as" "ARCHIVER=mb-ar" "COMPILE
TRACE::2024-10-23.01:36:04::SCWMssOS::R_FLAGS=  -O2 -c -mcpu=v11.0 -mlittle-endian -mno-xl-reorder -mno-xl-soft-mul -mxl-barrel-shift -mxl-pattern-compare" "EXTRA_CO
TRACE::2024-10-23.01:36:04::SCWMssOS::MPILER_FLAGS=-g -ffunction-sections -fdata-sections -Wall -Wextra -fno-tree-loop-distribute-patterns"

TRACE::2024-10-23.01:36:04::SCWMssOS::"Running Make include in microblaze_0/libsrc/gpio_v4_9/src"

TRACE::2024-10-23.01:36:04::SCWMssOS::make -C microblaze_0/libsrc/gpio_v4_9/src -s include  "SHELL=CMD" "COMPILER=mb-gcc" "ASSEMBLER=mb-as" "ARCHIVER=mb-ar" "COMPILE
TRACE::2024-10-23.01:36:04::SCWMssOS::R_FLAGS=  -O2 -c -mcpu=v11.0 -mlittle-endian -mno-xl-reorder -mno-xl-soft-mul -mxl-barrel-shift -mxl-pattern-compare" "EXTRA_CO
TRACE::2024-10-23.01:36:04::SCWMssOS::MPILER_FLAGS=-g -ffunction-sections -fdata-sections -Wall -Wextra -fno-tree-loop-distribute-patterns"

TRACE::2024-10-23.01:36:04::SCWMssOS::"Running Make include in microblaze_0/libsrc/intc_v3_15/src"

TRACE::2024-10-23.01:36:04::SCWMssOS::make -C microblaze_0/libsrc/intc_v3_15/src -s include  "SHELL=CMD" "COMPILER=mb-gcc" "ASSEMBLER=mb-as" "ARCHIVER=mb-ar" "COMPIL
TRACE::2024-10-23.01:36:04::SCWMssOS::ER_FLAGS=  -O2 -c -mcpu=v11.0 -mlittle-endian -mno-xl-reorder -mno-xl-soft-mul -mxl-barrel-shift -mxl-pattern-compare" "EXTRA_C
TRACE::2024-10-23.01:36:04::SCWMssOS::OMPILER_FLAGS=-g -ffunction-sections -fdata-sections -Wall -Wextra -fno-tree-loop-distribute-patterns"

TRACE::2024-10-23.01:36:04::SCWMssOS::"Running Make include in microblaze_0/libsrc/spi_v4_9/src"

TRACE::2024-10-23.01:36:04::SCWMssOS::make -C microblaze_0/libsrc/spi_v4_9/src -s include  "SHELL=CMD" "COMPILER=mb-gcc" "ASSEMBLER=mb-as" "ARCHIVER=mb-ar" "COMPILER
TRACE::2024-10-23.01:36:04::SCWMssOS::_FLAGS=  -O2 -c -mcpu=v11.0 -mlittle-endian -mno-xl-reorder -mno-xl-soft-mul -mxl-barrel-shift -mxl-pattern-compare" "EXTRA_COM
TRACE::2024-10-23.01:36:04::SCWMssOS::PILER_FLAGS=-g -ffunction-sections -fdata-sections -Wall -Wextra -fno-tree-loop-distribute-patterns"

TRACE::2024-10-23.01:36:04::SCWMssOS::"Running Make include in microblaze_0/libsrc/standalone_v8_0/src"

TRACE::2024-10-23.01:36:04::SCWMssOS::make -C microblaze_0/libsrc/standalone_v8_0/src -s include  "SHELL=CMD" "COMPILER=mb-gcc" "ASSEMBLER=mb-as" "ARCHIVER=mb-ar" "C
TRACE::2024-10-23.01:36:04::SCWMssOS::OMPILER_FLAGS=  -O2 -c -mcpu=v11.0 -mlittle-endian -mno-xl-reorder -mno-xl-soft-mul -mxl-barrel-shift -mxl-pattern-compare" "EX
TRACE::2024-10-23.01:36:04::SCWMssOS::TRA_COMPILER_FLAGS=-g -ffunction-sections -fdata-sections -Wall -Wextra -fno-tree-loop-distribute-patterns"

TRACE::2024-10-23.01:36:04::SCWMssOS::"Running Make include in microblaze_0/libsrc/tmrctr_v4_9/src"

TRACE::2024-10-23.01:36:04::SCWMssOS::make -C microblaze_0/libsrc/tmrctr_v4_9/src -s include  "SHELL=CMD" "COMPILER=mb-gcc" "ASSEMBLER=mb-as" "ARCHIVER=mb-ar" "COMPI
TRACE::2024-10-23.01:36:04::SCWMssOS::LER_FLAGS=  -O2 -c -mcpu=v11.0 -mlittle-endian -mno-xl-reorder -mno-xl-soft-mul -mxl-barrel-shift -mxl-pattern-compare" "EXTRA_
TRACE::2024-10-23.01:36:04::SCWMssOS::COMPILER_FLAGS=-g -ffunction-sections -fdata-sections -Wall -Wextra -fno-tree-loop-distribute-patterns"

TRACE::2024-10-23.01:36:04::SCWMssOS::"Running Make include in microblaze_0/libsrc/uartlite_v3_7/src"

TRACE::2024-10-23.01:36:04::SCWMssOS::make -C microblaze_0/libsrc/uartlite_v3_7/src -s include  "SHELL=CMD" "COMPILER=mb-gcc" "ASSEMBLER=mb-as" "ARCHIVER=mb-ar" "COM
TRACE::2024-10-23.01:36:04::SCWMssOS::PILER_FLAGS=  -O2 -c -mcpu=v11.0 -mlittle-endian -mno-xl-reorder -mno-xl-soft-mul -mxl-barrel-shift -mxl-pattern-compare" "EXTR
TRACE::2024-10-23.01:36:04::SCWMssOS::A_COMPILER_FLAGS=-g -ffunction-sections -fdata-sections -Wall -Wextra -fno-tree-loop-distribute-patterns"

TRACE::2024-10-23.01:36:04::SCWMssOS::"Running Make libs in microblaze_0/libsrc/bram_v4_8/src"

TRACE::2024-10-23.01:36:04::SCWMssOS::make -C microblaze_0/libsrc/bram_v4_8/src -s libs  "SHELL=CMD" "COMPILER=mb-gcc" "ASSEMBLER=mb-as" "ARCHIVER=mb-ar" "COMPILER_F
TRACE::2024-10-23.01:36:04::SCWMssOS::LAGS=  -O2 -c -mcpu=v11.0 -mlittle-endian -mno-xl-reorder -mno-xl-soft-mul -mxl-barrel-shift -mxl-pattern-compare" "EXTRA_COMPI
TRACE::2024-10-23.01:36:04::SCWMssOS::LER_FLAGS=-g -ffunction-sections -fdata-sections -Wall -Wextra -fno-tree-loop-distribute-patterns"

TRACE::2024-10-23.01:36:04::SCWMssOS::"Running Make libs in microblaze_0/libsrc/cpu_v2_16/src"

TRACE::2024-10-23.01:36:04::SCWMssOS::make -C microblaze_0/libsrc/cpu_v2_16/src -s libs  "SHELL=CMD" "COMPILER=mb-gcc" "ASSEMBLER=mb-as" "ARCHIVER=mb-ar" "COMPILER_F
TRACE::2024-10-23.01:36:04::SCWMssOS::LAGS=  -O2 -c -mcpu=v11.0 -mlittle-endian -mno-xl-reorder -mno-xl-soft-mul -mxl-barrel-shift -mxl-pattern-compare" "EXTRA_COMPI
TRACE::2024-10-23.01:36:04::SCWMssOS::LER_FLAGS=-g -ffunction-sections -fdata-sections -Wall -Wextra -fno-tree-loop-distribute-patterns"

TRACE::2024-10-23.01:36:04::SCWMssOS::"Running Make libs in microblaze_0/libsrc/gpio_v4_9/src"

TRACE::2024-10-23.01:36:04::SCWMssOS::"Running Make libs in microblaze_0/libsrc/intc_v3_15/src"

TRACE::2024-10-23.01:36:04::SCWMssOS::make -C microblaze_0/libsrc/gpio_v4_9/src -s libs  "SHELL=CMD" "COMPILER=mb-gcc" "ASSEMBLER=mb-as" "ARCHIVER=mb-ar" "COMPILER_F
TRACE::2024-10-23.01:36:04::SCWMssOS::LAGS=  -O2 -c -mcpu=v11.0 -mlittle-endian -mno-xl-reorder -mno-xl-soft-mul -mxl-barrel-shift -mxl-pattern-compare" "EXTRA_COMPI
TRACE::2024-10-23.01:36:04::SCWMssOS::LER_FLAGS=-g -ffunction-sections -fdata-sections -Wall -Wextra -fno-tree-loop-distribute-patterns"

TRACE::2024-10-23.01:36:04::SCWMssOS::make -C microblaze_0/libsrc/intc_v3_15/src -s libs  "SHELL=CMD" "COMPILER=mb-gcc" "ASSEMBLER=mb-as" "ARCHIVER=mb-ar" "COMPILER_
TRACE::2024-10-23.01:36:04::SCWMssOS::FLAGS=  -O2 -c -mcpu=v11.0 -mlittle-endian -mno-xl-reorder -mno-xl-soft-mul -mxl-barrel-shift -mxl-pattern-compare" "EXTRA_COMP
TRACE::2024-10-23.01:36:04::SCWMssOS::ILER_FLAGS=-g -ffunction-sections -fdata-sections -Wall -Wextra -fno-tree-loop-distribute-patterns"

TRACE::2024-10-23.01:36:04::SCWMssOS::"Running Make libs in microblaze_0/libsrc/spi_v4_9/src"

TRACE::2024-10-23.01:36:04::SCWMssOS::make -C microblaze_0/libsrc/spi_v4_9/src -s libs  "SHELL=CMD" "COMPILER=mb-gcc" "ASSEMBLER=mb-as" "ARCHIVER=mb-ar" "COMPILER_FL
TRACE::2024-10-23.01:36:04::SCWMssOS::AGS=  -O2 -c -mcpu=v11.0 -mlittle-endian -mno-xl-reorder -mno-xl-soft-mul -mxl-barrel-shift -mxl-pattern-compare" "EXTRA_COMPIL
TRACE::2024-10-23.01:36:04::SCWMssOS::ER_FLAGS=-g -ffunction-sections -fdata-sections -Wall -Wextra -fno-tree-loop-distribute-patterns"

TRACE::2024-10-23.01:36:05::SCWMssOS::"Running Make libs in microblaze_0/libsrc/standalone_v8_0/src"

TRACE::2024-10-23.01:36:05::SCWMssOS::make -C microblaze_0/libsrc/standalone_v8_0/src -s libs  "SHELL=CMD" "COMPILER=mb-gcc" "ASSEMBLER=mb-as" "ARCHIVER=mb-ar" "COMP
TRACE::2024-10-23.01:36:05::SCWMssOS::ILER_FLAGS=  -O2 -c -mcpu=v11.0 -mlittle-endian -mno-xl-reorder -mno-xl-soft-mul -mxl-barrel-shift -mxl-pattern-compare" "EXTRA
TRACE::2024-10-23.01:36:05::SCWMssOS::_COMPILER_FLAGS=-g -ffunction-sections -fdata-sections -Wall -Wextra -fno-tree-loop-distribute-patterns"

TRACE::2024-10-23.01:36:05::SCWMssOS::"Running Make libs in microblaze_0/libsrc/tmrctr_v4_9/src"

TRACE::2024-10-23.01:36:05::SCWMssOS::make -C microblaze_0/libsrc/tmrctr_v4_9/src -s libs  "SHELL=CMD" "COMPILER=mb-gcc" "ASSEMBLER=mb-as" "ARCHIVER=mb-ar" "COMPILER
TRACE::2024-10-23.01:36:05::SCWMssOS::_FLAGS=  -O2 -c -mcpu=v11.0 -mlittle-endian -mno-xl-reorder -mno-xl-soft-mul -mxl-barrel-shift -mxl-pattern-compare" "EXTRA_COM
TRACE::2024-10-23.01:36:05::SCWMssOS::PILER_FLAGS=-g -ffunction-sections -fdata-sections -Wall -Wextra -fno-tree-loop-distribute-patterns"

TRACE::2024-10-23.01:36:06::SCWMssOS::"Running Make libs in microblaze_0/libsrc/uartlite_v3_7/src"

TRACE::2024-10-23.01:36:06::SCWMssOS::make -C microblaze_0/libsrc/uartlite_v3_7/src -s libs  "SHELL=CMD" "COMPILER=mb-gcc" "ASSEMBLER=mb-as" "ARCHIVER=mb-ar" "COMPIL
TRACE::2024-10-23.01:36:06::SCWMssOS::ER_FLAGS=  -O2 -c -mcpu=v11.0 -mlittle-endian -mno-xl-reorder -mno-xl-soft-mul -mxl-barrel-shift -mxl-pattern-compare" "EXTRA_C
TRACE::2024-10-23.01:36:06::SCWMssOS::OMPILER_FLAGS=-g -ffunction-sections -fdata-sections -Wall -Wextra -fno-tree-loop-distribute-patterns"

TRACE::2024-10-23.01:36:09::SCWMssOS::"DEBUG NON_LTO_OBJECTS is ../../../lib/microblaze_interrupt_handler.o"

TRACE::2024-10-23.01:36:09::SCWMssOS::'Finished building libraries parallelly.'

TRACE::2024-10-23.01:36:09::SCWMssOS::make --no-print-directory archive

TRACE::2024-10-23.01:36:09::SCWMssOS::mb-ar -r  microblaze_0/lib/libxil.a microblaze_0/lib/_exit.o microblaze_0/lib/errno.o microblaze_0/lib/fcntl.o microblaze_0/lib
TRACE::2024-10-23.01:36:09::SCWMssOS::/hw_exception_handler.o microblaze_0/lib/inbyte.o microblaze_0/lib/microblaze_disable_dcache.o microblaze_0/lib/microblaze_disa
TRACE::2024-10-23.01:36:09::SCWMssOS::ble_exceptions.o microblaze_0/lib/microblaze_disable_icache.o microblaze_0/lib/microblaze_disable_interrupts.o microblaze_0/lib
TRACE::2024-10-23.01:36:09::SCWMssOS::/microblaze_enable_dcache.o microblaze_0/lib/microblaze_enable_exceptions.o microblaze_0/lib/microblaze_enable_icache.o microbl
TRACE::2024-10-23.01:36:09::SCWMssOS::aze_0/lib/microblaze_enable_interrupts.o microblaze_0/lib/microblaze_exception_handler.o microblaze_0/lib/microblaze_flush_cach
TRACE::2024-10-23.01:36:09::SCWMssOS::e_ext.o microblaze_0/lib/microblaze_flush_cache_ext_range.o microblaze_0/lib/microblaze_flush_dcache.o microblaze_0/lib/microbl
TRACE::2024-10-23.01:36:09::SCWMssOS::aze_flush_dcache_range.o microblaze_0/lib/microblaze_init_dcache_range.o microblaze_0/lib/microblaze_init_icache_range.o microb
TRACE::2024-10-23.01:36:09::SCWMssOS::laze_0/lib/microblaze_interrupt_handler.o microblaze_0/lib/microblaze_interrupts_g.o microblaze_0/lib/microblaze_invalidate_cac
TRACE::2024-10-23.01:36:09::SCWMssOS::he_ext.o microblaze_0/lib/microblaze_invalidate_cache_ext_range.o microblaze_0/lib/microblaze_invalidate_dcache.o microblaze_0/
TRACE::2024-10-23.01:36:09::SCWMssOS::lib/microblaze_invalidate_dcache_range.o microblaze_0/lib/microblaze_invalidate_icache.o microblaze_0/lib/microblaze_invalidate
TRACE::2024-10-23.01:36:09::SCWMssOS::_icache_range.o microblaze_0/lib/microblaze_scrub.o microblaze_0/lib/microblaze_selftest.o microblaze_0/lib/microblaze_sleep.o 
TRACE::2024-10-23.01:36:09::SCWMssOS::microblaze_0/lib/microblaze_update_dcache.o microblaze_0/lib/microblaze_update_icache.o microblaze_0/lib/outbyte.o microblaze_0
TRACE::2024-10-23.01:36:09::SCWMssOS::/lib/print.o microblaze_0/lib/pvr.o microblaze_0/lib/xbram.o microblaze_0/lib/xbram_g.o microblaze_0/lib/xbram_intr.o microblaz
TRACE::2024-10-23.01:36:09::SCWMssOS::e_0/lib/xbram_selftest.o microblaze_0/lib/xbram_sinit.o microblaze_0/lib/xgpio.o microblaze_0/lib/xgpio_extra.o microblaze_0/li
TRACE::2024-10-23.01:36:09::SCWMssOS::b/xgpio_g.o microblaze_0/lib/xgpio_intr.o microblaze_0/lib/xgpio_selftest.o microblaze_0/lib/xgpio_sinit.o microblaze_0/lib/xil
TRACE::2024-10-23.01:36:09::SCWMssOS::_assert.o microblaze_0/lib/xil_cache.o microblaze_0/lib/xil_clocking.o microblaze_0/lib/xil_exception.o microblaze_0/lib/xil_me
TRACE::2024-10-23.01:36:09::SCWMssOS::m.o microblaze_0/lib/xil_misc_psreset_api.o microblaze_0/lib/xil_printf.o microblaze_0/lib/xil_sleepcommon.o microblaze_0/lib/x
TRACE::2024-10-23.01:36:09::SCWMssOS::il_testcache.o microblaze_0/lib/xil_testio.o microblaze_0/lib/xil_testmem.o microblaze_0/lib/xil_util.o microblaze_0/lib/xintc.
TRACE::2024-10-23.01:36:09::SCWMssOS::o microblaze_0/lib/xintc_g.o microblaze_0/lib/xintc_intr.o microblaze_0/lib/xintc_l.o microblaze_0/lib/xintc_options.o microbla
TRACE::2024-10-23.01:36:09::SCWMssOS::ze_0/lib/xintc_selftest.o microblaze_0/lib/xinterrupt_wrap.o microblaze_0/lib/xio.o microblaze_0/lib/xplatform_info.o microblaz
TRACE::2024-10-23.01:36:09::SCWMssOS::e_0/lib/xspi.o microblaze_0/lib/xspi_g.o microblaze_0/lib/xspi_options.o microblaze_0/lib/xspi_selftest.o microblaze_0/lib/xspi
TRACE::2024-10-23.01:36:09::SCWMssOS::_sinit.o microblaze_0/lib/xspi_stats.o microblaze_0/lib/xtmrctr.o microblaze_0/lib/xtmrctr_g.o microblaze_0/lib/xtmrctr_intr.o 
TRACE::2024-10-23.01:36:09::SCWMssOS::microblaze_0/lib/xtmrctr_l.o microblaze_0/lib/xtmrctr_options.o microblaze_0/lib/xtmrctr_selftest.o microblaze_0/lib/xtmrctr_si
TRACE::2024-10-23.01:36:09::SCWMssOS::nit.o microblaze_0/lib/xtmrctr_stats.o microblaze_0/lib/xuartlite.o microblaze_0/lib/xuartlite_g.o microblaze_0/lib/xuartlite_i
TRACE::2024-10-23.01:36:09::SCWMssOS::ntr.o microblaze_0/lib/xuartlite_l.o microblaze_0/lib/xuartlite_selftest.o microblaze_0/lib/xuartlite_sinit.o microblaze_0/lib/
TRACE::2024-10-23.01:36:09::SCWMssOS::xuartlite_stats.o

TRACE::2024-10-23.01:36:09::SCWMssOS::'Finished building libraries'

TRACE::2024-10-23.01:36:09::SCWMssOS::Copying to export directory.
TRACE::2024-10-23.01:36:10::SCWMssOS:: Checking if to create the Supporting Applications
TRACE::2024-10-23.01:36:10::SCWMssOS:: No Linux domain exists, trying to generate FSBL 
LOG::2024-10-23.01:36:10::SCWSystem::Completed Processing the domain standalone_microblaze_0
LOG::2024-10-23.01:36:10::SCWSystem::Completed Processing the sysconfig mb_usb_hdmi_top
LOG::2024-10-23.01:36:10::SCWPlatform::Completed generating the artifacts for system configuration mb_usb_hdmi_top
TRACE::2024-10-23.01:36:10::SCWPlatform::Started preparing the platform 
TRACE::2024-10-23.01:36:10::SCWSystem::Writing the bif file for system config mb_usb_hdmi_top
TRACE::2024-10-23.01:36:10::SCWSystem::dir created 
TRACE::2024-10-23.01:36:10::SCWSystem::Writing the bif 
TRACE::2024-10-23.01:36:10::SCWPlatform::Started writing the spfm file 
TRACE::2024-10-23.01:36:10::SCWPlatform::Started writing the xpfm file 
TRACE::2024-10-23.01:36:10::SCWPlatform::Completed generating the platform
TRACE::2024-10-23.01:36:10::SCWMssOS::Saving the mss changes C:/Users/Shane/Documents/Classes/ECE_385/Lab_6/lab_6/workspace/mb_usb_hdmi_top/microblaze_0/standalone_microblaze_0/bsp/system.mss
TRACE::2024-10-23.01:36:10::SCWMssOS::Found a swdesign opened with the mssfile.
TRACE::2024-10-23.01:36:10::SCWMssOS::Completed writemss as part of save.
TRACE::2024-10-23.01:36:10::SCWMssOS::Commit changes completed.
TRACE::2024-10-23.01:36:10::SCWPlatform::Trying to open the hw design at C:/Users/Shane/Documents/Classes/ECE_385/Lab_6/lab_6/workspace/mb_usb_hdmi_top/hw/mb_usb_hdmi_top.xsa
TRACE::2024-10-23.01:36:10::SCWPlatform::DSA given C:/Users/Shane/Documents/Classes/ECE_385/Lab_6/lab_6/workspace/mb_usb_hdmi_top/hw/mb_usb_hdmi_top.xsa
TRACE::2024-10-23.01:36:10::SCWPlatform::DSA absoulate path C:/Users/Shane/Documents/Classes/ECE_385/Lab_6/lab_6/workspace/mb_usb_hdmi_top/hw/mb_usb_hdmi_top.xsa
TRACE::2024-10-23.01:36:10::SCWPlatform::DSA directory C:/Users/Shane/Documents/Classes/ECE_385/Lab_6/lab_6/workspace/mb_usb_hdmi_top/hw
TRACE::2024-10-23.01:36:10::SCWPlatform:: Platform Path C:/Users/Shane/Documents/Classes/ECE_385/Lab_6/lab_6/workspace/mb_usb_hdmi_top/hw/mb_usb_hdmi_top.xsa
TRACE::2024-10-23.01:36:10::SCWPlatform:: Unique name xilinx:::0.0
TRACE::2024-10-23.01:36:10::SCWPlatform::Trying to set the existing hwdb with name mb_usb_hdmi_top
TRACE::2024-10-23.01:36:10::SCWPlatform::Opened existing hwdb mb_usb_hdmi_top
TRACE::2024-10-23.01:36:10::SCWPlatform::Found the Hw Db part of the input DSA
TRACE::2024-10-23.01:36:10::SCWMssOS::Checking the sw design at  C:/Users/Shane/Documents/Classes/ECE_385/Lab_6/lab_6/workspace/mb_usb_hdmi_top/microblaze_0/standalone_microblaze_0/bsp/system.mss
TRACE::2024-10-23.01:36:10::SCWMssOS::DEBUG:  swdes dump  C:/Users/Shane/Documents/Classes/ECE_385/Lab_6/lab_6/workspace/mb_usb_hdmi_top/microblaze_0/standalone_microblaze_0/bsp/system.mss|system||

TRACE::2024-10-23.01:36:10::SCWMssOS::Sw design exists and opened at  C:/Users/Shane/Documents/Classes/ECE_385/Lab_6/lab_6/workspace/mb_usb_hdmi_top/microblaze_0/standalone_microblaze_0/bsp/system.mss
TRACE::2024-10-23.01:36:10::SCWWriter::formatted JSON is {
	"platformName":	"mb_usb_hdmi_top",
	"sprVersion":	"2.0",
	"mode":	"gui",
	"dsaType":	"Fixed",
	"platformDesc":	"mb_usb_hdmi_top",
	"platHandOff":	"C:/Users/Shane/Documents/Classes/ECE_385/Lab_6/lab_6/mb_usb_hdmi_top.xsa",
	"platIntHandOff":	"<platformDir>/hw/mb_usb_hdmi_top.xsa",
	"deviceType":	"FPGA",
	"platIsPrebuiltAutogen":	"false",
	"platIsNoBootBsp":	"false",
	"hasFsblMakeHasChanges":	"false",
	"hasPmufwMakeHasChanges":	"false",
	"platPreBuiltFlag":	false,
	"platformSamplesDir":	"",
	"platActiveSys":	"mb_usb_hdmi_top",
	"systems":	[{
			"systemName":	"mb_usb_hdmi_top",
			"systemDesc":	"mb_usb_hdmi_top",
			"sysIsBootAutoGen":	"true",
			"systemDispName":	"mb_usb_hdmi_top",
			"sysActiveDom":	"standalone_microblaze_0",
			"sysDefaultDom":	"standalone_microblaze_0",
			"domains":	[{
					"domainName":	"standalone_microblaze_0",
					"domainDispName":	"standalone_microblaze_0",
					"domainDesc":	"standalone_microblaze_0",
					"processors":	"microblaze_0",
					"os":	"standalone",
					"sdxOs":	"standalone",
					"debugEnable":	"False",
					"domRuntimes":	["cpp"],
					"swRepo":	"",
					"mssOsVer":	"8.0",
					"mssFile":	"",
					"md5Digest":	"304529987e879521ca977c68d163f362",
					"compatibleApp":	"",
					"domType":	"mssDomain",
					"arch":	"32-bit",
					"appSettings":	{
						"appCompilerFlags":	"",
						"appLinkerFlags":	""
					},
					"addedLibs":	[],
					"libOptions":	{
						"libsContainingOptions":	[]
					},
					"prebuiltLibs":	{
						"prebuiltIncPath":	[],
						"prebuiltLibPath":	[]
					},
					"isolation":	{
					}
				}]
		}]
}
KEYINFO::2024-10-23.01:36:10::SCWPlatform::updated the xpfm file.
TRACE::2024-10-23.01:36:10::SCWPlatform::Trying to open the hw design at C:/Users/Shane/Documents/Classes/ECE_385/Lab_6/lab_6/workspace/mb_usb_hdmi_top/hw/mb_usb_hdmi_top.xsa
TRACE::2024-10-23.01:36:10::SCWPlatform::DSA given C:/Users/Shane/Documents/Classes/ECE_385/Lab_6/lab_6/workspace/mb_usb_hdmi_top/hw/mb_usb_hdmi_top.xsa
TRACE::2024-10-23.01:36:10::SCWPlatform::DSA absoulate path C:/Users/Shane/Documents/Classes/ECE_385/Lab_6/lab_6/workspace/mb_usb_hdmi_top/hw/mb_usb_hdmi_top.xsa
TRACE::2024-10-23.01:36:10::SCWPlatform::DSA directory C:/Users/Shane/Documents/Classes/ECE_385/Lab_6/lab_6/workspace/mb_usb_hdmi_top/hw
TRACE::2024-10-23.01:36:10::SCWPlatform:: Platform Path C:/Users/Shane/Documents/Classes/ECE_385/Lab_6/lab_6/workspace/mb_usb_hdmi_top/hw/mb_usb_hdmi_top.xsa
TRACE::2024-10-23.01:36:10::SCWPlatform:: Unique name xilinx:::0.0
TRACE::2024-10-23.01:36:10::SCWPlatform::Trying to set the existing hwdb with name mb_usb_hdmi_top
TRACE::2024-10-23.01:36:10::SCWPlatform::Opened existing hwdb mb_usb_hdmi_top
TRACE::2024-10-23.01:36:10::SCWPlatform::Found the Hw Db part of the input DSA
TRACE::2024-10-23.01:36:10::SCWMssOS::Checking the sw design at  C:/Users/Shane/Documents/Classes/ECE_385/Lab_6/lab_6/workspace/mb_usb_hdmi_top/microblaze_0/standalone_microblaze_0/bsp/system.mss
TRACE::2024-10-23.01:36:10::SCWMssOS::DEBUG:  swdes dump  C:/Users/Shane/Documents/Classes/ECE_385/Lab_6/lab_6/workspace/mb_usb_hdmi_top/microblaze_0/standalone_microblaze_0/bsp/system.mss|system||

TRACE::2024-10-23.01:36:10::SCWMssOS::Sw design exists and opened at  C:/Users/Shane/Documents/Classes/ECE_385/Lab_6/lab_6/workspace/mb_usb_hdmi_top/microblaze_0/standalone_microblaze_0/bsp/system.mss
TRACE::2024-10-23.01:42:47::SCWMssOS::cleaning the bsp 
TRACE::2024-10-23.01:42:47::SCWMssOS::System Command Ran  C: & cd  C:/Users/Shane/Documents/Classes/ECE_385/Lab_6/lab_6/workspace/mb_usb_hdmi_top/microblaze_0/standalone_microblaze_0/bsp & make clean 
TRACE::2024-10-23.01:42:47::SCWMssOS::make -C microblaze_0/libsrc/bram_v4_8/src -s clean 

TRACE::2024-10-23.01:42:47::SCWMssOS::make -C microblaze_0/libsrc/cpu_v2_16/src -s clean 

TRACE::2024-10-23.01:42:47::SCWMssOS::make -C microblaze_0/libsrc/gpio_v4_9/src -s clean 

TRACE::2024-10-23.01:42:47::SCWMssOS::make -C microblaze_0/libsrc/intc_v3_15/src -s clean 

TRACE::2024-10-23.01:42:47::SCWMssOS::make -C microblaze_0/libsrc/spi_v4_9/src -s clean 

TRACE::2024-10-23.01:42:47::SCWMssOS::make -C microblaze_0/libsrc/standalone_v8_0/src -s clean 

TRACE::2024-10-23.01:42:47::SCWMssOS::make -C microblaze_0/libsrc/tmrctr_v4_9/src -s clean 

TRACE::2024-10-23.01:42:47::SCWMssOS::make -C microblaze_0/libsrc/uartlite_v3_7/src -s clean 

TRACE::2024-10-23.01:42:47::SCWMssOS::rm -f microblaze_0/lib/libxil.a

LOG::2024-10-23.01:43:01::SCWPlatform::Started generating the artifacts platform mb_usb_hdmi_top
TRACE::2024-10-23.01:43:01::SCWPlatform::Sanity checking of platform is completed
LOG::2024-10-23.01:43:01::SCWPlatform::Started generating the artifacts for system configuration mb_usb_hdmi_top
LOG::2024-10-23.01:43:01::SCWSystem::Checking the domain standalone_microblaze_0
LOG::2024-10-23.01:43:01::SCWSystem::Not a boot domain 
LOG::2024-10-23.01:43:01::SCWSystem::Started Processing the domain standalone_microblaze_0
TRACE::2024-10-23.01:43:01::SCWDomain::Generating domain artifcats
TRACE::2024-10-23.01:43:01::SCWMssOS::Generating standalone artifcats
TRACE::2024-10-23.01:43:01::SCWMssOS:: Copying the user libraries. 
TRACE::2024-10-23.01:43:01::SCWPlatform::Trying to open the hw design at C:/Users/Shane/Documents/Classes/ECE_385/Lab_6/lab_6/workspace/mb_usb_hdmi_top/hw/mb_usb_hdmi_top.xsa
TRACE::2024-10-23.01:43:01::SCWPlatform::DSA given C:/Users/Shane/Documents/Classes/ECE_385/Lab_6/lab_6/workspace/mb_usb_hdmi_top/hw/mb_usb_hdmi_top.xsa
TRACE::2024-10-23.01:43:01::SCWPlatform::DSA absoulate path C:/Users/Shane/Documents/Classes/ECE_385/Lab_6/lab_6/workspace/mb_usb_hdmi_top/hw/mb_usb_hdmi_top.xsa
TRACE::2024-10-23.01:43:01::SCWPlatform::DSA directory C:/Users/Shane/Documents/Classes/ECE_385/Lab_6/lab_6/workspace/mb_usb_hdmi_top/hw
TRACE::2024-10-23.01:43:01::SCWPlatform:: Platform Path C:/Users/Shane/Documents/Classes/ECE_385/Lab_6/lab_6/workspace/mb_usb_hdmi_top/hw/mb_usb_hdmi_top.xsa
TRACE::2024-10-23.01:43:01::SCWPlatform:: Unique name xilinx:::0.0
TRACE::2024-10-23.01:43:01::SCWPlatform::Trying to set the existing hwdb with name mb_usb_hdmi_top
TRACE::2024-10-23.01:43:01::SCWPlatform::Opened existing hwdb mb_usb_hdmi_top
TRACE::2024-10-23.01:43:01::SCWPlatform::Found the Hw Db part of the input DSA
TRACE::2024-10-23.01:43:01::SCWMssOS::Checking the sw design at  C:/Users/Shane/Documents/Classes/ECE_385/Lab_6/lab_6/workspace/mb_usb_hdmi_top/microblaze_0/standalone_microblaze_0/bsp/system.mss
TRACE::2024-10-23.01:43:01::SCWMssOS::DEBUG:  swdes dump  C:/Users/Shane/Documents/Classes/ECE_385/Lab_6/lab_6/workspace/mb_usb_hdmi_top/microblaze_0/standalone_microblaze_0/bsp/system.mss|system||

TRACE::2024-10-23.01:43:01::SCWMssOS::Sw design exists and opened at  C:/Users/Shane/Documents/Classes/ECE_385/Lab_6/lab_6/workspace/mb_usb_hdmi_top/microblaze_0/standalone_microblaze_0/bsp/system.mss
TRACE::2024-10-23.01:43:01::SCWMssOS::Completed writing the mss file at C:/Users/Shane/Documents/Classes/ECE_385/Lab_6/lab_6/workspace/mb_usb_hdmi_top/microblaze_0/standalone_microblaze_0/bsp
TRACE::2024-10-23.01:43:01::SCWMssOS::Mss edits present, copying mssfile into export location C:/Users/Shane/Documents/Classes/ECE_385/Lab_6/lab_6/workspace/mb_usb_hdmi_top/microblaze_0/standalone_microblaze_0/bsp/system.mss
TRACE::2024-10-23.01:43:01::SCWMssOS::bsp generated is upto date with the mss file. Skipping bsp generation.
TRACE::2024-10-23.01:43:01::SCWMssOS::BSP is already built. skipping the bsp build ... 
TRACE::2024-10-23.01:43:01::SCWDomain::Building the domain as part of full build :  standalone_microblaze_0
TRACE::2024-10-23.01:43:01::SCWMssOS::doing bsp build ... 
TRACE::2024-10-23.01:43:01::SCWMssOS::System Command Ran  C: & cd  C:/Users/Shane/Documents/Classes/ECE_385/Lab_6/lab_6/workspace/mb_usb_hdmi_top/microblaze_0/standalone_microblaze_0/bsp & make 
TRACE::2024-10-23.01:43:01::SCWMssOS::make --no-print-directory seq_libs

TRACE::2024-10-23.01:43:01::SCWMssOS::'Finished building libraries sequentially.'

TRACE::2024-10-23.01:43:01::SCWMssOS::make -j 6 --no-print-directory par_libs

TRACE::2024-10-23.01:43:01::SCWMssOS::"Running Make include in microblaze_0/libsrc/bram_v4_8/src"

TRACE::2024-10-23.01:43:01::SCWMssOS::make -C microblaze_0/libsrc/bram_v4_8/src -s include  "SHELL=CMD" "COMPILER=mb-gcc" "ASSEMBLER=mb-as" "ARCHIVER=mb-ar" "COMPILE
TRACE::2024-10-23.01:43:01::SCWMssOS::R_FLAGS=  -O2 -c -mcpu=v11.0 -mlittle-endian -mno-xl-reorder -mno-xl-soft-mul -mxl-barrel-shift -mxl-pattern-compare" "EXTRA_CO
TRACE::2024-10-23.01:43:01::SCWMssOS::MPILER_FLAGS=-g -ffunction-sections -fdata-sections -Wall -Wextra -fno-tree-loop-distribute-patterns"

TRACE::2024-10-23.01:43:01::SCWMssOS::"Running Make include in microblaze_0/libsrc/cpu_v2_16/src"

TRACE::2024-10-23.01:43:01::SCWMssOS::make -C microblaze_0/libsrc/cpu_v2_16/src -s include  "SHELL=CMD" "COMPILER=mb-gcc" "ASSEMBLER=mb-as" "ARCHIVER=mb-ar" "COMPILE
TRACE::2024-10-23.01:43:01::SCWMssOS::R_FLAGS=  -O2 -c -mcpu=v11.0 -mlittle-endian -mno-xl-reorder -mno-xl-soft-mul -mxl-barrel-shift -mxl-pattern-compare" "EXTRA_CO
TRACE::2024-10-23.01:43:01::SCWMssOS::MPILER_FLAGS=-g -ffunction-sections -fdata-sections -Wall -Wextra -fno-tree-loop-distribute-patterns"

TRACE::2024-10-23.01:43:01::SCWMssOS::"Running Make include in microblaze_0/libsrc/gpio_v4_9/src"

TRACE::2024-10-23.01:43:01::SCWMssOS::make -C microblaze_0/libsrc/gpio_v4_9/src -s include  "SHELL=CMD" "COMPILER=mb-gcc" "ASSEMBLER=mb-as" "ARCHIVER=mb-ar" "COMPILE
TRACE::2024-10-23.01:43:01::SCWMssOS::R_FLAGS=  -O2 -c -mcpu=v11.0 -mlittle-endian -mno-xl-reorder -mno-xl-soft-mul -mxl-barrel-shift -mxl-pattern-compare" "EXTRA_CO
TRACE::2024-10-23.01:43:01::SCWMssOS::MPILER_FLAGS=-g -ffunction-sections -fdata-sections -Wall -Wextra -fno-tree-loop-distribute-patterns"

TRACE::2024-10-23.01:43:01::SCWMssOS::"Running Make include in microblaze_0/libsrc/intc_v3_15/src"

TRACE::2024-10-23.01:43:01::SCWMssOS::make -C microblaze_0/libsrc/intc_v3_15/src -s include  "SHELL=CMD" "COMPILER=mb-gcc" "ASSEMBLER=mb-as" "ARCHIVER=mb-ar" "COMPIL
TRACE::2024-10-23.01:43:01::SCWMssOS::ER_FLAGS=  -O2 -c -mcpu=v11.0 -mlittle-endian -mno-xl-reorder -mno-xl-soft-mul -mxl-barrel-shift -mxl-pattern-compare" "EXTRA_C
TRACE::2024-10-23.01:43:01::SCWMssOS::OMPILER_FLAGS=-g -ffunction-sections -fdata-sections -Wall -Wextra -fno-tree-loop-distribute-patterns"

TRACE::2024-10-23.01:43:01::SCWMssOS::"Running Make include in microblaze_0/libsrc/spi_v4_9/src"

TRACE::2024-10-23.01:43:01::SCWMssOS::make -C microblaze_0/libsrc/spi_v4_9/src -s include  "SHELL=CMD" "COMPILER=mb-gcc" "ASSEMBLER=mb-as" "ARCHIVER=mb-ar" "COMPILER
TRACE::2024-10-23.01:43:01::SCWMssOS::_FLAGS=  -O2 -c -mcpu=v11.0 -mlittle-endian -mno-xl-reorder -mno-xl-soft-mul -mxl-barrel-shift -mxl-pattern-compare" "EXTRA_COM
TRACE::2024-10-23.01:43:01::SCWMssOS::PILER_FLAGS=-g -ffunction-sections -fdata-sections -Wall -Wextra -fno-tree-loop-distribute-patterns"

TRACE::2024-10-23.01:43:01::SCWMssOS::"Running Make include in microblaze_0/libsrc/standalone_v8_0/src"

TRACE::2024-10-23.01:43:01::SCWMssOS::make -C microblaze_0/libsrc/standalone_v8_0/src -s include  "SHELL=CMD" "COMPILER=mb-gcc" "ASSEMBLER=mb-as" "ARCHIVER=mb-ar" "C
TRACE::2024-10-23.01:43:01::SCWMssOS::OMPILER_FLAGS=  -O2 -c -mcpu=v11.0 -mlittle-endian -mno-xl-reorder -mno-xl-soft-mul -mxl-barrel-shift -mxl-pattern-compare" "EX
TRACE::2024-10-23.01:43:01::SCWMssOS::TRA_COMPILER_FLAGS=-g -ffunction-sections -fdata-sections -Wall -Wextra -fno-tree-loop-distribute-patterns"

TRACE::2024-10-23.01:43:01::SCWMssOS::"Running Make include in microblaze_0/libsrc/tmrctr_v4_9/src"

TRACE::2024-10-23.01:43:01::SCWMssOS::make -C microblaze_0/libsrc/tmrctr_v4_9/src -s include  "SHELL=CMD" "COMPILER=mb-gcc" "ASSEMBLER=mb-as" "ARCHIVER=mb-ar" "COMPI
TRACE::2024-10-23.01:43:01::SCWMssOS::LER_FLAGS=  -O2 -c -mcpu=v11.0 -mlittle-endian -mno-xl-reorder -mno-xl-soft-mul -mxl-barrel-shift -mxl-pattern-compare" "EXTRA_
TRACE::2024-10-23.01:43:01::SCWMssOS::COMPILER_FLAGS=-g -ffunction-sections -fdata-sections -Wall -Wextra -fno-tree-loop-distribute-patterns"

TRACE::2024-10-23.01:43:01::SCWMssOS::"Running Make include in microblaze_0/libsrc/uartlite_v3_7/src"

TRACE::2024-10-23.01:43:01::SCWMssOS::make -C microblaze_0/libsrc/uartlite_v3_7/src -s include  "SHELL=CMD" "COMPILER=mb-gcc" "ASSEMBLER=mb-as" "ARCHIVER=mb-ar" "COM
TRACE::2024-10-23.01:43:01::SCWMssOS::PILER_FLAGS=  -O2 -c -mcpu=v11.0 -mlittle-endian -mno-xl-reorder -mno-xl-soft-mul -mxl-barrel-shift -mxl-pattern-compare" "EXTR
TRACE::2024-10-23.01:43:01::SCWMssOS::A_COMPILER_FLAGS=-g -ffunction-sections -fdata-sections -Wall -Wextra -fno-tree-loop-distribute-patterns"

TRACE::2024-10-23.01:43:02::SCWMssOS::"Running Make libs in microblaze_0/libsrc/bram_v4_8/src"

TRACE::2024-10-23.01:43:02::SCWMssOS::make -C microblaze_0/libsrc/bram_v4_8/src -s libs  "SHELL=CMD" "COMPILER=mb-gcc" "ASSEMBLER=mb-as" "ARCHIVER=mb-ar" "COMPILER_F
TRACE::2024-10-23.01:43:02::SCWMssOS::LAGS=  -O2 -c -mcpu=v11.0 -mlittle-endian -mno-xl-reorder -mno-xl-soft-mul -mxl-barrel-shift -mxl-pattern-compare" "EXTRA_COMPI
TRACE::2024-10-23.01:43:02::SCWMssOS::LER_FLAGS=-g -ffunction-sections -fdata-sections -Wall -Wextra -fno-tree-loop-distribute-patterns"

TRACE::2024-10-23.01:43:02::SCWMssOS::"Running Make libs in microblaze_0/libsrc/cpu_v2_16/src"

TRACE::2024-10-23.01:43:02::SCWMssOS::make -C microblaze_0/libsrc/cpu_v2_16/src -s libs  "SHELL=CMD" "COMPILER=mb-gcc" "ASSEMBLER=mb-as" "ARCHIVER=mb-ar" "COMPILER_F
TRACE::2024-10-23.01:43:02::SCWMssOS::LAGS=  -O2 -c -mcpu=v11.0 -mlittle-endian -mno-xl-reorder -mno-xl-soft-mul -mxl-barrel-shift -mxl-pattern-compare" "EXTRA_COMPI
TRACE::2024-10-23.01:43:02::SCWMssOS::LER_FLAGS=-g -ffunction-sections -fdata-sections -Wall -Wextra -fno-tree-loop-distribute-patterns"

TRACE::2024-10-23.01:43:02::SCWMssOS::"Running Make libs in microblaze_0/libsrc/gpio_v4_9/src"

TRACE::2024-10-23.01:43:02::SCWMssOS::make -C microblaze_0/libsrc/gpio_v4_9/src -s libs  "SHELL=CMD" "COMPILER=mb-gcc" "ASSEMBLER=mb-as" "ARCHIVER=mb-ar" "COMPILER_F
TRACE::2024-10-23.01:43:02::SCWMssOS::LAGS=  -O2 -c -mcpu=v11.0 -mlittle-endian -mno-xl-reorder -mno-xl-soft-mul -mxl-barrel-shift -mxl-pattern-compare" "EXTRA_COMPI
TRACE::2024-10-23.01:43:02::SCWMssOS::LER_FLAGS=-g -ffunction-sections -fdata-sections -Wall -Wextra -fno-tree-loop-distribute-patterns"

TRACE::2024-10-23.01:43:02::SCWMssOS::"Running Make libs in microblaze_0/libsrc/intc_v3_15/src"

TRACE::2024-10-23.01:43:02::SCWMssOS::make -C microblaze_0/libsrc/intc_v3_15/src -s libs  "SHELL=CMD" "COMPILER=mb-gcc" "ASSEMBLER=mb-as" "ARCHIVER=mb-ar" "COMPILER_
TRACE::2024-10-23.01:43:02::SCWMssOS::FLAGS=  -O2 -c -mcpu=v11.0 -mlittle-endian -mno-xl-reorder -mno-xl-soft-mul -mxl-barrel-shift -mxl-pattern-compare" "EXTRA_COMP
TRACE::2024-10-23.01:43:02::SCWMssOS::ILER_FLAGS=-g -ffunction-sections -fdata-sections -Wall -Wextra -fno-tree-loop-distribute-patterns"

TRACE::2024-10-23.01:43:02::SCWMssOS::"Running Make libs in microblaze_0/libsrc/spi_v4_9/src"

TRACE::2024-10-23.01:43:02::SCWMssOS::make -C microblaze_0/libsrc/spi_v4_9/src -s libs  "SHELL=CMD" "COMPILER=mb-gcc" "ASSEMBLER=mb-as" "ARCHIVER=mb-ar" "COMPILER_FL
TRACE::2024-10-23.01:43:02::SCWMssOS::AGS=  -O2 -c -mcpu=v11.0 -mlittle-endian -mno-xl-reorder -mno-xl-soft-mul -mxl-barrel-shift -mxl-pattern-compare" "EXTRA_COMPIL
TRACE::2024-10-23.01:43:02::SCWMssOS::ER_FLAGS=-g -ffunction-sections -fdata-sections -Wall -Wextra -fno-tree-loop-distribute-patterns"

TRACE::2024-10-23.01:43:02::SCWMssOS::"Running Make libs in microblaze_0/libsrc/standalone_v8_0/src"

TRACE::2024-10-23.01:43:02::SCWMssOS::make -C microblaze_0/libsrc/standalone_v8_0/src -s libs  "SHELL=CMD" "COMPILER=mb-gcc" "ASSEMBLER=mb-as" "ARCHIVER=mb-ar" "COMP
TRACE::2024-10-23.01:43:02::SCWMssOS::ILER_FLAGS=  -O2 -c -mcpu=v11.0 -mlittle-endian -mno-xl-reorder -mno-xl-soft-mul -mxl-barrel-shift -mxl-pattern-compare" "EXTRA
TRACE::2024-10-23.01:43:02::SCWMssOS::_COMPILER_FLAGS=-g -ffunction-sections -fdata-sections -Wall -Wextra -fno-tree-loop-distribute-patterns"

TRACE::2024-10-23.01:43:03::SCWMssOS::"Running Make libs in microblaze_0/libsrc/tmrctr_v4_9/src"

TRACE::2024-10-23.01:43:03::SCWMssOS::make -C microblaze_0/libsrc/tmrctr_v4_9/src -s libs  "SHELL=CMD" "COMPILER=mb-gcc" "ASSEMBLER=mb-as" "ARCHIVER=mb-ar" "COMPILER
TRACE::2024-10-23.01:43:03::SCWMssOS::_FLAGS=  -O2 -c -mcpu=v11.0 -mlittle-endian -mno-xl-reorder -mno-xl-soft-mul -mxl-barrel-shift -mxl-pattern-compare" "EXTRA_COM
TRACE::2024-10-23.01:43:03::SCWMssOS::PILER_FLAGS=-g -ffunction-sections -fdata-sections -Wall -Wextra -fno-tree-loop-distribute-patterns"

TRACE::2024-10-23.01:43:03::SCWMssOS::"Running Make libs in microblaze_0/libsrc/uartlite_v3_7/src"

TRACE::2024-10-23.01:43:03::SCWMssOS::make -C microblaze_0/libsrc/uartlite_v3_7/src -s libs  "SHELL=CMD" "COMPILER=mb-gcc" "ASSEMBLER=mb-as" "ARCHIVER=mb-ar" "COMPIL
TRACE::2024-10-23.01:43:03::SCWMssOS::ER_FLAGS=  -O2 -c -mcpu=v11.0 -mlittle-endian -mno-xl-reorder -mno-xl-soft-mul -mxl-barrel-shift -mxl-pattern-compare" "EXTRA_C
TRACE::2024-10-23.01:43:03::SCWMssOS::OMPILER_FLAGS=-g -ffunction-sections -fdata-sections -Wall -Wextra -fno-tree-loop-distribute-patterns"

TRACE::2024-10-23.01:43:06::SCWMssOS::"DEBUG NON_LTO_OBJECTS is ../../../lib/microblaze_interrupt_handler.o"

TRACE::2024-10-23.01:43:06::SCWMssOS::'Finished building libraries parallelly.'

TRACE::2024-10-23.01:43:06::SCWMssOS::make --no-print-directory archive

TRACE::2024-10-23.01:43:06::SCWMssOS::mb-ar -r  microblaze_0/lib/libxil.a microblaze_0/lib/_exit.o microblaze_0/lib/errno.o microblaze_0/lib/fcntl.o microblaze_0/lib
TRACE::2024-10-23.01:43:06::SCWMssOS::/hw_exception_handler.o microblaze_0/lib/inbyte.o microblaze_0/lib/microblaze_disable_dcache.o microblaze_0/lib/microblaze_disa
TRACE::2024-10-23.01:43:06::SCWMssOS::ble_exceptions.o microblaze_0/lib/microblaze_disable_icache.o microblaze_0/lib/microblaze_disable_interrupts.o microblaze_0/lib
TRACE::2024-10-23.01:43:06::SCWMssOS::/microblaze_enable_dcache.o microblaze_0/lib/microblaze_enable_exceptions.o microblaze_0/lib/microblaze_enable_icache.o microbl
TRACE::2024-10-23.01:43:06::SCWMssOS::aze_0/lib/microblaze_enable_interrupts.o microblaze_0/lib/microblaze_exception_handler.o microblaze_0/lib/microblaze_flush_cach
TRACE::2024-10-23.01:43:06::SCWMssOS::e_ext.o microblaze_0/lib/microblaze_flush_cache_ext_range.o microblaze_0/lib/microblaze_flush_dcache.o microblaze_0/lib/microbl
TRACE::2024-10-23.01:43:06::SCWMssOS::aze_flush_dcache_range.o microblaze_0/lib/microblaze_init_dcache_range.o microblaze_0/lib/microblaze_init_icache_range.o microb
TRACE::2024-10-23.01:43:06::SCWMssOS::laze_0/lib/microblaze_interrupt_handler.o microblaze_0/lib/microblaze_interrupts_g.o microblaze_0/lib/microblaze_invalidate_cac
TRACE::2024-10-23.01:43:06::SCWMssOS::he_ext.o microblaze_0/lib/microblaze_invalidate_cache_ext_range.o microblaze_0/lib/microblaze_invalidate_dcache.o microblaze_0/
TRACE::2024-10-23.01:43:06::SCWMssOS::lib/microblaze_invalidate_dcache_range.o microblaze_0/lib/microblaze_invalidate_icache.o microblaze_0/lib/microblaze_invalidate
TRACE::2024-10-23.01:43:06::SCWMssOS::_icache_range.o microblaze_0/lib/microblaze_scrub.o microblaze_0/lib/microblaze_selftest.o microblaze_0/lib/microblaze_sleep.o 
TRACE::2024-10-23.01:43:06::SCWMssOS::microblaze_0/lib/microblaze_update_dcache.o microblaze_0/lib/microblaze_update_icache.o microblaze_0/lib/outbyte.o microblaze_0
TRACE::2024-10-23.01:43:06::SCWMssOS::/lib/print.o microblaze_0/lib/pvr.o microblaze_0/lib/xbram.o microblaze_0/lib/xbram_g.o microblaze_0/lib/xbram_intr.o microblaz
TRACE::2024-10-23.01:43:06::SCWMssOS::e_0/lib/xbram_selftest.o microblaze_0/lib/xbram_sinit.o microblaze_0/lib/xgpio.o microblaze_0/lib/xgpio_extra.o microblaze_0/li
TRACE::2024-10-23.01:43:06::SCWMssOS::b/xgpio_g.o microblaze_0/lib/xgpio_intr.o microblaze_0/lib/xgpio_selftest.o microblaze_0/lib/xgpio_sinit.o microblaze_0/lib/xil
TRACE::2024-10-23.01:43:06::SCWMssOS::_assert.o microblaze_0/lib/xil_cache.o microblaze_0/lib/xil_clocking.o microblaze_0/lib/xil_exception.o microblaze_0/lib/xil_me
TRACE::2024-10-23.01:43:06::SCWMssOS::m.o microblaze_0/lib/xil_misc_psreset_api.o microblaze_0/lib/xil_printf.o microblaze_0/lib/xil_sleepcommon.o microblaze_0/lib/x
TRACE::2024-10-23.01:43:06::SCWMssOS::il_testcache.o microblaze_0/lib/xil_testio.o microblaze_0/lib/xil_testmem.o microblaze_0/lib/xil_util.o microblaze_0/lib/xintc.
TRACE::2024-10-23.01:43:06::SCWMssOS::o microblaze_0/lib/xintc_g.o microblaze_0/lib/xintc_intr.o microblaze_0/lib/xintc_l.o microblaze_0/lib/xintc_options.o microbla
TRACE::2024-10-23.01:43:06::SCWMssOS::ze_0/lib/xintc_selftest.o microblaze_0/lib/xinterrupt_wrap.o microblaze_0/lib/xio.o microblaze_0/lib/xplatform_info.o microblaz
TRACE::2024-10-23.01:43:06::SCWMssOS::e_0/lib/xspi.o microblaze_0/lib/xspi_g.o microblaze_0/lib/xspi_options.o microblaze_0/lib/xspi_selftest.o microblaze_0/lib/xspi
TRACE::2024-10-23.01:43:06::SCWMssOS::_sinit.o microblaze_0/lib/xspi_stats.o microblaze_0/lib/xtmrctr.o microblaze_0/lib/xtmrctr_g.o microblaze_0/lib/xtmrctr_intr.o 
TRACE::2024-10-23.01:43:06::SCWMssOS::microblaze_0/lib/xtmrctr_l.o microblaze_0/lib/xtmrctr_options.o microblaze_0/lib/xtmrctr_selftest.o microblaze_0/lib/xtmrctr_si
TRACE::2024-10-23.01:43:06::SCWMssOS::nit.o microblaze_0/lib/xtmrctr_stats.o microblaze_0/lib/xuartlite.o microblaze_0/lib/xuartlite_g.o microblaze_0/lib/xuartlite_i
TRACE::2024-10-23.01:43:06::SCWMssOS::ntr.o microblaze_0/lib/xuartlite_l.o microblaze_0/lib/xuartlite_selftest.o microblaze_0/lib/xuartlite_sinit.o microblaze_0/lib/
TRACE::2024-10-23.01:43:06::SCWMssOS::xuartlite_stats.o

TRACE::2024-10-23.01:43:07::SCWMssOS::'Finished building libraries'

TRACE::2024-10-23.01:43:07::SCWMssOS::Copying to export directory.
TRACE::2024-10-23.01:43:07::SCWMssOS:: Checking if to create the Supporting Applications
TRACE::2024-10-23.01:43:07::SCWMssOS:: No Linux domain exists, trying to generate FSBL 
LOG::2024-10-23.01:43:07::SCWSystem::Completed Processing the domain standalone_microblaze_0
LOG::2024-10-23.01:43:07::SCWSystem::Completed Processing the sysconfig mb_usb_hdmi_top
LOG::2024-10-23.01:43:07::SCWPlatform::Completed generating the artifacts for system configuration mb_usb_hdmi_top
TRACE::2024-10-23.01:43:07::SCWPlatform::Started preparing the platform 
TRACE::2024-10-23.01:43:07::SCWSystem::Writing the bif file for system config mb_usb_hdmi_top
TRACE::2024-10-23.01:43:07::SCWSystem::dir created 
TRACE::2024-10-23.01:43:07::SCWSystem::Writing the bif 
TRACE::2024-10-23.01:43:07::SCWPlatform::Started writing the spfm file 
TRACE::2024-10-23.01:43:07::SCWPlatform::Started writing the xpfm file 
TRACE::2024-10-23.01:43:07::SCWPlatform::Completed generating the platform
TRACE::2024-10-23.01:43:07::SCWMssOS::Saving the mss changes C:/Users/Shane/Documents/Classes/ECE_385/Lab_6/lab_6/workspace/mb_usb_hdmi_top/microblaze_0/standalone_microblaze_0/bsp/system.mss
TRACE::2024-10-23.01:43:07::SCWMssOS::Found a swdesign opened with the mssfile.
TRACE::2024-10-23.01:43:07::SCWMssOS::Completed writemss as part of save.
TRACE::2024-10-23.01:43:07::SCWMssOS::Commit changes completed.
TRACE::2024-10-23.01:43:07::SCWPlatform::Trying to open the hw design at C:/Users/Shane/Documents/Classes/ECE_385/Lab_6/lab_6/workspace/mb_usb_hdmi_top/hw/mb_usb_hdmi_top.xsa
TRACE::2024-10-23.01:43:07::SCWPlatform::DSA given C:/Users/Shane/Documents/Classes/ECE_385/Lab_6/lab_6/workspace/mb_usb_hdmi_top/hw/mb_usb_hdmi_top.xsa
TRACE::2024-10-23.01:43:07::SCWPlatform::DSA absoulate path C:/Users/Shane/Documents/Classes/ECE_385/Lab_6/lab_6/workspace/mb_usb_hdmi_top/hw/mb_usb_hdmi_top.xsa
TRACE::2024-10-23.01:43:07::SCWPlatform::DSA directory C:/Users/Shane/Documents/Classes/ECE_385/Lab_6/lab_6/workspace/mb_usb_hdmi_top/hw
TRACE::2024-10-23.01:43:07::SCWPlatform:: Platform Path C:/Users/Shane/Documents/Classes/ECE_385/Lab_6/lab_6/workspace/mb_usb_hdmi_top/hw/mb_usb_hdmi_top.xsa
TRACE::2024-10-23.01:43:07::SCWPlatform:: Unique name xilinx:::0.0
TRACE::2024-10-23.01:43:07::SCWPlatform::Trying to set the existing hwdb with name mb_usb_hdmi_top
TRACE::2024-10-23.01:43:07::SCWPlatform::Opened existing hwdb mb_usb_hdmi_top
TRACE::2024-10-23.01:43:07::SCWPlatform::Found the Hw Db part of the input DSA
TRACE::2024-10-23.01:43:07::SCWMssOS::Checking the sw design at  C:/Users/Shane/Documents/Classes/ECE_385/Lab_6/lab_6/workspace/mb_usb_hdmi_top/microblaze_0/standalone_microblaze_0/bsp/system.mss
TRACE::2024-10-23.01:43:07::SCWMssOS::DEBUG:  swdes dump  C:/Users/Shane/Documents/Classes/ECE_385/Lab_6/lab_6/workspace/mb_usb_hdmi_top/microblaze_0/standalone_microblaze_0/bsp/system.mss|system||

TRACE::2024-10-23.01:43:07::SCWMssOS::Sw design exists and opened at  C:/Users/Shane/Documents/Classes/ECE_385/Lab_6/lab_6/workspace/mb_usb_hdmi_top/microblaze_0/standalone_microblaze_0/bsp/system.mss
TRACE::2024-10-23.01:43:07::SCWWriter::formatted JSON is {
	"platformName":	"mb_usb_hdmi_top",
	"sprVersion":	"2.0",
	"mode":	"gui",
	"dsaType":	"Fixed",
	"platformDesc":	"mb_usb_hdmi_top",
	"platHandOff":	"C:/Users/Shane/Documents/Classes/ECE_385/Lab_6/lab_6/mb_usb_hdmi_top.xsa",
	"platIntHandOff":	"<platformDir>/hw/mb_usb_hdmi_top.xsa",
	"deviceType":	"FPGA",
	"platIsPrebuiltAutogen":	"false",
	"platIsNoBootBsp":	"false",
	"hasFsblMakeHasChanges":	"false",
	"hasPmufwMakeHasChanges":	"false",
	"platPreBuiltFlag":	false,
	"platformSamplesDir":	"",
	"platActiveSys":	"mb_usb_hdmi_top",
	"systems":	[{
			"systemName":	"mb_usb_hdmi_top",
			"systemDesc":	"mb_usb_hdmi_top",
			"sysIsBootAutoGen":	"true",
			"systemDispName":	"mb_usb_hdmi_top",
			"sysActiveDom":	"standalone_microblaze_0",
			"sysDefaultDom":	"standalone_microblaze_0",
			"domains":	[{
					"domainName":	"standalone_microblaze_0",
					"domainDispName":	"standalone_microblaze_0",
					"domainDesc":	"standalone_microblaze_0",
					"processors":	"microblaze_0",
					"os":	"standalone",
					"sdxOs":	"standalone",
					"debugEnable":	"False",
					"domRuntimes":	["cpp"],
					"swRepo":	"",
					"mssOsVer":	"8.0",
					"mssFile":	"",
					"md5Digest":	"304529987e879521ca977c68d163f362",
					"compatibleApp":	"",
					"domType":	"mssDomain",
					"arch":	"32-bit",
					"appSettings":	{
						"appCompilerFlags":	"",
						"appLinkerFlags":	""
					},
					"addedLibs":	[],
					"libOptions":	{
						"libsContainingOptions":	[]
					},
					"prebuiltLibs":	{
						"prebuiltIncPath":	[],
						"prebuiltLibPath":	[]
					},
					"isolation":	{
					}
				}]
		}]
}
KEYINFO::2024-10-23.01:43:07::SCWPlatform::updated the xpfm file.
TRACE::2024-10-23.01:43:07::SCWPlatform::Trying to open the hw design at C:/Users/Shane/Documents/Classes/ECE_385/Lab_6/lab_6/workspace/mb_usb_hdmi_top/hw/mb_usb_hdmi_top.xsa
TRACE::2024-10-23.01:43:07::SCWPlatform::DSA given C:/Users/Shane/Documents/Classes/ECE_385/Lab_6/lab_6/workspace/mb_usb_hdmi_top/hw/mb_usb_hdmi_top.xsa
TRACE::2024-10-23.01:43:07::SCWPlatform::DSA absoulate path C:/Users/Shane/Documents/Classes/ECE_385/Lab_6/lab_6/workspace/mb_usb_hdmi_top/hw/mb_usb_hdmi_top.xsa
TRACE::2024-10-23.01:43:07::SCWPlatform::DSA directory C:/Users/Shane/Documents/Classes/ECE_385/Lab_6/lab_6/workspace/mb_usb_hdmi_top/hw
TRACE::2024-10-23.01:43:07::SCWPlatform:: Platform Path C:/Users/Shane/Documents/Classes/ECE_385/Lab_6/lab_6/workspace/mb_usb_hdmi_top/hw/mb_usb_hdmi_top.xsa
TRACE::2024-10-23.01:43:07::SCWPlatform:: Unique name xilinx:::0.0
TRACE::2024-10-23.01:43:07::SCWPlatform::Trying to set the existing hwdb with name mb_usb_hdmi_top
TRACE::2024-10-23.01:43:07::SCWPlatform::Opened existing hwdb mb_usb_hdmi_top
TRACE::2024-10-23.01:43:07::SCWPlatform::Found the Hw Db part of the input DSA
TRACE::2024-10-23.01:43:07::SCWMssOS::Checking the sw design at  C:/Users/Shane/Documents/Classes/ECE_385/Lab_6/lab_6/workspace/mb_usb_hdmi_top/microblaze_0/standalone_microblaze_0/bsp/system.mss
TRACE::2024-10-23.01:43:07::SCWMssOS::DEBUG:  swdes dump  C:/Users/Shane/Documents/Classes/ECE_385/Lab_6/lab_6/workspace/mb_usb_hdmi_top/microblaze_0/standalone_microblaze_0/bsp/system.mss|system||

TRACE::2024-10-23.01:43:07::SCWMssOS::Sw design exists and opened at  C:/Users/Shane/Documents/Classes/ECE_385/Lab_6/lab_6/workspace/mb_usb_hdmi_top/microblaze_0/standalone_microblaze_0/bsp/system.mss
