#
# A fatal error has been detected by the Java Runtime Environment:
#
#  EXCEPTION_ACCESS_VIOLATION (0xc0000005) at pc=0x00007ffe6711e3fa, pid=28116, tid=28972
#
# JRE version: OpenJDK Runtime Environment 18.9 (11.0.11+9) (build 11.0.11+9)
# Java VM: OpenJDK 64-Bit Server VM 18.9 (11.0.11+9, mixed mode, tiered, compressed oops, g1 gc, windows-amd64)
# Problematic frame:
# C  [librdi_coregen.dll+0xd4e3fa]
#
# No core dump will be written. Minidumps are not enabled by default on client versions of Windows
#
# If you would like to submit a bug report, please visit:
#   https://bugreport.java.com/bugreport/crash.jsp
# The crash happened outside the Java Virtual Machine in native code.
# See problematic frame for where to report the bug.
#

---------------  S U M M A R Y ------------

Command Line: -Dsun.java2d.pmoffscreen=false -Dhttps.protocols=TLSv1,TLSv1.1,TLSv1.2 -Dsun.java2d.xrender=false -Dsun.java2d.d3d=false -Dsun.awt.nopixfmt=true -Dsun.java2d.dpiaware=true -Dsun.java2d.uiScale.enabled=false -Xverify:none -Dswing.aatext=true -XX:-UsePerfData -Djdk.map.althashing.threshold=512 -XX:StringTableSize=4072 --add-opens=java.desktop/com.sun.awt=ALL-UNNAMED --add-opens=java.desktop/javax.swing.plaf.synth=ALL-UNNAMED --add-opens=java.base/java.nio=ALL-UNNAMED --add-opens=java.desktop/sun.swing=ALL-UNNAMED --add-opens=java.desktop/javax.swing=ALL-UNNAMED --add-opens=java.desktop/javax.swing.tree=ALL-UNNAMED --add-opens=java.desktop/javax.swing.plaf.basic=ALL-UNNAMED --add-opens=java.desktop/javax.swing.plaf.synth=ALL-UNNAMED --add-opens=java.desktop/javax.swing.plaf.basic=ALL-UNNAMED --add-opens=java.desktop/javax.swing=ALL-UNNAMED --add-opens=java.desktop/javax.swing.tree=ALL-UNNAMED --add-opens=java.desktop/java.awt.event=ALL-UNNAMED --add-exports=java.desktop/javax.swing.plaf.synth=ALL-UNNAMED --add-exports=java.base/java.nio=ALL-UNNAMED --add-exports=java.desktop/sun.swing=ALL-UNNAMED --add-exports=java.desktop/javax.swing=ALL-UNNAMED --add-exports=java.desktop/javax.swing.tree=ALL-UNNAMED --add-exports=java.desktop/javax.swing.plaf.basic=ALL-UNNAMED --add-exports=java.desktop/sun.swing=ALL-UNNAMED --add-exports=java.desktop/sun.swing.table=ALL-UNNAMED --add-exports=java.desktop/sun.swing.plaf.synth=ALL-UNNAMED --add-exports=java.desktop/sun.awt.shell=ALL-UNNAMED --add-exports=java.base/sun.security.action=ALL-UNNAMED --add-exports=java.desktop/sun.font=ALL-UNNAMED -XX:NewSize=60m -XX:MaxNewSize=60m -Xms256m -Xmx3072m -Xss5m 

Host: AMD Ryzen 5 5500U with Radeon Graphics         , 12 cores, 15G,  Windows 10 , 64 bit Build 22621 (10.0.22621.3958)
Time: Mon Oct 28 23:12:20 2024 Central Daylight Time elapsed time: 1025.443914 seconds (0d 0h 17m 5s)

---------------  T H R E A D  ---------------

Current thread (0x00000194e2b5f800):  JavaThread "Close Block Designs Thread" [_thread_in_native, id=28972, stack(0x0000000659100000,0x0000000659600000)]

Stack: [0x0000000659100000,0x0000000659600000],  sp=0x00000006595fed90,  free space=5115k
Native frames: (J=compiled Java code, j=interpreted, Vv=VM code, C=native code)
C  [librdi_coregen.dll+0xd4e3fa]
C  0x00007ffeccdc5ab8

Java frames: (J=compiled Java code, j=interpreted, Vv=VM code)
j  ui.frmwork.rsbcmdi.HRSBTcCommands_currentDesign(JZ)I+0
j  ui.a.E.c(Lui/project/m;Lui/data/l/bd;)V+9
j  ui.a.E.b(Lui/project/m;Lui/data/l/bd;)V+2
j  ui.a.E.P(Lui/project/m;)V+81
j  ui.views.T.c.aIj()V+17
j  ui.dlg.c.bq$a.aQy()Ljava/lang/Object;+13
J 20300 c1 ui.frmwork.y.run()V (129 bytes) @ 0x00000194ab897aa4 [0x00000194ab897520+0x0000000000000584]
J 18510 c1 java.lang.Thread.run()V java.base@11.0.11 (17 bytes) @ 0x00000194ab552004 [0x00000194ab551ec0+0x0000000000000144]
v  ~StubRoutines::call_stub

siginfo: EXCEPTION_ACCESS_VIOLATION (0xc0000005), reading address 0x0000000000000000


Register to memory mapping:

RIP=0x00007ffe6711e3fa librdi_coregen.dll
RAX=0x0 is NULL
RBX=0x00000006595feef8 is pointing into the stack for thread: 0x00000194e2b5f800
RCX=0x00000194ce58df90 points into unknown readable memory: 0x00007ffe67fd05c0 | c0 05 fd 67 fe 7f 00 00
RDX=0x00000006595feef8 is pointing into the stack for thread: 0x00000194e2b5f800
RSP=0x00000006595fed90 is pointing into the stack for thread: 0x00000194e2b5f800
RBP=0x00000006595feed9 is pointing into the stack for thread: 0x00000194e2b5f800
RSI=0x0 is NULL
RDI=0x00000006595feef8 is pointing into the stack for thread: 0x00000194e2b5f800
R8 =0x0000000000000011 is an unknown value
R9 =64 is a compressed pointer to class: 0x0000000800000040
R10=0x00007ffefd180000 VCRUNTIME140.dll
R11=0x00000006595fee18 is pointing into the stack for thread: 0x00000194e2b5f800
R12=0x0 is NULL
R13={method} {0x00000194d0cfb4a0} 'HRSBTcCommands_currentDesign' '(JZ)I' in 'ui/frmwork/rsbcmdi'
R14=0x0 is NULL
R15=0x00000194e2b5f800 is a thread


Registers:
RAX=0x0000000000000000, RBX=0x00000006595feef8, RCX=0x00000194ce58df90, RDX=0x00000006595feef8
RSP=0x00000006595fed90, RBP=0x00000006595feed9, RSI=0x0000000000000000, RDI=0x00000006595feef8
R8 =0x0000000000000011, R9 =0x0000000000000040, R10=0x00007ffefd180000, R11=0x00000006595fee18
R12=0x0000000000000000, R13=0x00000194d0cfb498, R14=0x0000000000000000, R15=0x00000194e2b5f800
RIP=0x00007ffe6711e3fa, EFLAGS=0x0000000000010246

Top of Stack: (sp=0x00000006595fed90)
0x00000006595fed90:   000000000000001f 0000000000000011
0x00000006595feda0:   000000000000000f 00007fff215f1966
0x00000006595fedb0:   0000000000000000 fffffffffffffffe
0x00000006595fedc0:   00000006595febc0 000000006fc70000
0x00000006595fedd0:   000000000000001f 00007ffe4b784703
0x00000006595fede0:   0000000000000020 000000006fc7ac3c
0x00000006595fedf0:   000001953c1cb7d0 000000006fc53cf4
0x00000006595fee00:   0000edf8bae9a30a 00007ffe4b3a082d
0x00000006595fee10:   00000006595fef68 00007ffeccdc5ab8
0x00000006595fee20:   000001953c1cb7d0 00007ffe4cfce414
0x00000006595fee30:   00000006595feef8 0000000000000038
0x00000006595fee40:   00000194ce58df90 00007ffe4b4a9274
0x00000006595fee50:   0000000000000000 00000194ce58df90
0x00000006595fee60:   00000006595feed9 000000006fc7ac7d
0x00000006595fee70:   0000000000000002 0000000000000003
0x00000006595fee80:   ffffffff00000001 fffffffffffffffe 

Instructions: (pc=0x00007ffe6711e3fa)
0x00007ffe6711e2fa:   48 8b c8 e8 8e 0c 3f ff 0f 10 30 0f 10 78 10 4c
0x00007ffe6711e30a:   89 70 10 48 c7 40 18 0f 00 00 00 c6 00 00 48 8d
0x00007ffe6711e31a:   4c 24 38 e8 9e 20 3e ff 90 48 8b 55 a7 48 83 fa
0x00007ffe6711e32a:   10 72 55 48 ff c2 48 8b 4d 8f 48 8b c1 48 81 fa
0x00007ffe6711e33a:   00 10 00 00 72 1c 48 83 c2 27 48 8b 49 f8 48 2b
0x00007ffe6711e34a:   c1 48 83 c0 f8 48 83 f8 1f 76 07 ff 15 dd 85 d8
0x00007ffe6711e35a:   00 cc e8 ab 79 58 00 eb 1f 48 83 c2 30 48 8d 4d
0x00007ffe6711e36a:   8f e8 a0 a6 3d ff 48 8d 4c 24 38 e8 46 20 3e ff
0x00007ffe6711e37a:   0f 10 75 8f 0f 10 7d 9f 0f 11 37 0f 11 7f 10 48
0x00007ffe6711e38a:   8b c7 48 8b 4d 0f 48 33 cc e8 a8 81 58 00 4c 8d
0x00007ffe6711e39a:   9c 24 00 01 00 00 49 8b 5b 40 41 0f 28 73 f0 41
0x00007ffe6711e3aa:   0f 28 7b e0 49 8b e3 41 5f 41 5e 5f 5e 5d c3 cc
0x00007ffe6711e3ba:   cc cc cc cc cc cc 4c 8b dc 57 48 81 ec 80 00 00
0x00007ffe6711e3ca:   00 49 c7 43 a0 fe ff ff ff 49 89 5b 18 49 89 73
0x00007ffe6711e3da:   20 48 8b 05 be 1a 6d 01 48 33 c4 48 89 44 24 70
0x00007ffe6711e3ea:   48 8b fa 33 f6 89 74 24 20 48 8b 81 38 01 00 00
0x00007ffe6711e3fa:   48 8b 08 48 85 c9 74 10 48 8b 01 49 8d 53 c8 ff
0x00007ffe6711e40a:   50 10 90 8d 5e 01 eb 31 66 0f 6f 05 46 4d da 00
0x00007ffe6711e41a:   f3 0f 7f 44 24 40 40 88 74 24 30 45 33 c0 48 8d
0x00007ffe6711e42a:   15 63 44 da 00 48 8d 4c 24 30 e8 77 36 3e ff 48
0x00007ffe6711e43a:   8d 44 24 30 bb 02 00 00 00 48 89 77 10 48 89 77
0x00007ffe6711e44a:   18 0f 10 00 0f 11 07 0f 10 48 10 0f 11 4f 10 48
0x00007ffe6711e45a:   89 70 10 48 c7 40 18 0f 00 00 00 c6 00 00 83 cb
0x00007ffe6711e46a:   04 f6 c3 02 74 3d 83 e3 fd 48 8b 54 24 48 48 83
0x00007ffe6711e47a:   fa 10 72 2f 48 ff c2 48 8b 4c 24 30 48 8b c1 48
0x00007ffe6711e48a:   81 fa 00 10 00 00 72 15 48 83 c2 27 48 8b 49 f8
0x00007ffe6711e49a:   48 2b c1 48 83 c0 f8 48 83 f8 1f 77 3f e8 60 78
0x00007ffe6711e4aa:   58 00 90 f6 c3 01 74 40 48 8b 54 24 68 48 83 fa
0x00007ffe6711e4ba:   10 72 35 48 ff c2 48 8b 4c 24 50 48 8b c1 48 81
0x00007ffe6711e4ca:   fa 00 10 00 00 72 1c 48 83 c2 27 48 8b 49 f8 48
0x00007ffe6711e4da:   2b c1 48 83 c0 f8 48 83 f8 1f 76 07 ff 15 4c 84
0x00007ffe6711e4ea:   d8 00 90 e8 1a 78 58 00 48 8b c7 48 8b 4c 24 70 


Stack slot to memory mapping:
stack at sp + 0 slots: 0x000000000000001f is an unknown value
stack at sp + 1 slots: 0x0000000000000011 is an unknown value
stack at sp + 2 slots: 0x000000000000000f is an unknown value
stack at sp + 3 slots: 0x00007fff215f1966 ucrtbase.dll
stack at sp + 4 slots: 0x0 is NULL
stack at sp + 5 slots: 0xfffffffffffffffe is an unknown value
stack at sp + 6 slots: 0x00000006595febc0 is pointing into the stack for thread: 0x00000194e2b5f800
stack at sp + 7 slots: 0x000000006fc70000 tcl85t.dll


---------------  P R O C E S S  ---------------

Threads class SMR info:
_java_thread_list=0x00000194d10661b0, length=99, elements={
0x000001949fb1d800, 0x00000194a022a000, 0x00000194a0231000, 0x00000194a023d800,
0x00000194a023e800, 0x00000194a0240800, 0x00000194a0246800, 0x00000194a024a000,
0x00000194a024b000, 0x00000194bfabe000, 0x00000194c03d1000, 0x00000194c022c800,
0x00000194c31b5800, 0x00000194c3f2b000, 0x00000194c324d800, 0x00000194c27b2800,
0x00000194c3081800, 0x00000194c30b5000, 0x00000194c30b8800, 0x00000194c30b9000,
0x00000194c30b4800, 0x00000194c30bb000, 0x00000194cbe8d800, 0x00000194cbe8c000,
0x00000194cbe8f800, 0x00000194cbe97800, 0x00000194cbe96800, 0x00000194cbe92000,
0x00000194cbe96000, 0x00000194cbe93800, 0x00000194cbe98800, 0x00000194cbe95000,
0x00000194cbe92800, 0x00000194cbe99000, 0x00000194cbe9a000, 0x00000194c30ba000,
0x00000194c30b6000, 0x00000194c30b6800, 0x00000194c30b7800, 0x00000194e2e8e800,
0x00000194e2e93000, 0x00000194e2e8f800, 0x00000194e2e8e000, 0x00000194e2e99800,
0x00000194e2e9b000, 0x00000194e2e9a000, 0x00000194e2e95000, 0x00000194e2e9c000,
0x00000194e2e96000, 0x00000194e8cbd000, 0x00000194e8cbc000, 0x00000194e8cc4000,
0x00000194e8cc6800, 0x00000194e8cc7800, 0x00000194e8cc8000, 0x00000194e8cc2800,
0x00000194e8cc9000, 0x00000194e8cca000, 0x00000194cbe8d000, 0x00000194cbe8e800,
0x00000194cbe90000, 0x00000194cbe91000, 0x00000194cbe8b800, 0x00000194e2e8d000,
0x00000194e2e94800, 0x00000194e2e97000, 0x00000194e2e98800, 0x00000194e8531800,
0x00000194e8530000, 0x00000194e852e800, 0x00000194e8530800, 0x00000194e8532800,
0x00000194e8533000, 0x00000194e8534000, 0x00000194e8535000, 0x00000194e852f000,
0x00000194e8535800, 0x00000194e8539800, 0x00000194e8539000, 0x00000194e853b800,
0x00000194e8538000, 0x00000194e8537800, 0x00000194e8536800, 0x00000194e853c000,
0x00000194e2b59000, 0x00000194e2b54000, 0x00000194e2b55800, 0x00000194e2b5c800,
0x00000195343e5000, 0x00000195343e4000, 0x00000195343ef800, 0x00000195343ea000,
0x00000195343eb800, 0x00000194e2b5d000, 0x00000194e2b5f800, 0x00000194e8cc1800,
0x00000194e8cc5000, 0x00000195343e6800, 0x00000195343ec000
}

Java Threads: ( => current thread )
  0x000001949fb1d800 JavaThread "main" [_thread_blocked, id=32172, stack(0x0000000645d00000,0x0000000645e00000)]
  0x00000194a022a000 JavaThread "Reference Handler" daemon [_thread_blocked, id=20728, stack(0x0000000646400000,0x0000000646900000)]
  0x00000194a0231000 JavaThread "Finalizer" daemon [_thread_blocked, id=15780, stack(0x0000000646900000,0x0000000646e00000)]
  0x00000194a023d800 JavaThread "Signal Dispatcher" daemon [_thread_blocked, id=18380, stack(0x0000000646e00000,0x0000000647300000)]
  0x00000194a023e800 JavaThread "Attach Listener" daemon [_thread_blocked, id=29652, stack(0x0000000647300000,0x0000000647800000)]
  0x00000194a0240800 JavaThread "Service Thread" daemon [_thread_blocked, id=31816, stack(0x0000000647800000,0x0000000647d00000)]
  0x00000194a0246800 JavaThread "C2 CompilerThread0" daemon [_thread_blocked, id=15204, stack(0x0000000647d00000,0x0000000647e00000)]
  0x00000194a024a000 JavaThread "C1 CompilerThread0" daemon [_thread_blocked, id=16420, stack(0x0000000647e00000,0x0000000647f00000)]
  0x00000194a024b000 JavaThread "Sweeper thread" daemon [_thread_blocked, id=28968, stack(0x0000000647f00000,0x0000000648400000)]
  0x00000194bfabe000 JavaThread "Common-Cleaner" daemon [_thread_blocked, id=14080, stack(0x0000000648400000,0x0000000648900000)]
  0x00000194c03d1000 JavaThread "Java2D Disposer" daemon [_thread_blocked, id=34240, stack(0x0000000648a00000,0x0000000648f00000)]
  0x00000194c022c800 JavaThread "AWT-Windows" daemon [_thread_in_native, id=28588, stack(0x0000000649400000,0x0000000649900000)]
  0x00000194c31b5800 JavaThread "TimerQueue" daemon [_thread_blocked, id=19416, stack(0x000000064a100000,0x000000064a600000)]
  0x00000194c3f2b000 JavaThread "AWT-Shutdown" [_thread_blocked, id=23220, stack(0x0000000648f00000,0x0000000649400000)]
  0x00000194c324d800 JavaThread "AWT-EventQueue-0" [_thread_blocked, id=24248, stack(0x000000064ab00000,0x000000064b000000)]
  0x00000194c27b2800 JavaThread "Thread-1" [_thread_in_native, id=11156, stack(0x0000000644500000,0x0000000645900000)]
  0x00000194c3081800 JavaThread "Process Messages Thread" [_thread_blocked, id=27240, stack(0x000000064b900000,0x000000064be00000)]
  0x00000194c30b5000 JavaThread "Batik CleanerThread" daemon [_thread_blocked, id=17824, stack(0x000000064b000000,0x000000064b500000)]
  0x00000194c30b8800 JavaThread "SyntheticaCleanerThread" daemon [_thread_blocked, id=23328, stack(0x000000064c500000,0x000000064ca00000)]
  0x00000194c30b9000 JavaThread "Monitor HEventQueue Thread" [_thread_blocked, id=30024, stack(0x000000064d400000,0x000000064d900000)]
  0x00000194c30b4800 JavaThread "SyntheticaAnimation 50" daemon [_thread_blocked, id=2240, stack(0x000000064d900000,0x000000064de00000)]
  0x00000194c30bb000 JavaThread "SyntheticaAnimation 25" daemon [_thread_blocked, id=1648, stack(0x000000064de00000,0x000000064e300000)]
  0x00000194cbe8d800 JavaThread "SyntheticaAnimation 70" daemon [_thread_blocked, id=16152, stack(0x000000064e800000,0x000000064ed00000)]
  0x00000194cbe8c000 JavaThread "Refresh Filesets Swing Worker Thread" [_thread_blocked, id=5532, stack(0x000000064a600000,0x000000064ab00000)]
  0x00000194cbe8f800 JavaThread "hw_ila_monitor" [_thread_blocked, id=9968, stack(0x000000064be00000,0x000000064c300000)]
  0x00000194cbe97800 JavaThread "pool-2-thread-1" [_thread_blocked, id=32000, stack(0x000000064f200000,0x000000064f700000)]
  0x00000194cbe96800 JavaThread "pool-3-thread-1" [_thread_blocked, id=7184, stack(0x000000064f700000,0x000000064fc00000)]
  0x00000194cbe92000 JavaThread "pool-4-thread-1" [_thread_blocked, id=21072, stack(0x000000064fc00000,0x0000000650100000)]
  0x00000194cbe96000 JavaThread "pool-5-thread-1" [_thread_blocked, id=29996, stack(0x0000000650100000,0x0000000650600000)]
  0x00000194cbe93800 JavaThread "pool-6-thread-1" [_thread_blocked, id=3792, stack(0x0000000650600000,0x0000000650b00000)]
  0x00000194cbe98800 JavaThread "pool-7-thread-1" [_thread_blocked, id=31040, stack(0x0000000650b00000,0x0000000651000000)]
  0x00000194cbe95000 JavaThread "pool-8-thread-1" [_thread_blocked, id=16940, stack(0x0000000651000000,0x0000000651500000)]
  0x00000194cbe92800 JavaThread "pool-9-thread-1" [_thread_blocked, id=28120, stack(0x0000000651500000,0x0000000651a00000)]
  0x00000194cbe99000 JavaThread "pool-10-thread-1" [_thread_blocked, id=29932, stack(0x0000000651a00000,0x0000000651f00000)]
  0x00000194cbe9a000 JavaThread "pool-11-thread-1" [_thread_blocked, id=13000, stack(0x0000000651f00000,0x0000000652400000)]
  0x00000194c30ba000 JavaThread "pool-12-thread-1" [_thread_blocked, id=30184, stack(0x0000000652400000,0x0000000652900000)]
  0x00000194c30b6000 JavaThread "pool-13-thread-1" [_thread_blocked, id=31132, stack(0x0000000652900000,0x0000000652e00000)]
  0x00000194c30b6800 JavaThread "pool-14-thread-1" [_thread_blocked, id=3492, stack(0x0000000652e00000,0x0000000653300000)]
  0x00000194c30b7800 JavaThread "pool-15-thread-1" [_thread_blocked, id=3180, stack(0x0000000653300000,0x0000000653800000)]
  0x00000194e2e8e800 JavaThread "pool-16-thread-1" [_thread_blocked, id=16752, stack(0x0000000653800000,0x0000000653d00000)]
  0x00000194e2e93000 JavaThread "pool-17-thread-1" [_thread_blocked, id=17488, stack(0x0000000653d00000,0x0000000654200000)]
  0x00000194e2e8f800 JavaThread "pool-18-thread-1" [_thread_blocked, id=6156, stack(0x0000000654200000,0x0000000654700000)]
  0x00000194e2e8e000 JavaThread "SyntheticaAnimation 50" daemon [_thread_blocked, id=29372, stack(0x000000064ca00000,0x000000064cf00000)]
  0x00000194e2e99800 JavaThread "QuantumRenderer-0" daemon [_thread_blocked, id=26932, stack(0x0000000654700000,0x0000000654c00000)]
  0x00000194e2e9b000 JavaThread "InvokeLaterDispatcher" daemon [_thread_blocked, id=26800, stack(0x0000000655300000,0x0000000655800000)]
  0x00000194e2e9a000 JavaThread "JavaFX Application Thread" [_thread_in_native, id=27136, stack(0x0000000655800000,0x0000000655d00000)]
  0x00000194e2e95000 JavaThread "Thread-186" daemon [_thread_in_native, id=34764, stack(0x0000000656500000,0x0000000656600000)]
  0x00000194e2e9c000 JavaThread "Prism Font Disposer" daemon [_thread_blocked, id=27060, stack(0x000000064ed00000,0x000000064f200000)]
  0x00000194e2e96000 JavaThread "Disposer" daemon [_thread_blocked, id=28204, stack(0x0000000656600000,0x0000000656b00000)]
  0x00000194e8cbd000 JavaThread "Cleaner-0" daemon [_thread_blocked, id=32724, stack(0x0000000659600000,0x0000000659b00000)]
  0x00000194e8cbc000 JavaThread "Update Runs Swing Worker Thread" [_thread_blocked, id=31796, stack(0x0000000658000000,0x0000000658500000)]
  0x00000194e8cc4000 JavaThread "pool-21-thread-1" [_thread_blocked, id=30244, stack(0x0000000658500000,0x0000000658a00000)]
  0x00000194e8cc6800 JavaThread "pool-22-thread-1" [_thread_blocked, id=9000, stack(0x0000000658c00000,0x0000000659100000)]
  0x00000194e8cc7800 JavaThread "pool-23-thread-1" [_thread_blocked, id=35772, stack(0x0000000659b00000,0x000000065a000000)]
  0x00000194e8cc8000 JavaThread "pool-24-thread-1" [_thread_blocked, id=14996, stack(0x000000065a000000,0x000000065a500000)]
  0x00000194e8cc2800 JavaThread "pool-25-thread-1" [_thread_blocked, id=18788, stack(0x000000065a500000,0x000000065aa00000)]
  0x00000194e8cc9000 JavaThread "pool-26-thread-1" [_thread_blocked, id=35040, stack(0x000000065aa00000,0x000000065af00000)]
  0x00000194e8cca000 JavaThread "pool-27-thread-1" [_thread_blocked, id=28828, stack(0x000000065af00000,0x000000065b400000)]
  0x00000194cbe8d000 JavaThread "pool-28-thread-1" [_thread_blocked, id=33520, stack(0x000000065b400000,0x000000065b900000)]
  0x00000194cbe8e800 JavaThread "pool-29-thread-1" [_thread_blocked, id=32848, stack(0x000000065b900000,0x000000065be00000)]
  0x00000194cbe90000 JavaThread "pool-30-thread-1" [_thread_blocked, id=35768, stack(0x000000065be00000,0x000000065c300000)]
  0x00000194cbe91000 JavaThread "pool-31-thread-1" [_thread_blocked, id=31936, stack(0x000000065c300000,0x000000065c800000)]
  0x00000194cbe8b800 JavaThread "pool-32-thread-1" [_thread_blocked, id=34504, stack(0x000000065c800000,0x000000065cd00000)]
  0x00000194e2e8d000 JavaThread "pool-33-thread-1" [_thread_blocked, id=33452, stack(0x000000065cd00000,0x000000065d200000)]
  0x00000194e2e94800 JavaThread "pool-34-thread-1" [_thread_blocked, id=32232, stack(0x000000065d200000,0x000000065d700000)]
  0x00000194e2e97000 JavaThread "pool-35-thread-1" [_thread_blocked, id=32144, stack(0x000000065d700000,0x000000065dc00000)]
  0x00000194e2e98800 JavaThread "pool-36-thread-1" [_thread_blocked, id=32360, stack(0x000000065dc00000,0x000000065e100000)]
  0x00000194e8531800 JavaThread "pool-37-thread-1" [_thread_blocked, id=26108, stack(0x000000065e100000,0x000000065e600000)]
  0x00000194e8530000 JavaThread "pool-38-thread-1" [_thread_blocked, id=708, stack(0x000000065e600000,0x000000065eb00000)]
  0x00000194e852e800 JavaThread "pool-39-thread-1" [_thread_blocked, id=32632, stack(0x000000065eb00000,0x000000065f000000)]
  0x00000194e8530800 JavaThread "pool-40-thread-1" [_thread_blocked, id=34588, stack(0x000000065f000000,0x000000065f500000)]
  0x00000194e8532800 JavaThread "pool-41-thread-1" [_thread_blocked, id=11412, stack(0x000000065f500000,0x000000065fa00000)]
  0x00000194e8533000 JavaThread "pool-42-thread-1" [_thread_blocked, id=34940, stack(0x000000065fa00000,0x000000065ff00000)]
  0x00000194e8534000 JavaThread "pool-43-thread-1" [_thread_blocked, id=18596, stack(0x000000065ff00000,0x0000000660400000)]
  0x00000194e8535000 JavaThread "pool-44-thread-1" [_thread_blocked, id=32388, stack(0x0000000660400000,0x0000000660900000)]
  0x00000194e852f000 JavaThread "pool-45-thread-1" [_thread_blocked, id=34244, stack(0x0000000660900000,0x0000000660e00000)]
  0x00000194e8535800 JavaThread "pool-46-thread-1" [_thread_blocked, id=7276, stack(0x0000000660e00000,0x0000000661300000)]
  0x00000194e8539800 JavaThread "pool-47-thread-1" [_thread_blocked, id=34884, stack(0x0000000661300000,0x0000000661800000)]
  0x00000194e8539000 JavaThread "pool-48-thread-1" [_thread_blocked, id=35356, stack(0x0000000661800000,0x0000000661d00000)]
  0x00000194e853b800 JavaThread "pool-49-thread-1" [_thread_blocked, id=28688, stack(0x0000000661d00000,0x0000000662200000)]
  0x00000194e8538000 JavaThread "pool-50-thread-1" [_thread_blocked, id=34804, stack(0x0000000662200000,0x0000000662700000)]
  0x00000194e8537800 JavaThread "pool-51-thread-1" [_thread_blocked, id=33876, stack(0x0000000662700000,0x0000000662c00000)]
  0x00000194e8536800 JavaThread "pool-52-thread-1" [_thread_blocked, id=3128, stack(0x0000000662c00000,0x0000000663100000)]
  0x00000194e853c000 JavaThread "pool-53-thread-1" [_thread_blocked, id=25980, stack(0x0000000663100000,0x0000000663600000)]
  0x00000194e2b59000 JavaThread "SocketStreamHandle-2" daemon [_thread_in_native, id=35380, stack(0x0000000664500000,0x0000000664a00000)]
  0x00000194e2b54000 JavaThread "Image Animator 3" daemon [_thread_blocked, id=35276, stack(0x0000000654c00000,0x0000000655100000)]
  0x00000194e2b55800 JavaThread "Timer-0" [_thread_blocked, id=33788, stack(0x000000064cf00000,0x000000064d400000)]
  0x00000194e2b5c800 JavaThread "Monitor File Timestamp Swing Worker Thread" [_thread_blocked, id=28456, stack(0x0000000656b00000,0x0000000657000000)]
  0x00000195343e5000 JavaThread "SocketStreamHandle-3" daemon [_thread_blocked, id=31112, stack(0x0000000664f00000,0x0000000665400000)]
  0x00000195343e4000 JavaThread "URL-Loader-13" daemon [_thread_blocked, id=35056, stack(0x0000000657200000,0x0000000657700000)]
  0x00000195343ef800 JavaThread "Keep-Alive-Timer" daemon [_thread_blocked, id=33196, stack(0x0000000664a00000,0x0000000664f00000)]
  0x00000195343ea000 JavaThread "URL-Loader-14" daemon [_thread_blocked, id=34952, stack(0x0000000665400000,0x0000000665900000)]
  0x00000195343eb800 JavaThread "URL-Loader-15" daemon [_thread_blocked, id=31212, stack(0x0000000665900000,0x0000000665e00000)]
  0x00000194e2b5d000 JavaThread "URL-Loader-16" daemon [_thread_blocked, id=30484, stack(0x0000000665e00000,0x0000000666300000)]
=>0x00000194e2b5f800 JavaThread "Close Block Designs Thread" [_thread_in_native, id=28972, stack(0x0000000659100000,0x0000000659600000)]
  0x00000194e8cc1800 JavaThread "Image Fetcher 0" daemon [_thread_blocked, id=4712, stack(0x0000000663600000,0x0000000663b00000)]
  0x00000194e8cc5000 JavaThread "Image Fetcher 1" daemon [_thread_blocked, id=29812, stack(0x0000000663b00000,0x0000000664000000)]
  0x00000195343e6800 JavaThread "C2 CompilerThread1" daemon [_thread_blocked, id=16380, stack(0x0000000658a00000,0x0000000658b00000)]
  0x00000195343ec000 JavaThread "C2 CompilerThread2" daemon [_thread_blocked, id=8732, stack(0x0000000664100000,0x0000000664200000)]

Other Threads:
  0x00000194a0202800 VMThread "VM Thread" [stack: 0x0000000646300000,0x0000000646400000] [id=26376]
  0x00000194bfae5800 WatcherThread [stack: 0x0000000648900000,0x0000000648a00000] [id=19692]
  0x000001949fa15800 GCTaskThread "GC Thread#0" [stack: 0x0000000645e00000,0x0000000645f00000] [id=32640]
  0x00000194c27e6000 GCTaskThread "GC Thread#1" [stack: 0x0000000649b00000,0x0000000649c00000] [id=26268]
  0x00000194c2895800 GCTaskThread "GC Thread#2" [stack: 0x0000000649c00000,0x0000000649d00000] [id=24300]
  0x00000194c2fe7800 GCTaskThread "GC Thread#3" [stack: 0x0000000649d00000,0x0000000649e00000] [id=20592]
  0x00000194c27ef000 GCTaskThread "GC Thread#4" [stack: 0x0000000649e00000,0x0000000649f00000] [id=32064]
  0x00000194c2f73800 GCTaskThread "GC Thread#5" [stack: 0x0000000649f00000,0x000000064a000000] [id=10912]
  0x00000194c4abe000 GCTaskThread "GC Thread#6" [stack: 0x000000064b500000,0x000000064b600000] [id=4528]
  0x00000194c32cd000 GCTaskThread "GC Thread#7" [stack: 0x000000064b600000,0x000000064b700000] [id=26952]
  0x00000194c31ef000 GCTaskThread "GC Thread#8" [stack: 0x000000064c300000,0x000000064c400000] [id=28708]
  0x00000194c4e25000 GCTaskThread "GC Thread#9" [stack: 0x000000064c400000,0x000000064c500000] [id=27964]
  0x000001949ffdb800 ConcurrentGCThread "G1 Main Marker" [stack: 0x0000000645f00000,0x0000000646000000] [id=952]
  0x000001949ffde800 ConcurrentGCThread "G1 Conc#0" [stack: 0x0000000646000000,0x0000000646100000] [id=26832]
  0x00000194c306a800 ConcurrentGCThread "G1 Conc#1" [stack: 0x000000064b700000,0x000000064b800000] [id=27028]
  0x00000194c306b000 ConcurrentGCThread "G1 Conc#2" [stack: 0x000000064b800000,0x000000064b900000] [id=6620]
  0x00000194a00ba800 ConcurrentGCThread "G1 Refine#0" [stack: 0x0000000646100000,0x0000000646200000] [id=6048]
  0x00000194c2964800 ConcurrentGCThread "G1 Refine#1" [stack: 0x000000064a000000,0x000000064a100000] [id=24356]
  0x00000194a00bb800 ConcurrentGCThread "G1 Young RemSet Sampling" [stack: 0x0000000646200000,0x0000000646300000] [id=29448]

Threads with active compile tasks:

VM state:not at safepoint (normal execution)

VM Mutex/Monitor currently owned by a thread: None

Heap address: 0x0000000740000000, size: 3072 MB, Compressed Oops mode: Zero based, Oop shift amount: 3
Narrow klass base: 0x0000000800000000, Narrow klass shift: 0
Compressed class space size: 1073741824 Address: 0x0000000800000000

Heap:
 garbage-first heap   total 262144K, used 189440K [0x0000000740000000, 0x0000000800000000)
  region size 1024K, 54 young (55296K), 5 survivors (5120K)
 Metaspace       used 111476K, capacity 114813K, committed 115024K, reserved 1148928K
  class space    used 14770K, capacity 16293K, committed 16384K, reserved 1048576K
Heap Regions: E=young(eden), S=young(survivor), O=old, HS=humongous(starts), HC=humongous(continues), CS=collection set, F=free, A=archive, TAMS=top-at-mark-start (previous, next)
|   0|0x0000000740000000, 0x0000000740100000, 0x0000000740100000|100%|HS|  |TAMS 0x0000000740100000, 0x0000000740000000| Complete 
|   1|0x0000000740100000, 0x0000000740200000, 0x0000000740200000|100%|HC|  |TAMS 0x0000000740200000, 0x0000000740100000| Complete 
|   2|0x0000000740200000, 0x0000000740300000, 0x0000000740300000|100%|HS|  |TAMS 0x0000000740300000, 0x0000000740200000| Complete 
|   3|0x0000000740300000, 0x00000007403fffc0, 0x0000000740400000| 99%| O|  |TAMS 0x00000007403fffc0, 0x0000000740300000| Untracked 
|   4|0x0000000740400000, 0x00000007404fffe0, 0x0000000740500000| 99%| O|  |TAMS 0x00000007404fffe0, 0x0000000740400000| Untracked 
|   5|0x0000000740500000, 0x00000007405fffe0, 0x0000000740600000| 99%| O|  |TAMS 0x00000007405fffe0, 0x0000000740500000| Untracked 
|   6|0x0000000740600000, 0x0000000740700000, 0x0000000740700000|100%| O|  |TAMS 0x0000000740700000, 0x0000000740600000| Untracked 
|   7|0x0000000740700000, 0x0000000740800000, 0x0000000740800000|100%| O|  |TAMS 0x0000000740800000, 0x0000000740700000| Untracked 
|   8|0x0000000740800000, 0x00000007408ffff0, 0x0000000740900000| 99%| O|  |TAMS 0x00000007408ffff0, 0x0000000740800000| Untracked 
|   9|0x0000000740900000, 0x00000007409ffff0, 0x0000000740a00000| 99%| O|  |TAMS 0x00000007409ffff0, 0x0000000740900000| Untracked 
|  10|0x0000000740a00000, 0x0000000740b00000, 0x0000000740b00000|100%| O|  |TAMS 0x0000000740b00000, 0x0000000740a00000| Untracked 
|  11|0x0000000740b00000, 0x0000000740be2830, 0x0000000740c00000| 88%| O|  |TAMS 0x0000000740be2830, 0x0000000740b00000| Untracked 
|  12|0x0000000740c00000, 0x0000000740cffff8, 0x0000000740d00000| 99%| O|  |TAMS 0x0000000740cffff8, 0x0000000740c00000| Untracked 
|  13|0x0000000740d00000, 0x0000000740e00000, 0x0000000740e00000|100%| O|  |TAMS 0x0000000740e00000, 0x0000000740d00000| Untracked 
|  14|0x0000000740e00000, 0x0000000740f00000, 0x0000000740f00000|100%| O|  |TAMS 0x0000000740f00000, 0x0000000740e00000| Untracked 
|  15|0x0000000740f00000, 0x0000000740fffff0, 0x0000000741000000| 99%| O|  |TAMS 0x0000000740fffff0, 0x0000000740f00000| Untracked 
|  16|0x0000000741000000, 0x00000007410ffff8, 0x0000000741100000| 99%| O|  |TAMS 0x00000007410ffff8, 0x0000000741000000| Untracked 
|  17|0x0000000741100000, 0x00000007411ffff8, 0x0000000741200000| 99%| O|  |TAMS 0x00000007411ffff8, 0x0000000741100000| Untracked 
|  18|0x0000000741200000, 0x0000000741300000, 0x0000000741300000|100%| O|  |TAMS 0x0000000741300000, 0x0000000741200000| Untracked 
|  19|0x0000000741300000, 0x0000000741400000, 0x0000000741400000|100%| O|  |TAMS 0x0000000741400000, 0x0000000741300000| Untracked 
|  20|0x0000000741400000, 0x00000007414ffff8, 0x0000000741500000| 99%| O|  |TAMS 0x00000007414ffff8, 0x0000000741400000| Untracked 
|  21|0x0000000741500000, 0x00000007415fff48, 0x0000000741600000| 99%| O|  |TAMS 0x00000007415fff48, 0x0000000741500000| Untracked 
|  22|0x0000000741600000, 0x00000007416ffff0, 0x0000000741700000| 99%| O|  |TAMS 0x00000007416ffff0, 0x0000000741600000| Untracked 
|  23|0x0000000741700000, 0x00000007417fffc8, 0x0000000741800000| 99%| O|  |TAMS 0x00000007417fffc8, 0x0000000741700000| Untracked 
|  24|0x0000000741800000, 0x00000007418ffff8, 0x0000000741900000| 99%| O|  |TAMS 0x00000007418ffff8, 0x0000000741800000| Untracked 
|  25|0x0000000741900000, 0x0000000741a00000, 0x0000000741a00000|100%|HS|  |TAMS 0x0000000741a00000, 0x0000000741900000| Complete 
|  26|0x0000000741a00000, 0x0000000741b00000, 0x0000000741b00000|100%|HC|  |TAMS 0x0000000741b00000, 0x0000000741a00000| Complete 
|  27|0x0000000741b00000, 0x0000000741bffff0, 0x0000000741c00000| 99%| O|  |TAMS 0x0000000741bffff0, 0x0000000741b00000| Untracked 
|  28|0x0000000741c00000, 0x0000000741cfffe8, 0x0000000741d00000| 99%| O|  |TAMS 0x0000000741cfffe8, 0x0000000741c00000| Untracked 
|  29|0x0000000741d00000, 0x0000000741dffb48, 0x0000000741e00000| 99%| O|  |TAMS 0x0000000741dffb48, 0x0000000741d00000| Untracked 
|  30|0x0000000741e00000, 0x0000000741efffe8, 0x0000000741f00000| 99%| O|  |TAMS 0x0000000741efffe8, 0x0000000741e00000| Untracked 
|  31|0x0000000741f00000, 0x0000000741fffff0, 0x0000000742000000| 99%| O|  |TAMS 0x0000000741fffff0, 0x0000000741f00000| Untracked 
|  32|0x0000000742000000, 0x00000007420fffd8, 0x0000000742100000| 99%| O|  |TAMS 0x00000007420fffd8, 0x0000000742000000| Untracked 
|  33|0x0000000742100000, 0x00000007421fffc0, 0x0000000742200000| 99%| O|  |TAMS 0x00000007421fffc0, 0x0000000742100000| Untracked 
|  34|0x0000000742200000, 0x00000007422ffff0, 0x0000000742300000| 99%| O|  |TAMS 0x00000007422ffff0, 0x0000000742200000| Untracked 
|  35|0x0000000742300000, 0x00000007423ffff0, 0x0000000742400000| 99%| O|  |TAMS 0x00000007423ffff0, 0x0000000742300000| Untracked 
|  36|0x0000000742400000, 0x00000007424fffe0, 0x0000000742500000| 99%| O|  |TAMS 0x00000007424fffe0, 0x0000000742400000| Untracked 
|  37|0x0000000742500000, 0x00000007425ffff0, 0x0000000742600000| 99%| O|  |TAMS 0x00000007425ffff0, 0x0000000742500000| Untracked 
|  38|0x0000000742600000, 0x0000000742700000, 0x0000000742700000|100%| O|  |TAMS 0x0000000742700000, 0x0000000742600000| Untracked 
|  39|0x0000000742700000, 0x00000007427ffd60, 0x0000000742800000| 99%| O|  |TAMS 0x00000007427ffd60, 0x0000000742700000| Untracked 
|  40|0x0000000742800000, 0x00000007428ffff0, 0x0000000742900000| 99%| O|  |TAMS 0x00000007428ffff0, 0x0000000742800000| Untracked 
|  41|0x0000000742900000, 0x0000000742a00000, 0x0000000742a00000|100%| O|  |TAMS 0x0000000742a00000, 0x0000000742900000| Untracked 
|  42|0x0000000742a00000, 0x0000000742affff8, 0x0000000742b00000| 99%| O|  |TAMS 0x0000000742affff8, 0x0000000742a00000| Untracked 
|  43|0x0000000742b00000, 0x0000000742bffff0, 0x0000000742c00000| 99%| O|  |TAMS 0x0000000742bffff0, 0x0000000742b00000| Untracked 
|  44|0x0000000742c00000, 0x0000000742cffda0, 0x0000000742d00000| 99%| O|  |TAMS 0x0000000742cffda0, 0x0000000742c00000| Untracked 
|  45|0x0000000742d00000, 0x0000000742e00000, 0x0000000742e00000|100%| O|  |TAMS 0x0000000742e00000, 0x0000000742d00000| Untracked 
|  46|0x0000000742e00000, 0x0000000742f00000, 0x0000000742f00000|100%| O|  |TAMS 0x0000000742f00000, 0x0000000742e00000| Untracked 
|  47|0x0000000742f00000, 0x0000000742ffffe8, 0x0000000743000000| 99%| O|  |TAMS 0x0000000742ffffe8, 0x0000000742f00000| Untracked 
|  48|0x0000000743000000, 0x00000007430fffe0, 0x0000000743100000| 99%| O|  |TAMS 0x00000007430fffe0, 0x0000000743000000| Untracked 
|  49|0x0000000743100000, 0x0000000743200000, 0x0000000743200000|100%| O|  |TAMS 0x0000000743200000, 0x0000000743100000| Untracked 
|  50|0x0000000743200000, 0x00000007432fffe8, 0x0000000743300000| 99%| O|  |TAMS 0x00000007432fffe8, 0x0000000743200000| Untracked 
|  51|0x0000000743300000, 0x00000007433ffff0, 0x0000000743400000| 99%| O|  |TAMS 0x00000007433ffff0, 0x0000000743300000| Untracked 
|  52|0x0000000743400000, 0x00000007434fffe0, 0x0000000743500000| 99%| O|  |TAMS 0x00000007434fffe0, 0x0000000743400000| Untracked 
|  53|0x0000000743500000, 0x00000007435fffb8, 0x0000000743600000| 99%| O|  |TAMS 0x00000007435fffb8, 0x0000000743500000| Untracked 
|  54|0x0000000743600000, 0x0000000743700000, 0x0000000743700000|100%| O|  |TAMS 0x0000000743700000, 0x0000000743600000| Untracked 
|  55|0x0000000743700000, 0x00000007437ff670, 0x0000000743800000| 99%| O|  |TAMS 0x00000007437ff670, 0x0000000743700000| Untracked 
|  56|0x0000000743800000, 0x0000000743900000, 0x0000000743900000|100%| O|  |TAMS 0x0000000743900000, 0x0000000743800000| Untracked 
|  57|0x0000000743900000, 0x00000007439ffa28, 0x0000000743a00000| 99%| O|  |TAMS 0x00000007439ffa28, 0x0000000743900000| Untracked 
|  58|0x0000000743a00000, 0x0000000743afffe8, 0x0000000743b00000| 99%| O|  |TAMS 0x0000000743afffe8, 0x0000000743a00000| Untracked 
|  59|0x0000000743b00000, 0x0000000743c00000, 0x0000000743c00000|100%|HS|  |TAMS 0x0000000743c00000, 0x0000000743b00000| Complete 
|  60|0x0000000743c00000, 0x0000000743cffd20, 0x0000000743d00000| 99%| O|  |TAMS 0x0000000743cffd20, 0x0000000743c00000| Untracked 
|  61|0x0000000743d00000, 0x0000000743dfffd8, 0x0000000743e00000| 99%| O|  |TAMS 0x0000000743dfffd8, 0x0000000743d00000| Untracked 
|  62|0x0000000743e00000, 0x0000000743f00000, 0x0000000743f00000|100%|HS|  |TAMS 0x0000000743f00000, 0x0000000743e00000| Complete 
|  63|0x0000000743f00000, 0x0000000743ffe9f0, 0x0000000744000000| 99%| O|  |TAMS 0x0000000743ffe9f0, 0x0000000743f00000| Untracked 
|  64|0x0000000744000000, 0x00000007440ffff8, 0x0000000744100000| 99%| O|  |TAMS 0x00000007440ffff8, 0x0000000744000000| Untracked 
|  65|0x0000000744100000, 0x0000000744200000, 0x0000000744200000|100%|HS|  |TAMS 0x0000000744200000, 0x0000000744100000| Complete 
|  66|0x0000000744200000, 0x00000007442ffff8, 0x0000000744300000| 99%| O|  |TAMS 0x00000007442ffff8, 0x0000000744200000| Untracked 
|  67|0x0000000744300000, 0x00000007443fffe8, 0x0000000744400000| 99%| O|  |TAMS 0x00000007443fffe8, 0x0000000744300000| Untracked 
|  68|0x0000000744400000, 0x0000000744500000, 0x0000000744500000|100%| O|  |TAMS 0x0000000744500000, 0x0000000744400000| Untracked 
|  69|0x0000000744500000, 0x00000007445db780, 0x0000000744600000| 85%| O|  |TAMS 0x00000007445db780, 0x0000000744500000| Untracked 
|  70|0x0000000744600000, 0x00000007446ffe00, 0x0000000744700000| 99%| O|  |TAMS 0x00000007446ffe00, 0x0000000744600000| Untracked 
|  71|0x0000000744700000, 0x00000007447fffe8, 0x0000000744800000| 99%| O|  |TAMS 0x00000007447fffe8, 0x0000000744700000| Untracked 
|  72|0x0000000744800000, 0x00000007448fd778, 0x0000000744900000| 99%| O|  |TAMS 0x00000007448fd778, 0x0000000744800000| Untracked 
|  73|0x0000000744900000, 0x00000007449fffe8, 0x0000000744a00000| 99%| O|  |TAMS 0x00000007449fffe8, 0x0000000744900000| Untracked 
|  74|0x0000000744a00000, 0x0000000744b00000, 0x0000000744b00000|100%| O|  |TAMS 0x0000000744b00000, 0x0000000744a00000| Untracked 
|  75|0x0000000744b00000, 0x0000000744bffff8, 0x0000000744c00000| 99%| O|  |TAMS 0x0000000744bffff8, 0x0000000744b00000| Untracked 
|  76|0x0000000744c00000, 0x0000000744cfffd8, 0x0000000744d00000| 99%| O|  |TAMS 0x0000000744cfffd8, 0x0000000744c00000| Untracked 
|  77|0x0000000744d00000, 0x0000000744dfffc0, 0x0000000744e00000| 99%| O|  |TAMS 0x0000000744dfffc0, 0x0000000744d00000| Untracked 
|  78|0x0000000744e00000, 0x0000000744ee9f00, 0x0000000744f00000| 91%| O|  |TAMS 0x0000000744ee9f00, 0x0000000744e00000| Untracked 
|  79|0x0000000744f00000, 0x0000000744fffff0, 0x0000000745000000| 99%| O|  |TAMS 0x0000000744fffff0, 0x0000000744f00000| Untracked 
|  80|0x0000000745000000, 0x00000007450fffd8, 0x0000000745100000| 99%| O|  |TAMS 0x00000007450fffd8, 0x0000000745000000| Untracked 
|  81|0x0000000745100000, 0x0000000745200000, 0x0000000745200000|100%| O|  |TAMS 0x0000000745200000, 0x0000000745100000| Untracked 
|  82|0x0000000745200000, 0x00000007452ffff8, 0x0000000745300000| 99%| O|  |TAMS 0x00000007452ffff8, 0x0000000745200000| Untracked 
|  83|0x0000000745300000, 0x00000007453ffcf0, 0x0000000745400000| 99%| O|  |TAMS 0x00000007453ffcf0, 0x0000000745300000| Untracked 
|  84|0x0000000745400000, 0x0000000745500000, 0x0000000745500000|100%| O|  |TAMS 0x0000000745500000, 0x0000000745400000| Untracked 
|  85|0x0000000745500000, 0x00000007455ffe78, 0x0000000745600000| 99%| O|  |TAMS 0x00000007455ffe78, 0x0000000745500000| Untracked 
|  86|0x0000000745600000, 0x00000007456ffed0, 0x0000000745700000| 99%| O|  |TAMS 0x00000007456ffed0, 0x0000000745600000| Untracked 
|  87|0x0000000745700000, 0x00000007457fffe0, 0x0000000745800000| 99%| O|  |TAMS 0x00000007457fffe0, 0x0000000745700000| Untracked 
|  88|0x0000000745800000, 0x00000007458ffe48, 0x0000000745900000| 99%| O|  |TAMS 0x00000007458ffe48, 0x0000000745800000| Untracked 
|  89|0x0000000745900000, 0x00000007459ffe80, 0x0000000745a00000| 99%| O|  |TAMS 0x00000007459ffe80, 0x0000000745900000| Untracked 
|  90|0x0000000745a00000, 0x0000000745affff0, 0x0000000745b00000| 99%| O|  |TAMS 0x0000000745affff0, 0x0000000745a00000| Untracked 
|  91|0x0000000745b00000, 0x0000000745c00000, 0x0000000745c00000|100%| O|  |TAMS 0x0000000745c00000, 0x0000000745b00000| Untracked 
|  92|0x0000000745c00000, 0x0000000745cfff28, 0x0000000745d00000| 99%| O|  |TAMS 0x0000000745cfff28, 0x0000000745c00000| Untracked 
|  93|0x0000000745d00000, 0x0000000745e00000, 0x0000000745e00000|100%| O|  |TAMS 0x0000000745e00000, 0x0000000745d00000| Untracked 
|  94|0x0000000745e00000, 0x0000000745efffe0, 0x0000000745f00000| 99%| O|  |TAMS 0x0000000745efffe0, 0x0000000745e00000| Untracked 
|  95|0x0000000745f00000, 0x0000000746000000, 0x0000000746000000|100%| O|  |TAMS 0x0000000746000000, 0x0000000745f00000| Untracked 
|  96|0x0000000746000000, 0x0000000746100000, 0x0000000746100000|100%| O|  |TAMS 0x0000000746100000, 0x0000000746000000| Untracked 
|  97|0x0000000746100000, 0x0000000746200000, 0x0000000746200000|100%| O|  |TAMS 0x0000000746200000, 0x0000000746100000| Untracked 
|  98|0x0000000746200000, 0x0000000746200000, 0x0000000746300000|  0%| F|  |TAMS 0x0000000746200000, 0x0000000746200000| Untracked 
|  99|0x0000000746300000, 0x0000000746300000, 0x0000000746400000|  0%| F|  |TAMS 0x0000000746300000, 0x0000000746300000| Untracked 
| 100|0x0000000746400000, 0x00000007464ffff8, 0x0000000746500000| 99%| O|  |TAMS 0x00000007464ffff8, 0x0000000746400000| Untracked 
| 101|0x0000000746500000, 0x00000007465fffe8, 0x0000000746600000| 99%| O|  |TAMS 0x00000007465fffe8, 0x0000000746500000| Untracked 
| 102|0x0000000746600000, 0x00000007466fffe8, 0x0000000746700000| 99%| O|  |TAMS 0x00000007466fffe8, 0x0000000746600000| Untracked 
| 103|0x0000000746700000, 0x00000007467fffc0, 0x0000000746800000| 99%| O|  |TAMS 0x00000007467fffc0, 0x0000000746700000| Untracked 
| 104|0x0000000746800000, 0x00000007468fffd8, 0x0000000746900000| 99%| O|  |TAMS 0x00000007468fffd8, 0x0000000746800000| Untracked 
| 105|0x0000000746900000, 0x00000007469fe120, 0x0000000746a00000| 99%| O|  |TAMS 0x00000007469fe120, 0x0000000746900000| Untracked 
| 106|0x0000000746a00000, 0x0000000746a313d8, 0x0000000746b00000| 19%| O|  |TAMS 0x0000000746a313d8, 0x0000000746a00000| Untracked 
| 107|0x0000000746b00000, 0x0000000746c00000, 0x0000000746c00000|100%| O|  |TAMS 0x0000000746c00000, 0x0000000746b00000| Untracked 
| 108|0x0000000746c00000, 0x0000000746d00000, 0x0000000746d00000|100%| O|  |TAMS 0x0000000746d00000, 0x0000000746c00000| Untracked 
| 109|0x0000000746d00000, 0x0000000746e00000, 0x0000000746e00000|100%| O|  |TAMS 0x0000000746e00000, 0x0000000746d00000| Untracked 
| 110|0x0000000746e00000, 0x0000000746f00000, 0x0000000746f00000|100%| O|  |TAMS 0x0000000746f00000, 0x0000000746e00000| Untracked 
| 111|0x0000000746f00000, 0x0000000747000000, 0x0000000747000000|100%| O|  |TAMS 0x0000000747000000, 0x0000000746f00000| Untracked 
| 112|0x0000000747000000, 0x0000000747100000, 0x0000000747100000|100%| O|  |TAMS 0x0000000747100000, 0x0000000747000000| Untracked 
| 113|0x0000000747100000, 0x0000000747200000, 0x0000000747200000|100%| O|  |TAMS 0x0000000747200000, 0x0000000747100000| Untracked 
| 114|0x0000000747200000, 0x00000007472ffff0, 0x0000000747300000| 99%| O|  |TAMS 0x00000007472ffff0, 0x0000000747200000| Untracked 
| 115|0x0000000747300000, 0x00000007473fffe8, 0x0000000747400000| 99%| O|  |TAMS 0x00000007473fffe8, 0x0000000747300000| Untracked 
| 116|0x0000000747400000, 0x0000000747500000, 0x0000000747500000|100%| O|  |TAMS 0x0000000747500000, 0x0000000747400000| Untracked 
| 117|0x0000000747500000, 0x00000007475ffff0, 0x0000000747600000| 99%| O|  |TAMS 0x00000007475ffff0, 0x0000000747500000| Untracked 
| 118|0x0000000747600000, 0x00000007476fe9c8, 0x0000000747700000| 99%| O|  |TAMS 0x00000007476fe9c8, 0x0000000747600000| Untracked 
| 119|0x0000000747700000, 0x00000007477fedd8, 0x0000000747800000| 99%| O|  |TAMS 0x00000007477fedd8, 0x0000000747700000| Untracked 
| 120|0x0000000747800000, 0x0000000747885eb0, 0x0000000747900000| 52%| O|  |TAMS 0x0000000747885eb0, 0x0000000747800000| Untracked 
| 121|0x0000000747900000, 0x00000007479c3000, 0x0000000747a00000| 76%| O|  |TAMS 0x00000007479c3000, 0x0000000747900000| Untracked 
| 122|0x0000000747a00000, 0x0000000747b00000, 0x0000000747b00000|100%|HS|  |TAMS 0x0000000747b00000, 0x0000000747a00000| Complete 
| 123|0x0000000747b00000, 0x0000000747c00000, 0x0000000747c00000|100%|HC|  |TAMS 0x0000000747c00000, 0x0000000747b00000| Complete 
| 124|0x0000000747c00000, 0x0000000747c00000, 0x0000000747d00000|  0%| F|  |TAMS 0x0000000747c00000, 0x0000000747c00000| Untracked 
| 125|0x0000000747d00000, 0x0000000747dd3788, 0x0000000747e00000| 82%| O|  |TAMS 0x0000000747dd3788, 0x0000000747d00000| Untracked 
| 126|0x0000000747e00000, 0x0000000747ee7dc8, 0x0000000747f00000| 90%| O|  |TAMS 0x0000000747ee7dc8, 0x0000000747e00000| Untracked 
| 127|0x0000000747f00000, 0x0000000747fa42b0, 0x0000000748000000| 64%| O|  |TAMS 0x0000000747fa42b0, 0x0000000747f00000| Untracked 
| 128|0x0000000748000000, 0x00000007480ffff0, 0x0000000748100000| 99%| O|  |TAMS 0x00000007480ffff0, 0x0000000748000000| Untracked 
| 129|0x0000000748100000, 0x0000000748100000, 0x0000000748200000|  0%| F|  |TAMS 0x0000000748100000, 0x0000000748100000| Untracked 
| 130|0x0000000748200000, 0x0000000748200000, 0x0000000748300000|  0%| F|  |TAMS 0x0000000748200000, 0x0000000748200000| Untracked 
| 131|0x0000000748300000, 0x0000000748300000, 0x0000000748400000|  0%| F|  |TAMS 0x0000000748300000, 0x0000000748300000| Untracked 
| 132|0x0000000748400000, 0x0000000748400000, 0x0000000748500000|  0%| F|  |TAMS 0x0000000748400000, 0x0000000748400000| Untracked 
| 133|0x0000000748500000, 0x0000000748500000, 0x0000000748600000|  0%| F|  |TAMS 0x0000000748500000, 0x0000000748500000| Untracked 
| 134|0x0000000748600000, 0x0000000748600000, 0x0000000748700000|  0%| F|  |TAMS 0x0000000748600000, 0x0000000748600000| Untracked 
| 135|0x0000000748700000, 0x0000000748700000, 0x0000000748800000|  0%| F|  |TAMS 0x0000000748700000, 0x0000000748700000| Untracked 
| 136|0x0000000748800000, 0x0000000748800000, 0x0000000748900000|  0%| F|  |TAMS 0x0000000748800000, 0x0000000748800000| Untracked 
| 137|0x0000000748900000, 0x0000000748900000, 0x0000000748a00000|  0%| F|  |TAMS 0x0000000748900000, 0x0000000748900000| Untracked 
| 138|0x0000000748a00000, 0x0000000748a00000, 0x0000000748b00000|  0%| F|  |TAMS 0x0000000748a00000, 0x0000000748a00000| Untracked 
| 139|0x0000000748b00000, 0x0000000748b00000, 0x0000000748c00000|  0%| F|  |TAMS 0x0000000748b00000, 0x0000000748b00000| Untracked 
| 140|0x0000000748c00000, 0x0000000748c00000, 0x0000000748d00000|  0%| F|  |TAMS 0x0000000748c00000, 0x0000000748c00000| Untracked 
| 141|0x0000000748d00000, 0x0000000748d00000, 0x0000000748e00000|  0%| F|  |TAMS 0x0000000748d00000, 0x0000000748d00000| Untracked 
| 142|0x0000000748e00000, 0x0000000748e00000, 0x0000000748f00000|  0%| F|  |TAMS 0x0000000748e00000, 0x0000000748e00000| Untracked 
| 143|0x0000000748f00000, 0x0000000748f00000, 0x0000000749000000|  0%| F|  |TAMS 0x0000000748f00000, 0x0000000748f00000| Untracked 
| 144|0x0000000749000000, 0x0000000749000000, 0x0000000749100000|  0%| F|  |TAMS 0x0000000749000000, 0x0000000749000000| Untracked 
| 145|0x0000000749100000, 0x0000000749100000, 0x0000000749200000|  0%| F|  |TAMS 0x0000000749100000, 0x0000000749100000| Untracked 
| 146|0x0000000749200000, 0x0000000749200000, 0x0000000749300000|  0%| F|  |TAMS 0x0000000749200000, 0x0000000749200000| Untracked 
| 147|0x0000000749300000, 0x0000000749300000, 0x0000000749400000|  0%| F|  |TAMS 0x0000000749300000, 0x0000000749300000| Untracked 
| 148|0x0000000749400000, 0x0000000749400000, 0x0000000749500000|  0%| F|  |TAMS 0x0000000749400000, 0x0000000749400000| Untracked 
| 149|0x0000000749500000, 0x0000000749500000, 0x0000000749600000|  0%| F|  |TAMS 0x0000000749500000, 0x0000000749500000| Untracked 
| 150|0x0000000749600000, 0x0000000749600000, 0x0000000749700000|  0%| F|  |TAMS 0x0000000749600000, 0x0000000749600000| Untracked 
| 151|0x0000000749700000, 0x0000000749700000, 0x0000000749800000|  0%| F|  |TAMS 0x0000000749700000, 0x0000000749700000| Untracked 
| 152|0x0000000749800000, 0x0000000749900000, 0x0000000749900000|100%|HS|  |TAMS 0x0000000749900000, 0x0000000749800000| Complete 
| 153|0x0000000749900000, 0x0000000749a00000, 0x0000000749a00000|100%|HC|  |TAMS 0x0000000749a00000, 0x0000000749900000| Complete 
| 154|0x0000000749a00000, 0x0000000749b00000, 0x0000000749b00000|100%|HC|  |TAMS 0x0000000749b00000, 0x0000000749a00000| Complete 
| 155|0x0000000749b00000, 0x0000000749c00000, 0x0000000749c00000|100%|HC|  |TAMS 0x0000000749c00000, 0x0000000749b00000| Complete 
| 156|0x0000000749c00000, 0x0000000749d00000, 0x0000000749d00000|100%|HC|  |TAMS 0x0000000749d00000, 0x0000000749c00000| Complete 
| 157|0x0000000749d00000, 0x0000000749e00000, 0x0000000749e00000|100%|HC|  |TAMS 0x0000000749e00000, 0x0000000749d00000| Complete 
| 158|0x0000000749e00000, 0x0000000749f00000, 0x0000000749f00000|100%|HC|  |TAMS 0x0000000749f00000, 0x0000000749e00000| Complete 
| 159|0x0000000749f00000, 0x000000074a000000, 0x000000074a000000|100%|HC|  |TAMS 0x000000074a000000, 0x0000000749f00000| Complete 
| 160|0x000000074a000000, 0x000000074a000000, 0x000000074a100000|  0%| F|  |TAMS 0x000000074a000000, 0x000000074a000000| Untracked 
| 161|0x000000074a100000, 0x000000074a100000, 0x000000074a200000|  0%| F|  |TAMS 0x000000074a100000, 0x000000074a100000| Untracked 
| 162|0x000000074a200000, 0x000000074a200000, 0x000000074a300000|  0%| F|  |TAMS 0x000000074a200000, 0x000000074a200000| Untracked 
| 163|0x000000074a300000, 0x000000074a300000, 0x000000074a400000|  0%| F|  |TAMS 0x000000074a300000, 0x000000074a300000| Untracked 
| 164|0x000000074a400000, 0x000000074a400000, 0x000000074a500000|  0%| F|  |TAMS 0x000000074a400000, 0x000000074a400000| Untracked 
| 165|0x000000074a500000, 0x000000074a500000, 0x000000074a600000|  0%| F|  |TAMS 0x000000074a500000, 0x000000074a500000| Untracked 
| 166|0x000000074a600000, 0x000000074a600000, 0x000000074a700000|  0%| F|  |TAMS 0x000000074a600000, 0x000000074a600000| Untracked 
| 167|0x000000074a700000, 0x000000074a700000, 0x000000074a800000|  0%| F|  |TAMS 0x000000074a700000, 0x000000074a700000| Untracked 
| 168|0x000000074a800000, 0x000000074a800000, 0x000000074a900000|  0%| F|  |TAMS 0x000000074a800000, 0x000000074a800000| Untracked 
| 169|0x000000074a900000, 0x000000074a900000, 0x000000074aa00000|  0%| F|  |TAMS 0x000000074a900000, 0x000000074a900000| Untracked 
| 170|0x000000074aa00000, 0x000000074aa00000, 0x000000074ab00000|  0%| F|  |TAMS 0x000000074aa00000, 0x000000074aa00000| Untracked 
| 171|0x000000074ab00000, 0x000000074ab00000, 0x000000074ac00000|  0%| F|  |TAMS 0x000000074ab00000, 0x000000074ab00000| Untracked 
| 172|0x000000074ac00000, 0x000000074ac00000, 0x000000074ad00000|  0%| F|  |TAMS 0x000000074ac00000, 0x000000074ac00000| Untracked 
| 173|0x000000074ad00000, 0x000000074ad00000, 0x000000074ae00000|  0%| F|  |TAMS 0x000000074ad00000, 0x000000074ad00000| Untracked 
| 174|0x000000074ae00000, 0x000000074ae00000, 0x000000074af00000|  0%| F|  |TAMS 0x000000074ae00000, 0x000000074ae00000| Untracked 
| 175|0x000000074af00000, 0x000000074af00000, 0x000000074b000000|  0%| F|  |TAMS 0x000000074af00000, 0x000000074af00000| Untracked 
| 176|0x000000074b000000, 0x000000074b02f6f8, 0x000000074b100000| 18%| O|  |TAMS 0x000000074b02f6f8, 0x000000074b000000| Untracked 
| 177|0x000000074b100000, 0x000000074b100000, 0x000000074b200000|  0%| F|  |TAMS 0x000000074b100000, 0x000000074b100000| Untracked 
| 178|0x000000074b200000, 0x000000074b200000, 0x000000074b300000|  0%| F|  |TAMS 0x000000074b200000, 0x000000074b200000| Untracked 
| 179|0x000000074b300000, 0x000000074b300000, 0x000000074b400000|  0%| F|  |TAMS 0x000000074b300000, 0x000000074b300000| Untracked 
| 180|0x000000074b400000, 0x000000074b400000, 0x000000074b500000|  0%| F|  |TAMS 0x000000074b400000, 0x000000074b400000| Untracked 
| 181|0x000000074b500000, 0x000000074b500000, 0x000000074b600000|  0%| F|  |TAMS 0x000000074b500000, 0x000000074b500000| Untracked 
| 182|0x000000074b600000, 0x000000074b600000, 0x000000074b700000|  0%| F|  |TAMS 0x000000074b600000, 0x000000074b600000| Untracked 
| 183|0x000000074b700000, 0x000000074b700000, 0x000000074b800000|  0%| F|  |TAMS 0x000000074b700000, 0x000000074b700000| Untracked 
| 184|0x000000074b800000, 0x000000074b800000, 0x000000074b900000|  0%| F|  |TAMS 0x000000074b800000, 0x000000074b800000| Untracked 
| 185|0x000000074b900000, 0x000000074b900000, 0x000000074ba00000|  0%| F|  |TAMS 0x000000074b900000, 0x000000074b900000| Untracked 
| 186|0x000000074ba00000, 0x000000074ba00000, 0x000000074bb00000|  0%| F|  |TAMS 0x000000074ba00000, 0x000000074ba00000| Untracked 
| 187|0x000000074bb00000, 0x000000074bb00000, 0x000000074bc00000|  0%| F|  |TAMS 0x000000074bb00000, 0x000000074bb00000| Untracked 
| 188|0x000000074bc00000, 0x000000074bc00000, 0x000000074bd00000|  0%| F|  |TAMS 0x000000074bc00000, 0x000000074bc00000| Untracked 
| 189|0x000000074bd00000, 0x000000074bd29f90, 0x000000074be00000| 16%| S|CS|TAMS 0x000000074bd00000, 0x000000074bd00000| Complete 
| 190|0x000000074be00000, 0x000000074bf00000, 0x000000074bf00000|100%| S|CS|TAMS 0x000000074be00000, 0x000000074be00000| Complete 
| 191|0x000000074bf00000, 0x000000074c000000, 0x000000074c000000|100%| S|CS|TAMS 0x000000074bf00000, 0x000000074bf00000| Complete 
| 192|0x000000074c000000, 0x000000074c100000, 0x000000074c100000|100%| S|CS|TAMS 0x000000074c000000, 0x000000074c000000| Complete 
| 193|0x000000074c100000, 0x000000074c200000, 0x000000074c200000|100%| S|CS|TAMS 0x000000074c100000, 0x000000074c100000| Complete 
| 194|0x000000074c200000, 0x000000074c200000, 0x000000074c300000|  0%| F|  |TAMS 0x000000074c200000, 0x000000074c200000| Untracked 
| 195|0x000000074c300000, 0x000000074c300000, 0x000000074c400000|  0%| F|  |TAMS 0x000000074c300000, 0x000000074c300000| Untracked 
| 196|0x000000074c400000, 0x000000074c400000, 0x000000074c500000|  0%| F|  |TAMS 0x000000074c400000, 0x000000074c400000| Untracked 
| 197|0x000000074c500000, 0x000000074c5d0cc8, 0x000000074c600000| 81%| O|  |TAMS 0x000000074c5d0cc8, 0x000000074c500000| Untracked 
| 198|0x000000074c600000, 0x000000074c65f938, 0x000000074c700000| 37%| O|  |TAMS 0x000000074c65f938, 0x000000074c600000| Untracked 
| 199|0x000000074c700000, 0x000000074c700000, 0x000000074c800000|  0%| F|  |TAMS 0x000000074c700000, 0x000000074c700000| Untracked 
| 200|0x000000074c800000, 0x000000074c800000, 0x000000074c900000|  0%| F|  |TAMS 0x000000074c800000, 0x000000074c800000| Untracked 
| 201|0x000000074c900000, 0x000000074c900000, 0x000000074ca00000|  0%| F|  |TAMS 0x000000074c900000, 0x000000074c900000| Untracked 
| 202|0x000000074ca00000, 0x000000074ca00000, 0x000000074cb00000|  0%| F|  |TAMS 0x000000074ca00000, 0x000000074ca00000| Untracked 
| 203|0x000000074cb00000, 0x000000074cb00000, 0x000000074cc00000|  0%| F|  |TAMS 0x000000074cb00000, 0x000000074cb00000| Untracked 
| 204|0x000000074cc00000, 0x000000074cc00000, 0x000000074cd00000|  0%| F|  |TAMS 0x000000074cc00000, 0x000000074cc00000| Untracked 
| 205|0x000000074cd00000, 0x000000074cd00000, 0x000000074ce00000|  0%| F|  |TAMS 0x000000074cd00000, 0x000000074cd00000| Untracked 
| 206|0x000000074ce00000, 0x000000074ce00000, 0x000000074cf00000|  0%| F|  |TAMS 0x000000074ce00000, 0x000000074ce00000| Untracked 
| 207|0x000000074cf00000, 0x000000074cf8d010, 0x000000074d000000| 55%| E|  |TAMS 0x000000074cf00000, 0x000000074cf00000| Complete 
| 208|0x000000074d000000, 0x000000074d100000, 0x000000074d100000|100%| E|CS|TAMS 0x000000074d000000, 0x000000074d000000| Complete 
| 209|0x000000074d100000, 0x000000074d200000, 0x000000074d200000|100%| E|CS|TAMS 0x000000074d100000, 0x000000074d100000| Complete 
| 210|0x000000074d200000, 0x000000074d300000, 0x000000074d300000|100%| E|CS|TAMS 0x000000074d200000, 0x000000074d200000| Complete 
| 211|0x000000074d300000, 0x000000074d400000, 0x000000074d400000|100%| E|CS|TAMS 0x000000074d300000, 0x000000074d300000| Complete 
| 212|0x000000074d400000, 0x000000074d500000, 0x000000074d500000|100%| E|CS|TAMS 0x000000074d400000, 0x000000074d400000| Complete 
| 213|0x000000074d500000, 0x000000074d600000, 0x000000074d600000|100%| E|CS|TAMS 0x000000074d500000, 0x000000074d500000| Complete 
| 214|0x000000074d600000, 0x000000074d700000, 0x000000074d700000|100%| E|CS|TAMS 0x000000074d600000, 0x000000074d600000| Complete 
| 215|0x000000074d700000, 0x000000074d800000, 0x000000074d800000|100%| E|CS|TAMS 0x000000074d700000, 0x000000074d700000| Complete 
| 216|0x000000074d800000, 0x000000074d900000, 0x000000074d900000|100%| E|CS|TAMS 0x000000074d800000, 0x000000074d800000| Complete 
| 217|0x000000074d900000, 0x000000074da00000, 0x000000074da00000|100%| E|CS|TAMS 0x000000074d900000, 0x000000074d900000| Complete 
| 218|0x000000074da00000, 0x000000074db00000, 0x000000074db00000|100%| E|CS|TAMS 0x000000074da00000, 0x000000074da00000| Complete 
| 219|0x000000074db00000, 0x000000074dc00000, 0x000000074dc00000|100%| E|CS|TAMS 0x000000074db00000, 0x000000074db00000| Complete 
| 220|0x000000074dc00000, 0x000000074dd00000, 0x000000074dd00000|100%| E|CS|TAMS 0x000000074dc00000, 0x000000074dc00000| Complete 
| 221|0x000000074dd00000, 0x000000074de00000, 0x000000074de00000|100%| E|CS|TAMS 0x000000074dd00000, 0x000000074dd00000| Complete 
| 222|0x000000074de00000, 0x000000074df00000, 0x000000074df00000|100%| E|CS|TAMS 0x000000074de00000, 0x000000074de00000| Complete 
| 223|0x000000074df00000, 0x000000074e000000, 0x000000074e000000|100%| E|CS|TAMS 0x000000074df00000, 0x000000074df00000| Complete 
| 224|0x000000074e000000, 0x000000074e100000, 0x000000074e100000|100%| E|CS|TAMS 0x000000074e000000, 0x000000074e000000| Complete 
| 225|0x000000074e100000, 0x000000074e200000, 0x000000074e200000|100%| E|CS|TAMS 0x000000074e100000, 0x000000074e100000| Complete 
| 226|0x000000074e200000, 0x000000074e300000, 0x000000074e300000|100%| E|CS|TAMS 0x000000074e200000, 0x000000074e200000| Complete 
| 227|0x000000074e300000, 0x000000074e400000, 0x000000074e400000|100%| E|CS|TAMS 0x000000074e300000, 0x000000074e300000| Complete 
| 228|0x000000074e400000, 0x000000074e500000, 0x000000074e500000|100%| E|CS|TAMS 0x000000074e400000, 0x000000074e400000| Complete 
| 229|0x000000074e500000, 0x000000074e600000, 0x000000074e600000|100%| E|CS|TAMS 0x000000074e500000, 0x000000074e500000| Complete 
| 230|0x000000074e600000, 0x000000074e700000, 0x000000074e700000|100%| E|CS|TAMS 0x000000074e600000, 0x000000074e600000| Complete 
| 231|0x000000074e700000, 0x000000074e800000, 0x000000074e800000|100%| E|CS|TAMS 0x000000074e700000, 0x000000074e700000| Complete 
| 232|0x000000074e800000, 0x000000074e900000, 0x000000074e900000|100%| E|CS|TAMS 0x000000074e800000, 0x000000074e800000| Complete 
| 233|0x000000074e900000, 0x000000074ea00000, 0x000000074ea00000|100%| E|CS|TAMS 0x000000074e900000, 0x000000074e900000| Complete 
| 234|0x000000074ea00000, 0x000000074eb00000, 0x000000074eb00000|100%| E|CS|TAMS 0x000000074ea00000, 0x000000074ea00000| Complete 
| 235|0x000000074eb00000, 0x000000074ec00000, 0x000000074ec00000|100%| E|CS|TAMS 0x000000074eb00000, 0x000000074eb00000| Complete 
| 236|0x000000074ec00000, 0x000000074ed00000, 0x000000074ed00000|100%| E|CS|TAMS 0x000000074ec00000, 0x000000074ec00000| Complete 
| 237|0x000000074ed00000, 0x000000074ee00000, 0x000000074ee00000|100%| E|CS|TAMS 0x000000074ed00000, 0x000000074ed00000| Complete 
| 238|0x000000074ee00000, 0x000000074ef00000, 0x000000074ef00000|100%| E|CS|TAMS 0x000000074ee00000, 0x000000074ee00000| Complete 
| 239|0x000000074ef00000, 0x000000074f000000, 0x000000074f000000|100%| E|CS|TAMS 0x000000074ef00000, 0x000000074ef00000| Complete 
| 240|0x000000074f000000, 0x000000074f100000, 0x000000074f100000|100%| E|CS|TAMS 0x000000074f000000, 0x000000074f000000| Complete 
| 241|0x000000074f100000, 0x000000074f200000, 0x000000074f200000|100%| E|CS|TAMS 0x000000074f100000, 0x000000074f100000| Complete 
| 242|0x000000074f200000, 0x000000074f300000, 0x000000074f300000|100%| E|CS|TAMS 0x000000074f200000, 0x000000074f200000| Complete 
| 243|0x000000074f300000, 0x000000074f400000, 0x000000074f400000|100%| E|CS|TAMS 0x000000074f300000, 0x000000074f300000| Complete 
| 244|0x000000074f400000, 0x000000074f500000, 0x000000074f500000|100%| E|CS|TAMS 0x000000074f400000, 0x000000074f400000| Complete 
| 245|0x000000074f500000, 0x000000074f600000, 0x000000074f600000|100%| E|CS|TAMS 0x000000074f500000, 0x000000074f500000| Complete 
| 246|0x000000074f600000, 0x000000074f700000, 0x000000074f700000|100%| E|CS|TAMS 0x000000074f600000, 0x000000074f600000| Complete 
| 247|0x000000074f700000, 0x000000074f800000, 0x000000074f800000|100%| E|CS|TAMS 0x000000074f700000, 0x000000074f700000| Complete 
| 248|0x000000074f800000, 0x000000074f900000, 0x000000074f900000|100%| E|CS|TAMS 0x000000074f800000, 0x000000074f800000| Complete 
| 249|0x000000074f900000, 0x000000074fa00000, 0x000000074fa00000|100%| E|CS|TAMS 0x000000074f900000, 0x000000074f900000| Complete 
| 250|0x000000074fa00000, 0x000000074fb00000, 0x000000074fb00000|100%| E|CS|TAMS 0x000000074fa00000, 0x000000074fa00000| Complete 
| 251|0x000000074fb00000, 0x000000074fc00000, 0x000000074fc00000|100%| E|CS|TAMS 0x000000074fb00000, 0x000000074fb00000| Complete 
| 252|0x000000074fc00000, 0x000000074fd00000, 0x000000074fd00000|100%| E|CS|TAMS 0x000000074fc00000, 0x000000074fc00000| Complete 
| 253|0x000000074fd00000, 0x000000074fe00000, 0x000000074fe00000|100%| E|CS|TAMS 0x000000074fd00000, 0x000000074fd00000| Complete 
| 254|0x000000074fe00000, 0x000000074ff00000, 0x000000074ff00000|100%| E|CS|TAMS 0x000000074fe00000, 0x000000074fe00000| Complete 
| 255|0x000000074ff00000, 0x0000000750000000, 0x0000000750000000|100%| E|CS|TAMS 0x000000074ff00000, 0x000000074ff00000| Complete 

Card table byte_map: [0x000001949d180000,0x000001949d780000] _byte_map_base: 0x0000019499780000

Marking Bits (Prev, Next): (CMBitMap*) 0x000001949fa102c0, (CMBitMap*) 0x000001949fa10288
 Prev Bits: [0x00000194ba970000, 0x00000194bd970000)
 Next Bits: [0x00000194b7970000, 0x00000194ba970000)

Polling page: 0x0000019495a30000

Metaspace:

Usage:
  Non-class:     96.21 MB capacity,    94.44 MB ( 98%) used,     1.34 MB (  1%) free+waste,   444.19 KB ( <1%) overhead. 
      Class:     15.91 MB capacity,    14.42 MB ( 91%) used,     1.28 MB (  8%) free+waste,   214.63 KB (  1%) overhead. 
       Both:    112.12 MB capacity,   108.86 MB ( 97%) used,     2.62 MB (  2%) free+waste,   658.81 KB ( <1%) overhead. 

Virtual space:
  Non-class space:       98.00 MB reserved,      96.33 MB ( 98%) committed 
      Class space:        1.00 GB reserved,      16.00 MB (  2%) committed 
             Both:        1.10 GB reserved,     112.33 MB ( 10%) committed 

Chunk freelists:
   Non-Class:  56.00 KB
       Class:  27.00 KB
        Both:  83.00 KB

MaxMetaspaceSize: 17179869184.00 GB
CompressedClassSpaceSize: 1.00 GB

CodeHeap 'non-profiled nmethods': size=120000Kb used=24765Kb max_used=24765Kb free=95234Kb
 bounds [0x00000194b0440000, 0x00000194b1cb0000, 0x00000194b7970000]
CodeHeap 'profiled nmethods': size=120000Kb used=52548Kb max_used=53431Kb free=67451Kb
 bounds [0x00000194a8f10000, 0x00000194ac380000, 0x00000194b0440000]
CodeHeap 'non-nmethods': size=5760Kb used=1954Kb max_used=2020Kb free=3805Kb
 bounds [0x00000194a8970000, 0x00000194a8be0000, 0x00000194a8f10000]
 total_blobs=22333 nmethods=20682 adapters=1555
 compilation: enabled
              stopped_count=0, restarted_count=0
 full_count=0

Compilation events (20 events):
Event: 1025.317 Thread 0x00000194a024a000 26556       1       com.jidesoft.docking.FrameContainer::getDockingManager (5 bytes)
Event: 1025.317 Thread 0x00000194a024a000 nmethod 26556 0x00000194b1216d10 code [0x00000194b1216ec0, 0x00000194b1216f78]
Event: 1025.325 Thread 0x00000195343e6800 26552       4       javax.swing.text.ParagraphView$Row::getStartOffset (40 bytes)
Event: 1025.329 Thread 0x00000195343e6800 nmethod 26552 0x00000194b1224b10 code [0x00000194b1224ce0, 0x00000194b1224fd8]
Event: 1025.329 Thread 0x00000195343e6800 26553   !   4       java.awt.EventDispatchThread::pumpOneEventForFilters (113 bytes)
Event: 1025.333 Thread 0x00000195343ec000 26554       4       javax.swing.text.DefaultCaret$1::run (8 bytes)
Event: 1025.336 Thread 0x00000195343e6800 nmethod 26553 0x00000194b1233990 code [0x00000194b1233bc0, 0x00000194b1234140]
Event: 1025.336 Thread 0x00000195343e6800 26555   !   4       javax.swing.text.DefaultCaret::repaintNewCaret (96 bytes)
Event: 1025.338 Thread 0x00000195343ec000 nmethod 26554 0x00000194b1224290 code [0x00000194b1224460, 0x00000194b12247d8]
Event: 1025.338 Thread 0x00000195343ec000 26545 %     4       ui.frmwork.D::a @ 42 (78 bytes)
Event: 1025.341 Thread 0x00000195343e6800 nmethod 26555 0x00000194b1226690 code [0x00000194b1226860, 0x00000194b1226b98]
Event: 1025.341 Thread 0x00000195343e6800 26542       4       java.awt.Component::getListeners (158 bytes)
Event: 1025.348 Thread 0x00000195343e6800 nmethod 26542 0x00000194b1237e10 code [0x00000194b1238020, 0x00000194b1238760]
Event: 1025.348 Thread 0x00000195343e6800 26544       4       ui.views.c.t::cleanup (6 bytes)
Event: 1025.349 Thread 0x00000195343e6800 nmethod 26544 0x00000194b1226310 code [0x00000194b12264a0, 0x00000194b1226558]
Event: 1025.383 Thread 0x00000195343ec000 nmethod 26545% 0x00000194b1435c90 code [0x00000194b1435ea0, 0x00000194b1437598]
Event: 1025.394 Thread 0x00000194a024a000 26557       3       sun.java2d.marlin.DRendererContext$PathConsumer2DAdapter::pathDone (10 bytes)
Event: 1025.394 Thread 0x00000194a024a000 nmethod 26557 0x00000194aa907390 code [0x00000194aa907540, 0x00000194aa907708]
Event: 1025.394 Thread 0x00000194a024a000 26558       3       sun.java2d.marlin.DDasher::dispose (38 bytes)
Event: 1025.395 Thread 0x00000194a024a000 nmethod 26558 0x00000194aa966190 code [0x00000194aa966380, 0x00000194aa966718]

GC Heap History (20 events):
Event: 1012.486 GC heap before
{Heap before GC invocations=147 (full 6):
 garbage-first heap   total 262144K, used 193392K [0x0000000740000000, 0x0000000800000000)
  region size 1024K, 60 young (61440K), 4 survivors (4096K)
 Metaspace       used 111117K, capacity 114488K, committed 114768K, reserved 1148928K
  class space    used 14767K, capacity 16292K, committed 16384K, reserved 1048576K
}
Event: 1012.495 GC heap after
{Heap after GC invocations=148 (full 6):
 garbage-first heap   total 262144K, used 135610K [0x0000000740000000, 0x0000000800000000)
  region size 1024K, 4 young (4096K), 4 survivors (4096K)
 Metaspace       used 111117K, capacity 114488K, committed 114768K, reserved 1148928K
  class space    used 14767K, capacity 16292K, committed 16384K, reserved 1048576K
}
Event: 1015.245 GC heap before
{Heap before GC invocations=149 (full 6):
 garbage-first heap   total 262144K, used 192954K [0x0000000740000000, 0x0000000800000000)
  region size 1024K, 60 young (61440K), 4 survivors (4096K)
 Metaspace       used 111194K, capacity 114553K, committed 114768K, reserved 1148928K
  class space    used 14767K, capacity 16292K, committed 16384K, reserved 1048576K
}
Event: 1015.255 GC heap after
{Heap after GC invocations=150 (full 6):
 garbage-first heap   total 262144K, used 136909K [0x0000000740000000, 0x0000000800000000)
  region size 1024K, 5 young (5120K), 5 survivors (5120K)
 Metaspace       used 111194K, capacity 114553K, committed 114768K, reserved 1148928K
  class space    used 14767K, capacity 16292K, committed 16384K, reserved 1048576K
}
Event: 1015.580 GC heap before
{Heap before GC invocations=150 (full 6):
 garbage-first heap   total 262144K, used 193229K [0x0000000740000000, 0x0000000800000000)
  region size 1024K, 60 young (61440K), 5 survivors (5120K)
 Metaspace       used 111194K, capacity 114553K, committed 114768K, reserved 1148928K
  class space    used 14767K, capacity 16292K, committed 16384K, reserved 1048576K
}
Event: 1015.595 GC heap after
{Heap after GC invocations=151 (full 6):
 garbage-first heap   total 262144K, used 137223K [0x0000000740000000, 0x0000000800000000)
  region size 1024K, 5 young (5120K), 5 survivors (5120K)
 Metaspace       used 111194K, capacity 114553K, committed 114768K, reserved 1148928K
  class space    used 14767K, capacity 16292K, committed 16384K, reserved 1048576K
}
Event: 1016.727 GC heap before
{Heap before GC invocations=152 (full 6):
 garbage-first heap   total 262144K, used 193543K [0x0000000740000000, 0x0000000800000000)
  region size 1024K, 60 young (61440K), 5 survivors (5120K)
 Metaspace       used 111225K, capacity 114553K, committed 114768K, reserved 1148928K
  class space    used 14767K, capacity 16292K, committed 16384K, reserved 1048576K
}
Event: 1016.737 GC heap after
{Heap after GC invocations=153 (full 6):
 garbage-first heap   total 262144K, used 139492K [0x0000000740000000, 0x0000000800000000)
  region size 1024K, 7 young (7168K), 7 survivors (7168K)
 Metaspace       used 111225K, capacity 114553K, committed 114768K, reserved 1148928K
  class space    used 14767K, capacity 16292K, committed 16384K, reserved 1048576K
}
Event: 1016.830 GC heap before
{Heap before GC invocations=153 (full 6):
 garbage-first heap   total 262144K, used 141540K [0x0000000740000000, 0x0000000800000000)
  region size 1024K, 10 young (10240K), 7 survivors (7168K)
 Metaspace       used 111260K, capacity 114617K, committed 114768K, reserved 1148928K
  class space    used 14767K, capacity 16292K, committed 16384K, reserved 1048576K
}
Event: 1016.839 GC heap after
{Heap after GC invocations=154 (full 6):
 garbage-first heap   total 262144K, used 139748K [0x0000000740000000, 0x0000000800000000)
  region size 1024K, 4 young (4096K), 4 survivors (4096K)
 Metaspace       used 111260K, capacity 114617K, committed 114768K, reserved 1148928K
  class space    used 14767K, capacity 16292K, committed 16384K, reserved 1048576K
}
Event: 1018.437 GC heap before
{Heap before GC invocations=155 (full 6):
 garbage-first heap   total 262144K, used 200164K [0x0000000740000000, 0x0000000800000000)
  region size 1024K, 60 young (61440K), 4 survivors (4096K)
 Metaspace       used 111374K, capacity 114749K, committed 115024K, reserved 1148928K
  class space    used 14768K, capacity 16293K, committed 16384K, reserved 1048576K
}
Event: 1018.444 GC heap after
{Heap after GC invocations=156 (full 6):
 garbage-first heap   total 262144K, used 143078K [0x0000000740000000, 0x0000000800000000)
  region size 1024K, 4 young (4096K), 4 survivors (4096K)
 Metaspace       used 111374K, capacity 114749K, committed 115024K, reserved 1148928K
  class space    used 14768K, capacity 16293K, committed 16384K, reserved 1048576K
}
Event: 1023.494 GC heap before
{Heap before GC invocations=156 (full 6):
 garbage-first heap   total 262144K, used 160486K [0x0000000740000000, 0x0000000800000000)
  region size 1024K, 22 young (22528K), 4 survivors (4096K)
 Metaspace       used 111422K, capacity 114749K, committed 115024K, reserved 1148928K
  class space    used 14770K, capacity 16293K, committed 16384K, reserved 1048576K
}
Event: 1023.502 GC heap after
{Heap after GC invocations=157 (full 6):
 garbage-first heap   total 262144K, used 141287K [0x0000000740000000, 0x0000000800000000)
  region size 1024K, 5 young (5120K), 5 survivors (5120K)
 Metaspace       used 111422K, capacity 114749K, committed 115024K, reserved 1148928K
  class space    used 14770K, capacity 16293K, committed 16384K, reserved 1048576K
}
Event: 1023.911 GC heap before
{Heap before GC invocations=158 (full 6):
 garbage-first heap   total 262144K, used 197607K [0x0000000740000000, 0x0000000800000000)
  region size 1024K, 60 young (61440K), 5 survivors (5120K)
 Metaspace       used 111424K, capacity 114749K, committed 115024K, reserved 1148928K
  class space    used 14770K, capacity 16293K, committed 16384K, reserved 1048576K
}
Event: 1023.917 GC heap after
{Heap after GC invocations=159 (full 6):
 garbage-first heap   total 262144K, used 140128K [0x0000000740000000, 0x0000000800000000)
  region size 1024K, 5 young (5120K), 5 survivors (5120K)
 Metaspace       used 111424K, capacity 114749K, committed 115024K, reserved 1148928K
  class space    used 14770K, capacity 16293K, committed 16384K, reserved 1048576K
}
Event: 1024.298 GC heap before
{Heap before GC invocations=159 (full 6):
 garbage-first heap   total 262144K, used 196448K [0x0000000740000000, 0x0000000800000000)
  region size 1024K, 60 young (61440K), 5 survivors (5120K)
 Metaspace       used 111424K, capacity 114749K, committed 115024K, reserved 1148928K
  class space    used 14770K, capacity 16293K, committed 16384K, reserved 1048576K
}
Event: 1024.303 GC heap after
{Heap after GC invocations=160 (full 6):
 garbage-first heap   total 262144K, used 140341K [0x0000000740000000, 0x0000000800000000)
  region size 1024K, 5 young (5120K), 5 survivors (5120K)
 Metaspace       used 111424K, capacity 114749K, committed 115024K, reserved 1148928K
  class space    used 14770K, capacity 16293K, committed 16384K, reserved 1048576K
}
Event: 1024.741 GC heap before
{Heap before GC invocations=161 (full 6):
 garbage-first heap   total 262144K, used 196661K [0x0000000740000000, 0x0000000800000000)
  region size 1024K, 60 young (61440K), 5 survivors (5120K)
 Metaspace       used 111424K, capacity 114749K, committed 115024K, reserved 1148928K
  class space    used 14770K, capacity 16293K, committed 16384K, reserved 1048576K
}
Event: 1024.752 GC heap after
{Heap after GC invocations=162 (full 6):
 garbage-first heap   total 262144K, used 140288K [0x0000000740000000, 0x0000000800000000)
  region size 1024K, 5 young (5120K), 5 survivors (5120K)
 Metaspace       used 111424K, capacity 114749K, committed 115024K, reserved 1148928K
  class space    used 14770K, capacity 16293K, committed 16384K, reserved 1048576K
}

Deoptimization events (20 events):
Event: 1023.441 Thread 0x00000194e2e9a000 Uncommon trap: trap_request=0xffffffbe fr.pc=0x00000194b0ae6ef8 relative=0x0000000000000cf8
Event: 1023.441 Thread 0x00000194e2e9a000 Uncommon trap: reason=profile_predicate action=maybe_recompile pc=0x00000194b0ae6ef8 method=javafx.css.CompoundSelector.applies(Ljavafx/css/Styleable;I[Ljava/util/Set;I)Z @ 103 c2
Event: 1023.441 Thread 0x00000194e2e9a000 DEOPT PACKING pc=0x00000194b0ae6ef8 sp=0x0000000655cfbe00
Event: 1023.441 Thread 0x00000194e2e9a000 DEOPT UNPACKING pc=0x00000194a89968af sp=0x0000000655cfbdb0 mode 2
Event: 1023.441 Thread 0x00000194e2e9a000 Uncommon trap: trap_request=0xffffffbe fr.pc=0x00000194b0ae6ef8 relative=0x0000000000000cf8
Event: 1023.441 Thread 0x00000194e2e9a000 Uncommon trap: reason=profile_predicate action=maybe_recompile pc=0x00000194b0ae6ef8 method=javafx.css.CompoundSelector.applies(Ljavafx/css/Styleable;I[Ljava/util/Set;I)Z @ 103 c2
Event: 1023.441 Thread 0x00000194e2e9a000 DEOPT PACKING pc=0x00000194b0ae6ef8 sp=0x0000000655cfbe00
Event: 1023.441 Thread 0x00000194e2e9a000 DEOPT UNPACKING pc=0x00000194a89968af sp=0x0000000655cfbdb0 mode 2
Event: 1023.453 Thread 0x00000194c324d800 Uncommon trap: trap_request=0xffffff4d fr.pc=0x00000194b0cda040 relative=0x0000000000000ec0
Event: 1023.453 Thread 0x00000194c324d800 Uncommon trap: reason=unstable_if action=reinterpret pc=0x00000194b0cda040 method=sun.java2d.pipe.Region.getIntersection(Lsun/java2d/pipe/Region;)Lsun/java2d/pipe/Region; @ 32 c2
Event: 1023.453 Thread 0x00000194c324d800 DEOPT PACKING pc=0x00000194b0cda040 sp=0x000000064aff6480
Event: 1023.453 Thread 0x00000194c324d800 DEOPT UNPACKING pc=0x00000194a89968af sp=0x000000064aff63b8 mode 2
Event: 1023.453 Thread 0x00000194c324d800 Uncommon trap: trap_request=0xffffff4d fr.pc=0x00000194b08406e8 relative=0x00000000000002a8
Event: 1023.453 Thread 0x00000194c324d800 Uncommon trap: reason=unstable_if action=reinterpret pc=0x00000194b08406e8 method=sun.java2d.pipe.Region.getIntersection(Lsun/java2d/pipe/Region;)Lsun/java2d/pipe/Region; @ 32 c2
Event: 1023.453 Thread 0x00000194c324d800 DEOPT PACKING pc=0x00000194b08406e8 sp=0x000000064aff6410
Event: 1023.453 Thread 0x00000194c324d800 DEOPT UNPACKING pc=0x00000194a89968af sp=0x000000064aff63b0 mode 2
Event: 1025.409 Thread 0x00000194c324d800 Uncommon trap: trap_request=0xfffffff4 fr.pc=0x00000194b1020138 relative=0x00000000000000f8
Event: 1025.409 Thread 0x00000194c324d800 Uncommon trap: reason=null_check action=make_not_entrant pc=0x00000194b1020138 method=java.awt.Rectangle.equals(Ljava/lang/Object;)Z @ 1 c2
Event: 1025.409 Thread 0x00000194c324d800 DEOPT PACKING pc=0x00000194b1020138 sp=0x000000064aff5620
Event: 1025.409 Thread 0x00000194c324d800 DEOPT UNPACKING pc=0x00000194a89968af sp=0x000000064aff55c8 mode 2

Classes redefined (0 events):
No events

Internal exceptions (20 events):
Event: 890.635 Thread 0x00000194c324d800 Implicit null exception at 0x00000194b082e5d0 to 0x00000194b082e659
Event: 894.888 Thread 0x00000194c324d800 Exception <a 'de/concept/nlview/NlviewException'{0x000000074d6c90e8}> (0x000000074d6c90e8) thrown at [./src/hotspot/share/prims/jni.cpp, line 615]
Event: 894.888 Thread 0x00000194c324d800 Exception <a 'de/concept/nlview/NlviewException'{0x000000074d6c9980}> (0x000000074d6c9980) thrown at [./src/hotspot/share/prims/jni.cpp, line 615]
Event: 986.200 Thread 0x00000194c324d800 Exception <a 'de/concept/nlview/NlviewException'{0x000000074f6ed9e8}> (0x000000074f6ed9e8) thrown at [./src/hotspot/share/prims/jni.cpp, line 615]
Event: 986.200 Thread 0x00000194c324d800 Exception <a 'de/concept/nlview/NlviewException'{0x000000074f6ee248}> (0x000000074f6ee248) thrown at [./src/hotspot/share/prims/jni.cpp, line 615]
Event: 995.198 Thread 0x00000194c324d800 Exception <a 'de/concept/nlview/NlviewException'{0x000000074d87dd58}> (0x000000074d87dd58) thrown at [./src/hotspot/share/prims/jni.cpp, line 615]
Event: 995.198 Thread 0x00000194c324d800 Exception <a 'de/concept/nlview/NlviewException'{0x000000074d87e5b8}> (0x000000074d87e5b8) thrown at [./src/hotspot/share/prims/jni.cpp, line 615]
Event: 1005.971 Thread 0x00000194c324d800 Implicit null exception at 0x00000194b10a1d9b to 0x00000194b10a24d8
Event: 1007.501 Thread 0x00000194c324d800 Implicit null exception at 0x00000194b149bbf7 to 0x00000194b149bce5
Event: 1007.516 Thread 0x00000194c324d800 Implicit null exception at 0x00000194b04cdc67 to 0x00000194b04cdd55
Event: 1007.910 Thread 0x00000194c324d800 Exception <a 'ui/frmwork/cmd/CommandFailedException'{0x000000074e2ebee0}> (0x000000074e2ebee0) thrown at [./src/hotspot/share/prims/jni.cpp, line 615]
Event: 1011.625 Thread 0x00000194e8cbd800 Exception <a 'java/lang/InterruptedException'{0x000000074e893690}: sleep interrupted> (0x000000074e893690) thrown at [./src/hotspot/share/prims/jvm.cpp, line 3099]
Event: 1014.127 Thread 0x00000194c31b5800 Implicit null exception at 0x00000194b1a3688c to 0x00000194b1a368f4
Event: 1015.976 Thread 0x00000194c324d800 Exception <a 'de/concept/nlview/NlviewException'{0x000000074e73b350}> (0x000000074e73b350) thrown at [./src/hotspot/share/prims/jni.cpp, line 615]
Event: 1015.976 Thread 0x00000194c324d800 Exception <a 'de/concept/nlview/NlviewException'{0x000000074e73be58}> (0x000000074e73be58) thrown at [./src/hotspot/share/prims/jni.cpp, line 615]
Event: 1016.388 Thread 0x00000194c324d800 Exception <a 'de/concept/nlview/NlviewException'{0x000000074d2ae690}> (0x000000074d2ae690) thrown at [./src/hotspot/share/prims/jni.cpp, line 615]
Event: 1016.388 Thread 0x00000194c324d800 Exception <a 'de/concept/nlview/NlviewException'{0x000000074d2af198}> (0x000000074d2af198) thrown at [./src/hotspot/share/prims/jni.cpp, line 615]
Event: 1016.758 Thread 0x00000194e2e9a000 Exception <a 'sun/nio/fs/WindowsException'{0x000000074fe076a0}> (0x000000074fe076a0) thrown at [./src/hotspot/share/prims/jni.cpp, line 615]
Event: 1016.759 Thread 0x00000194e2e9a000 Exception <a 'sun/nio/fs/WindowsException'{0x000000074fe08520}> (0x000000074fe08520) thrown at [./src/hotspot/share/prims/jni.cpp, line 615]
Event: 1025.409 Thread 0x00000194c324d800 Implicit null exception at 0x00000194b102006c to 0x00000194b1020129

Events (20 events):
Event: 1024.417 Executing VM operation: CGC_Operation
Event: 1024.429 Executing VM operation: CGC_Operation done
Event: 1024.483 Executing VM operation: CGC_Operation
Event: 1024.484 Executing VM operation: CGC_Operation done
Event: 1024.740 Executing VM operation: G1CollectForAllocation
Event: 1024.752 Executing VM operation: G1CollectForAllocation done
Event: 1024.948 Executing VM operation: RevokeBias
Event: 1024.948 Executing VM operation: RevokeBias done
Event: 1025.093 Executing VM operation: RevokeBias
Event: 1025.093 Executing VM operation: RevokeBias done
Event: 1025.162 Executing VM operation: RevokeBias
Event: 1025.162 Executing VM operation: RevokeBias done
Event: 1025.165 Executing VM operation: RevokeBias
Event: 1025.165 Executing VM operation: RevokeBias done
Event: 1025.165 Executing VM operation: RevokeBias
Event: 1025.165 Executing VM operation: RevokeBias done
Event: 1025.192 Thread 0x00000194e8cc1800 Thread added: 0x00000194e8cc1800
Event: 1025.197 Thread 0x00000194e8cc5000 Thread added: 0x00000194e8cc5000
Event: 1025.317 Thread 0x00000195343e6800 Thread added: 0x00000195343e6800
Event: 1025.317 Thread 0x00000195343ec000 Thread added: 0x00000195343ec000


Dynamic libraries:
0x00007ff7afeb0000 - 0x00007ff7afee1000 	C:\Xilinx\Vivado\2022.2\bin\unwrapped\win64.o\vivado.exe
0x00007fff239d0000 - 0x00007fff23be7000 	C:\WINDOWS\SYSTEM32\ntdll.dll
0x00007fff22e20000 - 0x00007fff22ee4000 	C:\WINDOWS\System32\KERNEL32.DLL
0x00007fff20e80000 - 0x00007fff21237000 	C:\WINDOWS\System32\KERNELBASE.dll
0x00007fff215e0000 - 0x00007fff216f1000 	C:\WINDOWS\System32\ucrtbase.dll
0x00007ffefd0f0000 - 0x00007ffefd17d000 	C:\WINDOWS\SYSTEM32\MSVCP140.dll
0x00007ffefd180000 - 0x00007ffefd19e000 	C:\WINDOWS\SYSTEM32\VCRUNTIME140.dll
0x00007ffed6790000 - 0x00007ffed7bc1000 	C:\Xilinx\Vivado\2022.2\lib\win64.o\librdi_common.dll
0x00007fff14d60000 - 0x00007fff14d78000 	C:\Xilinx\Vivado\2022.2\lib\win64.o\librdi_commonmain.dll
0x00007ffefd0e0000 - 0x00007ffefd0ec000 	C:\WINDOWS\SYSTEM32\VCRUNTIME140_1.dll
0x00007fff22930000 - 0x00007fff22adf000 	C:\WINDOWS\System32\USER32.dll
0x00007ffedbe70000 - 0x00007ffedc1de000 	C:\Xilinx\Vivado\2022.2\lib\win64.o\libCOIN-all.dll
0x00007fff21300000 - 0x00007fff21326000 	C:\WINDOWS\System32\win32u.dll
0x00007fff07960000 - 0x00007fff07981000 	C:\Xilinx\Vivado\2022.2\lib\win64.o\libboost_filesystem.dll
0x00007fff14040000 - 0x00007fff14051000 	C:\Xilinx\Vivado\2022.2\lib\win64.o\libboost_date_time.dll
0x00007fff21d80000 - 0x00007fff21e32000 	C:\WINDOWS\System32\ADVAPI32.dll
0x00007fff22800000 - 0x00007fff22829000 	C:\WINDOWS\System32\GDI32.dll
0x00007fff07690000 - 0x00007fff07709000 	C:\Xilinx\Vivado\2022.2\lib\win64.o\libboost_program_options.dll
0x00007fff22c70000 - 0x00007fff22d17000 	C:\WINDOWS\System32\msvcrt.dll
0x00007fff218c0000 - 0x00007fff21968000 	C:\WINDOWS\System32\sechost.dll
0x00007fff20d60000 - 0x00007fff20e78000 	C:\WINDOWS\System32\gdi32full.dll
0x00007fff214a0000 - 0x00007fff214c8000 	C:\WINDOWS\System32\bcrypt.dll
0x00007fff22ae0000 - 0x00007fff22bf4000 	C:\WINDOWS\System32\RPCRT4.dll
0x00007fff21540000 - 0x00007fff215da000 	C:\WINDOWS\System32\msvcp_win.dll
0x00007ffef34e0000 - 0x00007ffef35f4000 	C:\Xilinx\Vivado\2022.2\lib\win64.o\libboost_regex.dll
0x00007fff21e40000 - 0x00007fff226a9000 	C:\WINDOWS\System32\SHELL32.dll
0x00007fff14020000 - 0x00007fff1403c000 	C:\Xilinx\Vivado\2022.2\lib\win64.o\libboost_thread.dll
0x00007fff18e20000 - 0x00007fff18e2c000 	C:\Xilinx\Vivado\2022.2\lib\win64.o\libboost_xilinx.dll
0x00007fff214d0000 - 0x00007fff2153c000 	C:\WINDOWS\System32\WINTRUST.dll
0x00007fff01050000 - 0x00007fff010d2000 	C:\Xilinx\Vivado\2022.2\lib\win64.o\libhdlpsolve.dll
0x00007fff21970000 - 0x00007fff219e1000 	C:\WINDOWS\System32\WS2_32.dll
0x00007ffed5810000 - 0x00007ffed678d200 	C:\Xilinx\Vivado\2022.2\lib\win64.o\libisl_iostreams.dll
0x00007ffef3430000 - 0x00007ffef34d5000 	C:\Xilinx\Vivado\2022.2\lib\win64.o\libhdxml.dll
0x00007fff05500000 - 0x00007fff0552a000 	C:\Xilinx\Vivado\2022.2\lib\win64.o\libisl_sysinfo.dll
0x00007ffee8320000 - 0x00007ffee8385000 	C:\Xilinx\Vivado\2022.2\lib\win64.o\liblmx6.0.dll
0x00007fff0d010000 - 0x00007fff0d02a000 	C:\Xilinx\Vivado\2022.2\lib\win64.o\pthreadVC2.dll
0x00007ffedbcb0000 - 0x00007ffedbe65000 	C:\Xilinx\Vivado\2022.2\lib\win64.o\librdi_commonxillic.dll
0x00007fff03810000 - 0x00007fff0382c000 	C:\Xilinx\Vivado\2022.2\lib\win64.o\librdiconfig.dll
0x00007fff02a20000 - 0x00007fff02a41000 	C:\Xilinx\Vivado\2022.2\lib\win64.o\librdizlib.dll
0x00007fff22780000 - 0x00007fff227de000 	C:\WINDOWS\System32\SHLWAPI.dll
0x00007ffedabf0000 - 0x00007ffedaeb1000 	C:\Xilinx\Vivado\2022.2\lib\win64.o\xerces-c_3_2.dll
0x000000006fba0000 - 0x000000006fccb000 	C:\Xilinx\Vivado\2022.2\lib\win64.o\tcl85t.dll
0x00007fff15eb0000 - 0x00007fff15eb9000 	C:\Xilinx\Vivado\2022.2\lib\win64.o\librdi_commonversion.dll
0x00007fff18090000 - 0x00007fff180a9000 	C:\WINDOWS\SYSTEM32\NETAPI32.dll
0x00007fff1c0b0000 - 0x00007fff1c1e6000 	C:\WINDOWS\SYSTEM32\WINHTTP.dll
0x00007fff14270000 - 0x00007fff14460000 	C:\WINDOWS\SYSTEM32\urlmon.dll
0x00007ffefb110000 - 0x00007ffefb119000 	C:\WINDOWS\SYSTEM32\WSOCK32.dll
0x00007ffeffc30000 - 0x00007ffeffc62000 	C:\WINDOWS\SYSTEM32\VCOMP140.DLL
0x00007ffef9f60000 - 0x00007ffefa45e000 	C:\WINDOWS\SYSTEM32\WININET.dll
0x00007ffed38f0000 - 0x00007ffed5807000 	C:\Xilinx\Vivado\2022.2\lib\win64.o\gurobi90.dll
0x00007fff21330000 - 0x00007fff21496000 	C:\WINDOWS\System32\CRYPT32.dll
0x00007ffef1870000 - 0x00007ffef1894000 	C:\Xilinx\Vivado\2022.2\lib\win64.o\libisl_iosutils.dll
0x00007fff01110000 - 0x00007fff01128000 	C:\Xilinx\Vivado\2022.2\lib\win64.o\libboost_iostreams.dll
0x00007fff23310000 - 0x00007fff2336f000 	C:\WINDOWS\System32\WLDAP32.dll
0x00007fff232b0000 - 0x00007fff232b8000 	C:\WINDOWS\System32\Normaliz.dll
0x00007ffeda8d0000 - 0x00007ffedabe6000 	C:\Xilinx\Vivado\2022.2\lib\win64.o\libXil_lmgr11.dll
0x00007fff13d30000 - 0x00007fff13fee000 	C:\WINDOWS\SYSTEM32\iertutil.dll
0x00007fff17ce0000 - 0x00007fff17d08000 	C:\WINDOWS\SYSTEM32\srvcli.dll
0x00007fff22d20000 - 0x00007fff22e1f000 	C:\WINDOWS\System32\COMDLG32.dll
0x00007fff1f750000 - 0x00007fff1f75c000 	C:\WINDOWS\SYSTEM32\netutils.dll
0x00007fff219f0000 - 0x00007fff21d7e000 	C:\WINDOWS\System32\combase.dll
0x00007fff22830000 - 0x00007fff22929000 	C:\WINDOWS\System32\shcore.dll
0x00007fff201a0000 - 0x00007fff20209000 	C:\WINDOWS\SYSTEM32\MSWSOCK.DLL
0x00007fff23420000 - 0x00007fff234f7000 	C:\WINDOWS\System32\OLEAUT32.dll
0x00007ffecd3c0000 - 0x00007ffecd473000 	C:\WINDOWS\WinSxS\amd64_microsoft.windows.common-controls_6595b64144ccf1df_5.82.22621.3527_none_b43b7f4b638cc64f\COMCTL32.dll
0x00007fff21710000 - 0x00007fff218b5000 	C:\WINDOWS\System32\ole32.dll
0x00007fff20290000 - 0x00007fff202b8000 	C:\WINDOWS\SYSTEM32\USERENV.dll
0x00007fff1c810000 - 0x00007fff1c82f000 	C:\WINDOWS\SYSTEM32\dhcpcsvc.DLL
0x00007fff22740000 - 0x00007fff22771000 	C:\WINDOWS\System32\IMM32.DLL
0x00007fff20450000 - 0x00007fff20462000 	C:\WINDOWS\SYSTEM32\MSASN1.dll
0x00007fff1fd00000 - 0x00007fff1fd18000 	C:\WINDOWS\SYSTEM32\kernel.appcore.dll
0x00007fff203f0000 - 0x00007fff2040b000 	C:\WINDOWS\SYSTEM32\CRYPTSP.dll
0x00007fff1fc60000 - 0x00007fff1fc95000 	C:\WINDOWS\system32\rsaenh.dll
0x00007fff20410000 - 0x00007fff2041c000 	C:\WINDOWS\SYSTEM32\CRYPTBASE.dll
0x00007fff20ce0000 - 0x00007fff20d5b000 	C:\WINDOWS\System32\bcryptPrimitives.dll
0x00007fff227e0000 - 0x00007fff227ff000 	C:\WINDOWS\System32\imagehlp.dll
0x00007ffed9040000 - 0x00007ffed9573000 	C:\Xilinx\Vivado\2022.2\lib\win64.o\librdi_commontasks.dll
0x00007fff17500000 - 0x00007fff1750a000 	C:\WINDOWS\SYSTEM32\VERSION.dll
0x00007ffed8d10000 - 0x00007ffed9035a00 	C:\Xilinx\Vivado\2022.2\lib\win64.o\librdi_sio.dll
0x00007ffed1ce0000 - 0x00007ffed282d000 	C:\Xilinx\Vivado\2022.2\tps\win64\jre11.0.11_9\bin\server\jvm.dll
0x00007fff1f760000 - 0x00007fff1f78d000 	C:\WINDOWS\SYSTEM32\IPHLPAPI.DLL
0x00007fff22c60000 - 0x00007fff22c68000 	C:\WINDOWS\System32\PSAPI.DLL
0x00007fff1b320000 - 0x00007fff1b354000 	C:\WINDOWS\SYSTEM32\WINMM.dll
0x00007fff1ff70000 - 0x00007fff1ffb3000 	C:\WINDOWS\SYSTEM32\SspiCli.dll
0x00007ffec5720000 - 0x00007ffec5737000 	C:\WINDOWS\system32\napinsp.dll
0x00007ffeaed60000 - 0x00007ffeaed7b000 	C:\WINDOWS\system32\pnrpnsp.dll
0x00007fff1f7d0000 - 0x00007fff1f8d2000 	C:\WINDOWS\SYSTEM32\DNSAPI.dll
0x00007fff23980000 - 0x00007fff23989000 	C:\WINDOWS\System32\NSI.dll
0x00007ffeae960000 - 0x00007ffeae971000 	C:\WINDOWS\System32\winrnr.dll
0x00007fff1b360000 - 0x00007fff1b375000 	C:\WINDOWS\system32\wshbth.dll
0x00007ffec5470000 - 0x00007ffec5497000 	C:\WINDOWS\system32\nlansp_c.dll
0x0000000070cf0000 - 0x0000000070d16000 	C:\Program Files\Bonjour\mdnsNSP.dll
0x00007fff1ec00000 - 0x00007fff1f4ff000 	C:\WINDOWS\SYSTEM32\windows.storage.dll
0x00007fff1eac0000 - 0x00007fff1ebff000 	C:\WINDOWS\SYSTEM32\wintypes.dll
0x00007ffe6abf0000 - 0x00007ffe6d915000 	C:\Xilinx\Vivado\2022.2\lib\win64.o\librdi_tcltasks.dll
0x00007ffef0960000 - 0x00007ffef09a4000 	C:\Xilinx\Vivado\2022.2\lib\win64.o\libboost_serialization.dll
0x00007ffee82a0000 - 0x00007ffee8320000 	C:\Xilinx\Vivado\2022.2\lib\win64.o\librdi_boarddep.dll
0x00007ffed8b20000 - 0x00007ffed8d03000 	C:\Xilinx\Vivado\2022.2\lib\win64.o\librdi_board.dll
0x00007ffed8020000 - 0x00007ffed84fd000 	C:\Xilinx\Vivado\2022.2\lib\win64.o\librdi_bitstream.dll
0x00007ffedcaf0000 - 0x00007ffedcc17000 	C:\Xilinx\Vivado\2022.2\lib\win64.o\librdi_chipscope.dll
0x00007ffed8910000 - 0x00007ffed8b12000 	C:\Xilinx\Vivado\2022.2\lib\win64.o\librdi_chipscopeimpl.dll
0x00007ffedbb40000 - 0x00007ffedbca5000 	C:\Xilinx\Vivado\2022.2\lib\win64.o\librdi_containers.dll
0x00007ffe689c0000 - 0x00007ffe6abec000 	C:\Xilinx\Vivado\2022.2\lib\win64.o\librdi_constraints.dll
0x00007ffe72c00000 - 0x00007ffe740e5000 	C:\Xilinx\Vivado\2022.2\lib\win64.o\librdi_device.dll
0x00007ffed3560000 - 0x00007ffed38e3000 	C:\Xilinx\Vivado\2022.2\lib\win64.o\librdi_dlyest.dll
0x00007ffed2990000 - 0x00007ffed306b000 	C:\Xilinx\Vivado\2022.2\lib\win64.o\librdi_drc.dll
0x00007ffedb760000 - 0x00007ffedb814000 	C:\Xilinx\Vivado\2022.2\lib\win64.o\librdi_dsp.dll
0x00007ffe643c0000 - 0x00007ffe663cd000 	C:\Xilinx\Vivado\2022.2\lib\win64.o\librdi_designutils.dll
0x00007ffed1640000 - 0x00007ffed1cd5000 	C:\Xilinx\Vivado\2022.2\lib\win64.o\librdi_filemgmt.dll
0x00007ffed1310000 - 0x00007ffed163b000 	C:\Xilinx\Vivado\2022.2\lib\win64.o\librdi_guitools.dll
0x00007ffee80d0000 - 0x00007ffee813b000 	C:\Xilinx\Vivado\2022.2\lib\win64.o\librdi_hdf.dll
0x00007ffed1050000 - 0x00007ffed130d000 	C:\Xilinx\Vivado\2022.2\lib\win64.o\librdi_hip_devdesign.dll
0x00007ffe663d0000 - 0x00007ffe689b5000 	C:\Xilinx\Vivado\2022.2\lib\win64.o\librdi_coregen.dll
0x00007ffed9f80000 - 0x00007ffeda0c7000 	C:\Xilinx\Vivado\2022.2\lib\win64.o\librdi_hip_perf_analysis.dll
0x00007ffed0180000 - 0x00007ffed0921000 	C:\Xilinx\Vivado\2022.2\lib\win64.o\librdi_lopt.dll
0x00007ffe74770000 - 0x00007ffe7568b000 	C:\Xilinx\Vivado\2022.2\lib\win64.o\librdi_implflow.dll
0x00007ffed09f0000 - 0x00007ffed1045000 	C:\Xilinx\Vivado\2022.2\lib\win64.o\librdi_memdata.dll
0x00007ffe63580000 - 0x00007ffe643b3000 	C:\Xilinx\Vivado\2022.2\lib\win64.o\librdi_ippcw.dll
0x00007ffedb640000 - 0x00007ffedb6bd000 	C:\Xilinx\Vivado\2022.2\lib\win64.o\librdi_memoryarray.dll
0x00007ffece2f0000 - 0x00007ffecea5d000 	C:\Xilinx\Vivado\2022.2\lib\win64.o\librdi_netlist.dll
0x00007ffef07c0000 - 0x00007ffef081b000 	C:\Xilinx\Vivado\2022.2\lib\win64.o\librdi_pfi.dll
0x00007ffe60cb0000 - 0x00007ffe63575000 	C:\Xilinx\Vivado\2022.2\lib\win64.o\librdi_mig.dll
0x00007ffecf730000 - 0x00007ffecfba0000 	C:\Xilinx\Vivado\2022.2\lib\win64.o\librdi_platform.dll
0x00007ffe603d0000 - 0x00007ffe60ca4000 	C:\Xilinx\Vivado\2022.2\lib\win64.o\librdi_power.dll
0x00007ffe59c40000 - 0x00007ffe5cd60000 	C:\Xilinx\Vivado\2022.2\lib\win64.o\librdi_place.dll
0x00007ffe5fc60000 - 0x00007ffe603c7000 	C:\Xilinx\Vivado\2022.2\lib\win64.o\librdi_project.dll
0x00007ffe724c0000 - 0x00007ffe72bf5000 	C:\Xilinx\Vivado\2022.2\lib\win64.o\librdi_psta.dll
0x00007ffecdc60000 - 0x00007ffece1c3000 	C:\Xilinx\Vivado\2022.2\lib\win64.o\librdi_runs.dll

dbghelp: loaded successfully - version: 4.0.5 - missing functions: none
symbol engine: initialized successfully - sym options: 0x614 - pdb path: .;C:\Xilinx\Vivado\2022.2\bin\unwrapped\win64.o;C:\WINDOWS\SYSTEM32;C:\Xilinx\Vivado\2022.2\lib\win64.o;C:\WINDOWS\WinSxS\amd64_microsoft.windows.common-controls_6595b64144ccf1df_5.82.22621.3527_none_b43b7f4b638cc64f;C:\Xilinx\Vivado\2022.2\tps\win64\jre11.0.11_9\bin\server;C:\Program Files\Bonjour;C:\Xilinx\Vivado\2022.2\tps\win64\python-3.8.3;C:\Xilinx\Vivado\2022.2\tps\win64\jre11.0.11_9\bin;C:\WINDOWS\WinSxS\amd64_microsoft.windows.common-controls_6595b64144ccf1df_6.0.22621.3672_none_2713b9d173822955;C:\Xilinx\Vivado\2022.2\tps\win64\javafx-sdk-11.0.2\bin;C:\Windows\System32\DriverStore\FileRepository\u0387355.inf_amd64_6cce7b5f9e27fdf4\B387046

VM Arguments:
jvm_args: -Dsun.java2d.pmoffscreen=false -Dhttps.protocols=TLSv1,TLSv1.1,TLSv1.2 -Dsun.java2d.xrender=false -Dsun.java2d.d3d=false -Dsun.awt.nopixfmt=true -Dsun.java2d.dpiaware=true -Dsun.java2d.uiScale.enabled=false -Xverify:none -Dswing.aatext=true -XX:-UsePerfData -Djdk.map.althashing.threshold=512 -XX:StringTableSize=4072 --add-opens=java.desktop/com.sun.awt=ALL-UNNAMED --add-opens=java.desktop/javax.swing.plaf.synth=ALL-UNNAMED --add-opens=java.base/java.nio=ALL-UNNAMED --add-opens=java.desktop/sun.swing=ALL-UNNAMED --add-opens=java.desktop/javax.swing=ALL-UNNAMED --add-opens=java.desktop/javax.swing.tree=ALL-UNNAMED --add-opens=java.desktop/javax.swing.plaf.basic=ALL-UNNAMED --add-opens=java.desktop/javax.swing.plaf.synth=ALL-UNNAMED --add-opens=java.desktop/javax.swing.plaf.basic=ALL-UNNAMED --add-opens=java.desktop/javax.swing=ALL-UNNAMED --add-opens=java.desktop/javax.swing.tree=ALL-UNNAMED --add-opens=java.desktop/java.awt.event=ALL-UNNAMED --add-exports=java.desktop/javax.swing.plaf.synth=ALL-UNNAMED --add-exports=java.base/java.nio=ALL-UNNAMED --add-exports=java.desktop/sun.swing=ALL-UNNAMED --add-exports=java.desktop/javax.swing=ALL-UNNAMED --add-exports=java.desktop/javax.swing.tree=ALL-UNNAMED --add-exports=java.desktop/javax.swing.plaf.basic=ALL-UNNAMED --add-exports=java.desktop/sun.swing=ALL-UNNAMED --add-exports=java.desktop/sun.swing.table=ALL-UNNAMED --add-exports=java.desktop/sun.swing.plaf.synth=ALL-UNNAMED --add-exports=java.desktop/sun.awt.shell=ALL-UNNAMED --add-exports=java.base/sun.security.action=ALL-UNNAMED --add-exports=java.desktop/sun.font=ALL-UNNAMED -XX:NewSize=60m -XX:MaxNewSize=60m -Xms256m -Xmx3072m -Xss5m 
java_command: <unknown>
java_class_path (initial): C:/Xilinx/Vivado/2022.2\lib\classes\alloy.jar;C:/Xilinx/Vivado/2022.2\lib\classes\asm-9.3.jar;C:/Xilinx/Vivado/2022.2\lib\classes\asm-analysis-9.3.jar;C:/Xilinx/Vivado/2022.2\lib\classes\asm-commons-9.3.jar;C:/Xilinx/Vivado/2022.2\lib\classes\asm-tree-9.3.jar;C:/Xilinx/Vivado/2022.2\lib\classes\autoesl-models.jar;C:/Xilinx/Vivado/2022.2\lib\classes\batik-anim.jar;C:/Xilinx/Vivado/2022.2\lib\classes\batik-awt-util.jar;C:/Xilinx/Vivado/2022.2\lib\classes\batik-bridge.jar;C:/Xilinx/Vivado/2022.2\lib\classes\batik-codec.jar;C:/Xilinx/Vivado/2022.2\lib\classes\batik-css.jar;C:/Xilinx/Vivado/2022.2\lib\classes\batik-dom.jar;C:/Xilinx/Vivado/2022.2\lib\classes\batik-ext.jar;C:/Xilinx/Vivado/2022.2\lib\classes\batik-gui-util.jar;C:/Xilinx/Vivado/2022.2\lib\classes\batik-gvt.jar;C:/Xilinx/Vivado/2022.2\lib\classes\batik-parser.jar;C:/Xilinx/Vivado/2022.2\lib\classes\batik-script.jar;C:/Xilinx/Vivado/2022.2\lib\classes\batik-svg-dom.jar;C:/Xilinx/Vivado/2022.2\lib\classes\batik-svggen.jar;C:/Xilinx/Vivado/2022.2\lib\classes\batik-swing.jar;C:/Xilinx/Vivado/2022.2\lib\classes\batik-transcoder.jar;C:/Xilinx/Vivado/2022.2\lib\classes\batik-util.jar;C:/Xilinx/Vivado/2022.2\lib\classes\batik-xml.jar;C:/Xilinx/Vivado/2022.2\lib\classes\com.fasterxml.jackson.core.jackson-annotations_2.12.1.v20210128-1726.jar;C:/Xilinx/Vivado/2022.2\lib\classes\com.fasterxml.jackson.core.jackson-core_2.12.1.v20210128-1726.jar;C:/Xilinx/Vivado/2022.2\lib\classes\com.fasterxml.jackson.core.jackson-databind_2.12.1.v20210128-1726.jar;C:/Xilinx/Vivado/2022.2\lib\classes\com.google.gson_2.8.7.v20210624-1215.jar;C:/Xilinx/Vivado/2022.2\lib\classes\com.google.guava_30.1.0.v20210127-2300.jar;C:/Xilinx/Vivado/2022.2\lib\classes\com.sigasi.hdt.connection_4.15.0.202201101137.jar;C:/Xilinx/Vivado/2022.2\lib\classes\com.sigasi.hdt.epl_4.15.0.202201101137.jar;C:/Xilinx/Vivado/2022.2\lib\classes\com.sigasi.hdt.project_4.15.0.202201101137.jar;C:/Xilinx/Vivado/2022.2\lib\classes\com.sigasi
Launcher Type: generic

[Global flags]
     bool BytecodeVerificationLocal                = false                                     {product} {command line}
     bool BytecodeVerificationRemote               = false                                     {product} {command line}
     intx CICompilerCount                          = 4                                         {product} {ergonomic}
     uint ConcGCThreads                            = 3                                         {product} {ergonomic}
     uint G1ConcRefinementThreads                  = 10                                        {product} {ergonomic}
   size_t G1HeapRegionSize                         = 1048576                                   {product} {ergonomic}
    uintx GCDrainStackTargetSize                   = 64                                        {product} {ergonomic}
   size_t InitialHeapSize                          = 268435456                                 {product} {command line}
   size_t MarkStackSize                            = 4194304                                   {product} {ergonomic}
   size_t MaxHeapSize                              = 3221225472                                {product} {command line}
   size_t MaxNewSize                               = 62914560                                  {product} {command line}
   size_t MinHeapDeltaBytes                        = 1048576                                   {product} {ergonomic}
   size_t NewSize                                  = 62914560                                  {product} {command line}
    uintx NonNMethodCodeHeapSize                   = 5836300                                {pd product} {ergonomic}
    uintx NonProfiledCodeHeapSize                  = 122910970                              {pd product} {ergonomic}
    uintx ProfiledCodeHeapSize                     = 122910970                              {pd product} {ergonomic}
    uintx ReservedCodeCacheSize                    = 251658240                              {pd product} {ergonomic}
     bool SegmentedCodeCache                       = true                                      {product} {ergonomic}
    uintx StringTableSize                          = 4072                                      {product} {command line}
     intx ThreadStackSize                          = 5120                                   {pd product} {command line}
     bool UseCompressedClassPointers               = true                                 {lp64_product} {ergonomic}
     bool UseCompressedOops                        = true                                 {lp64_product} {ergonomic}
     bool UseG1GC                                  = true                                      {product} {ergonomic}
     bool UseLargePagesIndividualAllocation        = false                                  {pd product} {ergonomic}
     bool UsePerfData                              = false                                     {product} {command line}

Logging:
Log output configuration:
 #0: stdout all=warning uptime,level,tags
 #1: stderr all=off uptime,level,tags

Environment Variables:
PATH=C:/Xilinx/Vivado/2022.2\gnuwin\bin;C:/Xilinx/Vivado/2022.2\gnu\microblaze\nt\bin;C:/Xilinx/Vivado/2022.2/bin;C:/Xilinx/Vivado/2022.2/tps/win64/java-cef-95.0.4638.69/bin/lib/win64;C:/Xilinx/Vivado/2022.2/tps/win64/javafx-sdk-11.0.2/lib;C:/Xilinx/Vivado/2022.2/tps/win64/javafx-sdk-11.0.2/bin;C:/Xilinx/Vivado/2022.2/lib/win64.o;C:/Xilinx/Vivado/2022.2/tps/win64/jre11.0.11_9/bin/server;C:/Xilinx/Vivado/2022.2/tps/win64/jre11.0.11_9/bin;C:/Xilinx/Vitis/2022.2/bin;C:/Xilinx/Vivado/2022.2/ids_lite/ISE/bin/nt64;C:/Xilinx/Vivado/2022.2/ids_lite/ISE/lib/nt64;C:/Xilinx/Vitis_HLS/2022.2/bin;C:\WINDOWS\system32;C:\WINDOWS;C:\WINDOWS\System32\Wbem;C:\WINDOWS\System32\WindowsPowerShell\v1.0\;C:\WINDOWS\System32\OpenSSH\;C:\Program Files\PuTTY\;C:\Program Files\Git\cmd;C:\Users\Orion\AppData\Local\Microsoft\WindowsApps;C:\Users\Orion\AppData\Local\Programs\Microsoft VS Code\bin;C:\intelFPGA_lite\22.1std\questa_fse\win64;C:\Users\Orion\AppData\Local\GitHubDesktop\bin;C:/Xilinx/Vivado/2022.2\tps\mingw\6.2.0\win64.o\nt\bin;C:/Xilinx/Vivado/2022.2\tps\mingw\6.2.0\win64.o\nt\libexec\gcc\x86_64-w64-mingw32\6.2.0;C:/Xilinx/Vivado/2022.2\tps\win64\python-3.8.3;C:/Xilinx/Vivado/2022.2\tps\win64\python-3.8.3\bin;C:/Xilinx/Vivado/2022.2\tps\win64\python-3.8.3\lib;C:/Xilinx/Vivado/2022.2\tps\win64\python-3.8.3\lib\site-packages
USERNAME=Orion
OS=Windows_NT
PROCESSOR_IDENTIFIER=AMD64 Family 23 Model 104 Stepping 1, AuthenticAMD



---------------  S Y S T E M  ---------------

OS: Windows 10 , 64 bit Build 22621 (10.0.22621.3958)
OS uptime: 2 days 4:52 hours
Hyper-V role detected

CPU:total 12 (initial active 12) (12 cores per cpu, 2 threads per core) family 23 model 104 stepping 1 microcode 0x0, cmov, cx8, fxsr, mmx, sse, sse2, sse3, ssse3, sse4.1, sse4.2, popcnt, avx, avx2, aes, clmul, mmxext, 3dnowpref, lzcnt, sse4a, ht, tsc, tscinvbit, tscinv, bmi1, bmi2, adx,

Memory: 4k page, system-wide physical 15709M (5081M free)
TotalPageFile size 32093M (AvailPageFile size 14973M)
current process WorkingSet (physical memory assigned to process): 1560M, peak: 1563M
current process commit charge ("private bytes"): 1645M, peak: 1648M

vm_info: OpenJDK 64-Bit Server VM (11.0.11+9) for windows-amd64 JRE (11.0.11+9), built on Apr  9 2021 19:32:08 by "" with MS VC++ 15.5 (VS2017)

END.
