#
# A fatal error has been detected by the Java Runtime Environment:
#
#  EXCEPTION_ACCESS_VIOLATION (0xc0000005) at pc=0x00007ffe666eca70, pid=19800, tid=29624
#
# JRE version: OpenJDK Runtime Environment 18.9 (11.0.11+9) (build 11.0.11+9)
# Java VM: OpenJDK 64-Bit Server VM 18.9 (11.0.11+9, mixed mode, tiered, compressed oops, g1 gc, windows-amd64)
# Problematic frame:
# C  [librdi_coregen.dll+0x31ca70]
#
# No core dump will be written. Minidumps are not enabled by default on client versions of Windows
#
# If you would like to submit a bug report, please visit:
#   https://bugreport.java.com/bugreport/crash.jsp
# The crash happened outside the Java Virtual Machine in native code.
# See problematic frame for where to report the bug.
#

---------------  S U M M A R Y ------------

Command Line: -Dsun.java2d.pmoffscreen=false -Dhttps.protocols=TLSv1,TLSv1.1,TLSv1.2 -Dsun.java2d.xrender=false -Dsun.java2d.d3d=false -Dsun.awt.nopixfmt=true -Dsun.java2d.dpiaware=true -Dsun.java2d.uiScale.enabled=false -Xverify:none -Dswing.aatext=true -XX:-UsePerfData -Djdk.map.althashing.threshold=512 -XX:StringTableSize=4072 --add-opens=java.desktop/com.sun.awt=ALL-UNNAMED --add-opens=java.desktop/javax.swing.plaf.synth=ALL-UNNAMED --add-opens=java.base/java.nio=ALL-UNNAMED --add-opens=java.desktop/sun.swing=ALL-UNNAMED --add-opens=java.desktop/javax.swing=ALL-UNNAMED --add-opens=java.desktop/javax.swing.tree=ALL-UNNAMED --add-opens=java.desktop/javax.swing.plaf.basic=ALL-UNNAMED --add-opens=java.desktop/javax.swing.plaf.synth=ALL-UNNAMED --add-opens=java.desktop/javax.swing.plaf.basic=ALL-UNNAMED --add-opens=java.desktop/javax.swing=ALL-UNNAMED --add-opens=java.desktop/javax.swing.tree=ALL-UNNAMED --add-opens=java.desktop/java.awt.event=ALL-UNNAMED --add-exports=java.desktop/javax.swing.plaf.synth=ALL-UNNAMED --add-exports=java.base/java.nio=ALL-UNNAMED --add-exports=java.desktop/sun.swing=ALL-UNNAMED --add-exports=java.desktop/javax.swing=ALL-UNNAMED --add-exports=java.desktop/javax.swing.tree=ALL-UNNAMED --add-exports=java.desktop/javax.swing.plaf.basic=ALL-UNNAMED --add-exports=java.desktop/sun.swing=ALL-UNNAMED --add-exports=java.desktop/sun.swing.table=ALL-UNNAMED --add-exports=java.desktop/sun.swing.plaf.synth=ALL-UNNAMED --add-exports=java.desktop/sun.awt.shell=ALL-UNNAMED --add-exports=java.base/sun.security.action=ALL-UNNAMED --add-exports=java.desktop/sun.font=ALL-UNNAMED -XX:NewSize=60m -XX:MaxNewSize=60m -Xms256m -Xmx3072m -Xss5m 

Host: AMD Ryzen 5 5500U with Radeon Graphics         , 12 cores, 15G,  Windows 10 , 64 bit Build 22621 (10.0.22621.3958)
Time: Mon Oct 28 23:16:49 2024 Central Daylight Time elapsed time: 250.945956 seconds (0d 0h 4m 10s)

---------------  T H R E A D  ---------------

Current thread (0x000002f8f129c800):  JavaThread "AWT-EventQueue-0" [_thread_in_native, id=29624, stack(0x000000fc00f00000,0x000000fc01400000)]

Stack: [0x000000fc00f00000,0x000000fc01400000],  sp=0x000000fc013f9308,  free space=5092k
Native frames: (J=compiled Java code, j=interpreted, Vv=VM code, C=native code)
C  [librdi_coregen.dll+0x31ca70]

Java frames: (J=compiled Java code, j=interpreted, Vv=VM code)
j  ui.data.rsb.rsbenginei.RSBEngineMgr_isDesignValidated(JJZ)Z+0
j  ui.data.l.aA.j(Lui/data/l/bd;)Z+9
j  ui.data.l.bd.dQh()Z+8
j  ui.views.A.a.aQh()Z+44
j  ui.views.A.a.fyg()V+1
j  ui.views.A.a.notifyRSBSystemChange(Z)V+5
j  ui.data.l.bd.a(Lui/frmwork/a/n;Z)V+103
j  ui.data.l.bd.nY(Z)V+3
j  ui.data.l.be.run()V+93
J 16595 c2 java.awt.EventQueue$4.run()Ljava/lang/Void; java.desktop@11.0.11 (60 bytes) @ 0x000002f8e21c2910 [0x000002f8e21c2600+0x0000000000000310]
J 16674 c2 java.awt.EventQueue$4.run()Ljava/lang/Object; java.desktop@11.0.11 (5 bytes) @ 0x000002f8e21ee3d4 [0x000002f8e21ee3a0+0x0000000000000034]
v  ~StubRoutines::call_stub
J 3660  java.security.AccessController.doPrivileged(Ljava/security/PrivilegedAction;Ljava/security/AccessControlContext;)Ljava/lang/Object; java.base@11.0.11 (0 bytes) @ 0x000002f8e14982b6 [0x000002f8e1498240+0x0000000000000076]
J 13380 c2 ui.frmwork.a.d.dispatchEvent(Ljava/awt/AWTEvent;)V (42 bytes) @ 0x000002f8e160bbf0 [0x000002f8e160b720+0x00000000000004d0]
J 18258 c2 java.awt.EventDispatchThread.pumpOneEventForFilters(I)V java.desktop@11.0.11 (113 bytes) @ 0x000002f8e23dccec [0x000002f8e23dc0a0+0x0000000000000c4c]
j  java.awt.EventDispatchThread.pumpEventsForFilter(ILjava/awt/Conditional;Ljava/awt/EventFilter;)V+35 java.desktop@11.0.11
j  java.awt.EventDispatchThread.pumpEventsForFilter(Ljava/awt/Conditional;Ljava/awt/EventFilter;)V+4 java.desktop@11.0.11
j  java.awt.WaitDispatchSupport$2.run()V+59 java.desktop@11.0.11
j  java.awt.WaitDispatchSupport$4.run()Ljava/lang/Void;+4 java.desktop@11.0.11
j  java.awt.WaitDispatchSupport$4.run()Ljava/lang/Object;+1 java.desktop@11.0.11
v  ~StubRoutines::call_stub
J 1438  java.security.AccessController.doPrivileged(Ljava/security/PrivilegedAction;)Ljava/lang/Object; java.base@11.0.11 (0 bytes) @ 0x000002f8e133bea2 [0x000002f8e133be40+0x0000000000000062]
j  java.awt.WaitDispatchSupport.enter()Z+260 java.desktop@11.0.11
j  java.awt.Dialog.show()V+224 java.desktop@11.0.11
J 6873 c1 java.awt.Component.setVisible(Z)V java.desktop@11.0.11 (6 bytes) @ 0x000002f8dae259e4 [0x000002f8dae257e0+0x0000000000000204]
j  java.awt.Window.setVisible(Z)V+2 java.desktop@11.0.11
j  java.awt.Dialog.setVisible(Z)V+2 java.desktop@11.0.11
j  ui.dlg.c.e.setVisible(Z)V+2
j  ui.dlg.c.bq.bBK()V+65
j  ui.dlg.c.bq$c.aKX()V+4
j  ui.dlg.c.bq$c$$Lambda$251.run()V+4
J 16595 c2 java.awt.EventQueue$4.run()Ljava/lang/Void; java.desktop@11.0.11 (60 bytes) @ 0x000002f8e21c26e4 [0x000002f8e21c2600+0x00000000000000e4]
J 16674 c2 java.awt.EventQueue$4.run()Ljava/lang/Object; java.desktop@11.0.11 (5 bytes) @ 0x000002f8e21ee3d4 [0x000002f8e21ee3a0+0x0000000000000034]
v  ~StubRoutines::call_stub
J 3660  java.security.AccessController.doPrivileged(Ljava/security/PrivilegedAction;Ljava/security/AccessControlContext;)Ljava/lang/Object; java.base@11.0.11 (0 bytes) @ 0x000002f8e14982b6 [0x000002f8e1498240+0x0000000000000076]
J 13380 c2 ui.frmwork.a.d.dispatchEvent(Ljava/awt/AWTEvent;)V (42 bytes) @ 0x000002f8e160bbf0 [0x000002f8e160b720+0x00000000000004d0]
J 18258 c2 java.awt.EventDispatchThread.pumpOneEventForFilters(I)V java.desktop@11.0.11 (113 bytes) @ 0x000002f8e23dccec [0x000002f8e23dc0a0+0x0000000000000c4c]
j  java.awt.EventDispatchThread.pumpEventsForFilter(ILjava/awt/Conditional;Ljava/awt/EventFilter;)V+35 java.desktop@11.0.11
j  java.awt.EventDispatchThread.pumpEventsForHierarchy(ILjava/awt/Conditional;Ljava/awt/Component;)V+11 java.desktop@11.0.11
j  java.awt.EventDispatchThread.pumpEvents(ILjava/awt/Conditional;)V+4 java.desktop@11.0.11
j  java.awt.EventDispatchThread.pumpEvents(Ljava/awt/Conditional;)V+3 java.desktop@11.0.11
j  java.awt.EventDispatchThread.run()V+9 java.desktop@11.0.11
v  ~StubRoutines::call_stub

siginfo: EXCEPTION_ACCESS_VIOLATION (0xc0000005), reading address 0x00000000000000c8


Register to memory mapping:

RIP=0x00007ffe666eca70 librdi_coregen.dll
RAX=0x000002f8ff4948f0 points into unknown readable memory: 0x00007ffe67ee7540 | 40 75 ee 67 fe 7f 00 00
RBX=0x000002f8ff4948f0 points into unknown readable memory: 0x00007ffe67ee7540 | 40 75 ee 67 fe 7f 00 00
RCX=0x0 is NULL
RDX=0x00007ffe68086690 librdi_coregen.dll
RSP=0x000000fc013f9308 is pointing into the stack for thread: 0x000002f8f129c800
RBP=0x000000fc013f9470 is pointing into the stack for thread: 0x000002f8f129c800
RSI=0x0 is NULL
RDI=0x000002f893775400 points into unknown readable memory: 0x0000000000000000 | 00 00 00 00 00 00 00 00
R8 =0x0000000000000001 is an unknown value
R9 =0x00007ffe68086668 librdi_coregen.dll
R10=0x00007ffe663d0000 librdi_coregen.dll
R11=0x000000fc013f9340 is pointing into the stack for thread: 0x000002f8f129c800
R12=0x0 is NULL
R13={method} {0x000002f88ae0a9c8} 'RSBEngineMgr_isDesignValidated' '(JJZ)Z' in 'ui/data/rsb/rsbenginei'
R14=0x000000fc013f9688 is pointing into the stack for thread: 0x000002f8f129c800
R15=0x0 is NULL


Registers:
RAX=0x000002f8ff4948f0, RBX=0x000002f8ff4948f0, RCX=0x0000000000000000, RDX=0x00007ffe68086690
RSP=0x000000fc013f9308, RBP=0x000000fc013f9470, RSI=0x0000000000000000, RDI=0x000002f893775400
R8 =0x0000000000000001, R9 =0x00007ffe68086668, R10=0x00007ffe663d0000, R11=0x000000fc013f9340
R12=0x0000000000000000, R13=0x000002f88ae0a9c0, R14=0x000000fc013f9688, R15=0x0000000000000000
RIP=0x00007ffe666eca70, EFLAGS=0x0000000000010246

Top of Stack: (sp=0x000000fc013f9308)
0x000000fc013f9308:   00007ffe666416e6 00007ffe5fbffd30
0x000000fc013f9318:   00007ffe663d0000 000000fc013f94f0
0x000000fc013f9328:   000002f8f129c800 fffffffffffffffe
0x000000fc013f9338:   00007ffed168c4d5 0000000000000000
0x000000fc013f9348:   000000fc013f9688 000002f88ae0a9c0
0x000000fc013f9358:   0000000000000000 000002f893775440
0x000000fc013f9368:   00007ffe5f433690 000002f893775440
0x000000fc013f9378:   000002f8ae77c2e0 0000000000000000
0x000000fc013f9388:   00000007433011a8 0000000000000000
0x000000fc013f9398:   0000000000000010 00000000e866023b
0x000000fc013f93a8:   000002f8e177b048 0000000000000007
0x000000fc013f93b8:   000002f8ae77c2e0 fffffffffffffffe
0x000000fc013f93c8:   000002f8e1764aa0 0000000000000007
0x000000fc013f93d8:   000000074ea76fb0 00000007432f16e0
0x000000fc013f93e8:   000000074ea76fb0 0000000700000000
0x000000fc013f93f8:   00000007433011a8 000000074ea76fb0 

Instructions: (pc=0x00007ffe666eca70)
0x00007ffe666ec970:   c0 75 7f 48 89 6c 24 38 88 44 24 40 48 8d 4c 24
0x00007ffe666ec980:   38 e8 6a 53 ff ff 90 48 8b d6 48 8b 8f f8 00 00
0x00007ffe666ec990:   00 e8 2a 86 ea ff 48 8b 07 48 8b cf ff 50 68 48
0x00007ffe666ec9a0:   85 c0 74 3b 48 8b 10 48 8b c8 ff 92 50 01 00 00
0x00007ffe666ec9b0:   48 8b c8 c7 44 24 20 00 00 00 00 4c 8d 0d 8e 89
0x00007ffe666ec9c0:   10 02 4c 8d 05 b7 89 10 02 33 d2 e8 30 a9 fb 00
0x00007ffe666ec9d0:   48 85 c0 74 0a b2 01 48 8b c8 e8 21 6f f5 ff 48
0x00007ffe666ec9e0:   8b cf e8 f9 00 37 00 90 48 8d 4c 24 38 e8 3e a6
0x00007ffe666ec9f0:   fd ff 48 8b 5c 24 60 48 8b 6c 24 68 48 8b 74 24
0x00007ffe666eca00:   70 48 83 c4 50 5f c3 cc cc cc cc cc cc cc cc cc
0x00007ffe666eca10:   8b 02 89 81 30 01 00 00 c3 cc cc cc cc cc cc cc
0x00007ffe666eca20:   c2 00 00 cc cc cc cc cc cc cc cc cc cc cc cc cc
0x00007ffe666eca30:   40 53 48 83 ec 20 48 8b 59 08 48 8d 15 6f 8f 7e
0x00007ffe666eca40:   01 48 8d 4b 08 e8 46 ad e0 ff 48 8d 15 2f bf e0
0x00007ffe666eca50:   ff 48 8d 4b 08 48 83 c4 20 5b 48 ff 25 c7 99 7b
0x00007ffe666eca60:   01 cc cc cc cc cc cc cc cc cc cc cc cc cc cc cc
0x00007ffe666eca70:   48 8b 89 c8 00 00 00 48 85 c9 0f 85 00 1b fd ff
0x00007ffe666eca80:   32 c0 c3 cc cc cc cc cc cc cc cc cc cc cc cc cc
0x00007ffe666eca90:   40 57 48 83 ec 40 48 c7 44 24 20 fe ff ff ff 48
0x00007ffe666ecaa0:   89 5c 24 50 48 8b d9 40 b7 01 e8 c1 47 ff ff 84
0x00007ffe666ecab0:   c0 75 24 48 8b cb e8 05 ff 36 00 84 c0 74 18 48
0x00007ffe666ecac0:   8b 8b f8 00 00 00 e8 a5 1d ea ff 48 8b c8 e8 7d
0x00007ffe666ecad0:   c5 0c 00 84 c0 74 0d 32 c0 48 8b 5c 24 50 48 83
0x00007ffe666ecae0:   c4 40 5f c3 48 8d 83 d8 00 00 00 48 89 44 24 28
0x00007ffe666ecaf0:   c6 44 24 30 00 48 8d 4c 24 28 e8 f1 51 ff ff 90
0x00007ffe666ecb00:   48 8b 8b f8 00 00 00 e8 e4 13 ea ff 48 8b d8 48
0x00007ffe666ecb10:   8d 4c 24 28 e8 17 a5 fd ff 48 8b cb e8 1f 05 e8
0x00007ffe666ecb20:   00 40 0f b6 cf 33 d2 84 c0 0f 45 ca 0f b6 c1 48
0x00007ffe666ecb30:   8b 5c 24 50 48 83 c4 40 5f c3 cc cc cc cc cc cc
0x00007ffe666ecb40:   48 8b c4 55 57 41 54 41 56 41 57 48 8d 68 a1 48
0x00007ffe666ecb50:   81 ec f0 00 00 00 48 c7 44 24 38 fe ff ff ff 48
0x00007ffe666ecb60:   89 58 18 48 89 70 20 48 8b 05 32 33 10 02 48 33 


Stack slot to memory mapping:
stack at sp + 0 slots: 0x00007ffe666416e6 librdi_coregen.dll
stack at sp + 1 slots: 0x00007ffe5fbffd30 librdi_rsb.dll
stack at sp + 2 slots: 0x00007ffe663d0000 librdi_coregen.dll
stack at sp + 3 slots: 0x000000fc013f94f0 is pointing into the stack for thread: 0x000002f8f129c800
stack at sp + 4 slots: 0x000002f8f129c800 is a thread
stack at sp + 5 slots: 0xfffffffffffffffe is an unknown value
stack at sp + 6 slots: 0x00007ffed168c4d5 librdi_filemgmt.dll
stack at sp + 7 slots: 0x0 is NULL


---------------  P R O C E S S  ---------------

Threads class SMR info:
_java_thread_list=0x000002f88a8ff130, length=92, elements={
0x000002f8d0d7a000, 0x000002f8d0fe7800, 0x000002f8d0fed000, 0x000002f8d0ffb000,
0x000002f8d0ffc000, 0x000002f8d0ffd800, 0x000002f8d1022800, 0x000002f8d0fe3000,
0x000002f8d102b000, 0x000002f8ee0bb800, 0x000002f8ee976000, 0x000002f8ee6d5800,
0x000002f8f1b32000, 0x000002f8ee8d8800, 0x000002f8f129c800, 0x000002f8f3210000,
0x000002f8f1b2c800, 0x000002f8d0fe2000, 0x000002f8f01f6800, 0x000002f8f01f3800,
0x000002f8f01f4000, 0x000002f8f01fa000, 0x000002f8f01f5800, 0x000002f8f01f5000,
0x000002f8f01f7800, 0x000002f8f01fc000, 0x000002f8f01fe000, 0x000002f8f01fb800,
0x000002f8f0201000, 0x000002f8f01ff800, 0x000002f8f0200800, 0x000002f8d0fe0800,
0x000002f8d0fe1000, 0x000002f88f9ff800, 0x000002f88f9fc800, 0x000002f88fa00800,
0x000002f88f9fd000, 0x000002f88f9fe800, 0x000002f88fa01000, 0x000002f88fa03000,
0x000002f88f9fe000, 0x000002f88fa03800, 0x000002f88fa02000, 0x000002f8f01fd000,
0x000002f88fa0c000, 0x000002f8f01f2800, 0x000002f8f01fa800, 0x000002f88fa07000,
0x000002f8f01f8000, 0x000002f891ae5000, 0x000002f891ae4000, 0x000002f891ae3800,
0x000002f891ae8000, 0x000002f891ae5800, 0x000002f891aea800, 0x000002f891aeb800,
0x000002f891aec800, 0x000002f891ae9000, 0x000002f891ae7800, 0x000002f891aea000,
0x000002f891ae6800, 0x000002f891af3000, 0x000002f891af0800, 0x000002f891aed000,
0x000002f891af2000, 0x000002f891aee000, 0x000002f891aee800, 0x000002f891af1000,
0x000002f891aef800, 0x000002f88f302800, 0x000002f88f308000, 0x000002f88f304000,
0x000002f88f309000, 0x000002f88f307000, 0x000002f88f304800, 0x000002f88f303000,
0x000002f88f305800, 0x000002f88f30a800, 0x000002f88f30b800, 0x000002f88f309800,
0x000002f88f30c000, 0x000002f88fa0a000, 0x000002f89ef0e800, 0x000002f89ef0f000,
0x000002f89ef0a800, 0x000002f89ef0c800, 0x000002f89ef0d800, 0x000002f88f306800,
0x000002f8ae5ec000, 0x000002f8ae5e9800, 0x000002f8ae5ea800, 0x000002f8ae5ec800
}

Java Threads: ( => current thread )
  0x000002f8d0d7a000 JavaThread "main" [_thread_blocked, id=35360, stack(0x000000fc7b800000,0x000000fc7b900000)]
  0x000002f8d0fe7800 JavaThread "Reference Handler" daemon [_thread_blocked, id=30540, stack(0x000000fc7bf00000,0x000000fc7c400000)]
  0x000002f8d0fed000 JavaThread "Finalizer" daemon [_thread_blocked, id=34448, stack(0x000000fc7c400000,0x000000fc7c900000)]
  0x000002f8d0ffb000 JavaThread "Signal Dispatcher" daemon [_thread_blocked, id=28184, stack(0x000000fc7c900000,0x000000fc7ce00000)]
  0x000002f8d0ffc000 JavaThread "Attach Listener" daemon [_thread_blocked, id=33188, stack(0x000000fc7ce00000,0x000000fc7d300000)]
  0x000002f8d0ffd800 JavaThread "Service Thread" daemon [_thread_blocked, id=31388, stack(0x000000fc7d300000,0x000000fc7d800000)]
  0x000002f8d1022800 JavaThread "C2 CompilerThread0" daemon [_thread_blocked, id=35592, stack(0x000000fc7d800000,0x000000fc7d900000)]
  0x000002f8d0fe3000 JavaThread "C1 CompilerThread0" daemon [_thread_blocked, id=28816, stack(0x000000fc7d900000,0x000000fc7da00000)]
  0x000002f8d102b000 JavaThread "Sweeper thread" daemon [_thread_blocked, id=33912, stack(0x000000fc7da00000,0x000000fc7df00000)]
  0x000002f8ee0bb800 JavaThread "Common-Cleaner" daemon [_thread_blocked, id=9600, stack(0x000000fc7df00000,0x000000fc7e400000)]
  0x000002f8ee976000 JavaThread "Java2D Disposer" daemon [_thread_blocked, id=35580, stack(0x000000fc7e500000,0x000000fc7ea00000)]
  0x000002f8ee6d5800 JavaThread "AWT-Windows" daemon [_thread_in_native, id=34152, stack(0x000000fc7ef00000,0x000000fc7f400000)]
  0x000002f8f1b32000 JavaThread "TimerQueue" daemon [_thread_blocked, id=14708, stack(0x000000fc00000000,0x000000fc00500000)]
  0x000002f8ee8d8800 JavaThread "AWT-Shutdown" [_thread_blocked, id=32864, stack(0x000000fc00a00000,0x000000fc00f00000)]
=>0x000002f8f129c800 JavaThread "AWT-EventQueue-0" [_thread_in_native, id=29624, stack(0x000000fc00f00000,0x000000fc01400000)]
  0x000002f8f3210000 JavaThread "Thread-1" [_thread_in_native, id=28520, stack(0x000000fc7a000000,0x000000fc7b400000)]
  0x000002f8f1b2c800 JavaThread "Process Messages Thread" [_thread_blocked, id=29024, stack(0x000000fc01900000,0x000000fc01e00000)]
  0x000002f8d0fe2000 JavaThread "Batik CleanerThread" daemon [_thread_blocked, id=10476, stack(0x000000fc01400000,0x000000fc01900000)]
  0x000002f8f01f6800 JavaThread "SyntheticaCleanerThread" daemon [_thread_blocked, id=9676, stack(0x000000fc02700000,0x000000fc02c00000)]
  0x000002f8f01f3800 JavaThread "Monitor HEventQueue Thread" [_thread_blocked, id=15836, stack(0x000000fc03600000,0x000000fc03b00000)]
  0x000002f8f01f4000 JavaThread "SyntheticaAnimation 50" daemon [_thread_blocked, id=26400, stack(0x000000fc03b00000,0x000000fc04000000)]
  0x000002f8f01fa000 JavaThread "SyntheticaAnimation 25" daemon [_thread_blocked, id=12180, stack(0x000000fc04000000,0x000000fc04500000)]
  0x000002f8f01f5800 JavaThread "SyntheticaAnimation 70" daemon [_thread_blocked, id=17492, stack(0x000000fc04a00000,0x000000fc04f00000)]
  0x000002f8f01f5000 JavaThread "Refresh Filesets Swing Worker Thread" [_thread_blocked, id=11984, stack(0x000000fc00500000,0x000000fc00a00000)]
  0x000002f8f01f7800 JavaThread "hw_ila_monitor" [_thread_blocked, id=27884, stack(0x000000fc01e00000,0x000000fc02300000)]
  0x000002f8f01fc000 JavaThread "pool-2-thread-1" [_thread_blocked, id=30904, stack(0x000000fc05400000,0x000000fc05900000)]
  0x000002f8f01fe000 JavaThread "pool-3-thread-1" [_thread_blocked, id=764, stack(0x000000fc05900000,0x000000fc05e00000)]
  0x000002f8f01fb800 JavaThread "pool-4-thread-1" [_thread_blocked, id=30192, stack(0x000000fc05e00000,0x000000fc06300000)]
  0x000002f8f0201000 JavaThread "pool-5-thread-1" [_thread_blocked, id=30792, stack(0x000000fc06300000,0x000000fc06800000)]
  0x000002f8f01ff800 JavaThread "pool-6-thread-1" [_thread_blocked, id=7212, stack(0x000000fc06800000,0x000000fc06d00000)]
  0x000002f8f0200800 JavaThread "pool-7-thread-1" [_thread_blocked, id=6132, stack(0x000000fc06d00000,0x000000fc07200000)]
  0x000002f8d0fe0800 JavaThread "pool-8-thread-1" [_thread_blocked, id=27804, stack(0x000000fc07200000,0x000000fc07700000)]
  0x000002f8d0fe1000 JavaThread "pool-9-thread-1" [_thread_blocked, id=30584, stack(0x000000fc07700000,0x000000fc07c00000)]
  0x000002f88f9ff800 JavaThread "pool-10-thread-1" [_thread_blocked, id=30068, stack(0x000000fc07c00000,0x000000fc08100000)]
  0x000002f88f9fc800 JavaThread "pool-11-thread-1" [_thread_blocked, id=32480, stack(0x000000fc08100000,0x000000fc08600000)]
  0x000002f88fa00800 JavaThread "pool-12-thread-1" [_thread_blocked, id=34012, stack(0x000000fc08600000,0x000000fc08b00000)]
  0x000002f88f9fd000 JavaThread "pool-13-thread-1" [_thread_blocked, id=34104, stack(0x000000fc08b00000,0x000000fc09000000)]
  0x000002f88f9fe800 JavaThread "pool-14-thread-1" [_thread_blocked, id=33260, stack(0x000000fc09000000,0x000000fc09500000)]
  0x000002f88fa01000 JavaThread "pool-15-thread-1" [_thread_blocked, id=2564, stack(0x000000fc09500000,0x000000fc09a00000)]
  0x000002f88fa03000 JavaThread "pool-16-thread-1" [_thread_blocked, id=34792, stack(0x000000fc09a00000,0x000000fc09f00000)]
  0x000002f88f9fe000 JavaThread "pool-17-thread-1" [_thread_blocked, id=19852, stack(0x000000fc09f00000,0x000000fc0a400000)]
  0x000002f88fa03800 JavaThread "pool-18-thread-1" [_thread_blocked, id=21728, stack(0x000000fc0a400000,0x000000fc0a900000)]
  0x000002f88fa02000 JavaThread "SyntheticaAnimation 50" daemon [_thread_blocked, id=35536, stack(0x000000fc02c00000,0x000000fc03100000)]
  0x000002f8f01fd000 JavaThread "Swing-Shell" daemon [_thread_blocked, id=28220, stack(0x000000fc0b300000,0x000000fc0b800000)]
  0x000002f88fa0c000 JavaThread "Image Animator 3" daemon [_thread_blocked, id=21408, stack(0x000000fc0ba00000,0x000000fc0bf00000)]
  0x000002f8f01f2800 JavaThread "Timer-0" [_thread_blocked, id=21064, stack(0x000000fc0bf00000,0x000000fc0c400000)]
  0x000002f8f01fa800 JavaThread "Monitor File Timestamp Swing Worker Thread" [_thread_blocked, id=31664, stack(0x000000fc0c400000,0x000000fc0c900000)]
  0x000002f88fa07000 JavaThread "Update Runs Swing Worker Thread" [_thread_blocked, id=27896, stack(0x000000fc0ae00000,0x000000fc0b300000)]
  0x000002f8f01f8000 JavaThread "pool-22-thread-1" [_thread_blocked, id=32596, stack(0x000000fc0ce00000,0x000000fc0d300000)]
  0x000002f891ae5000 JavaThread "pool-23-thread-1" [_thread_blocked, id=33796, stack(0x000000fc0d300000,0x000000fc0d800000)]
  0x000002f891ae4000 JavaThread "pool-24-thread-1" [_thread_blocked, id=31016, stack(0x000000fc0d800000,0x000000fc0dd00000)]
  0x000002f891ae3800 JavaThread "pool-25-thread-1" [_thread_blocked, id=23088, stack(0x000000fc0dd00000,0x000000fc0e200000)]
  0x000002f891ae8000 JavaThread "pool-26-thread-1" [_thread_blocked, id=32588, stack(0x000000fc0e200000,0x000000fc0e700000)]
  0x000002f891ae5800 JavaThread "pool-27-thread-1" [_thread_blocked, id=29192, stack(0x000000fc0e700000,0x000000fc0ec00000)]
  0x000002f891aea800 JavaThread "pool-28-thread-1" [_thread_blocked, id=19188, stack(0x000000fc0ec00000,0x000000fc0f100000)]
  0x000002f891aeb800 JavaThread "pool-29-thread-1" [_thread_blocked, id=24404, stack(0x000000fc0f100000,0x000000fc0f600000)]
  0x000002f891aec800 JavaThread "pool-30-thread-1" [_thread_blocked, id=9320, stack(0x000000fc0f600000,0x000000fc0fb00000)]
  0x000002f891ae9000 JavaThread "pool-31-thread-1" [_thread_blocked, id=26448, stack(0x000000fc0fb00000,0x000000fc10000000)]
  0x000002f891ae7800 JavaThread "pool-32-thread-1" [_thread_blocked, id=19096, stack(0x000000fc10000000,0x000000fc10500000)]
  0x000002f891aea000 JavaThread "pool-33-thread-1" [_thread_blocked, id=28684, stack(0x000000fc10500000,0x000000fc10a00000)]
  0x000002f891ae6800 JavaThread "pool-34-thread-1" [_thread_blocked, id=18260, stack(0x000000fc10a00000,0x000000fc10f00000)]
  0x000002f891af3000 JavaThread "pool-35-thread-1" [_thread_blocked, id=24932, stack(0x000000fc10f00000,0x000000fc11400000)]
  0x000002f891af0800 JavaThread "pool-36-thread-1" [_thread_blocked, id=29472, stack(0x000000fc11400000,0x000000fc11900000)]
  0x000002f891aed000 JavaThread "pool-37-thread-1" [_thread_blocked, id=33624, stack(0x000000fc11900000,0x000000fc11e00000)]
  0x000002f891af2000 JavaThread "pool-38-thread-1" [_thread_blocked, id=28896, stack(0x000000fc11e00000,0x000000fc12300000)]
  0x000002f891aee000 JavaThread "pool-39-thread-1" [_thread_blocked, id=28124, stack(0x000000fc12300000,0x000000fc12800000)]
  0x000002f891aee800 JavaThread "pool-40-thread-1" [_thread_blocked, id=32784, stack(0x000000fc12800000,0x000000fc12d00000)]
  0x000002f891af1000 JavaThread "pool-41-thread-1" [_thread_blocked, id=3140, stack(0x000000fc12d00000,0x000000fc13200000)]
  0x000002f891aef800 JavaThread "pool-42-thread-1" [_thread_blocked, id=19620, stack(0x000000fc13200000,0x000000fc13700000)]
  0x000002f88f302800 JavaThread "pool-43-thread-1" [_thread_blocked, id=30536, stack(0x000000fc13700000,0x000000fc13c00000)]
  0x000002f88f308000 JavaThread "pool-44-thread-1" [_thread_blocked, id=28500, stack(0x000000fc13c00000,0x000000fc14100000)]
  0x000002f88f304000 JavaThread "pool-45-thread-1" [_thread_blocked, id=512, stack(0x000000fc14100000,0x000000fc14600000)]
  0x000002f88f309000 JavaThread "pool-46-thread-1" [_thread_blocked, id=34032, stack(0x000000fc14600000,0x000000fc14b00000)]
  0x000002f88f307000 JavaThread "pool-47-thread-1" [_thread_blocked, id=27824, stack(0x000000fc14b00000,0x000000fc15000000)]
  0x000002f88f304800 JavaThread "pool-48-thread-1" [_thread_blocked, id=9860, stack(0x000000fc15000000,0x000000fc15500000)]
  0x000002f88f303000 JavaThread "pool-49-thread-1" [_thread_blocked, id=30248, stack(0x000000fc15500000,0x000000fc15a00000)]
  0x000002f88f305800 JavaThread "pool-50-thread-1" [_thread_blocked, id=892, stack(0x000000fc15a00000,0x000000fc15f00000)]
  0x000002f88f30a800 JavaThread "pool-51-thread-1" [_thread_blocked, id=20892, stack(0x000000fc15f00000,0x000000fc16400000)]
  0x000002f88f30b800 JavaThread "pool-52-thread-1" [_thread_blocked, id=33752, stack(0x000000fc16400000,0x000000fc16900000)]
  0x000002f88f309800 JavaThread "pool-53-thread-1" [_thread_blocked, id=8924, stack(0x000000fc16900000,0x000000fc16e00000)]
  0x000002f88f30c000 JavaThread "pool-54-thread-1" [_thread_blocked, id=28076, stack(0x000000fc16e00000,0x000000fc17300000)]
  0x000002f88fa0a000 JavaThread "QuantumRenderer-0" daemon [_thread_blocked, id=30128, stack(0x000000fc17300000,0x000000fc17800000)]
  0x000002f89ef0e800 JavaThread "InvokeLaterDispatcher" daemon [_thread_blocked, id=31464, stack(0x000000fc17a00000,0x000000fc17f00000)]
  0x000002f89ef0f000 JavaThread "JavaFX Application Thread" [_thread_in_native, id=27252, stack(0x000000fc18000000,0x000000fc18500000)]
  0x000002f89ef0a800 JavaThread "Thread-279" daemon [_thread_in_native, id=31392, stack(0x000000fc18d00000,0x000000fc18e00000)]
  0x000002f89ef0c800 JavaThread "Prism Font Disposer" daemon [_thread_blocked, id=24636, stack(0x000000fc04f00000,0x000000fc05400000)]
  0x000002f89ef0d800 JavaThread "Disposer" daemon [_thread_blocked, id=10976, stack(0x000000fc18e00000,0x000000fc19300000)]
  0x000002f88f306800 JavaThread "SocketStreamHandle-1" daemon [_thread_in_native, id=16076, stack(0x000000fc1b800000,0x000000fc1bd00000)]
  0x000002f8ae5ec000 JavaThread "Cleaner-0" daemon [_thread_blocked, id=26876, stack(0x000000fc1bd00000,0x000000fc1c200000)]
  0x000002f8ae5e9800 JavaThread "Image Fetcher 0" daemon [_thread_blocked, id=15264, stack(0x000000fc0c900000,0x000000fc0ce00000)]
  0x000002f8ae5ea800 JavaThread "Image Fetcher 1" daemon [_thread_blocked, id=432, stack(0x000000fc19300000,0x000000fc19800000)]
  0x000002f8ae5ec800 JavaThread "Validate Design Thread" [_thread_blocked, id=31488, stack(0x000000fc0a900000,0x000000fc0ae00000)]

Other Threads:
  0x000002f8d0fd3800 VMThread "VM Thread" [stack: 0x000000fc7be00000,0x000000fc7bf00000] [id=29792]
  0x000002f8ee0c8800 WatcherThread [stack: 0x000000fc7e400000,0x000000fc7e500000] [id=27144]
  0x000002f8d0d8c000 GCTaskThread "GC Thread#0" [stack: 0x000000fc7b900000,0x000000fc7ba00000] [id=28516]
  0x000002f8f18a1000 GCTaskThread "GC Thread#1" [stack: 0x000000fc7f600000,0x000000fc7f700000] [id=33828]
  0x000002f8f18a2800 GCTaskThread "GC Thread#2" [stack: 0x000000fc7f700000,0x000000fc7f800000] [id=3328]
  0x000002f8f18a0000 GCTaskThread "GC Thread#3" [stack: 0x000000fc7f800000,0x000000fc7f900000] [id=32820]
  0x000002f8f18a1800 GCTaskThread "GC Thread#4" [stack: 0x000000fc7f900000,0x000000fc7fa00000] [id=5280]
  0x000002f8f189f800 GCTaskThread "GC Thread#5" [stack: 0x000000fc7fa00000,0x000000fc7fb00000] [id=2040]
  0x000002f8f18a3000 GCTaskThread "GC Thread#6" [stack: 0x000000fc7ea00000,0x000000fc7eb00000] [id=28956]
  0x000002f8f189e800 GCTaskThread "GC Thread#7" [stack: 0x000000fc7eb00000,0x000000fc7ec00000] [id=28724]
  0x000002f8f18a4800 GCTaskThread "GC Thread#8" [stack: 0x000000fc02500000,0x000000fc02600000] [id=30020]
  0x000002f8f18a6000 GCTaskThread "GC Thread#9" [stack: 0x000000fc02600000,0x000000fc02700000] [id=26656]
  0x000002f8d0dcb000 ConcurrentGCThread "G1 Main Marker" [stack: 0x000000fc7ba00000,0x000000fc7bb00000] [id=26276]
  0x000002f8d0dce800 ConcurrentGCThread "G1 Conc#0" [stack: 0x000000fc7bb00000,0x000000fc7bc00000] [id=18540]
  0x000002f8f18a3800 ConcurrentGCThread "G1 Conc#1" [stack: 0x000000fc7ec00000,0x000000fc7ed00000] [id=33112]
  0x000002f8f18a5000 ConcurrentGCThread "G1 Conc#2" [stack: 0x000000fc7ed00000,0x000000fc7ee00000] [id=18136]
  0x000002f8d0e9a000 ConcurrentGCThread "G1 Refine#0" [stack: 0x000000fc7bc00000,0x000000fc7bd00000] [id=32788]
  0x000002f8f180c800 ConcurrentGCThread "G1 Refine#1" [stack: 0x000000fc7fb00000,0x000000fc7fc00000] [id=11824]
  0x000002f8d0e9b000 ConcurrentGCThread "G1 Young RemSet Sampling" [stack: 0x000000fc7bd00000,0x000000fc7be00000] [id=35024]

Threads with active compile tasks:

VM state:not at safepoint (normal execution)

VM Mutex/Monitor currently owned by a thread: None

Heap address: 0x0000000740000000, size: 3072 MB, Compressed Oops mode: Zero based, Oop shift amount: 3
Narrow klass base: 0x0000000800000000, Narrow klass shift: 0
Compressed class space size: 1073741824 Address: 0x0000000800000000

Heap:
 garbage-first heap   total 290816K, used 155768K [0x0000000740000000, 0x0000000800000000)
  region size 1024K, 50 young (51200K), 0 survivors (0K)
 Metaspace       used 103771K, capacity 106687K, committed 106888K, reserved 1140736K
  class space    used 13806K, capacity 15120K, committed 15232K, reserved 1048576K
Heap Regions: E=young(eden), S=young(survivor), O=old, HS=humongous(starts), HC=humongous(continues), CS=collection set, F=free, A=archive, TAMS=top-at-mark-start (previous, next)
|   0|0x0000000740000000, 0x0000000740100000, 0x0000000740100000|100%|HS|  |TAMS 0x0000000740000000, 0x0000000740000000| Untracked 
|   1|0x0000000740100000, 0x0000000740200000, 0x0000000740200000|100%|HC|  |TAMS 0x0000000740100000, 0x0000000740100000| Untracked 
|   2|0x0000000740200000, 0x0000000740300000, 0x0000000740300000|100%|HS|  |TAMS 0x0000000740200000, 0x0000000740200000| Untracked 
|   3|0x0000000740300000, 0x00000007403fff58, 0x0000000740400000| 99%| O|  |TAMS 0x0000000740300000, 0x0000000740300000| Untracked 
|   4|0x0000000740400000, 0x00000007404fffe8, 0x0000000740500000| 99%| O|  |TAMS 0x0000000740400000, 0x0000000740400000| Untracked 
|   5|0x0000000740500000, 0x0000000740600000, 0x0000000740600000|100%| O|  |TAMS 0x0000000740500000, 0x0000000740500000| Untracked 
|   6|0x0000000740600000, 0x00000007406ffff8, 0x0000000740700000| 99%| O|  |TAMS 0x0000000740600000, 0x0000000740600000| Untracked 
|   7|0x0000000740700000, 0x00000007407fffd8, 0x0000000740800000| 99%| O|  |TAMS 0x0000000740700000, 0x0000000740700000| Untracked 
|   8|0x0000000740800000, 0x00000007408ffff8, 0x0000000740900000| 99%| O|  |TAMS 0x0000000740800000, 0x0000000740800000| Untracked 
|   9|0x0000000740900000, 0x00000007409ff5a0, 0x0000000740a00000| 99%| O|  |TAMS 0x0000000740900000, 0x0000000740900000| Untracked 
|  10|0x0000000740a00000, 0x0000000740affff8, 0x0000000740b00000| 99%| O|  |TAMS 0x0000000740a00000, 0x0000000740a00000| Untracked 
|  11|0x0000000740b00000, 0x0000000740c00000, 0x0000000740c00000|100%| O|  |TAMS 0x0000000740b00000, 0x0000000740b00000| Untracked 
|  12|0x0000000740c00000, 0x0000000740cff738, 0x0000000740d00000| 99%| O|  |TAMS 0x0000000740c00000, 0x0000000740c00000| Untracked 
|  13|0x0000000740d00000, 0x0000000740dfffd8, 0x0000000740e00000| 99%| O|  |TAMS 0x0000000740d00000, 0x0000000740d00000| Untracked 
|  14|0x0000000740e00000, 0x0000000740effff0, 0x0000000740f00000| 99%| O|  |TAMS 0x0000000740e00000, 0x0000000740e00000| Untracked 
|  15|0x0000000740f00000, 0x0000000740ffffa8, 0x0000000741000000| 99%| O|  |TAMS 0x0000000740f00000, 0x0000000740f00000| Untracked 
|  16|0x0000000741000000, 0x00000007410fffe8, 0x0000000741100000| 99%| O|  |TAMS 0x0000000741000000, 0x0000000741000000| Untracked 
|  17|0x0000000741100000, 0x00000007411fffb8, 0x0000000741200000| 99%| O|  |TAMS 0x0000000741100000, 0x0000000741100000| Untracked 
|  18|0x0000000741200000, 0x0000000741300000, 0x0000000741300000|100%| O|  |TAMS 0x0000000741200000, 0x0000000741200000| Untracked 
|  19|0x0000000741300000, 0x00000007413e7e90, 0x0000000741400000| 90%| O|  |TAMS 0x0000000741300000, 0x0000000741300000| Untracked 
|  20|0x0000000741400000, 0x00000007414ffff0, 0x0000000741500000| 99%| O|  |TAMS 0x0000000741400000, 0x0000000741400000| Untracked 
|  21|0x0000000741500000, 0x00000007415ffff0, 0x0000000741600000| 99%| O|  |TAMS 0x0000000741500000, 0x0000000741500000| Untracked 
|  22|0x0000000741600000, 0x00000007416fffd0, 0x0000000741700000| 99%| O|  |TAMS 0x0000000741600000, 0x0000000741600000| Untracked 
|  23|0x0000000741700000, 0x00000007417ffff8, 0x0000000741800000| 99%| O|  |TAMS 0x0000000741700000, 0x0000000741700000| Untracked 
|  24|0x0000000741800000, 0x00000007418ffff8, 0x0000000741900000| 99%| O|  |TAMS 0x0000000741800000, 0x0000000741800000| Untracked 
|  25|0x0000000741900000, 0x00000007419fffe0, 0x0000000741a00000| 99%| O|  |TAMS 0x0000000741900000, 0x0000000741900000| Untracked 
|  26|0x0000000741a00000, 0x0000000741b00000, 0x0000000741b00000|100%|HS|  |TAMS 0x0000000741a00000, 0x0000000741a00000| Untracked 
|  27|0x0000000741b00000, 0x0000000741c00000, 0x0000000741c00000|100%|HC|  |TAMS 0x0000000741b00000, 0x0000000741b00000| Untracked 
|  28|0x0000000741c00000, 0x0000000741cffff8, 0x0000000741d00000| 99%| O|  |TAMS 0x0000000741c00000, 0x0000000741c00000| Untracked 
|  29|0x0000000741d00000, 0x0000000741dffff0, 0x0000000741e00000| 99%| O|  |TAMS 0x0000000741d00000, 0x0000000741d00000| Untracked 
|  30|0x0000000741e00000, 0x0000000741efffe8, 0x0000000741f00000| 99%| O|  |TAMS 0x0000000741e00000, 0x0000000741e00000| Untracked 
|  31|0x0000000741f00000, 0x0000000741fff428, 0x0000000742000000| 99%| O|  |TAMS 0x0000000741f00000, 0x0000000741f00000| Untracked 
|  32|0x0000000742000000, 0x00000007420ffff8, 0x0000000742100000| 99%| O|  |TAMS 0x0000000742000000, 0x0000000742000000| Untracked 
|  33|0x0000000742100000, 0x00000007421ffff0, 0x0000000742200000| 99%| O|  |TAMS 0x0000000742100000, 0x0000000742100000| Untracked 
|  34|0x0000000742200000, 0x00000007422fffe8, 0x0000000742300000| 99%| O|  |TAMS 0x0000000742200000, 0x0000000742200000| Untracked 
|  35|0x0000000742300000, 0x00000007423ffff8, 0x0000000742400000| 99%| O|  |TAMS 0x0000000742300000, 0x0000000742300000| Untracked 
|  36|0x0000000742400000, 0x0000000742500000, 0x0000000742500000|100%| O|  |TAMS 0x0000000742400000, 0x0000000742400000| Untracked 
|  37|0x0000000742500000, 0x00000007425fffe0, 0x0000000742600000| 99%| O|  |TAMS 0x0000000742500000, 0x0000000742500000| Untracked 
|  38|0x0000000742600000, 0x00000007426ffff8, 0x0000000742700000| 99%| O|  |TAMS 0x0000000742600000, 0x0000000742600000| Untracked 
|  39|0x0000000742700000, 0x00000007427ffe48, 0x0000000742800000| 99%| O|  |TAMS 0x0000000742700000, 0x0000000742700000| Untracked 
|  40|0x0000000742800000, 0x00000007428ffff8, 0x0000000742900000| 99%| O|  |TAMS 0x0000000742800000, 0x0000000742800000| Untracked 
|  41|0x0000000742900000, 0x00000007429fffc0, 0x0000000742a00000| 99%| O|  |TAMS 0x0000000742900000, 0x0000000742900000| Untracked 
|  42|0x0000000742a00000, 0x0000000742afffd8, 0x0000000742b00000| 99%| O|  |TAMS 0x0000000742a00000, 0x0000000742a00000| Untracked 
|  43|0x0000000742b00000, 0x0000000742bfffe8, 0x0000000742c00000| 99%| O|  |TAMS 0x0000000742b00000, 0x0000000742b00000| Untracked 
|  44|0x0000000742c00000, 0x0000000742cff438, 0x0000000742d00000| 99%| O|  |TAMS 0x0000000742c00000, 0x0000000742c00000| Untracked 
|  45|0x0000000742d00000, 0x0000000742dfffe8, 0x0000000742e00000| 99%| O|  |TAMS 0x0000000742d00000, 0x0000000742d00000| Untracked 
|  46|0x0000000742e00000, 0x0000000742f00000, 0x0000000742f00000|100%| O|  |TAMS 0x0000000742e00000, 0x0000000742e00000| Untracked 
|  47|0x0000000742f00000, 0x0000000742fff630, 0x0000000743000000| 99%| O|  |TAMS 0x0000000742f00000, 0x0000000742f00000| Untracked 
|  48|0x0000000743000000, 0x00000007430ffff8, 0x0000000743100000| 99%| O|  |TAMS 0x0000000743000000, 0x0000000743000000| Untracked 
|  49|0x0000000743100000, 0x0000000743200000, 0x0000000743200000|100%| O|  |TAMS 0x0000000743100000, 0x0000000743100000| Untracked 
|  50|0x0000000743200000, 0x00000007432fff40, 0x0000000743300000| 99%| O|  |TAMS 0x0000000743200000, 0x0000000743200000| Untracked 
|  51|0x0000000743300000, 0x00000007433ffe28, 0x0000000743400000| 99%| O|  |TAMS 0x0000000743300000, 0x0000000743300000| Untracked 
|  52|0x0000000743400000, 0x00000007434fffe8, 0x0000000743500000| 99%| O|  |TAMS 0x0000000743400000, 0x0000000743400000| Untracked 
|  53|0x0000000743500000, 0x00000007435fffe8, 0x0000000743600000| 99%| O|  |TAMS 0x0000000743500000, 0x0000000743500000| Untracked 
|  54|0x0000000743600000, 0x00000007436fff08, 0x0000000743700000| 99%| O|  |TAMS 0x0000000743600000, 0x0000000743600000| Untracked 
|  55|0x0000000743700000, 0x00000007437ffff8, 0x0000000743800000| 99%| O|  |TAMS 0x0000000743700000, 0x0000000743700000| Untracked 
|  56|0x0000000743800000, 0x00000007438fffe0, 0x0000000743900000| 99%| O|  |TAMS 0x0000000743800000, 0x0000000743800000| Untracked 
|  57|0x0000000743900000, 0x00000007439fffd8, 0x0000000743a00000| 99%| O|  |TAMS 0x0000000743900000, 0x0000000743900000| Untracked 
|  58|0x0000000743a00000, 0x0000000743afda18, 0x0000000743b00000| 99%| O|  |TAMS 0x0000000743a00000, 0x0000000743a00000| Untracked 
|  59|0x0000000743b00000, 0x0000000743c00000, 0x0000000743c00000|100%|HS|  |TAMS 0x0000000743b00000, 0x0000000743b00000| Untracked 
|  60|0x0000000743c00000, 0x0000000743cf4cc0, 0x0000000743d00000| 95%| O|  |TAMS 0x0000000743c00000, 0x0000000743c00000| Untracked 
|  61|0x0000000743d00000, 0x0000000743dffff0, 0x0000000743e00000| 99%| O|  |TAMS 0x0000000743d00000, 0x0000000743d00000| Untracked 
|  62|0x0000000743e00000, 0x0000000743f00000, 0x0000000743f00000|100%|HS|  |TAMS 0x0000000743e00000, 0x0000000743e00000| Untracked 
|  63|0x0000000743f00000, 0x0000000743fffff8, 0x0000000744000000| 99%| O|  |TAMS 0x0000000743f00000, 0x0000000743f00000| Untracked 
|  64|0x0000000744000000, 0x00000007440fffe8, 0x0000000744100000| 99%| O|  |TAMS 0x0000000744000000, 0x0000000744000000| Untracked 
|  65|0x0000000744100000, 0x0000000744200000, 0x0000000744200000|100%|HS|  |TAMS 0x0000000744100000, 0x0000000744100000| Untracked 
|  66|0x0000000744200000, 0x00000007442ffff8, 0x0000000744300000| 99%| O|  |TAMS 0x0000000744200000, 0x0000000744200000| Untracked 
|  67|0x0000000744300000, 0x00000007443d7e90, 0x0000000744400000| 84%| O|  |TAMS 0x0000000744300000, 0x0000000744300000| Untracked 
|  68|0x0000000744400000, 0x0000000744500000, 0x0000000744500000|100%| O|  |TAMS 0x0000000744400000, 0x0000000744400000| Untracked 
|  69|0x0000000744500000, 0x00000007445ffff0, 0x0000000744600000| 99%| O|  |TAMS 0x0000000744500000, 0x0000000744500000| Untracked 
|  70|0x0000000744600000, 0x00000007446ffee0, 0x0000000744700000| 99%| O|  |TAMS 0x0000000744600000, 0x0000000744600000| Untracked 
|  71|0x0000000744700000, 0x00000007447fa4c0, 0x0000000744800000| 97%| O|  |TAMS 0x0000000744700000, 0x0000000744700000| Untracked 
|  72|0x0000000744800000, 0x00000007448ffff8, 0x0000000744900000| 99%| O|  |TAMS 0x0000000744800000, 0x0000000744800000| Untracked 
|  73|0x0000000744900000, 0x00000007449ffff8, 0x0000000744a00000| 99%| O|  |TAMS 0x0000000744900000, 0x0000000744900000| Untracked 
|  74|0x0000000744a00000, 0x0000000744b00000, 0x0000000744b00000|100%| O|  |TAMS 0x0000000744a00000, 0x0000000744a00000| Untracked 
|  75|0x0000000744b00000, 0x0000000744bd53f0, 0x0000000744c00000| 83%| O|  |TAMS 0x0000000744b00000, 0x0000000744b00000| Untracked 
|  76|0x0000000744c00000, 0x0000000744cd6f48, 0x0000000744d00000| 83%| O|  |TAMS 0x0000000744c00000, 0x0000000744c00000| Untracked 
|  77|0x0000000744d00000, 0x0000000744dffff0, 0x0000000744e00000| 99%| O|  |TAMS 0x0000000744d00000, 0x0000000744d00000| Untracked 
|  78|0x0000000744e00000, 0x0000000744effff8, 0x0000000744f00000| 99%| O|  |TAMS 0x0000000744e00000, 0x0000000744e00000| Untracked 
|  79|0x0000000744f00000, 0x0000000744ffffe8, 0x0000000745000000| 99%| O|  |TAMS 0x0000000744f00000, 0x0000000744f00000| Untracked 
|  80|0x0000000745000000, 0x00000007450fc170, 0x0000000745100000| 98%| O|  |TAMS 0x0000000745000000, 0x0000000745000000| Untracked 
|  81|0x0000000745100000, 0x00000007451f2c48, 0x0000000745200000| 94%| O|  |TAMS 0x0000000745100000, 0x0000000745100000| Untracked 
|  82|0x0000000745200000, 0x00000007452ffbd0, 0x0000000745300000| 99%| O|  |TAMS 0x0000000745200000, 0x0000000745200000| Untracked 
|  83|0x0000000745300000, 0x00000007453ffff8, 0x0000000745400000| 99%| O|  |TAMS 0x0000000745300000, 0x0000000745300000| Untracked 
|  84|0x0000000745400000, 0x00000007454ffff0, 0x0000000745500000| 99%| O|  |TAMS 0x0000000745400000, 0x0000000745400000| Untracked 
|  85|0x0000000745500000, 0x00000007455fffd0, 0x0000000745600000| 99%| O|  |TAMS 0x0000000745500000, 0x0000000745500000| Untracked 
|  86|0x0000000745600000, 0x00000007456ffff0, 0x0000000745700000| 99%| O|  |TAMS 0x0000000745600000, 0x0000000745600000| Untracked 
|  87|0x0000000745700000, 0x00000007457fffa8, 0x0000000745800000| 99%| O|  |TAMS 0x0000000745700000, 0x0000000745700000| Untracked 
|  88|0x0000000745800000, 0x00000007458b2d80, 0x0000000745900000| 69%| O|  |TAMS 0x0000000745800000, 0x0000000745800000| Untracked 
|  89|0x0000000745900000, 0x0000000745a00000, 0x0000000745a00000|100%|HS|  |TAMS 0x0000000745900000, 0x0000000745900000| Untracked 
|  90|0x0000000745a00000, 0x0000000745b00000, 0x0000000745b00000|100%|HC|  |TAMS 0x0000000745a00000, 0x0000000745a00000| Untracked 
|  91|0x0000000745b00000, 0x0000000745c00000, 0x0000000745c00000|100%|HC|  |TAMS 0x0000000745b00000, 0x0000000745b00000| Untracked 
|  92|0x0000000745c00000, 0x0000000745d00000, 0x0000000745d00000|100%|HC|  |TAMS 0x0000000745c00000, 0x0000000745c00000| Untracked 
|  93|0x0000000745d00000, 0x0000000745e00000, 0x0000000745e00000|100%|HC|  |TAMS 0x0000000745d00000, 0x0000000745d00000| Untracked 
|  94|0x0000000745e00000, 0x0000000745f00000, 0x0000000745f00000|100%|HC|  |TAMS 0x0000000745e00000, 0x0000000745e00000| Untracked 
|  95|0x0000000745f00000, 0x0000000746000000, 0x0000000746000000|100%|HC|  |TAMS 0x0000000745f00000, 0x0000000745f00000| Untracked 
|  96|0x0000000746000000, 0x0000000746100000, 0x0000000746100000|100%|HC|  |TAMS 0x0000000746000000, 0x0000000746000000| Untracked 
|  97|0x0000000746100000, 0x0000000746100000, 0x0000000746200000|  0%| F|  |TAMS 0x0000000746100000, 0x0000000746100000| Untracked 
|  98|0x0000000746200000, 0x000000074629eb40, 0x0000000746300000| 61%| O|  |TAMS 0x0000000746200000, 0x0000000746200000| Untracked 
|  99|0x0000000746300000, 0x0000000746396478, 0x0000000746400000| 58%| O|  |TAMS 0x0000000746300000, 0x0000000746300000| Untracked 
| 100|0x0000000746400000, 0x0000000746400000, 0x0000000746500000|  0%| F|  |TAMS 0x0000000746400000, 0x0000000746400000| Untracked 
| 101|0x0000000746500000, 0x000000074658f858, 0x0000000746600000| 56%| O|  |TAMS 0x0000000746500000, 0x0000000746500000| Untracked 
| 102|0x0000000746600000, 0x0000000746600000, 0x0000000746700000|  0%| F|  |TAMS 0x0000000746600000, 0x0000000746600000| Untracked 
| 103|0x0000000746700000, 0x0000000746700000, 0x0000000746800000|  0%| F|  |TAMS 0x0000000746700000, 0x0000000746700000| Untracked 
| 104|0x0000000746800000, 0x0000000746800000, 0x0000000746900000|  0%| F|  |TAMS 0x0000000746800000, 0x0000000746800000| Untracked 
| 105|0x0000000746900000, 0x0000000746900000, 0x0000000746a00000|  0%| F|  |TAMS 0x0000000746900000, 0x0000000746900000| Untracked 
| 106|0x0000000746a00000, 0x0000000746b00000, 0x0000000746b00000|100%|HS|  |TAMS 0x0000000746a00000, 0x0000000746a00000| Untracked 
| 107|0x0000000746b00000, 0x0000000746c00000, 0x0000000746c00000|100%|HC|  |TAMS 0x0000000746b00000, 0x0000000746b00000| Untracked 
| 108|0x0000000746c00000, 0x0000000746d00000, 0x0000000746d00000|100%|HC|  |TAMS 0x0000000746c00000, 0x0000000746c00000| Untracked 
| 109|0x0000000746d00000, 0x0000000746d00000, 0x0000000746e00000|  0%| F|  |TAMS 0x0000000746d00000, 0x0000000746d00000| Untracked 
| 110|0x0000000746e00000, 0x0000000746e00000, 0x0000000746f00000|  0%| F|  |TAMS 0x0000000746e00000, 0x0000000746e00000| Untracked 
| 111|0x0000000746f00000, 0x0000000747000000, 0x0000000747000000|100%|HS|  |TAMS 0x0000000746f00000, 0x0000000746f00000| Untracked 
| 112|0x0000000747000000, 0x0000000747100000, 0x0000000747100000|100%|HC|  |TAMS 0x0000000747000000, 0x0000000747000000| Untracked 
| 113|0x0000000747100000, 0x0000000747100000, 0x0000000747200000|  0%| F|  |TAMS 0x0000000747100000, 0x0000000747100000| Untracked 
| 114|0x0000000747200000, 0x0000000747200000, 0x0000000747300000|  0%| F|  |TAMS 0x0000000747200000, 0x0000000747200000| Untracked 
| 115|0x0000000747300000, 0x0000000747300000, 0x0000000747400000|  0%| F|  |TAMS 0x0000000747300000, 0x0000000747300000| Untracked 
| 116|0x0000000747400000, 0x0000000747400000, 0x0000000747500000|  0%| F|  |TAMS 0x0000000747400000, 0x0000000747400000| Untracked 
| 117|0x0000000747500000, 0x0000000747500000, 0x0000000747600000|  0%| F|  |TAMS 0x0000000747500000, 0x0000000747500000| Untracked 
| 118|0x0000000747600000, 0x0000000747600000, 0x0000000747700000|  0%| F|  |TAMS 0x0000000747600000, 0x0000000747600000| Untracked 
| 119|0x0000000747700000, 0x0000000747700000, 0x0000000747800000|  0%| F|  |TAMS 0x0000000747700000, 0x0000000747700000| Untracked 
| 120|0x0000000747800000, 0x0000000747800000, 0x0000000747900000|  0%| F|  |TAMS 0x0000000747800000, 0x0000000747800000| Untracked 
| 121|0x0000000747900000, 0x0000000747900000, 0x0000000747a00000|  0%| F|  |TAMS 0x0000000747900000, 0x0000000747900000| Untracked 
| 122|0x0000000747a00000, 0x0000000747a00000, 0x0000000747b00000|  0%| F|  |TAMS 0x0000000747a00000, 0x0000000747a00000| Untracked 
| 123|0x0000000747b00000, 0x0000000747b00000, 0x0000000747c00000|  0%| F|  |TAMS 0x0000000747b00000, 0x0000000747b00000| Untracked 
| 124|0x0000000747c00000, 0x0000000747c00000, 0x0000000747d00000|  0%| F|  |TAMS 0x0000000747c00000, 0x0000000747c00000| Untracked 
| 125|0x0000000747d00000, 0x0000000747d00000, 0x0000000747e00000|  0%| F|  |TAMS 0x0000000747d00000, 0x0000000747d00000| Untracked 
| 126|0x0000000747e00000, 0x0000000747e00000, 0x0000000747f00000|  0%| F|  |TAMS 0x0000000747e00000, 0x0000000747e00000| Untracked 
| 127|0x0000000747f00000, 0x0000000747f00000, 0x0000000748000000|  0%| F|  |TAMS 0x0000000747f00000, 0x0000000747f00000| Untracked 
| 128|0x0000000748000000, 0x0000000748000000, 0x0000000748100000|  0%| F|  |TAMS 0x0000000748000000, 0x0000000748000000| Untracked 
| 129|0x0000000748100000, 0x0000000748100000, 0x0000000748200000|  0%| F|  |TAMS 0x0000000748100000, 0x0000000748100000| Untracked 
| 130|0x0000000748200000, 0x0000000748200000, 0x0000000748300000|  0%| F|  |TAMS 0x0000000748200000, 0x0000000748200000| Untracked 
| 131|0x0000000748300000, 0x0000000748300000, 0x0000000748400000|  0%| F|  |TAMS 0x0000000748300000, 0x0000000748300000| Untracked 
| 132|0x0000000748400000, 0x0000000748400000, 0x0000000748500000|  0%| F|  |TAMS 0x0000000748400000, 0x0000000748400000| Untracked 
| 133|0x0000000748500000, 0x0000000748500000, 0x0000000748600000|  0%| F|  |TAMS 0x0000000748500000, 0x0000000748500000| Untracked 
| 134|0x0000000748600000, 0x0000000748600000, 0x0000000748700000|  0%| F|  |TAMS 0x0000000748600000, 0x0000000748600000| Untracked 
| 135|0x0000000748700000, 0x0000000748700000, 0x0000000748800000|  0%| F|  |TAMS 0x0000000748700000, 0x0000000748700000| Untracked 
| 136|0x0000000748800000, 0x0000000748800000, 0x0000000748900000|  0%| F|  |TAMS 0x0000000748800000, 0x0000000748800000| Untracked 
| 137|0x0000000748900000, 0x0000000748900000, 0x0000000748a00000|  0%| F|  |TAMS 0x0000000748900000, 0x0000000748900000| Untracked 
| 138|0x0000000748a00000, 0x0000000748a00000, 0x0000000748b00000|  0%| F|  |TAMS 0x0000000748a00000, 0x0000000748a00000| Untracked 
| 139|0x0000000748b00000, 0x0000000748b00000, 0x0000000748c00000|  0%| F|  |TAMS 0x0000000748b00000, 0x0000000748b00000| Untracked 
| 140|0x0000000748c00000, 0x0000000748c00000, 0x0000000748d00000|  0%| F|  |TAMS 0x0000000748c00000, 0x0000000748c00000| Untracked 
| 141|0x0000000748d00000, 0x0000000748d00000, 0x0000000748e00000|  0%| F|  |TAMS 0x0000000748d00000, 0x0000000748d00000| Untracked 
| 142|0x0000000748e00000, 0x0000000748e00000, 0x0000000748f00000|  0%| F|  |TAMS 0x0000000748e00000, 0x0000000748e00000| Untracked 
| 143|0x0000000748f00000, 0x0000000748f00000, 0x0000000749000000|  0%| F|  |TAMS 0x0000000748f00000, 0x0000000748f00000| Untracked 
| 144|0x0000000749000000, 0x0000000749000000, 0x0000000749100000|  0%| F|  |TAMS 0x0000000749000000, 0x0000000749000000| Untracked 
| 145|0x0000000749100000, 0x0000000749100000, 0x0000000749200000|  0%| F|  |TAMS 0x0000000749100000, 0x0000000749100000| Untracked 
| 146|0x0000000749200000, 0x0000000749200000, 0x0000000749300000|  0%| F|  |TAMS 0x0000000749200000, 0x0000000749200000| Untracked 
| 147|0x0000000749300000, 0x0000000749300000, 0x0000000749400000|  0%| F|  |TAMS 0x0000000749300000, 0x0000000749300000| Untracked 
| 148|0x0000000749400000, 0x0000000749400000, 0x0000000749500000|  0%| F|  |TAMS 0x0000000749400000, 0x0000000749400000| Untracked 
| 149|0x0000000749500000, 0x0000000749500000, 0x0000000749600000|  0%| F|  |TAMS 0x0000000749500000, 0x0000000749500000| Untracked 
| 150|0x0000000749600000, 0x0000000749600000, 0x0000000749700000|  0%| F|  |TAMS 0x0000000749600000, 0x0000000749600000| Untracked 
| 151|0x0000000749700000, 0x0000000749700000, 0x0000000749800000|  0%| F|  |TAMS 0x0000000749700000, 0x0000000749700000| Untracked 
| 152|0x0000000749800000, 0x0000000749800000, 0x0000000749900000|  0%| F|  |TAMS 0x0000000749800000, 0x0000000749800000| Untracked 
| 153|0x0000000749900000, 0x0000000749900000, 0x0000000749a00000|  0%| F|  |TAMS 0x0000000749900000, 0x0000000749900000| Untracked 
| 154|0x0000000749a00000, 0x0000000749a00000, 0x0000000749b00000|  0%| F|  |TAMS 0x0000000749a00000, 0x0000000749a00000| Untracked 
| 155|0x0000000749b00000, 0x0000000749b00000, 0x0000000749c00000|  0%| F|  |TAMS 0x0000000749b00000, 0x0000000749b00000| Untracked 
| 156|0x0000000749c00000, 0x0000000749c00000, 0x0000000749d00000|  0%| F|  |TAMS 0x0000000749c00000, 0x0000000749c00000| Untracked 
| 157|0x0000000749d00000, 0x0000000749d00000, 0x0000000749e00000|  0%| F|  |TAMS 0x0000000749d00000, 0x0000000749d00000| Untracked 
| 158|0x0000000749e00000, 0x0000000749e00000, 0x0000000749f00000|  0%| F|  |TAMS 0x0000000749e00000, 0x0000000749e00000| Untracked 
| 159|0x0000000749f00000, 0x0000000749f32080, 0x000000074a000000| 19%| O|  |TAMS 0x0000000749f00000, 0x0000000749f00000| Untracked 
| 160|0x000000074a000000, 0x000000074a000000, 0x000000074a100000|  0%| F|  |TAMS 0x000000074a000000, 0x000000074a000000| Untracked 
| 161|0x000000074a100000, 0x000000074a100000, 0x000000074a200000|  0%| F|  |TAMS 0x000000074a100000, 0x000000074a100000| Untracked 
| 162|0x000000074a200000, 0x000000074a200000, 0x000000074a300000|  0%| F|  |TAMS 0x000000074a200000, 0x000000074a200000| Untracked 
| 163|0x000000074a300000, 0x000000074a300000, 0x000000074a400000|  0%| F|  |TAMS 0x000000074a300000, 0x000000074a300000| Untracked 
| 164|0x000000074a400000, 0x000000074a400000, 0x000000074a500000|  0%| F|  |TAMS 0x000000074a400000, 0x000000074a400000| Untracked 
| 165|0x000000074a500000, 0x000000074a500000, 0x000000074a600000|  0%| F|  |TAMS 0x000000074a500000, 0x000000074a500000| Untracked 
| 166|0x000000074a600000, 0x000000074a600000, 0x000000074a700000|  0%| F|  |TAMS 0x000000074a600000, 0x000000074a600000| Untracked 
| 167|0x000000074a700000, 0x000000074a700000, 0x000000074a800000|  0%| F|  |TAMS 0x000000074a700000, 0x000000074a700000| Untracked 
| 168|0x000000074a800000, 0x000000074a800000, 0x000000074a900000|  0%| F|  |TAMS 0x000000074a800000, 0x000000074a800000| Untracked 
| 169|0x000000074a900000, 0x000000074a900000, 0x000000074aa00000|  0%| F|  |TAMS 0x000000074a900000, 0x000000074a900000| Untracked 
| 170|0x000000074aa00000, 0x000000074aa00000, 0x000000074ab00000|  0%| F|  |TAMS 0x000000074aa00000, 0x000000074aa00000| Untracked 
| 171|0x000000074ab00000, 0x000000074ab00000, 0x000000074ac00000|  0%| F|  |TAMS 0x000000074ab00000, 0x000000074ab00000| Untracked 
| 172|0x000000074ac00000, 0x000000074ac00000, 0x000000074ad00000|  0%| F|  |TAMS 0x000000074ac00000, 0x000000074ac00000| Untracked 
| 173|0x000000074ad00000, 0x000000074ad00000, 0x000000074ae00000|  0%| F|  |TAMS 0x000000074ad00000, 0x000000074ad00000| Untracked 
| 174|0x000000074ae00000, 0x000000074ae00000, 0x000000074af00000|  0%| F|  |TAMS 0x000000074ae00000, 0x000000074ae00000| Untracked 
| 175|0x000000074af00000, 0x000000074af00000, 0x000000074b000000|  0%| F|  |TAMS 0x000000074af00000, 0x000000074af00000| Untracked 
| 176|0x000000074b000000, 0x000000074b000000, 0x000000074b100000|  0%| F|  |TAMS 0x000000074b000000, 0x000000074b000000| Untracked 
| 177|0x000000074b100000, 0x000000074b100000, 0x000000074b200000|  0%| F|  |TAMS 0x000000074b100000, 0x000000074b100000| Untracked 
| 178|0x000000074b200000, 0x000000074b200000, 0x000000074b300000|  0%| F|  |TAMS 0x000000074b200000, 0x000000074b200000| Untracked 
| 179|0x000000074b300000, 0x000000074b300000, 0x000000074b400000|  0%| F|  |TAMS 0x000000074b300000, 0x000000074b300000| Untracked 
| 180|0x000000074b400000, 0x000000074b400000, 0x000000074b500000|  0%| F|  |TAMS 0x000000074b400000, 0x000000074b400000| Untracked 
| 181|0x000000074b500000, 0x000000074b500000, 0x000000074b600000|  0%| F|  |TAMS 0x000000074b500000, 0x000000074b500000| Untracked 
| 182|0x000000074b600000, 0x000000074b600000, 0x000000074b700000|  0%| F|  |TAMS 0x000000074b600000, 0x000000074b600000| Untracked 
| 183|0x000000074b700000, 0x000000074b700000, 0x000000074b800000|  0%| F|  |TAMS 0x000000074b700000, 0x000000074b700000| Untracked 
| 184|0x000000074b800000, 0x000000074b800000, 0x000000074b900000|  0%| F|  |TAMS 0x000000074b800000, 0x000000074b800000| Untracked 
| 185|0x000000074b900000, 0x000000074b900000, 0x000000074ba00000|  0%| F|  |TAMS 0x000000074b900000, 0x000000074b900000| Untracked 
| 186|0x000000074ba00000, 0x000000074ba00000, 0x000000074bb00000|  0%| F|  |TAMS 0x000000074ba00000, 0x000000074ba00000| Untracked 
| 187|0x000000074bb00000, 0x000000074bb00000, 0x000000074bc00000|  0%| F|  |TAMS 0x000000074bb00000, 0x000000074bb00000| Untracked 
| 188|0x000000074bc00000, 0x000000074bc00000, 0x000000074bd00000|  0%| F|  |TAMS 0x000000074bc00000, 0x000000074bc00000| Untracked 
| 189|0x000000074bd00000, 0x000000074bd00000, 0x000000074be00000|  0%| F|  |TAMS 0x000000074bd00000, 0x000000074bd00000| Untracked 
| 190|0x000000074be00000, 0x000000074be00000, 0x000000074bf00000|  0%| F|  |TAMS 0x000000074be00000, 0x000000074be00000| Untracked 
| 191|0x000000074bf00000, 0x000000074bf00000, 0x000000074c000000|  0%| F|  |TAMS 0x000000074bf00000, 0x000000074bf00000| Untracked 
| 192|0x000000074c000000, 0x000000074c000000, 0x000000074c100000|  0%| F|  |TAMS 0x000000074c000000, 0x000000074c000000| Untracked 
| 193|0x000000074c100000, 0x000000074c100000, 0x000000074c200000|  0%| F|  |TAMS 0x000000074c100000, 0x000000074c100000| Untracked 
| 194|0x000000074c200000, 0x000000074c200000, 0x000000074c300000|  0%| F|  |TAMS 0x000000074c200000, 0x000000074c200000| Untracked 
| 195|0x000000074c300000, 0x000000074c300000, 0x000000074c400000|  0%| F|  |TAMS 0x000000074c300000, 0x000000074c300000| Untracked 
| 196|0x000000074c400000, 0x000000074c400000, 0x000000074c500000|  0%| F|  |TAMS 0x000000074c400000, 0x000000074c400000| Untracked 
| 197|0x000000074c500000, 0x000000074c500000, 0x000000074c600000|  0%| F|  |TAMS 0x000000074c500000, 0x000000074c500000| Untracked 
| 198|0x000000074c600000, 0x000000074c600000, 0x000000074c700000|  0%| F|  |TAMS 0x000000074c600000, 0x000000074c600000| Untracked 
| 199|0x000000074c700000, 0x000000074c700000, 0x000000074c800000|  0%| F|  |TAMS 0x000000074c700000, 0x000000074c700000| Untracked 
| 200|0x000000074c800000, 0x000000074c800000, 0x000000074c900000|  0%| F|  |TAMS 0x000000074c800000, 0x000000074c800000| Untracked 
| 201|0x000000074c900000, 0x000000074c900000, 0x000000074ca00000|  0%| F|  |TAMS 0x000000074c900000, 0x000000074c900000| Untracked 
| 202|0x000000074ca00000, 0x000000074ca00000, 0x000000074cb00000|  0%| F|  |TAMS 0x000000074ca00000, 0x000000074ca00000| Untracked 
| 203|0x000000074cb00000, 0x000000074cb00000, 0x000000074cc00000|  0%| F|  |TAMS 0x000000074cb00000, 0x000000074cb00000| Untracked 
| 204|0x000000074cc00000, 0x000000074cc00000, 0x000000074cd00000|  0%| F|  |TAMS 0x000000074cc00000, 0x000000074cc00000| Untracked 
| 205|0x000000074cd00000, 0x000000074cd00000, 0x000000074ce00000|  0%| F|  |TAMS 0x000000074cd00000, 0x000000074cd00000| Untracked 
| 206|0x000000074ce00000, 0x000000074ce00000, 0x000000074cf00000|  0%| F|  |TAMS 0x000000074ce00000, 0x000000074ce00000| Untracked 
| 207|0x000000074cf00000, 0x000000074cf00000, 0x000000074d000000|  0%| F|  |TAMS 0x000000074cf00000, 0x000000074cf00000| Untracked 
| 208|0x000000074d000000, 0x000000074d000000, 0x000000074d100000|  0%| F|  |TAMS 0x000000074d000000, 0x000000074d000000| Untracked 
| 209|0x000000074d100000, 0x000000074d100000, 0x000000074d200000|  0%| F|  |TAMS 0x000000074d100000, 0x000000074d100000| Untracked 
| 210|0x000000074d200000, 0x000000074d200000, 0x000000074d300000|  0%| F|  |TAMS 0x000000074d200000, 0x000000074d200000| Untracked 
| 211|0x000000074d300000, 0x000000074d300000, 0x000000074d400000|  0%| F|  |TAMS 0x000000074d300000, 0x000000074d300000| Untracked 
| 212|0x000000074d400000, 0x000000074d400000, 0x000000074d500000|  0%| F|  |TAMS 0x000000074d400000, 0x000000074d400000| Untracked 
| 213|0x000000074d500000, 0x000000074d500000, 0x000000074d600000|  0%| F|  |TAMS 0x000000074d500000, 0x000000074d500000| Untracked 
| 214|0x000000074d600000, 0x000000074d600000, 0x000000074d700000|  0%| F|  |TAMS 0x000000074d600000, 0x000000074d600000| Untracked 
| 215|0x000000074d700000, 0x000000074d700000, 0x000000074d800000|  0%| F|  |TAMS 0x000000074d700000, 0x000000074d700000| Untracked 
| 216|0x000000074d800000, 0x000000074d800000, 0x000000074d900000|  0%| F|  |TAMS 0x000000074d800000, 0x000000074d800000| Untracked 
| 217|0x000000074d900000, 0x000000074d900000, 0x000000074da00000|  0%| F|  |TAMS 0x000000074d900000, 0x000000074d900000| Untracked 
| 218|0x000000074da00000, 0x000000074da00000, 0x000000074db00000|  0%| F|  |TAMS 0x000000074da00000, 0x000000074da00000| Untracked 
| 219|0x000000074db00000, 0x000000074db00000, 0x000000074dc00000|  0%| F|  |TAMS 0x000000074db00000, 0x000000074db00000| Untracked 
| 220|0x000000074dc00000, 0x000000074dc00000, 0x000000074dd00000|  0%| F|  |TAMS 0x000000074dc00000, 0x000000074dc00000| Untracked 
| 221|0x000000074dd00000, 0x000000074dd00000, 0x000000074de00000|  0%| F|  |TAMS 0x000000074dd00000, 0x000000074dd00000| Untracked 
| 222|0x000000074de00000, 0x000000074de00000, 0x000000074df00000|  0%| F|  |TAMS 0x000000074de00000, 0x000000074de00000| Untracked 
| 223|0x000000074df00000, 0x000000074df00000, 0x000000074e000000|  0%| F|  |TAMS 0x000000074df00000, 0x000000074df00000| Untracked 
| 224|0x000000074e000000, 0x000000074e000000, 0x000000074e100000|  0%| F|  |TAMS 0x000000074e000000, 0x000000074e000000| Untracked 
| 225|0x000000074e100000, 0x000000074e100000, 0x000000074e200000|  0%| F|  |TAMS 0x000000074e100000, 0x000000074e100000| Untracked 
| 226|0x000000074e200000, 0x000000074e200000, 0x000000074e300000|  0%| F|  |TAMS 0x000000074e200000, 0x000000074e200000| Untracked 
| 227|0x000000074e300000, 0x000000074e300000, 0x000000074e400000|  0%| F|  |TAMS 0x000000074e300000, 0x000000074e300000| Untracked 
| 228|0x000000074e400000, 0x000000074e400000, 0x000000074e500000|  0%| F|  |TAMS 0x000000074e400000, 0x000000074e400000| Untracked 
| 229|0x000000074e500000, 0x000000074e500000, 0x000000074e600000|  0%| F|  |TAMS 0x000000074e500000, 0x000000074e500000| Untracked 
| 230|0x000000074e600000, 0x000000074e631638, 0x000000074e700000| 19%| O|  |TAMS 0x000000074e600000, 0x000000074e600000| Untracked 
| 231|0x000000074e700000, 0x000000074e700000, 0x000000074e800000|  0%| F|  |TAMS 0x000000074e700000, 0x000000074e700000| Untracked 
| 232|0x000000074e800000, 0x000000074e800000, 0x000000074e900000|  0%| F|  |TAMS 0x000000074e800000, 0x000000074e800000| Untracked 
| 233|0x000000074e900000, 0x000000074e900000, 0x000000074ea00000|  0%| F|  |TAMS 0x000000074e900000, 0x000000074e900000| Untracked 
| 234|0x000000074ea00000, 0x000000074ea92340, 0x000000074eb00000| 57%| E|  |TAMS 0x000000074ea00000, 0x000000074ea00000| Complete 
| 235|0x000000074eb00000, 0x000000074ec00000, 0x000000074ec00000|100%| E|CS|TAMS 0x000000074eb00000, 0x000000074eb00000| Complete 
| 236|0x000000074ec00000, 0x000000074ed00000, 0x000000074ed00000|100%| E|CS|TAMS 0x000000074ec00000, 0x000000074ec00000| Complete 
| 237|0x000000074ed00000, 0x000000074ee00000, 0x000000074ee00000|100%| E|CS|TAMS 0x000000074ed00000, 0x000000074ed00000| Complete 
| 238|0x000000074ee00000, 0x000000074ef00000, 0x000000074ef00000|100%| E|CS|TAMS 0x000000074ee00000, 0x000000074ee00000| Complete 
| 239|0x000000074ef00000, 0x000000074f000000, 0x000000074f000000|100%| E|CS|TAMS 0x000000074ef00000, 0x000000074ef00000| Complete 
| 240|0x000000074f000000, 0x000000074f100000, 0x000000074f100000|100%| E|CS|TAMS 0x000000074f000000, 0x000000074f000000| Complete 
| 241|0x000000074f100000, 0x000000074f200000, 0x000000074f200000|100%| E|CS|TAMS 0x000000074f100000, 0x000000074f100000| Complete 
| 242|0x000000074f200000, 0x000000074f300000, 0x000000074f300000|100%| E|CS|TAMS 0x000000074f200000, 0x000000074f200000| Complete 
| 243|0x000000074f300000, 0x000000074f400000, 0x000000074f400000|100%| E|CS|TAMS 0x000000074f300000, 0x000000074f300000| Complete 
| 244|0x000000074f400000, 0x000000074f500000, 0x000000074f500000|100%| E|CS|TAMS 0x000000074f400000, 0x000000074f400000| Complete 
| 245|0x000000074f500000, 0x000000074f600000, 0x000000074f600000|100%| E|CS|TAMS 0x000000074f500000, 0x000000074f500000| Complete 
| 246|0x000000074f600000, 0x000000074f700000, 0x000000074f700000|100%| E|CS|TAMS 0x000000074f600000, 0x000000074f600000| Complete 
| 247|0x000000074f700000, 0x000000074f800000, 0x000000074f800000|100%| E|CS|TAMS 0x000000074f700000, 0x000000074f700000| Complete 
| 248|0x000000074f800000, 0x000000074f900000, 0x000000074f900000|100%| E|CS|TAMS 0x000000074f800000, 0x000000074f800000| Complete 
| 249|0x000000074f900000, 0x000000074fa00000, 0x000000074fa00000|100%| E|CS|TAMS 0x000000074f900000, 0x000000074f900000| Complete 
| 250|0x000000074fa00000, 0x000000074fb00000, 0x000000074fb00000|100%| E|CS|TAMS 0x000000074fa00000, 0x000000074fa00000| Complete 
| 251|0x000000074fb00000, 0x000000074fc00000, 0x000000074fc00000|100%| E|CS|TAMS 0x000000074fb00000, 0x000000074fb00000| Complete 
| 252|0x000000074fc00000, 0x000000074fd00000, 0x000000074fd00000|100%| E|CS|TAMS 0x000000074fc00000, 0x000000074fc00000| Complete 
| 253|0x000000074fd00000, 0x000000074fe00000, 0x000000074fe00000|100%| E|CS|TAMS 0x000000074fd00000, 0x000000074fd00000| Complete 
| 254|0x000000074fe00000, 0x000000074ff00000, 0x000000074ff00000|100%| E|CS|TAMS 0x000000074fe00000, 0x000000074fe00000| Complete 
| 255|0x000000074ff00000, 0x0000000750000000, 0x0000000750000000|100%| E|CS|TAMS 0x000000074ff00000, 0x000000074ff00000| Complete 
| 256|0x0000000750000000, 0x0000000750100000, 0x0000000750100000|100%| E|CS|TAMS 0x0000000750000000, 0x0000000750000000| Complete 
| 257|0x0000000750100000, 0x0000000750200000, 0x0000000750200000|100%| E|CS|TAMS 0x0000000750100000, 0x0000000750100000| Complete 
| 258|0x0000000750200000, 0x0000000750300000, 0x0000000750300000|100%| E|CS|TAMS 0x0000000750200000, 0x0000000750200000| Complete 
| 259|0x0000000750300000, 0x0000000750400000, 0x0000000750400000|100%| E|CS|TAMS 0x0000000750300000, 0x0000000750300000| Complete 
| 260|0x0000000750400000, 0x0000000750500000, 0x0000000750500000|100%| E|CS|TAMS 0x0000000750400000, 0x0000000750400000| Complete 
| 261|0x0000000750500000, 0x0000000750600000, 0x0000000750600000|100%| E|CS|TAMS 0x0000000750500000, 0x0000000750500000| Complete 
| 262|0x0000000750600000, 0x0000000750700000, 0x0000000750700000|100%| E|CS|TAMS 0x0000000750600000, 0x0000000750600000| Complete 
| 263|0x0000000750700000, 0x0000000750800000, 0x0000000750800000|100%| E|CS|TAMS 0x0000000750700000, 0x0000000750700000| Complete 
| 264|0x0000000750800000, 0x0000000750900000, 0x0000000750900000|100%| E|CS|TAMS 0x0000000750800000, 0x0000000750800000| Complete 
| 265|0x0000000750900000, 0x0000000750a00000, 0x0000000750a00000|100%| E|CS|TAMS 0x0000000750900000, 0x0000000750900000| Complete 
| 266|0x0000000750a00000, 0x0000000750b00000, 0x0000000750b00000|100%| E|CS|TAMS 0x0000000750a00000, 0x0000000750a00000| Complete 
| 267|0x0000000750b00000, 0x0000000750c00000, 0x0000000750c00000|100%| E|CS|TAMS 0x0000000750b00000, 0x0000000750b00000| Complete 
| 268|0x0000000750c00000, 0x0000000750d00000, 0x0000000750d00000|100%| E|CS|TAMS 0x0000000750c00000, 0x0000000750c00000| Complete 
| 269|0x0000000750d00000, 0x0000000750e00000, 0x0000000750e00000|100%| E|CS|TAMS 0x0000000750d00000, 0x0000000750d00000| Complete 
| 270|0x0000000750e00000, 0x0000000750f00000, 0x0000000750f00000|100%| E|CS|TAMS 0x0000000750e00000, 0x0000000750e00000| Complete 
| 271|0x0000000750f00000, 0x0000000751000000, 0x0000000751000000|100%| E|CS|TAMS 0x0000000750f00000, 0x0000000750f00000| Complete 
| 272|0x0000000751000000, 0x0000000751100000, 0x0000000751100000|100%| E|CS|TAMS 0x0000000751000000, 0x0000000751000000| Complete 
| 273|0x0000000751100000, 0x0000000751200000, 0x0000000751200000|100%| E|CS|TAMS 0x0000000751100000, 0x0000000751100000| Complete 
| 274|0x0000000751200000, 0x0000000751300000, 0x0000000751300000|100%| E|CS|TAMS 0x0000000751200000, 0x0000000751200000| Complete 
| 275|0x0000000751300000, 0x0000000751400000, 0x0000000751400000|100%| E|CS|TAMS 0x0000000751300000, 0x0000000751300000| Complete 
| 276|0x0000000751400000, 0x0000000751500000, 0x0000000751500000|100%| E|CS|TAMS 0x0000000751400000, 0x0000000751400000| Complete 
| 277|0x0000000751500000, 0x0000000751600000, 0x0000000751600000|100%| E|CS|TAMS 0x0000000751500000, 0x0000000751500000| Complete 
| 278|0x0000000751600000, 0x0000000751700000, 0x0000000751700000|100%| E|CS|TAMS 0x0000000751600000, 0x0000000751600000| Complete 
| 279|0x0000000751700000, 0x0000000751800000, 0x0000000751800000|100%| E|CS|TAMS 0x0000000751700000, 0x0000000751700000| Complete 
| 280|0x0000000751800000, 0x0000000751900000, 0x0000000751900000|100%| E|CS|TAMS 0x0000000751800000, 0x0000000751800000| Complete 
| 281|0x0000000751900000, 0x0000000751a00000, 0x0000000751a00000|100%| E|CS|TAMS 0x0000000751900000, 0x0000000751900000| Complete 
| 282|0x0000000751a00000, 0x0000000751b00000, 0x0000000751b00000|100%| E|CS|TAMS 0x0000000751a00000, 0x0000000751a00000| Complete 
| 283|0x0000000751b00000, 0x0000000751c00000, 0x0000000751c00000|100%| E|CS|TAMS 0x0000000751b00000, 0x0000000751b00000| Complete 

Card table byte_map: [0x000002f8cbdf0000,0x000002f8cc3f0000] _byte_map_base: 0x000002f8c83f0000

Marking Bits (Prev, Next): (CMBitMap*) 0x000002f8d0dbe800, (CMBitMap*) 0x000002f8d0dbe7c8
 Prev Bits: [0x000002f8e87d0000, 0x000002f8eb7d0000)
 Next Bits: [0x000002f8cc9f0000, 0x000002f8cf9f0000)

Polling page: 0x000002f8c4790000

Metaspace:

Usage:
  Non-class:     89.42 MB capacity,    87.86 MB ( 98%) used,     1.19 MB (  1%) free+waste,   383.88 KB ( <1%) overhead. 
      Class:     14.77 MB capacity,    13.48 MB ( 91%) used,     1.10 MB (  7%) free+waste,   185.88 KB (  1%) overhead. 
       Both:    104.19 MB capacity,   101.34 MB ( 97%) used,     2.29 MB (  2%) free+waste,   569.75 KB ( <1%) overhead. 

Virtual space:
  Non-class space:       90.00 MB reserved,      89.51 MB (>99%) committed 
      Class space:        1.00 GB reserved,      14.88 MB (  1%) committed 
             Both:        1.09 GB reserved,     104.38 MB (  9%) committed 

Chunk freelists:
   Non-Class:  25.00 KB
       Class:  16.00 KB
        Both:  41.00 KB

MaxMetaspaceSize: 17179869184.00 GB
CompressedClassSpaceSize: 1.00 GB

CodeHeap 'non-profiled nmethods': size=120000Kb used=18862Kb max_used=18862Kb free=101137Kb
 bounds [0x000002f8e12a0000, 0x000002f8e2520000, 0x000002f8e87d0000]
CodeHeap 'profiled nmethods': size=120000Kb used=43704Kb max_used=43704Kb free=76295Kb
 bounds [0x000002f8d9d70000, 0x000002f8dc860000, 0x000002f8e12a0000]
CodeHeap 'non-nmethods': size=5760Kb used=1849Kb max_used=1935Kb free=3910Kb
 bounds [0x000002f8d97d0000, 0x000002f8d9a40000, 0x000002f8d9d70000]
 total_blobs=18821 nmethods=17313 adapters=1414
 compilation: enabled
              stopped_count=0, restarted_count=0
 full_count=0

Compilation events (20 events):
Event: 250.904 Thread 0x000002f8d1022800 nmethod 20928 0x000002f8e1f4d210 code [0x000002f8e1f4d3c0, 0x000002f8e1f4d528]
Event: 250.906 Thread 0x000002f8d1022800 20929       4       ui.utils.n.a::compare (516 bytes)
Event: 250.909 Thread 0x000002f8d0fe3000 20931       3       ui.data.common.s::<init> (7 bytes)
Event: 250.910 Thread 0x000002f8d0fe3000 nmethod 20931 0x000002f8dc850290 code [0x000002f8dc8504c0, 0x000002f8dc850b88]
Event: 250.913 Thread 0x000002f8d0fe3000 20932       3       ui.data.common.a.a::hasNext (8 bytes)
Event: 250.913 Thread 0x000002f8d0fe3000 nmethod 20932 0x000002f8dc850e10 code [0x000002f8dc850fc0, 0x000002f8dc8510e8]
Event: 250.913 Thread 0x000002f8d0fe3000 20934       3       ui.data.common.a.a::bff (5 bytes)
Event: 250.914 Thread 0x000002f8d0fe3000 nmethod 20934 0x000002f8dc851190 code [0x000002f8dc851360, 0x000002f8dc8515c8]
Event: 250.914 Thread 0x000002f8d0fe3000 20935       3       ui.data.common.a.a::bfg (11 bytes)
Event: 250.914 Thread 0x000002f8d0fe3000 nmethod 20935 0x000002f8dc851710 code [0x000002f8dc8518e0, 0x000002f8dc851ae8]
Event: 250.914 Thread 0x000002f8d0fe3000 20936       3       ui.data.l.ab::next (5 bytes)
Event: 250.915 Thread 0x000002f8d0fe3000 nmethod 20936 0x000002f8dc851b90 code [0x000002f8dc851d60, 0x000002f8dc851f38]
Event: 250.915 Thread 0x000002f8d0fe3000 20937       3       ui.data.l.ab::dMs (11 bytes)
Event: 250.915 Thread 0x000002f8d0fe3000 nmethod 20937 0x000002f8dc852010 code [0x000002f8dc8521e0, 0x000002f8dc852338]
Event: 250.915 Thread 0x000002f8d0fe3000 20938       3       ui.views.systembuilder.dQ$a::toString (26 bytes)
Event: 250.916 Thread 0x000002f8d0fe3000 nmethod 20938 0x000002f8dc852410 code [0x000002f8dc8526a0, 0x000002f8dc8536b8]
Event: 250.916 Thread 0x000002f8d0fe3000 20939       3       ui.data.l.bd::g (22 bytes)
Event: 250.916 Thread 0x000002f8d0fe3000 nmethod 20939 0x000002f8dc853990 code [0x000002f8dc853b80, 0x000002f8dc853e68]
Event: 250.916 Thread 0x000002f8d0fe3000 20940       3       ui.data.l.ak::getFullName (8 bytes)
Event: 250.916 Thread 0x000002f8d0fe3000 nmethod 20940 0x000002f8dc854010 code [0x000002f8dc8541c0, 0x000002f8dc8542e8]

GC Heap History (20 events):
Event: 221.401 GC heap before
{Heap before GC invocations=61 (full 2):
 garbage-first heap   total 290816K, used 171317K [0x0000000740000000, 0x0000000800000000)
  region size 1024K, 60 young (61440K), 3 survivors (3072K)
 Metaspace       used 89305K, capacity 91608K, committed 91912K, reserved 1128448K
  class space    used 11664K, capacity 12706K, committed 12800K, reserved 1048576K
}
Event: 221.404 GC heap after
{Heap after GC invocations=62 (full 2):
 garbage-first heap   total 290816K, used 112144K [0x0000000740000000, 0x0000000800000000)
  region size 1024K, 2 young (2048K), 2 survivors (2048K)
 Metaspace       used 89305K, capacity 91608K, committed 91912K, reserved 1128448K
  class space    used 11664K, capacity 12706K, committed 12800K, reserved 1048576K
}
Event: 224.080 GC heap before
{Heap before GC invocations=62 (full 2):
 garbage-first heap   total 290816K, used 146960K [0x0000000740000000, 0x0000000800000000)
  region size 1024K, 37 young (37888K), 2 survivors (2048K)
 Metaspace       used 89353K, capacity 91615K, committed 91912K, reserved 1128448K
  class space    used 11664K, capacity 12706K, committed 12800K, reserved 1048576K
}
Event: 224.190 GC heap after
{Heap after GC invocations=63 (full 3):
 garbage-first heap   total 290816K, used 89943K [0x0000000740000000, 0x0000000800000000)
  region size 1024K, 0 young (0K), 0 survivors (0K)
 Metaspace       used 89353K, capacity 91615K, committed 91912K, reserved 1128448K
  class space    used 11664K, capacity 12706K, committed 12800K, reserved 1048576K
}
Event: 232.793 GC heap before
{Heap before GC invocations=63 (full 3):
 garbage-first heap   total 290816K, used 151383K [0x0000000740000000, 0x0000000800000000)
  region size 1024K, 60 young (61440K), 0 survivors (0K)
 Metaspace       used 90158K, capacity 92418K, committed 92552K, reserved 1128448K
  class space    used 11788K, capacity 12803K, committed 12928K, reserved 1048576K
}
Event: 232.797 GC heap after
{Heap after GC invocations=64 (full 3):
 garbage-first heap   total 290816K, used 92167K [0x0000000740000000, 0x0000000800000000)
  region size 1024K, 3 young (3072K), 3 survivors (3072K)
 Metaspace       used 90158K, capacity 92418K, committed 92552K, reserved 1128448K
  class space    used 11788K, capacity 12803K, committed 12928K, reserved 1048576K
}
Event: 233.891 GC heap before
{Heap before GC invocations=64 (full 3):
 garbage-first heap   total 290816K, used 150535K [0x0000000740000000, 0x0000000800000000)
  region size 1024K, 60 young (61440K), 3 survivors (3072K)
 Metaspace       used 92344K, capacity 94661K, committed 94728K, reserved 1130496K
  class space    used 12283K, capacity 13312K, committed 13312K, reserved 1048576K
}
Event: 233.898 GC heap after
{Heap after GC invocations=65 (full 3):
 garbage-first heap   total 290816K, used 96794K [0x0000000740000000, 0x0000000800000000)
  region size 1024K, 7 young (7168K), 7 survivors (7168K)
 Metaspace       used 92344K, capacity 94661K, committed 94728K, reserved 1130496K
  class space    used 12283K, capacity 13312K, committed 13312K, reserved 1048576K
}
Event: 235.226 GC heap before
{Heap before GC invocations=65 (full 3):
 garbage-first heap   total 290816K, used 151066K [0x0000000740000000, 0x0000000800000000)
  region size 1024K, 60 young (61440K), 7 survivors (7168K)
 Metaspace       used 94138K, capacity 96504K, committed 96520K, reserved 1132544K
  class space    used 12496K, capacity 13567K, committed 13568K, reserved 1048576K
}
Event: 235.235 GC heap after
{Heap after GC invocations=66 (full 3):
 garbage-first heap   total 290816K, used 98185K [0x0000000740000000, 0x0000000800000000)
  region size 1024K, 3 young (3072K), 3 survivors (3072K)
 Metaspace       used 94138K, capacity 96504K, committed 96520K, reserved 1132544K
  class space    used 12496K, capacity 13567K, committed 13568K, reserved 1048576K
}
Event: 235.567 GC heap before
{Heap before GC invocations=66 (full 3):
 garbage-first heap   total 290816K, used 155529K [0x0000000740000000, 0x0000000800000000)
  region size 1024K, 60 young (61440K), 3 survivors (3072K)
 Metaspace       used 96203K, capacity 98682K, committed 98952K, reserved 1134592K
  class space    used 12777K, capacity 13872K, committed 13952K, reserved 1048576K
}
Event: 235.571 GC heap after
{Heap after GC invocations=67 (full 3):
 garbage-first heap   total 290816K, used 100510K [0x0000000740000000, 0x0000000800000000)
  region size 1024K, 5 young (5120K), 5 survivors (5120K)
 Metaspace       used 96203K, capacity 98682K, committed 98952K, reserved 1134592K
  class space    used 12777K, capacity 13872K, committed 13952K, reserved 1048576K
}
Event: 236.152 GC heap before
{Heap before GC invocations=67 (full 3):
 garbage-first heap   total 290816K, used 156830K [0x0000000740000000, 0x0000000800000000)
  region size 1024K, 60 young (61440K), 5 survivors (5120K)
 Metaspace       used 100941K, capacity 103745K, committed 103944K, reserved 1138688K
  class space    used 13533K, capacity 14762K, committed 14848K, reserved 1048576K
}
Event: 236.158 GC heap after
{Heap after GC invocations=68 (full 3):
 garbage-first heap   total 290816K, used 101585K [0x0000000740000000, 0x0000000800000000)
  region size 1024K, 4 young (4096K), 4 survivors (4096K)
 Metaspace       used 100941K, capacity 103745K, committed 103944K, reserved 1138688K
  class space    used 13533K, capacity 14762K, committed 14848K, reserved 1048576K
}
Event: 237.265 GC heap before
{Heap before GC invocations=68 (full 3):
 garbage-first heap   total 290816K, used 168145K [0x0000000740000000, 0x0000000800000000)
  region size 1024K, 60 young (61440K), 4 survivors (4096K)
 Metaspace       used 103222K, capacity 106156K, committed 106376K, reserved 1140736K
  class space    used 13799K, capacity 15119K, committed 15232K, reserved 1048576K
}
Event: 237.270 GC heap after
{Heap after GC invocations=69 (full 3):
 garbage-first heap   total 290816K, used 112562K [0x0000000740000000, 0x0000000800000000)
  region size 1024K, 7 young (7168K), 7 survivors (7168K)
 Metaspace       used 103222K, capacity 106156K, committed 106376K, reserved 1140736K
  class space    used 13799K, capacity 15119K, committed 15232K, reserved 1048576K
}
Event: 238.025 GC heap before
{Heap before GC invocations=69 (full 3):
 garbage-first heap   total 290816K, used 165810K [0x0000000740000000, 0x0000000800000000)
  region size 1024K, 60 young (61440K), 7 survivors (7168K)
 Metaspace       used 103376K, capacity 106222K, committed 106376K, reserved 1140736K
  class space    used 13799K, capacity 15119K, committed 15232K, reserved 1048576K
}
Event: 238.031 GC heap after
{Heap after GC invocations=70 (full 3):
 garbage-first heap   total 290816K, used 108896K [0x0000000740000000, 0x0000000800000000)
  region size 1024K, 3 young (3072K), 3 survivors (3072K)
 Metaspace       used 103376K, capacity 106222K, committed 106376K, reserved 1140736K
  class space    used 13799K, capacity 15119K, committed 15232K, reserved 1048576K
}
Event: 239.078 GC heap before
{Heap before GC invocations=70 (full 3):
 garbage-first heap   total 290816K, used 123232K [0x0000000740000000, 0x0000000800000000)
  region size 1024K, 18 young (18432K), 3 survivors (3072K)
 Metaspace       used 103405K, capacity 106350K, committed 106632K, reserved 1140736K
  class space    used 13799K, capacity 15119K, committed 15232K, reserved 1048576K
}
Event: 239.173 GC heap after
{Heap after GC invocations=71 (full 4):
 garbage-first heap   total 290816K, used 105592K [0x0000000740000000, 0x0000000800000000)
  region size 1024K, 0 young (0K), 0 survivors (0K)
 Metaspace       used 103405K, capacity 106350K, committed 106632K, reserved 1140736K
  class space    used 13799K, capacity 15119K, committed 15232K, reserved 1048576K
}

Deoptimization events (20 events):
Event: 248.419 Thread 0x000002f88fa0a000 DEOPT PACKING pc=0x000002f8db3d80bf sp=0x000000fc177fe060
Event: 248.419 Thread 0x000002f88fa0a000 DEOPT UNPACKING pc=0x000002f8d97f705e sp=0x000000fc177fd4b0 mode 0
Event: 248.419 Thread 0x000002f88fa0a000 DEOPT PACKING pc=0x000002f8db3d80bf sp=0x000000fc177fe060
Event: 248.419 Thread 0x000002f88fa0a000 DEOPT UNPACKING pc=0x000002f8d97f705e sp=0x000000fc177fd4b0 mode 0
Event: 248.419 Thread 0x000002f88fa0a000 DEOPT PACKING pc=0x000002f8db3d80bf sp=0x000000fc177fe060
Event: 248.419 Thread 0x000002f88fa0a000 DEOPT UNPACKING pc=0x000002f8d97f705e sp=0x000000fc177fd4b0 mode 0
Event: 248.419 Thread 0x000002f88fa0a000 DEOPT PACKING pc=0x000002f8db3d80bf sp=0x000000fc177fe060
Event: 248.419 Thread 0x000002f88fa0a000 DEOPT UNPACKING pc=0x000002f8d97f705e sp=0x000000fc177fd4b0 mode 0
Event: 248.419 Thread 0x000002f88fa0a000 DEOPT PACKING pc=0x000002f8db3d80bf sp=0x000000fc177fe060
Event: 248.419 Thread 0x000002f88fa0a000 DEOPT UNPACKING pc=0x000002f8d97f705e sp=0x000000fc177fd4b0 mode 0
Event: 248.419 Thread 0x000002f88fa0a000 DEOPT PACKING pc=0x000002f8db3d80bf sp=0x000000fc177fe060
Event: 248.419 Thread 0x000002f88fa0a000 DEOPT UNPACKING pc=0x000002f8d97f705e sp=0x000000fc177fd4b0 mode 0
Event: 248.419 Thread 0x000002f88fa0a000 DEOPT PACKING pc=0x000002f8db3d80bf sp=0x000000fc177fe060
Event: 248.419 Thread 0x000002f88fa0a000 DEOPT UNPACKING pc=0x000002f8d97f705e sp=0x000000fc177fd4b0 mode 0
Event: 248.421 Thread 0x000002f88fa0a000 DEOPT PACKING pc=0x000002f8db3d80bf sp=0x000000fc177fe060
Event: 248.421 Thread 0x000002f88fa0a000 DEOPT UNPACKING pc=0x000002f8d97f705e sp=0x000000fc177fd4b0 mode 0
Event: 248.421 Thread 0x000002f88fa0a000 DEOPT PACKING pc=0x000002f8db3d80bf sp=0x000000fc177fe060
Event: 248.421 Thread 0x000002f88fa0a000 DEOPT UNPACKING pc=0x000002f8d97f705e sp=0x000000fc177fd4b0 mode 0
Event: 250.656 Thread 0x000002f8f129c800 DEOPT PACKING pc=0x000002f8dc752b4b sp=0x000000fc013f8b80
Event: 250.656 Thread 0x000002f8f129c800 DEOPT UNPACKING pc=0x000002f8d97f705e sp=0x000000fc013f8080 mode 0

Classes redefined (0 events):
No events

Internal exceptions (20 events):
Event: 235.784 Thread 0x000002f89ef0f000 Exception <a 'java/lang/NoSuchMethodError'{0x00000007500ff990}: 'void java.lang.invoke.DirectMethodHandle$Holder.invokeStaticInit(java.lang.Object, java.lang.Object)'> (0x00000007500ff990) thrown at [./src/hotspot/share/interpreter/linkResolver.cpp, line 773]
Event: 235.839 Thread 0x000002f89ef0f000 Exception <a 'sun/nio/fs/WindowsException'{0x000000074fb86590}> (0x000000074fb86590) thrown at [./src/hotspot/share/prims/jni.cpp, line 615]
Event: 235.841 Thread 0x000002f89ef0f000 Exception <a 'sun/nio/fs/WindowsException'{0x000000074fb87290}> (0x000000074fb87290) thrown at [./src/hotspot/share/prims/jni.cpp, line 615]
Event: 235.850 Thread 0x000002f89ef0f000 Exception <a 'java/lang/NoSuchMethodError'{0x000000074fac8058}: 'java.lang.Object java.lang.invoke.DirectMethodHandle$Holder.invokeSpecial(java.lang.Object, java.lang.Object, long, java.lang.Object)'> (0x000000074fac8058) thrown at [./src/hotspot/share/interpreter/linkResolver.cpp, line 773]
Event: 235.850 Thread 0x000002f89ef0f000 Exception <a 'java/lang/NoSuchMethodError'{0x000000074facb010}: 'java.lang.Object java.lang.invoke.DelegatingMethodHandle$Holder.reinvoke_L(java.lang.Object, long, java.lang.Object)'> (0x000000074facb010) thrown at [./src/hotspot/share/interpreter/linkResolver.cpp, line 773]
Event: 235.855 Thread 0x000002f89ef0f000 Exception <a 'java/lang/NoSuchMethodError'{0x000000074f94b8b0}: 'java.lang.Object java.lang.invoke.DelegatingMethodHandle$Holder.reinvoke_L(java.lang.Object, java.lang.Object, int, int, long, int, java.lang.Object, java.lang.Object, java.lang.Object, int)'> (0x000000074f94b8b0) thrown at [./src/hotspot/share/interpreter/linkResolver.cpp, line 773]
Event: 235.858 Thread 0x000002f89ef0f000 Exception <a 'java/lang/NoSuchMethodError'{0x000000074f82b0f8}: 'java.lang.Object java.lang.invoke.DirectMethodHandle$Holder.invokeSpecial(java.lang.Object, java.lang.Object, int, int, int, long, int, java.lang.Object, java.lang.Object, java.lang.Object, int)'> (0x000000074f82b0f8) thrown at [./src/hotspot/share/interpreter/linkResolver.cpp, line 773]
Event: 235.858 Thread 0x000002f89ef0f000 Exception <a 'java/lang/NoSuchMethodError'{0x000000074f82e9a0}: 'java.lang.Object java.lang.invoke.DelegatingMethodHandle$Holder.reinvoke_L(java.lang.Object, int, int, int, long, int, java.lang.Object, java.lang.Object, java.lang.Object, int)'> (0x000000074f82e9a0) thrown at [./src/hotspot/share/interpreter/linkResolver.cpp, line 773]
Event: 236.078 Thread 0x000002f89ef0f000 Exception <a 'java/lang/NoSuchMethodError'{0x000000074eac7218}: 'java.lang.Object java.lang.invoke.DirectMethodHandle$Holder.invokeInterface(java.lang.Object, java.lang.Object, java.lang.Object)'> (0x000000074eac7218) thrown at [./src/hotspot/share/interpreter/linkResolver.cpp, line 773]
Event: 236.078 Thread 0x000002f89ef0f000 Exception <a 'java/lang/IncompatibleClassChangeError'{0x000000074eaca1a0}: Found class java.lang.Object, but interface was expected> (0x000000074eaca1a0) thrown at [./src/hotspot/share/interpreter/linkResolver.cpp, line 839]
Event: 236.117 Thread 0x000002f89ef0f000 Exception <a 'java/lang/NoSuchMethodError'{0x000000074e8e10e0}: 'long java.lang.invoke.DirectMethodHandle$Holder.invokeStaticInit(java.lang.Object, java.lang.Object, java.lang.Object)'> (0x000000074e8e10e0) thrown at [./src/hotspot/share/interpreter/linkResolver.cpp, line 773]
Event: 236.134 Thread 0x000002f89ef0f000 Exception <a 'java/lang/NoSuchMethodError'{0x000000074e636270}: 'java.lang.Object java.lang.invoke.DirectMethodHandle$Holder.invokeSpecial(java.lang.Object, java.lang.Object, int, int, int, int, int, int, int)'> (0x000000074e636270) thrown at [./src/hotspot/share/interpreter/linkResolver.cpp, line 773]
Event: 236.134 Thread 0x000002f89ef0f000 Exception <a 'java/lang/NoSuchMethodError'{0x000000074e639628}: 'java.lang.Object java.lang.invoke.DelegatingMethodHandle$Holder.reinvoke_L(java.lang.Object, int, int, int, int, int, int, int)'> (0x000000074e639628) thrown at [./src/hotspot/share/interpreter/linkResolver.cpp, line 773]
Event: 236.137 Thread 0x000002f89ef0f000 Exception <a 'java/lang/NoSuchMethodError'{0x000000074e65e4a8}: 'java.lang.Object java.lang.invoke.DirectMethodHandle$Holder.invokeSpecial(java.lang.Object, java.lang.Object, int, int, int, int)'> (0x000000074e65e4a8) thrown at [./src/hotspot/share/interpreter/linkResolver.cpp, line 773]
Event: 236.137 Thread 0x000002f89ef0f000 Exception <a 'java/lang/NoSuchMethodError'{0x000000074e6613c8}: 'java.lang.Object java.lang.invoke.Invokers$Holder.linkToTargetMethod(int, int, int, int, java.lang.Object)'> (0x000000074e6613c8) thrown at [./src/hotspot/share/interpreter/linkResolver.cpp, line 773]
Event: 236.185 Thread 0x000002f89ef0f000 Exception <a 'java/lang/NoSuchMethodError'{0x00000007519df438}: 'java.lang.Object java.lang.invoke.DelegatingMethodHandle$Holder.reinvoke_L(java.lang.Object, java.lang.Object, int, int, long, int, int, java.lang.Object, java.lang.Object, int)'> (0x00000007519df438) thrown at [./src/hotspot/share/interpreter/linkResolver.cpp, line 773]
Event: 236.189 Thread 0x000002f89ef0f000 Exception <a 'java/lang/NoSuchMethodError'{0x00000007518a9c70}: 'java.lang.Object java.lang.invoke.DirectMethodHandle$Holder.invokeSpecial(java.lang.Object, java.lang.Object, int, int, int, long, int, int, java.lang.Object, java.lang.Object, int)'> (0x00000007518a9c70) thrown at [./src/hotspot/share/interpreter/linkResolver.cpp, line 773]
Event: 236.189 Thread 0x000002f89ef0f000 Exception <a 'java/lang/NoSuchMethodError'{0x00000007518ad410}: 'java.lang.Object java.lang.invoke.DelegatingMethodHandle$Holder.reinvoke_L(java.lang.Object, int, int, int, long, int, int, java.lang.Object, java.lang.Object, int)'> (0x00000007518ad410) thrown at [./src/hotspot/share/interpreter/linkResolver.cpp, line 773]
Event: 236.791 Thread 0x000002f88f306800 Exception <a 'java/lang/NoSuchMethodError'{0x000000074f801fc8}: 'java.lang.Object java.lang.invoke.DirectMethodHandle$Holder.invokeStatic(java.lang.Object, java.lang.Object, java.lang.Object, int)'> (0x000000074f801fc8) thrown at [./src/hotspot/share/interpreter/linkResolver.cpp, line 773]
Event: 237.155 Thread 0x000002f88fa0a000 Exception <a 'java/lang/NoSuchMethodError'{0x000000074e8c19f0}: 'java.lang.Object java.lang.invoke.DirectMethodHandle$Holder.invokeStaticInit(java.lang.Object, int)'> (0x000000074e8c19f0) thrown at [./src/hotspot/share/interpreter/linkResolver.cpp, line 773]

Events (20 events):
Event: 248.379 loading class ui/data/J
Event: 248.379 loading class ui/data/J done
Event: 248.626 Thread 0x000002f8ae5e8000 Thread exited: 0x000002f8ae5e8000
Event: 248.730 Executing VM operation: RevokeBias
Event: 248.730 Executing VM operation: RevokeBias done
Event: 248.733 Executing VM operation: RevokeBias
Event: 248.737 Executing VM operation: RevokeBias done
Event: 249.328 Thread 0x000002f8ae5ed800 Thread added: 0x000002f8ae5ed800
Event: 249.336 Thread 0x000002f8ae5ed800 Thread exited: 0x000002f8ae5ed800
Event: 249.429 Loaded shared library C:\Xilinx\Vivado\2022.2\lib\win64.o\librdi_rsb.dll
Event: 249.651 Thread 0x000002f8ae5e7000 Thread exited: 0x000002f8ae5e7000
Event: 250.242 Thread 0x000002f8ae5e8000 Thread added: 0x000002f8ae5e8000
Event: 250.253 Thread 0x000002f8ae5e8000 Thread exited: 0x000002f8ae5e8000
Event: 250.338 loading class ui/views/systembuilder/h
Event: 250.338 loading class ui/views/systembuilder/h done
Event: 250.339 loading class ui/data/G
Event: 250.339 loading class ui/data/G done
Event: 250.900 loading class ui/data/l/be
Event: 250.900 loading class ui/data/l/be done
Event: 250.913 Loaded shared library C:\Xilinx\Vivado\2022.2\lib\win64.o\librdi_common.dll


Dynamic libraries:
0x00007ff7afeb0000 - 0x00007ff7afee1000 	C:\Xilinx\Vivado\2022.2\bin\unwrapped\win64.o\vivado.exe
0x00007fff239d0000 - 0x00007fff23be7000 	C:\WINDOWS\SYSTEM32\ntdll.dll
0x00007fff22e20000 - 0x00007fff22ee4000 	C:\WINDOWS\System32\KERNEL32.DLL
0x00007fff20e80000 - 0x00007fff21237000 	C:\WINDOWS\System32\KERNELBASE.dll
0x00007fff215e0000 - 0x00007fff216f1000 	C:\WINDOWS\System32\ucrtbase.dll
0x00007ffefd0f0000 - 0x00007ffefd17d000 	C:\WINDOWS\SYSTEM32\MSVCP140.dll
0x00007fff18e10000 - 0x00007fff18e28000 	C:\Xilinx\Vivado\2022.2\lib\win64.o\librdi_commonmain.dll
0x00007ffed6790000 - 0x00007ffed7bc1000 	C:\Xilinx\Vivado\2022.2\lib\win64.o\librdi_common.dll
0x00007ffefd180000 - 0x00007ffefd19e000 	C:\WINDOWS\SYSTEM32\VCRUNTIME140.dll
0x00007ffefd0e0000 - 0x00007ffefd0ec000 	C:\WINDOWS\SYSTEM32\VCRUNTIME140_1.dll
0x00007fff22930000 - 0x00007fff22adf000 	C:\WINDOWS\System32\USER32.dll
0x00007fff21300000 - 0x00007fff21326000 	C:\WINDOWS\System32\win32u.dll
0x00007fff14d50000 - 0x00007fff14d71000 	C:\Xilinx\Vivado\2022.2\lib\win64.o\libboost_filesystem.dll
0x00007fff22800000 - 0x00007fff22829000 	C:\WINDOWS\System32\GDI32.dll
0x00007fff21d80000 - 0x00007fff21e32000 	C:\WINDOWS\System32\ADVAPI32.dll
0x00007fff1a3e0000 - 0x00007fff1a3e9000 	C:\Xilinx\Vivado\2022.2\lib\win64.o\librdi_commonversion.dll
0x00007ffee18b0000 - 0x00007ffee1a65000 	C:\Xilinx\Vivado\2022.2\lib\win64.o\librdi_commonxillic.dll
0x00007fff22c70000 - 0x00007fff22d17000 	C:\WINDOWS\System32\msvcrt.dll
0x00007fff20d60000 - 0x00007fff20e78000 	C:\WINDOWS\System32\gdi32full.dll
0x00007fff21970000 - 0x00007fff219e1000 	C:\WINDOWS\System32\WS2_32.dll
0x00007fff21540000 - 0x00007fff215da000 	C:\WINDOWS\System32\msvcp_win.dll
0x00007fff218c0000 - 0x00007fff21968000 	C:\WINDOWS\System32\sechost.dll
0x00007fff22ae0000 - 0x00007fff22bf4000 	C:\WINDOWS\System32\RPCRT4.dll
0x00007fff21e40000 - 0x00007fff226a9000 	C:\WINDOWS\System32\SHELL32.dll
0x00007fff214a0000 - 0x00007fff214c8000 	C:\WINDOWS\System32\bcrypt.dll
0x000000006fba0000 - 0x000000006fccb000 	C:\Xilinx\Vivado\2022.2\lib\win64.o\tcl85t.dll
0x00007fff214d0000 - 0x00007fff2153c000 	C:\WINDOWS\System32\WINTRUST.dll
0x00007fff17050000 - 0x00007fff17061000 	C:\Xilinx\Vivado\2022.2\lib\win64.o\libboost_date_time.dll
0x00007ffedbf80000 - 0x00007ffedc2ee000 	C:\Xilinx\Vivado\2022.2\lib\win64.o\libCOIN-all.dll
0x00007fff0d030000 - 0x00007fff0d0a9000 	C:\Xilinx\Vivado\2022.2\lib\win64.o\libboost_program_options.dll
0x00007ffee8270000 - 0x00007ffee8384000 	C:\Xilinx\Vivado\2022.2\lib\win64.o\libboost_regex.dll
0x00007fff14040000 - 0x00007fff1405c000 	C:\Xilinx\Vivado\2022.2\lib\win64.o\libboost_thread.dll
0x00007fff14030000 - 0x00007fff1403c000 	C:\Xilinx\Vivado\2022.2\lib\win64.o\libboost_xilinx.dll
0x00007fff01050000 - 0x00007fff010d2000 	C:\Xilinx\Vivado\2022.2\lib\win64.o\libhdlpsolve.dll
0x00007ffee1800000 - 0x00007ffee18a5000 	C:\Xilinx\Vivado\2022.2\lib\win64.o\libhdxml.dll
0x00007fff07960000 - 0x00007fff079c5000 	C:\Xilinx\Vivado\2022.2\lib\win64.o\liblmx6.0.dll
0x00007ffed5810000 - 0x00007ffed678d200 	C:\Xilinx\Vivado\2022.2\lib\win64.o\libisl_iostreams.dll
0x00007fff12320000 - 0x00007fff1234a000 	C:\Xilinx\Vivado\2022.2\lib\win64.o\libisl_sysinfo.dll
0x00007fff12180000 - 0x00007fff1219a000 	C:\Xilinx\Vivado\2022.2\lib\win64.o\pthreadVC2.dll
0x00007fff11f70000 - 0x00007fff11f8c000 	C:\Xilinx\Vivado\2022.2\lib\win64.o\librdiconfig.dll
0x00007fff22780000 - 0x00007fff227de000 	C:\WINDOWS\System32\SHLWAPI.dll
0x00007fff076e0000 - 0x00007fff07701000 	C:\Xilinx\Vivado\2022.2\lib\win64.o\librdizlib.dll
0x00007ffedbcb0000 - 0x00007ffedbf71000 	C:\Xilinx\Vivado\2022.2\lib\win64.o\xerces-c_3_2.dll
0x00007ffedaba0000 - 0x00007ffedaeb6000 	C:\Xilinx\Vivado\2022.2\lib\win64.o\libXil_lmgr11.dll
0x00007fff22d20000 - 0x00007fff22e1f000 	C:\WINDOWS\System32\COMDLG32.dll
0x00007fff219f0000 - 0x00007fff21d7e000 	C:\WINDOWS\System32\combase.dll
0x00007fff18090000 - 0x00007fff180a9000 	C:\WINDOWS\SYSTEM32\NETAPI32.dll
0x00007ffef9f60000 - 0x00007ffefa45e000 	C:\WINDOWS\SYSTEM32\WININET.dll
0x00007fff1c0b0000 - 0x00007fff1c1e6000 	C:\WINDOWS\SYSTEM32\WINHTTP.dll
0x00007fff22830000 - 0x00007fff22929000 	C:\WINDOWS\System32\shcore.dll
0x00007fff14270000 - 0x00007fff14460000 	C:\WINDOWS\SYSTEM32\urlmon.dll
0x00007fff23420000 - 0x00007fff234f7000 	C:\WINDOWS\System32\OLEAUT32.dll
0x00007fff21710000 - 0x00007fff218b5000 	C:\WINDOWS\System32\ole32.dll
0x00007ffefb110000 - 0x00007ffefb119000 	C:\WINDOWS\SYSTEM32\WSOCK32.dll
0x00007fff076a0000 - 0x00007fff076d2000 	C:\WINDOWS\SYSTEM32\VCOMP140.DLL
0x00007ffed38f0000 - 0x00007ffed5807000 	C:\Xilinx\Vivado\2022.2\lib\win64.o\gurobi90.dll
0x00007fff21330000 - 0x00007fff21496000 	C:\WINDOWS\System32\CRYPT32.dll
0x00007fff0d010000 - 0x00007fff0d028000 	C:\Xilinx\Vivado\2022.2\lib\win64.o\libboost_iostreams.dll
0x00007fff05500000 - 0x00007fff05524000 	C:\Xilinx\Vivado\2022.2\lib\win64.o\libisl_iosutils.dll
0x00007fff23310000 - 0x00007fff2336f000 	C:\WINDOWS\System32\WLDAP32.dll
0x00007fff232b0000 - 0x00007fff232b8000 	C:\WINDOWS\System32\Normaliz.dll
0x00007ffecd3c0000 - 0x00007ffecd473000 	C:\WINDOWS\WinSxS\amd64_microsoft.windows.common-controls_6595b64144ccf1df_5.82.22621.3527_none_b43b7f4b638cc64f\COMCTL32.dll
0x00007fff13d30000 - 0x00007fff13fee000 	C:\WINDOWS\SYSTEM32\iertutil.dll
0x00007fff1f750000 - 0x00007fff1f75c000 	C:\WINDOWS\SYSTEM32\netutils.dll
0x00007fff17ce0000 - 0x00007fff17d08000 	C:\WINDOWS\SYSTEM32\srvcli.dll
0x00007fff1c810000 - 0x00007fff1c82f000 	C:\WINDOWS\SYSTEM32\dhcpcsvc.DLL
0x00007fff20290000 - 0x00007fff202b8000 	C:\WINDOWS\SYSTEM32\USERENV.dll
0x00007fff201a0000 - 0x00007fff20209000 	C:\WINDOWS\SYSTEM32\MSWSOCK.DLL
0x00007fff22740000 - 0x00007fff22771000 	C:\WINDOWS\System32\IMM32.DLL
0x00007fff20450000 - 0x00007fff20462000 	C:\WINDOWS\SYSTEM32\MSASN1.dll
0x00007fff1fd00000 - 0x00007fff1fd18000 	C:\WINDOWS\SYSTEM32\kernel.appcore.dll
0x00007fff203f0000 - 0x00007fff2040b000 	C:\WINDOWS\SYSTEM32\CRYPTSP.dll
0x00007fff1fc60000 - 0x00007fff1fc95000 	C:\WINDOWS\system32\rsaenh.dll
0x00007fff20410000 - 0x00007fff2041c000 	C:\WINDOWS\SYSTEM32\CRYPTBASE.dll
0x00007fff20ce0000 - 0x00007fff20d5b000 	C:\WINDOWS\System32\bcryptPrimitives.dll
0x00007fff227e0000 - 0x00007fff227ff000 	C:\WINDOWS\System32\imagehlp.dll
0x00007ffed9040000 - 0x00007ffed9573000 	C:\Xilinx\Vivado\2022.2\lib\win64.o\librdi_commontasks.dll
0x00007fff17500000 - 0x00007fff1750a000 	C:\WINDOWS\SYSTEM32\VERSION.dll
0x00007ffed1ce0000 - 0x00007ffed282d000 	C:\Xilinx\Vivado\2022.2\tps\win64\jre11.0.11_9\bin\server\jvm.dll
0x00007ffeda870000 - 0x00007ffedab95a00 	C:\Xilinx\Vivado\2022.2\lib\win64.o\librdi_sio.dll
0x00007fff22c60000 - 0x00007fff22c68000 	C:\WINDOWS\System32\PSAPI.DLL
0x00007fff1b320000 - 0x00007fff1b354000 	C:\WINDOWS\SYSTEM32\WINMM.dll
0x00007fff1f760000 - 0x00007fff1f78d000 	C:\WINDOWS\SYSTEM32\IPHLPAPI.DLL
0x00007fff1ff70000 - 0x00007fff1ffb3000 	C:\WINDOWS\SYSTEM32\SspiCli.dll
0x00007ffec5720000 - 0x00007ffec5737000 	C:\WINDOWS\system32\napinsp.dll
0x00007ffeaed60000 - 0x00007ffeaed7b000 	C:\WINDOWS\system32\pnrpnsp.dll
0x00007fff1f7d0000 - 0x00007fff1f8d2000 	C:\WINDOWS\SYSTEM32\DNSAPI.dll
0x00007fff23980000 - 0x00007fff23989000 	C:\WINDOWS\System32\NSI.dll
0x00007ffeae960000 - 0x00007ffeae971000 	C:\WINDOWS\System32\winrnr.dll
0x00007fff1b360000 - 0x00007fff1b375000 	C:\WINDOWS\system32\wshbth.dll
0x00007ffec5470000 - 0x00007ffec5497000 	C:\WINDOWS\system32\nlansp_c.dll
0x0000000070cf0000 - 0x0000000070d16000 	C:\Program Files\Bonjour\mdnsNSP.dll
0x00007fff1ec00000 - 0x00007fff1f4ff000 	C:\WINDOWS\SYSTEM32\windows.storage.dll
0x00007fff1eac0000 - 0x00007fff1ebff000 	C:\WINDOWS\SYSTEM32\wintypes.dll
0x00007ffe6abf0000 - 0x00007ffe6d915000 	C:\Xilinx\Vivado\2022.2\lib\win64.o\librdi_tcltasks.dll
0x00007ffeffc20000 - 0x00007ffeffc64000 	C:\Xilinx\Vivado\2022.2\lib\win64.o\libboost_serialization.dll
0x00007ffee80c0000 - 0x00007ffee8140000 	C:\Xilinx\Vivado\2022.2\lib\win64.o\librdi_boarddep.dll
0x00007ffeda130000 - 0x00007ffeda313000 	C:\Xilinx\Vivado\2022.2\lib\win64.o\librdi_board.dll
0x00007ffed8b60000 - 0x00007ffed903d000 	C:\Xilinx\Vivado\2022.2\lib\win64.o\librdi_bitstream.dll
0x00007ffed8950000 - 0x00007ffed8b52000 	C:\Xilinx\Vivado\2022.2\lib\win64.o\librdi_chipscopeimpl.dll
0x00007ffedcaf0000 - 0x00007ffedcc17000 	C:\Xilinx\Vivado\2022.2\lib\win64.o\librdi_chipscope.dll
0x00007ffe689c0000 - 0x00007ffe6abec000 	C:\Xilinx\Vivado\2022.2\lib\win64.o\librdi_constraints.dll
0x00007ffedbb40000 - 0x00007ffedbca5000 	C:\Xilinx\Vivado\2022.2\lib\win64.o\librdi_containers.dll
0x00007ffe663d0000 - 0x00007ffe689b5000 	C:\Xilinx\Vivado\2022.2\lib\win64.o\librdi_coregen.dll
0x00007ffe643c0000 - 0x00007ffe663cd000 	C:\Xilinx\Vivado\2022.2\lib\win64.o\librdi_designutils.dll
0x00007ffe72c00000 - 0x00007ffe740e5000 	C:\Xilinx\Vivado\2022.2\lib\win64.o\librdi_device.dll
0x00007ffed8170000 - 0x00007ffed84f3000 	C:\Xilinx\Vivado\2022.2\lib\win64.o\librdi_dlyest.dll
0x00007ffed2990000 - 0x00007ffed306b000 	C:\Xilinx\Vivado\2022.2\lib\win64.o\librdi_drc.dll
0x00007ffedb7c0000 - 0x00007ffedb874000 	C:\Xilinx\Vivado\2022.2\lib\win64.o\librdi_dsp.dll
0x00007ffed1640000 - 0x00007ffed1cd5000 	C:\Xilinx\Vivado\2022.2\lib\win64.o\librdi_filemgmt.dll
0x00007ffed7e40000 - 0x00007ffed816b000 	C:\Xilinx\Vivado\2022.2\lib\win64.o\librdi_guitools.dll
0x00007ffee1790000 - 0x00007ffee17fb000 	C:\Xilinx\Vivado\2022.2\lib\win64.o\librdi_hdf.dll
0x00007ffe74770000 - 0x00007ffe7568b000 	C:\Xilinx\Vivado\2022.2\lib\win64.o\librdi_implflow.dll
0x00007ffe63580000 - 0x00007ffe643b3000 	C:\Xilinx\Vivado\2022.2\lib\win64.o\librdi_ippcw.dll
0x00007ffeda720000 - 0x00007ffeda867000 	C:\Xilinx\Vivado\2022.2\lib\win64.o\librdi_hip_perf_analysis.dll
0x00007ffed3630000 - 0x00007ffed38ed000 	C:\Xilinx\Vivado\2022.2\lib\win64.o\librdi_hip_devdesign.dll
0x00007ffedca70000 - 0x00007ffedcaed000 	C:\Xilinx\Vivado\2022.2\lib\win64.o\librdi_memoryarray.dll
0x00007ffed0e90000 - 0x00007ffed1631000 	C:\Xilinx\Vivado\2022.2\lib\win64.o\librdi_lopt.dll
0x00007ffe60cb0000 - 0x00007ffe63575000 	C:\Xilinx\Vivado\2022.2\lib\win64.o\librdi_mig.dll
0x00007ffece2f0000 - 0x00007ffecea5d000 	C:\Xilinx\Vivado\2022.2\lib\win64.o\librdi_netlist.dll
0x00007ffef3420000 - 0x00007ffef347b000 	C:\Xilinx\Vivado\2022.2\lib\win64.o\librdi_pfi.dll
0x00007ffe59c40000 - 0x00007ffe5cd60000 	C:\Xilinx\Vivado\2022.2\lib\win64.o\librdi_place.dll
0x00007ffed0a20000 - 0x00007ffed0e90000 	C:\Xilinx\Vivado\2022.2\lib\win64.o\librdi_platform.dll
0x00007ffe603d0000 - 0x00007ffe60ca4000 	C:\Xilinx\Vivado\2022.2\lib\win64.o\librdi_power.dll
0x00007ffe5fc60000 - 0x00007ffe603c7000 	C:\Xilinx\Vivado\2022.2\lib\win64.o\librdi_project.dll
0x00007ffed02d0000 - 0x00007ffed0925000 	C:\Xilinx\Vivado\2022.2\lib\win64.o\librdi_memdata.dll
0x00007ffe5f310000 - 0x00007ffe5fc60000 	C:\Xilinx\Vivado\2022.2\lib\win64.o\librdi_rsb.dll
0x00007ffecdc60000 - 0x00007ffece1c3000 	C:\Xilinx\Vivado\2022.2\lib\win64.o\librdi_runs.dll

dbghelp: loaded successfully - version: 4.0.5 - missing functions: none
symbol engine: initialized successfully - sym options: 0x614 - pdb path: .;C:\Xilinx\Vivado\2022.2\bin\unwrapped\win64.o;C:\WINDOWS\SYSTEM32;C:\Xilinx\Vivado\2022.2\lib\win64.o;C:\WINDOWS\WinSxS\amd64_microsoft.windows.common-controls_6595b64144ccf1df_5.82.22621.3527_none_b43b7f4b638cc64f;C:\Xilinx\Vivado\2022.2\tps\win64\jre11.0.11_9\bin\server;C:\Program Files\Bonjour;C:\Xilinx\Vivado\2022.2\tps\win64\python-3.8.3;C:\Xilinx\Vivado\2022.2\tps\win64\jre11.0.11_9\bin;C:\WINDOWS\WinSxS\amd64_microsoft.windows.common-controls_6595b64144ccf1df_6.0.22621.3672_none_2713b9d173822955;C:\WINDOWS\WinSxS\amd64_microsoft.windows.gdiplus_6595b64144ccf1df_1.1.22621.4249_none_57fb0ed6ce180668;C:\Xilinx\Vivado\2022.2\tps\win64\javafx-sdk-11.0.2\bin;C:\Windows\System32\DriverStore\FileRepository\u0387355.inf_amd64_6cce7b5f9e27fdf4\B387046

VM Arguments:
jvm_args: -Dsun.java2d.pmoffscreen=false -Dhttps.protocols=TLSv1,TLSv1.1,TLSv1.2 -Dsun.java2d.xrender=false -Dsun.java2d.d3d=false -Dsun.awt.nopixfmt=true -Dsun.java2d.dpiaware=true -Dsun.java2d.uiScale.enabled=false -Xverify:none -Dswing.aatext=true -XX:-UsePerfData -Djdk.map.althashing.threshold=512 -XX:StringTableSize=4072 --add-opens=java.desktop/com.sun.awt=ALL-UNNAMED --add-opens=java.desktop/javax.swing.plaf.synth=ALL-UNNAMED --add-opens=java.base/java.nio=ALL-UNNAMED --add-opens=java.desktop/sun.swing=ALL-UNNAMED --add-opens=java.desktop/javax.swing=ALL-UNNAMED --add-opens=java.desktop/javax.swing.tree=ALL-UNNAMED --add-opens=java.desktop/javax.swing.plaf.basic=ALL-UNNAMED --add-opens=java.desktop/javax.swing.plaf.synth=ALL-UNNAMED --add-opens=java.desktop/javax.swing.plaf.basic=ALL-UNNAMED --add-opens=java.desktop/javax.swing=ALL-UNNAMED --add-opens=java.desktop/javax.swing.tree=ALL-UNNAMED --add-opens=java.desktop/java.awt.event=ALL-UNNAMED --add-exports=java.desktop/javax.swing.plaf.synth=ALL-UNNAMED --add-exports=java.base/java.nio=ALL-UNNAMED --add-exports=java.desktop/sun.swing=ALL-UNNAMED --add-exports=java.desktop/javax.swing=ALL-UNNAMED --add-exports=java.desktop/javax.swing.tree=ALL-UNNAMED --add-exports=java.desktop/javax.swing.plaf.basic=ALL-UNNAMED --add-exports=java.desktop/sun.swing=ALL-UNNAMED --add-exports=java.desktop/sun.swing.table=ALL-UNNAMED --add-exports=java.desktop/sun.swing.plaf.synth=ALL-UNNAMED --add-exports=java.desktop/sun.awt.shell=ALL-UNNAMED --add-exports=java.base/sun.security.action=ALL-UNNAMED --add-exports=java.desktop/sun.font=ALL-UNNAMED -XX:NewSize=60m -XX:MaxNewSize=60m -Xms256m -Xmx3072m -Xss5m 
java_command: <unknown>
java_class_path (initial): C:/Xilinx/Vivado/2022.2\lib\classes\alloy.jar;C:/Xilinx/Vivado/2022.2\lib\classes\asm-9.3.jar;C:/Xilinx/Vivado/2022.2\lib\classes\asm-analysis-9.3.jar;C:/Xilinx/Vivado/2022.2\lib\classes\asm-commons-9.3.jar;C:/Xilinx/Vivado/2022.2\lib\classes\asm-tree-9.3.jar;C:/Xilinx/Vivado/2022.2\lib\classes\autoesl-models.jar;C:/Xilinx/Vivado/2022.2\lib\classes\batik-anim.jar;C:/Xilinx/Vivado/2022.2\lib\classes\batik-awt-util.jar;C:/Xilinx/Vivado/2022.2\lib\classes\batik-bridge.jar;C:/Xilinx/Vivado/2022.2\lib\classes\batik-codec.jar;C:/Xilinx/Vivado/2022.2\lib\classes\batik-css.jar;C:/Xilinx/Vivado/2022.2\lib\classes\batik-dom.jar;C:/Xilinx/Vivado/2022.2\lib\classes\batik-ext.jar;C:/Xilinx/Vivado/2022.2\lib\classes\batik-gui-util.jar;C:/Xilinx/Vivado/2022.2\lib\classes\batik-gvt.jar;C:/Xilinx/Vivado/2022.2\lib\classes\batik-parser.jar;C:/Xilinx/Vivado/2022.2\lib\classes\batik-script.jar;C:/Xilinx/Vivado/2022.2\lib\classes\batik-svg-dom.jar;C:/Xilinx/Vivado/2022.2\lib\classes\batik-svggen.jar;C:/Xilinx/Vivado/2022.2\lib\classes\batik-swing.jar;C:/Xilinx/Vivado/2022.2\lib\classes\batik-transcoder.jar;C:/Xilinx/Vivado/2022.2\lib\classes\batik-util.jar;C:/Xilinx/Vivado/2022.2\lib\classes\batik-xml.jar;C:/Xilinx/Vivado/2022.2\lib\classes\com.fasterxml.jackson.core.jackson-annotations_2.12.1.v20210128-1726.jar;C:/Xilinx/Vivado/2022.2\lib\classes\com.fasterxml.jackson.core.jackson-core_2.12.1.v20210128-1726.jar;C:/Xilinx/Vivado/2022.2\lib\classes\com.fasterxml.jackson.core.jackson-databind_2.12.1.v20210128-1726.jar;C:/Xilinx/Vivado/2022.2\lib\classes\com.google.gson_2.8.7.v20210624-1215.jar;C:/Xilinx/Vivado/2022.2\lib\classes\com.google.guava_30.1.0.v20210127-2300.jar;C:/Xilinx/Vivado/2022.2\lib\classes\com.sigasi.hdt.connection_4.15.0.202201101137.jar;C:/Xilinx/Vivado/2022.2\lib\classes\com.sigasi.hdt.epl_4.15.0.202201101137.jar;C:/Xilinx/Vivado/2022.2\lib\classes\com.sigasi.hdt.project_4.15.0.202201101137.jar;C:/Xilinx/Vivado/2022.2\lib\classes\com.sigasi
Launcher Type: generic

[Global flags]
     bool BytecodeVerificationLocal                = false                                     {product} {command line}
     bool BytecodeVerificationRemote               = false                                     {product} {command line}
     intx CICompilerCount                          = 4                                         {product} {ergonomic}
     uint ConcGCThreads                            = 3                                         {product} {ergonomic}
     uint G1ConcRefinementThreads                  = 10                                        {product} {ergonomic}
   size_t G1HeapRegionSize                         = 1048576                                   {product} {ergonomic}
    uintx GCDrainStackTargetSize                   = 64                                        {product} {ergonomic}
   size_t InitialHeapSize                          = 268435456                                 {product} {command line}
   size_t MarkStackSize                            = 4194304                                   {product} {ergonomic}
   size_t MaxHeapSize                              = 3221225472                                {product} {command line}
   size_t MaxNewSize                               = 62914560                                  {product} {command line}
   size_t MinHeapDeltaBytes                        = 1048576                                   {product} {ergonomic}
   size_t NewSize                                  = 62914560                                  {product} {command line}
    uintx NonNMethodCodeHeapSize                   = 5836300                                {pd product} {ergonomic}
    uintx NonProfiledCodeHeapSize                  = 122910970                              {pd product} {ergonomic}
    uintx ProfiledCodeHeapSize                     = 122910970                              {pd product} {ergonomic}
    uintx ReservedCodeCacheSize                    = 251658240                              {pd product} {ergonomic}
     bool SegmentedCodeCache                       = true                                      {product} {ergonomic}
    uintx StringTableSize                          = 4072                                      {product} {command line}
     intx ThreadStackSize                          = 5120                                   {pd product} {command line}
     bool UseCompressedClassPointers               = true                                 {lp64_product} {ergonomic}
     bool UseCompressedOops                        = true                                 {lp64_product} {ergonomic}
     bool UseG1GC                                  = true                                      {product} {ergonomic}
     bool UseLargePagesIndividualAllocation        = false                                  {pd product} {ergonomic}
     bool UsePerfData                              = false                                     {product} {command line}

Logging:
Log output configuration:
 #0: stdout all=warning uptime,level,tags
 #1: stderr all=off uptime,level,tags

Environment Variables:
PATH=C:/Xilinx/Vivado/2022.2\gnuwin\bin;C:/Xilinx/Vivado/2022.2\gnu\microblaze\nt\bin;C:/Xilinx/Vivado/2022.2/bin;C:/Xilinx/Vivado/2022.2/tps/win64/java-cef-95.0.4638.69/bin/lib/win64;C:/Xilinx/Vivado/2022.2/tps/win64/javafx-sdk-11.0.2/lib;C:/Xilinx/Vivado/2022.2/tps/win64/javafx-sdk-11.0.2/bin;C:/Xilinx/Vivado/2022.2/lib/win64.o;C:/Xilinx/Vivado/2022.2/tps/win64/jre11.0.11_9/bin/server;C:/Xilinx/Vivado/2022.2/tps/win64/jre11.0.11_9/bin;C:/Xilinx/Vitis/2022.2/bin;C:/Xilinx/Vivado/2022.2/ids_lite/ISE/bin/nt64;C:/Xilinx/Vivado/2022.2/ids_lite/ISE/lib/nt64;C:/Xilinx/Vitis_HLS/2022.2/bin;C:\WINDOWS\system32;C:\WINDOWS;C:\WINDOWS\System32\Wbem;C:\WINDOWS\System32\WindowsPowerShell\v1.0\;C:\WINDOWS\System32\OpenSSH\;C:\Program Files\PuTTY\;C:\Program Files\Git\cmd;C:\Users\Orion\AppData\Local\Microsoft\WindowsApps;C:\Users\Orion\AppData\Local\Programs\Microsoft VS Code\bin;C:\intelFPGA_lite\22.1std\questa_fse\win64;C:\Users\Orion\AppData\Local\GitHubDesktop\bin;C:/Xilinx/Vivado/2022.2\tps\mingw\6.2.0\win64.o\nt\bin;C:/Xilinx/Vivado/2022.2\tps\mingw\6.2.0\win64.o\nt\libexec\gcc\x86_64-w64-mingw32\6.2.0;C:/Xilinx/Vivado/2022.2\tps\win64\python-3.8.3;C:/Xilinx/Vivado/2022.2\tps\win64\python-3.8.3\bin;C:/Xilinx/Vivado/2022.2\tps\win64\python-3.8.3\lib;C:/Xilinx/Vivado/2022.2\tps\win64\python-3.8.3\lib\site-packages
USERNAME=Orion
OS=Windows_NT
PROCESSOR_IDENTIFIER=AMD64 Family 23 Model 104 Stepping 1, AuthenticAMD



---------------  S Y S T E M  ---------------

OS: Windows 10 , 64 bit Build 22621 (10.0.22621.3958)
OS uptime: 2 days 4:57 hours
Hyper-V role detected

CPU:total 12 (initial active 12) (12 cores per cpu, 2 threads per core) family 23 model 104 stepping 1 microcode 0x0, cmov, cx8, fxsr, mmx, sse, sse2, sse3, ssse3, sse4.1, sse4.2, popcnt, avx, avx2, aes, clmul, mmxext, 3dnowpref, lzcnt, sse4a, ht, tsc, tscinvbit, tscinv, bmi1, bmi2, adx,

Memory: 4k page, system-wide physical 15709M (5107M free)
TotalPageFile size 32093M (AvailPageFile size 15242M)
current process WorkingSet (physical memory assigned to process): 1526M, peak: 1550M
current process commit charge ("private bytes"): 1622M, peak: 1672M

vm_info: OpenJDK 64-Bit Server VM (11.0.11+9) for windows-amd64 JRE (11.0.11+9), built on Apr  9 2021 19:32:08 by "" with MS VC++ 15.5 (VS2017)

END.
