#-----------------------------------------------------------
# Vivado v2022.2 (64-bit)
# SW Build 3671981 on Fri Oct 14 05:00:03 MDT 2022
# IP Build 3669848 on Fri Oct 14 08:30:02 MDT 2022
# Start of session at: Tue Oct 29 21:08:54 2024
# Process ID: 5912
# Current directory: C:/Users/Orion/Documents/GitHub/ece385/lab_7
# Command line: vivado.exe -gui_launcher_event rodinguilauncherevent28188 C:\Users\Orion\Documents\GitHub\ece385\lab_7\lab_7.xpr
# Log file: C:/Users/Orion/Documents/GitHub/ece385/lab_7/vivado.log
# Journal file: C:/Users/Orion/Documents/GitHub/ece385/lab_7\vivado.jou
# Running On: DESKTOP-SK26SJD, OS: Windows, CPU Frequency: 2096 MHz, CPU Physical cores: 12, Host memory: 16473 MB
#-----------------------------------------------------------
start_gui
open_project C:/Users/Orion/Documents/GitHub/ece385/lab_7/lab_7.xpr
WARNING: [Board 49-26] cannot add Board Part xilinx.com:k26c:part0:1.2 available at C:/Xilinx/Vivado/2022.2/data/xhub/boards/XilinxBoardStore/boards/Xilinx/k26c/1.2/board.xml as part xck26-sfvc784-2lv-c specified in board_part file is either invalid or not available
WARNING: [Board 49-26] cannot add Board Part xilinx.com:k26c:part0:1.3 available at C:/Xilinx/Vivado/2022.2/data/xhub/boards/XilinxBoardStore/boards/Xilinx/k26c/1.3/board.xml as part xck26-sfvc784-2lv-c specified in board_part file is either invalid or not available
WARNING: [Board 49-26] cannot add Board Part xilinx.com:k26c:part0:1.4 available at C:/Xilinx/Vivado/2022.2/data/xhub/boards/XilinxBoardStore/boards/Xilinx/k26c/1.4/board.xml as part xck26-sfvc784-2lv-c specified in board_part file is either invalid or not available
WARNING: [Board 49-26] cannot add Board Part xilinx.com:k26i:part0:1.2 available at C:/Xilinx/Vivado/2022.2/data/xhub/boards/XilinxBoardStore/boards/Xilinx/k26i/1.2/board.xml as part xck26-sfvc784-2lvi-i specified in board_part file is either invalid or not available
WARNING: [Board 49-26] cannot add Board Part xilinx.com:k26i:part0:1.3 available at C:/Xilinx/Vivado/2022.2/data/xhub/boards/XilinxBoardStore/boards/Xilinx/k26i/1.3/board.xml as part xck26-sfvc784-2lvi-i specified in board_part file is either invalid or not available
WARNING: [Board 49-26] cannot add Board Part xilinx.com:k26i:part0:1.4 available at C:/Xilinx/Vivado/2022.2/data/xhub/boards/XilinxBoardStore/boards/Xilinx/k26i/1.4/board.xml as part xck26-sfvc784-2lvi-i specified in board_part file is either invalid or not available
WARNING: [Board 49-26] cannot add Board Part xilinx.com:kcu105:part0:1.6 available at C:/Xilinx/Vivado/2022.2/data/xhub/boards/XilinxBoardStore/boards/Xilinx/kcu105/1.6/board.xml as part xcku040-ffva1156-2-e specified in board_part file is either invalid or not available
WARNING: [Board 49-26] cannot add Board Part xilinx.com:kcu105:part0:1.7 available at C:/Xilinx/Vivado/2022.2/data/xhub/boards/XilinxBoardStore/boards/Xilinx/kcu105/1.7/board.xml as part xcku040-ffva1156-2-e specified in board_part file is either invalid or not available
WARNING: [Board 49-26] cannot add Board Part xilinx.com:kcu116:part0:1.4 available at C:/Xilinx/Vivado/2022.2/data/xhub/boards/XilinxBoardStore/boards/Xilinx/kcu116/1.4/board.xml as part xcku5p-ffvb676-2-e specified in board_part file is either invalid or not available
WARNING: [Board 49-26] cannot add Board Part xilinx.com:kcu116:part0:1.5 available at C:/Xilinx/Vivado/2022.2/data/xhub/boards/XilinxBoardStore/boards/Xilinx/kcu116/1.5/board.xml as part xcku5p-ffvb676-2-e specified in board_part file is either invalid or not available
WARNING: [Board 49-26] cannot add Board Part xilinx.com:kcu1500:part0:1.2 available at C:/Xilinx/Vivado/2022.2/data/xhub/boards/XilinxBoardStore/boards/Xilinx/kcu1500/1.2/board.xml as part xcku115-flvb2104-2-e specified in board_part file is either invalid or not available
WARNING: [Board 49-26] cannot add Board Part xilinx.com:kr260_som:part0:1.0 available at C:/Xilinx/Vivado/2022.2/data/xhub/boards/XilinxBoardStore/boards/Xilinx/kr260_som/1.0/board.xml as part xck26-sfvc784-2lv-c specified in board_part file is either invalid or not available
WARNING: [Board 49-26] cannot add Board Part xilinx.com:kr260_som:part0:1.1 available at C:/Xilinx/Vivado/2022.2/data/xhub/boards/XilinxBoardStore/boards/Xilinx/kr260_som/1.1/board.xml as part xck26-sfvc784-2lv-c specified in board_part file is either invalid or not available
WARNING: [Board 49-26] cannot add Board Part xilinx.com:kv260_som:part0:1.2 available at C:/Xilinx/Vivado/2022.2/data/xhub/boards/XilinxBoardStore/boards/Xilinx/kv260_som/1.2/board.xml as part xck26-sfvc784-2lv-c specified in board_part file is either invalid or not available
WARNING: [Board 49-26] cannot add Board Part xilinx.com:kv260_som:part0:1.3 available at C:/Xilinx/Vivado/2022.2/data/xhub/boards/XilinxBoardStore/boards/Xilinx/kv260_som/1.3/board.xml as part xck26-sfvc784-2lv-c specified in board_part file is either invalid or not available
WARNING: [Board 49-26] cannot add Board Part xilinx.com:kv260_som:part0:1.4 available at C:/Xilinx/Vivado/2022.2/data/xhub/boards/XilinxBoardStore/boards/Xilinx/kv260_som/1.4/board.xml as part xck26-sfvc784-2lv-c specified in board_part file is either invalid or not available
WARNING: [Board 49-26] cannot add Board Part xilinx.com:vck190:part0:2.2 available at C:/Xilinx/Vivado/2022.2/data/xhub/boards/XilinxBoardStore/boards/Xilinx/vck190/production/2.2/board.xml as part xcvc1902-vsva2197-2mp-e-s specified in board_part file is either invalid or not available
WARNING: [Board 49-26] cannot add Board Part xilinx.com:vck190:part0:3.0 available at C:/Xilinx/Vivado/2022.2/data/xhub/boards/XilinxBoardStore/boards/Xilinx/vck190/production/3.0/board.xml as part xcvc1902-vsva2197-2mp-e-s specified in board_part file is either invalid or not available
WARNING: [Board 49-26] cannot add Board Part xilinx.com:vck190:part0:3.1 available at C:/Xilinx/Vivado/2022.2/data/xhub/boards/XilinxBoardStore/boards/Xilinx/vck190/production/3.1/board.xml as part xcvc1902-vsva2197-2mp-e-s specified in board_part file is either invalid or not available
WARNING: [Board 49-26] cannot add Board Part xilinx.com:vck190_newl:part0:1.0 available at C:/Xilinx/Vivado/2022.2/data/xhub/boards/XilinxBoardStore/boards/Xilinx/vck190_newl/production/1.0/board.xml as part xcvc1902-vsva2197-2mp-e-s specified in board_part file is either invalid or not available
WARNING: [Board 49-26] cannot add Board Part xilinx.com:vcu108:part0:1.6 available at C:/Xilinx/Vivado/2022.2/data/xhub/boards/XilinxBoardStore/boards/Xilinx/vcu108/1.6/board.xml as part xcvu095-ffva2104-2-e specified in board_part file is either invalid or not available
WARNING: [Board 49-26] cannot add Board Part xilinx.com:vcu108:part0:1.7 available at C:/Xilinx/Vivado/2022.2/data/xhub/boards/XilinxBoardStore/boards/Xilinx/vcu108/1.7/board.xml as part xcvu095-ffva2104-2-e specified in board_part file is either invalid or not available
WARNING: [Board 49-26] cannot add Board Part xilinx.com:vcu110:part0:1.4 available at C:/Xilinx/Vivado/2022.2/data/xhub/boards/XilinxBoardStore/boards/Xilinx/vcu110/1.4/board.xml as part xcvu190-flgc2104-2-e specified in board_part file is either invalid or not available
WARNING: [Board 49-26] cannot add Board Part xilinx.com:vcu118:part0:2.0 available at C:/Xilinx/Vivado/2022.2/data/xhub/boards/XilinxBoardStore/boards/Xilinx/vcu118/2.0/board.xml as part xcvu9p-flga2104-2l-e specified in board_part file is either invalid or not available
WARNING: [Board 49-26] cannot add Board Part xilinx.com:vcu118:part0:2.3 available at C:/Xilinx/Vivado/2022.2/data/xhub/boards/XilinxBoardStore/boards/Xilinx/vcu118/2.3/board.xml as part xcvu9p-flga2104-2l-e specified in board_part file is either invalid or not available
WARNING: [Board 49-26] cannot add Board Part xilinx.com:vcu118:part0:2.4 available at C:/Xilinx/Vivado/2022.2/data/xhub/boards/XilinxBoardStore/boards/Xilinx/vcu118/2.4/board.xml as part xcvu9p-flga2104-2l-e specified in board_part file is either invalid or not available
WARNING: [Board 49-26] cannot add Board Part xilinx.com:vcu128:part0:1.0 available at C:/Xilinx/Vivado/2022.2/data/xhub/boards/XilinxBoardStore/boards/Xilinx/vcu128/production/1.0/board.xml as part xcvu37p-fsvh2892-2l-e specified in board_part file is either invalid or not available
WARNING: [Board 49-26] cannot add Board Part xilinx.com:vcu129:part0:1.0 available at C:/Xilinx/Vivado/2022.2/data/xhub/boards/XilinxBoardStore/boards/Xilinx/vcu129/production/1.0/board.xml as part xcvu29p-fsga2577-2l-e specified in board_part file is either invalid or not available
WARNING: [Board 49-26] cannot add Board Part xilinx.com:vcu1525:part0:1.3 available at C:/Xilinx/Vivado/2022.2/data/xhub/boards/XilinxBoardStore/boards/Xilinx/vcu1525/1.3/board.xml as part xcvu9p-fsgd2104-2l-e specified in board_part file is either invalid or not available
WARNING: [Board 49-26] cannot add Board Part xilinx.com:vek280_es:part0:1.0 available at C:/Xilinx/Vivado/2022.2/data/xhub/boards/XilinxBoardStore/boards/Xilinx/vek280/es/1.0/board.xml as part xcve2802-vsvh1760-2lp-e-s-es1 specified in board_part file is either invalid or not available
WARNING: [Board 49-26] cannot add Board Part xilinx.com:vermeo_t1_mpsoc:part0:1.0 available at C:/Xilinx/Vivado/2022.2/data/xhub/boards/XilinxBoardStore/boards/Xilinx/vermeo_t1_mpsoc/1.0/board.xml as part xczu19eg-ffvd1760-2l-e specified in board_part file is either invalid or not available
WARNING: [Board 49-26] cannot add Board Part xilinx.com:vermeo_t1_rfsoc:part0:1.0 available at C:/Xilinx/Vivado/2022.2/data/xhub/boards/XilinxBoardStore/boards/Xilinx/vermeo_t1_rfsoc/1.0/board.xml as part xczu21dr-ffvd1156-2l-e specified in board_part file is either invalid or not available
WARNING: [Board 49-26] cannot add Board Part xilinx.com:vhk158_es:part0:1.0 available at C:/Xilinx/Vivado/2022.2/data/xhub/boards/XilinxBoardStore/boards/Xilinx/vhk158/es/1.0/board.xml as part xcvh1582-vsva3697-2mp-e-s-es1 specified in board_part file is either invalid or not available
WARNING: [Board 49-26] cannot add Board Part xilinx.com:vmk180:part0:2.2 available at C:/Xilinx/Vivado/2022.2/data/xhub/boards/XilinxBoardStore/boards/Xilinx/vmk180/production/2.2/board.xml as part xcvm1802-vsva2197-2mp-e-s specified in board_part file is either invalid or not available
WARNING: [Board 49-26] cannot add Board Part xilinx.com:vmk180:part0:3.0 available at C:/Xilinx/Vivado/2022.2/data/xhub/boards/XilinxBoardStore/boards/Xilinx/vmk180/production/3.0/board.xml as part xcvm1802-vsva2197-2mp-e-s specified in board_part file is either invalid or not available
WARNING: [Board 49-26] cannot add Board Part xilinx.com:vmk180:part0:3.1 available at C:/Xilinx/Vivado/2022.2/data/xhub/boards/XilinxBoardStore/boards/Xilinx/vmk180/production/3.1/board.xml as part xcvm1802-vsva2197-2mp-e-s specified in board_part file is either invalid or not available
WARNING: [Board 49-26] cannot add Board Part xilinx.com:vmk180_newl:part0:1.0 available at C:/Xilinx/Vivado/2022.2/data/xhub/boards/XilinxBoardStore/boards/Xilinx/vmk180_newl/production/1.0/board.xml as part xcvm1802-vsva2197-2mp-e-s specified in board_part file is either invalid or not available
WARNING: [Board 49-26] cannot add Board Part xilinx.com:vpk120:part0:1.0 available at C:/Xilinx/Vivado/2022.2/data/xhub/boards/XilinxBoardStore/boards/Xilinx/vpk120/production/1.0/board.xml as part xcvp1202-vsva2785-2mp-e-s specified in board_part file is either invalid or not available
WARNING: [Board 49-26] cannot add Board Part xilinx.com:vpk120_es:part0:1.2 available at C:/Xilinx/Vivado/2022.2/data/xhub/boards/XilinxBoardStore/boards/Xilinx/vpk120/es/1.2/board.xml as part xcvp1202-vsva2785-2mp-e-s-es1 specified in board_part file is either invalid or not available
WARNING: [Board 49-26] cannot add Board Part xilinx.com:vpk120_es_revb:part0:1.0 available at C:/Xilinx/Vivado/2022.2/data/xhub/boards/XilinxBoardStore/boards/Xilinx/vpk120_revb/es/1.0/board.xml as part xcvp1202-vsva2785-2mp-e-s-es1 specified in board_part file is either invalid or not available
WARNING: [Board 49-26] cannot add Board Part xilinx.com:vpk180_es:part0:1.0 available at C:/Xilinx/Vivado/2022.2/data/xhub/boards/XilinxBoardStore/boards/Xilinx/vpk180/es/1.0/board.xml as part xcvp1802-lsvc4072-2mp-e-s-es1 specified in board_part file is either invalid or not available
WARNING: [Board 49-26] cannot add Board Part xilinx.com:zc702:part0:1.4 available at C:/Xilinx/Vivado/2022.2/data/xhub/boards/XilinxBoardStore/boards/Xilinx/zc702/1.4/board.xml as part xc7z020clg484-1 specified in board_part file is either invalid or not available
WARNING: [Board 49-26] cannot add Board Part xilinx.com:zc706:part0:1.4 available at C:/Xilinx/Vivado/2022.2/data/xhub/boards/XilinxBoardStore/boards/Xilinx/zc706/1.4/board.xml as part xc7z045ffg900-2 specified in board_part file is either invalid or not available
WARNING: [Board 49-26] cannot add Board Part xilinx.com:zcu102:part0:3.3 available at C:/Xilinx/Vivado/2022.2/data/xhub/boards/XilinxBoardStore/boards/Xilinx/zcu102/3.3/board.xml as part xczu9eg-ffvb1156-2-e specified in board_part file is either invalid or not available
WARNING: [Board 49-26] cannot add Board Part xilinx.com:zcu102:part0:3.4 available at C:/Xilinx/Vivado/2022.2/data/xhub/boards/XilinxBoardStore/boards/Xilinx/zcu102/3.4/board.xml as part xczu9eg-ffvb1156-2-e specified in board_part file is either invalid or not available
WARNING: [Board 49-26] cannot add Board Part xilinx.com:zcu104:part0:1.1 available at C:/Xilinx/Vivado/2022.2/data/xhub/boards/XilinxBoardStore/boards/Xilinx/zcu104/1.1/board.xml as part xczu7ev-ffvc1156-2-e specified in board_part file is either invalid or not available
WARNING: [Board 49-26] cannot add Board Part xilinx.com:zcu106:part0:2.4 available at C:/Xilinx/Vivado/2022.2/data/xhub/boards/XilinxBoardStore/boards/Xilinx/zcu106/2.4/board.xml as part xczu7ev-ffvc1156-2-e specified in board_part file is either invalid or not available
WARNING: [Board 49-26] cannot add Board Part xilinx.com:zcu106:part0:2.5 available at C:/Xilinx/Vivado/2022.2/data/xhub/boards/XilinxBoardStore/boards/Xilinx/zcu106/2.5/board.xml as part xczu7ev-ffvc1156-2-e specified in board_part file is either invalid or not available
WARNING: [Board 49-26] cannot add Board Part xilinx.com:zcu106:part0:2.6 available at C:/Xilinx/Vivado/2022.2/data/xhub/boards/XilinxBoardStore/boards/Xilinx/zcu106/2.6/board.xml as part xczu7ev-ffvc1156-2-e specified in board_part file is either invalid or not available
WARNING: [Board 49-26] cannot add Board Part xilinx.com:zcu111:part0:1.2 available at C:/Xilinx/Vivado/2022.2/data/xhub/boards/XilinxBoardStore/boards/Xilinx/zcu111/1.2/board.xml as part xczu28dr-ffvg1517-2-e specified in board_part file is either invalid or not available
WARNING: [Board 49-26] cannot add Board Part xilinx.com:zcu111:part0:1.3 available at C:/Xilinx/Vivado/2022.2/data/xhub/boards/XilinxBoardStore/boards/Xilinx/zcu111/1.3/board.xml as part xczu28dr-ffvg1517-2-e specified in board_part file is either invalid or not available
WARNING: [Board 49-26] cannot add Board Part xilinx.com:zcu111:part0:1.4 available at C:/Xilinx/Vivado/2022.2/data/xhub/boards/XilinxBoardStore/boards/Xilinx/zcu111/1.4/board.xml as part xczu28dr-ffvg1517-2-e specified in board_part file is either invalid or not available
WARNING: [Board 49-26] cannot add Board Part xilinx.com:zcu1275:part0:1.0 available at C:/Xilinx/Vivado/2022.2/data/xhub/boards/XilinxBoardStore/boards/Xilinx/zcu1275/1.0/board.xml as part xczu29dr-ffvf1760-2-e specified in board_part file is either invalid or not available
WARNING: [Board 49-26] cannot add Board Part xilinx.com:zcu1285:part0:1.0 available at C:/Xilinx/Vivado/2022.2/data/xhub/boards/XilinxBoardStore/boards/Xilinx/zcu1285/1.0/board.xml as part xczu39dr-ffvf1760-2-i specified in board_part file is either invalid or not available
WARNING: [Board 49-26] cannot add Board Part xilinx.com:zcu208:part0:2.0 available at C:/Xilinx/Vivado/2022.2/data/xhub/boards/XilinxBoardStore/boards/Xilinx/zcu208/production/2.0/board.xml as part xczu48dr-fsvg1517-2-e specified in board_part file is either invalid or not available
WARNING: [Board 49-26] cannot add Board Part xilinx.com:zcu208ld:part0:2.0 available at C:/Xilinx/Vivado/2022.2/data/xhub/boards/XilinxBoardStore/boards/Xilinx/zcu208ld/production/2.0/board.xml as part xczu58dr-fsvg1517-2-i specified in board_part file is either invalid or not available
WARNING: [Board 49-26] cannot add Board Part xilinx.com:zcu216:part0:2.0 available at C:/Xilinx/Vivado/2022.2/data/xhub/boards/XilinxBoardStore/boards/Xilinx/zcu216/production/2.0/board.xml as part xczu49dr-ffvf1760-2-e specified in board_part file is either invalid or not available
WARNING: [Board 49-26] cannot add Board Part xilinx.com:zcu216ld:part0:2.0 available at C:/Xilinx/Vivado/2022.2/data/xhub/boards/XilinxBoardStore/boards/Xilinx/zcu216ld/production/2.0/board.xml as part xczu59dr-ffvf1760-2-i specified in board_part file is either invalid or not available
WARNING: [Board 49-26] cannot add Board Part xilinx.com:zcu670:part0:2.0 available at C:/Xilinx/Vivado/2022.2/data/xhub/boards/XilinxBoardStore/boards/Xilinx/zcu670/2.0/board.xml as part xczu67dr-fsve1156-2-i specified in board_part file is either invalid or not available
WARNING: [Board 49-26] cannot add Board Part xilinx.com:zcu670ld:part0:1.0 available at C:/Xilinx/Vivado/2022.2/data/xhub/boards/XilinxBoardStore/boards/Xilinx/zcu670ld/1.0/board.xml as part xczu57dr-fsve1156-2-i specified in board_part file is either invalid or not available
Scanning sources...
Finished scanning sources
INFO: [IP_Flow 19-234] Refreshing IP repositories
INFO: [IP_Flow 19-1700] Loaded user IP repository 'c:/Users/Orion/Documents/GitHub/ece385/lab_7/hdmi_tx_1.0'.
INFO: [IP_Flow 19-2313] Loaded Vivado IP repository 'C:/Xilinx/Vivado/2022.2/data/ip'.
open_project: Time (s): cpu = 00:00:52 ; elapsed = 00:00:34 . Memory (MB): peak = 1193.570 ; gain = 342.809
create_peripheral xilinx.com user hdmi_text_controller 1.0 -dir C:/Users/Orion/Documents/GitHub/ece385/lab_7/ip_repo
add_peripheral_interface S00_AXI -interface_mode slave -axi_type lite [ipx::find_open_core xilinx.com:user:hdmi_text_controller:1.0]
generate_peripheral -driver -bfm_example_design -debug_hw_example_design -force [ipx::find_open_core xilinx.com:user:hdmi_text_controller:1.0]
write_peripheral [ipx::find_open_core xilinx.com:user:hdmi_text_controller:1.0]
set_property  ip_repo_paths  {C:/Users/Orion/Documents/GitHub/ece385/lab_7/ip_repo/hdmi_text_controller_1_0 C:/Users/Orion/Documents/GitHub/ece385/lab_7/hdmi_tx_1.0} [current_project]
update_ip_catalog -rebuild
INFO: [IP_Flow 19-234] Refreshing IP repositories
INFO: [IP_Flow 19-1700] Loaded user IP repository 'c:/Users/Orion/Documents/GitHub/ece385/lab_7/ip_repo/hdmi_text_controller_1_0'.
INFO: [IP_Flow 19-1700] Loaded user IP repository 'c:/Users/Orion/Documents/GitHub/ece385/lab_7/hdmi_tx_1.0'.
ipx::edit_ip_in_project -upgrade true -name edit_hdmi_text_controller_v1_0 -directory C:/Users/Orion/Documents/GitHub/ece385/lab_7/ip_repo c:/Users/Orion/Documents/GitHub/ece385/lab_7/ip_repo/hdmi_text_controller_1_0/component.xml
INFO: [IP_Flow 19-234] Refreshing IP repositories
INFO: [IP_Flow 19-1704] No user IP repositories specified
INFO: [IP_Flow 19-2313] Loaded Vivado IP repository 'C:/Xilinx/Vivado/2022.2/data/ip'.
WARNING: [Board 49-26] cannot add Board Part xilinx.com:k26c:part0:1.2 available at C:/Xilinx/Vivado/2022.2/data/xhub/boards/XilinxBoardStore/boards/Xilinx/k26c/1.2/board.xml as part xck26-sfvc784-2lv-c specified in board_part file is either invalid or not available
WARNING: [Board 49-26] cannot add Board Part xilinx.com:k26c:part0:1.3 available at C:/Xilinx/Vivado/2022.2/data/xhub/boards/XilinxBoardStore/boards/Xilinx/k26c/1.3/board.xml as part xck26-sfvc784-2lv-c specified in board_part file is either invalid or not available
WARNING: [Board 49-26] cannot add Board Part xilinx.com:k26c:part0:1.4 available at C:/Xilinx/Vivado/2022.2/data/xhub/boards/XilinxBoardStore/boards/Xilinx/k26c/1.4/board.xml as part xck26-sfvc784-2lv-c specified in board_part file is either invalid or not available
WARNING: [Board 49-26] cannot add Board Part xilinx.com:k26i:part0:1.2 available at C:/Xilinx/Vivado/2022.2/data/xhub/boards/XilinxBoardStore/boards/Xilinx/k26i/1.2/board.xml as part xck26-sfvc784-2lvi-i specified in board_part file is either invalid or not available
WARNING: [Board 49-26] cannot add Board Part xilinx.com:k26i:part0:1.3 available at C:/Xilinx/Vivado/2022.2/data/xhub/boards/XilinxBoardStore/boards/Xilinx/k26i/1.3/board.xml as part xck26-sfvc784-2lvi-i specified in board_part file is either invalid or not available
WARNING: [Board 49-26] cannot add Board Part xilinx.com:k26i:part0:1.4 available at C:/Xilinx/Vivado/2022.2/data/xhub/boards/XilinxBoardStore/boards/Xilinx/k26i/1.4/board.xml as part xck26-sfvc784-2lvi-i specified in board_part file is either invalid or not available
WARNING: [Board 49-26] cannot add Board Part xilinx.com:kcu105:part0:1.6 available at C:/Xilinx/Vivado/2022.2/data/xhub/boards/XilinxBoardStore/boards/Xilinx/kcu105/1.6/board.xml as part xcku040-ffva1156-2-e specified in board_part file is either invalid or not available
WARNING: [Board 49-26] cannot add Board Part xilinx.com:kcu105:part0:1.7 available at C:/Xilinx/Vivado/2022.2/data/xhub/boards/XilinxBoardStore/boards/Xilinx/kcu105/1.7/board.xml as part xcku040-ffva1156-2-e specified in board_part file is either invalid or not available
WARNING: [Board 49-26] cannot add Board Part xilinx.com:kcu116:part0:1.4 available at C:/Xilinx/Vivado/2022.2/data/xhub/boards/XilinxBoardStore/boards/Xilinx/kcu116/1.4/board.xml as part xcku5p-ffvb676-2-e specified in board_part file is either invalid or not available
WARNING: [Board 49-26] cannot add Board Part xilinx.com:kcu116:part0:1.5 available at C:/Xilinx/Vivado/2022.2/data/xhub/boards/XilinxBoardStore/boards/Xilinx/kcu116/1.5/board.xml as part xcku5p-ffvb676-2-e specified in board_part file is either invalid or not available
WARNING: [Board 49-26] cannot add Board Part xilinx.com:kcu1500:part0:1.2 available at C:/Xilinx/Vivado/2022.2/data/xhub/boards/XilinxBoardStore/boards/Xilinx/kcu1500/1.2/board.xml as part xcku115-flvb2104-2-e specified in board_part file is either invalid or not available
WARNING: [Board 49-26] cannot add Board Part xilinx.com:kr260_som:part0:1.0 available at C:/Xilinx/Vivado/2022.2/data/xhub/boards/XilinxBoardStore/boards/Xilinx/kr260_som/1.0/board.xml as part xck26-sfvc784-2lv-c specified in board_part file is either invalid or not available
WARNING: [Board 49-26] cannot add Board Part xilinx.com:kr260_som:part0:1.1 available at C:/Xilinx/Vivado/2022.2/data/xhub/boards/XilinxBoardStore/boards/Xilinx/kr260_som/1.1/board.xml as part xck26-sfvc784-2lv-c specified in board_part file is either invalid or not available
WARNING: [Board 49-26] cannot add Board Part xilinx.com:kv260_som:part0:1.2 available at C:/Xilinx/Vivado/2022.2/data/xhub/boards/XilinxBoardStore/boards/Xilinx/kv260_som/1.2/board.xml as part xck26-sfvc784-2lv-c specified in board_part file is either invalid or not available
WARNING: [Board 49-26] cannot add Board Part xilinx.com:kv260_som:part0:1.3 available at C:/Xilinx/Vivado/2022.2/data/xhub/boards/XilinxBoardStore/boards/Xilinx/kv260_som/1.3/board.xml as part xck26-sfvc784-2lv-c specified in board_part file is either invalid or not available
WARNING: [Board 49-26] cannot add Board Part xilinx.com:kv260_som:part0:1.4 available at C:/Xilinx/Vivado/2022.2/data/xhub/boards/XilinxBoardStore/boards/Xilinx/kv260_som/1.4/board.xml as part xck26-sfvc784-2lv-c specified in board_part file is either invalid or not available
WARNING: [Board 49-26] cannot add Board Part xilinx.com:vck190:part0:2.2 available at C:/Xilinx/Vivado/2022.2/data/xhub/boards/XilinxBoardStore/boards/Xilinx/vck190/production/2.2/board.xml as part xcvc1902-vsva2197-2mp-e-s specified in board_part file is either invalid or not available
WARNING: [Board 49-26] cannot add Board Part xilinx.com:vck190:part0:3.0 available at C:/Xilinx/Vivado/2022.2/data/xhub/boards/XilinxBoardStore/boards/Xilinx/vck190/production/3.0/board.xml as part xcvc1902-vsva2197-2mp-e-s specified in board_part file is either invalid or not available
WARNING: [Board 49-26] cannot add Board Part xilinx.com:vck190:part0:3.1 available at C:/Xilinx/Vivado/2022.2/data/xhub/boards/XilinxBoardStore/boards/Xilinx/vck190/production/3.1/board.xml as part xcvc1902-vsva2197-2mp-e-s specified in board_part file is either invalid or not available
WARNING: [Board 49-26] cannot add Board Part xilinx.com:vck190_newl:part0:1.0 available at C:/Xilinx/Vivado/2022.2/data/xhub/boards/XilinxBoardStore/boards/Xilinx/vck190_newl/production/1.0/board.xml as part xcvc1902-vsva2197-2mp-e-s specified in board_part file is either invalid or not available
WARNING: [Board 49-26] cannot add Board Part xilinx.com:vcu108:part0:1.6 available at C:/Xilinx/Vivado/2022.2/data/xhub/boards/XilinxBoardStore/boards/Xilinx/vcu108/1.6/board.xml as part xcvu095-ffva2104-2-e specified in board_part file is either invalid or not available
WARNING: [Board 49-26] cannot add Board Part xilinx.com:vcu108:part0:1.7 available at C:/Xilinx/Vivado/2022.2/data/xhub/boards/XilinxBoardStore/boards/Xilinx/vcu108/1.7/board.xml as part xcvu095-ffva2104-2-e specified in board_part file is either invalid or not available
WARNING: [Board 49-26] cannot add Board Part xilinx.com:vcu110:part0:1.4 available at C:/Xilinx/Vivado/2022.2/data/xhub/boards/XilinxBoardStore/boards/Xilinx/vcu110/1.4/board.xml as part xcvu190-flgc2104-2-e specified in board_part file is either invalid or not available
WARNING: [Board 49-26] cannot add Board Part xilinx.com:vcu118:part0:2.0 available at C:/Xilinx/Vivado/2022.2/data/xhub/boards/XilinxBoardStore/boards/Xilinx/vcu118/2.0/board.xml as part xcvu9p-flga2104-2l-e specified in board_part file is either invalid or not available
WARNING: [Board 49-26] cannot add Board Part xilinx.com:vcu118:part0:2.3 available at C:/Xilinx/Vivado/2022.2/data/xhub/boards/XilinxBoardStore/boards/Xilinx/vcu118/2.3/board.xml as part xcvu9p-flga2104-2l-e specified in board_part file is either invalid or not available
WARNING: [Board 49-26] cannot add Board Part xilinx.com:vcu118:part0:2.4 available at C:/Xilinx/Vivado/2022.2/data/xhub/boards/XilinxBoardStore/boards/Xilinx/vcu118/2.4/board.xml as part xcvu9p-flga2104-2l-e specified in board_part file is either invalid or not available
WARNING: [Board 49-26] cannot add Board Part xilinx.com:vcu128:part0:1.0 available at C:/Xilinx/Vivado/2022.2/data/xhub/boards/XilinxBoardStore/boards/Xilinx/vcu128/production/1.0/board.xml as part xcvu37p-fsvh2892-2l-e specified in board_part file is either invalid or not available
WARNING: [Board 49-26] cannot add Board Part xilinx.com:vcu129:part0:1.0 available at C:/Xilinx/Vivado/2022.2/data/xhub/boards/XilinxBoardStore/boards/Xilinx/vcu129/production/1.0/board.xml as part xcvu29p-fsga2577-2l-e specified in board_part file is either invalid or not available
WARNING: [Board 49-26] cannot add Board Part xilinx.com:vcu1525:part0:1.3 available at C:/Xilinx/Vivado/2022.2/data/xhub/boards/XilinxBoardStore/boards/Xilinx/vcu1525/1.3/board.xml as part xcvu9p-fsgd2104-2l-e specified in board_part file is either invalid or not available
WARNING: [Board 49-26] cannot add Board Part xilinx.com:vek280_es:part0:1.0 available at C:/Xilinx/Vivado/2022.2/data/xhub/boards/XilinxBoardStore/boards/Xilinx/vek280/es/1.0/board.xml as part xcve2802-vsvh1760-2lp-e-s-es1 specified in board_part file is either invalid or not available
WARNING: [Board 49-26] cannot add Board Part xilinx.com:vermeo_t1_mpsoc:part0:1.0 available at C:/Xilinx/Vivado/2022.2/data/xhub/boards/XilinxBoardStore/boards/Xilinx/vermeo_t1_mpsoc/1.0/board.xml as part xczu19eg-ffvd1760-2l-e specified in board_part file is either invalid or not available
WARNING: [Board 49-26] cannot add Board Part xilinx.com:vermeo_t1_rfsoc:part0:1.0 available at C:/Xilinx/Vivado/2022.2/data/xhub/boards/XilinxBoardStore/boards/Xilinx/vermeo_t1_rfsoc/1.0/board.xml as part xczu21dr-ffvd1156-2l-e specified in board_part file is either invalid or not available
WARNING: [Board 49-26] cannot add Board Part xilinx.com:vhk158_es:part0:1.0 available at C:/Xilinx/Vivado/2022.2/data/xhub/boards/XilinxBoardStore/boards/Xilinx/vhk158/es/1.0/board.xml as part xcvh1582-vsva3697-2mp-e-s-es1 specified in board_part file is either invalid or not available
WARNING: [Board 49-26] cannot add Board Part xilinx.com:vmk180:part0:2.2 available at C:/Xilinx/Vivado/2022.2/data/xhub/boards/XilinxBoardStore/boards/Xilinx/vmk180/production/2.2/board.xml as part xcvm1802-vsva2197-2mp-e-s specified in board_part file is either invalid or not available
WARNING: [Board 49-26] cannot add Board Part xilinx.com:vmk180:part0:3.0 available at C:/Xilinx/Vivado/2022.2/data/xhub/boards/XilinxBoardStore/boards/Xilinx/vmk180/production/3.0/board.xml as part xcvm1802-vsva2197-2mp-e-s specified in board_part file is either invalid or not available
WARNING: [Board 49-26] cannot add Board Part xilinx.com:vmk180:part0:3.1 available at C:/Xilinx/Vivado/2022.2/data/xhub/boards/XilinxBoardStore/boards/Xilinx/vmk180/production/3.1/board.xml as part xcvm1802-vsva2197-2mp-e-s specified in board_part file is either invalid or not available
WARNING: [Board 49-26] cannot add Board Part xilinx.com:vmk180_newl:part0:1.0 available at C:/Xilinx/Vivado/2022.2/data/xhub/boards/XilinxBoardStore/boards/Xilinx/vmk180_newl/production/1.0/board.xml as part xcvm1802-vsva2197-2mp-e-s specified in board_part file is either invalid or not available
WARNING: [Board 49-26] cannot add Board Part xilinx.com:vpk120:part0:1.0 available at C:/Xilinx/Vivado/2022.2/data/xhub/boards/XilinxBoardStore/boards/Xilinx/vpk120/production/1.0/board.xml as part xcvp1202-vsva2785-2mp-e-s specified in board_part file is either invalid or not available
WARNING: [Board 49-26] cannot add Board Part xilinx.com:vpk120_es:part0:1.2 available at C:/Xilinx/Vivado/2022.2/data/xhub/boards/XilinxBoardStore/boards/Xilinx/vpk120/es/1.2/board.xml as part xcvp1202-vsva2785-2mp-e-s-es1 specified in board_part file is either invalid or not available
WARNING: [Board 49-26] cannot add Board Part xilinx.com:vpk120_es_revb:part0:1.0 available at C:/Xilinx/Vivado/2022.2/data/xhub/boards/XilinxBoardStore/boards/Xilinx/vpk120_revb/es/1.0/board.xml as part xcvp1202-vsva2785-2mp-e-s-es1 specified in board_part file is either invalid or not available
WARNING: [Board 49-26] cannot add Board Part xilinx.com:vpk180_es:part0:1.0 available at C:/Xilinx/Vivado/2022.2/data/xhub/boards/XilinxBoardStore/boards/Xilinx/vpk180/es/1.0/board.xml as part xcvp1802-lsvc4072-2mp-e-s-es1 specified in board_part file is either invalid or not available
WARNING: [Board 49-26] cannot add Board Part xilinx.com:zc702:part0:1.4 available at C:/Xilinx/Vivado/2022.2/data/xhub/boards/XilinxBoardStore/boards/Xilinx/zc702/1.4/board.xml as part xc7z020clg484-1 specified in board_part file is either invalid or not available
WARNING: [Board 49-26] cannot add Board Part xilinx.com:zc706:part0:1.4 available at C:/Xilinx/Vivado/2022.2/data/xhub/boards/XilinxBoardStore/boards/Xilinx/zc706/1.4/board.xml as part xc7z045ffg900-2 specified in board_part file is either invalid or not available
WARNING: [Board 49-26] cannot add Board Part xilinx.com:zcu102:part0:3.3 available at C:/Xilinx/Vivado/2022.2/data/xhub/boards/XilinxBoardStore/boards/Xilinx/zcu102/3.3/board.xml as part xczu9eg-ffvb1156-2-e specified in board_part file is either invalid or not available
WARNING: [Board 49-26] cannot add Board Part xilinx.com:zcu102:part0:3.4 available at C:/Xilinx/Vivado/2022.2/data/xhub/boards/XilinxBoardStore/boards/Xilinx/zcu102/3.4/board.xml as part xczu9eg-ffvb1156-2-e specified in board_part file is either invalid or not available
WARNING: [Board 49-26] cannot add Board Part xilinx.com:zcu104:part0:1.1 available at C:/Xilinx/Vivado/2022.2/data/xhub/boards/XilinxBoardStore/boards/Xilinx/zcu104/1.1/board.xml as part xczu7ev-ffvc1156-2-e specified in board_part file is either invalid or not available
WARNING: [Board 49-26] cannot add Board Part xilinx.com:zcu106:part0:2.4 available at C:/Xilinx/Vivado/2022.2/data/xhub/boards/XilinxBoardStore/boards/Xilinx/zcu106/2.4/board.xml as part xczu7ev-ffvc1156-2-e specified in board_part file is either invalid or not available
WARNING: [Board 49-26] cannot add Board Part xilinx.com:zcu106:part0:2.5 available at C:/Xilinx/Vivado/2022.2/data/xhub/boards/XilinxBoardStore/boards/Xilinx/zcu106/2.5/board.xml as part xczu7ev-ffvc1156-2-e specified in board_part file is either invalid or not available
WARNING: [Board 49-26] cannot add Board Part xilinx.com:zcu106:part0:2.6 available at C:/Xilinx/Vivado/2022.2/data/xhub/boards/XilinxBoardStore/boards/Xilinx/zcu106/2.6/board.xml as part xczu7ev-ffvc1156-2-e specified in board_part file is either invalid or not available
WARNING: [Board 49-26] cannot add Board Part xilinx.com:zcu111:part0:1.2 available at C:/Xilinx/Vivado/2022.2/data/xhub/boards/XilinxBoardStore/boards/Xilinx/zcu111/1.2/board.xml as part xczu28dr-ffvg1517-2-e specified in board_part file is either invalid or not available
WARNING: [Board 49-26] cannot add Board Part xilinx.com:zcu111:part0:1.3 available at C:/Xilinx/Vivado/2022.2/data/xhub/boards/XilinxBoardStore/boards/Xilinx/zcu111/1.3/board.xml as part xczu28dr-ffvg1517-2-e specified in board_part file is either invalid or not available
WARNING: [Board 49-26] cannot add Board Part xilinx.com:zcu111:part0:1.4 available at C:/Xilinx/Vivado/2022.2/data/xhub/boards/XilinxBoardStore/boards/Xilinx/zcu111/1.4/board.xml as part xczu28dr-ffvg1517-2-e specified in board_part file is either invalid or not available
WARNING: [Board 49-26] cannot add Board Part xilinx.com:zcu1275:part0:1.0 available at C:/Xilinx/Vivado/2022.2/data/xhub/boards/XilinxBoardStore/boards/Xilinx/zcu1275/1.0/board.xml as part xczu29dr-ffvf1760-2-e specified in board_part file is either invalid or not available
WARNING: [Board 49-26] cannot add Board Part xilinx.com:zcu1285:part0:1.0 available at C:/Xilinx/Vivado/2022.2/data/xhub/boards/XilinxBoardStore/boards/Xilinx/zcu1285/1.0/board.xml as part xczu39dr-ffvf1760-2-i specified in board_part file is either invalid or not available
WARNING: [Board 49-26] cannot add Board Part xilinx.com:zcu208:part0:2.0 available at C:/Xilinx/Vivado/2022.2/data/xhub/boards/XilinxBoardStore/boards/Xilinx/zcu208/production/2.0/board.xml as part xczu48dr-fsvg1517-2-e specified in board_part file is either invalid or not available
WARNING: [Board 49-26] cannot add Board Part xilinx.com:zcu208ld:part0:2.0 available at C:/Xilinx/Vivado/2022.2/data/xhub/boards/XilinxBoardStore/boards/Xilinx/zcu208ld/production/2.0/board.xml as part xczu58dr-fsvg1517-2-i specified in board_part file is either invalid or not available
WARNING: [Board 49-26] cannot add Board Part xilinx.com:zcu216:part0:2.0 available at C:/Xilinx/Vivado/2022.2/data/xhub/boards/XilinxBoardStore/boards/Xilinx/zcu216/production/2.0/board.xml as part xczu49dr-ffvf1760-2-e specified in board_part file is either invalid or not available
WARNING: [Board 49-26] cannot add Board Part xilinx.com:zcu216ld:part0:2.0 available at C:/Xilinx/Vivado/2022.2/data/xhub/boards/XilinxBoardStore/boards/Xilinx/zcu216ld/production/2.0/board.xml as part xczu59dr-ffvf1760-2-i specified in board_part file is either invalid or not available
WARNING: [Board 49-26] cannot add Board Part xilinx.com:zcu670:part0:2.0 available at C:/Xilinx/Vivado/2022.2/data/xhub/boards/XilinxBoardStore/boards/Xilinx/zcu670/2.0/board.xml as part xczu67dr-fsve1156-2-i specified in board_part file is either invalid or not available
WARNING: [Board 49-26] cannot add Board Part xilinx.com:zcu670ld:part0:1.0 available at C:/Xilinx/Vivado/2022.2/data/xhub/boards/XilinxBoardStore/boards/Xilinx/zcu670ld/1.0/board.xml as part xczu57dr-fsve1156-2-i specified in board_part file is either invalid or not available
INFO: [IP_Flow 19-234] Refreshing IP repositories
INFO: [IP_Flow 19-1700] Loaded user IP repository 'c:/Users/Orion/Documents/GitHub/ece385/lab_7/ip_repo/hdmi_text_controller_1_0'.
INFO: [IP_Flow 19-1700] Loaded user IP repository 'c:/Users/Orion/Documents/GitHub/ece385/lab_7/hdmi_tx_1.0'.
INFO: [IP_Flow 19-795] Syncing license key meta-data
ipx::edit_ip_in_project: Time (s): cpu = 00:00:06 ; elapsed = 00:00:06 . Memory (MB): peak = 1241.867 ; gain = 0.031
update_compile_order -fileset sources_1
ipx::remove_file hdl/hdmi_text_controller_v1_0.v [ipx::get_file_groups xilinx_verilogsynthesis -of_objects [ipx::current_core]]
ipx::remove_file hdl/hdmi_text_controller_v1_0_S00_AXI.v [ipx::get_file_groups xilinx_verilogsynthesis -of_objects [ipx::current_core]]
ipx::remove_file hdl/hdmi_text_controller_v1_0.v [ipx::get_file_groups xilinx_verilogbehavioralsimulation -of_objects [ipx::current_core]]
ipx::remove_file hdl/hdmi_text_controller_v1_0_S00_AXI.v [ipx::get_file_groups xilinx_verilogbehavioralsimulation -of_objects [ipx::current_core]]
export_ip_user_files -of_objects  [get_files c:/Users/Orion/Documents/GitHub/ece385/lab_7/ip_repo/hdmi_text_controller_1_0/hdl/hdmi_text_controller_v1_0.v] -no_script -reset -force -quiet
export_ip_user_files -of_objects  [get_files c:/Users/Orion/Documents/GitHub/ece385/lab_7/ip_repo/hdmi_text_controller_1_0/hdl/hdmi_text_controller_v1_0_S00_AXI.v] -no_script -reset -force -quiet
remove_files  {c:/Users/Orion/Documents/GitHub/ece385/lab_7/ip_repo/hdmi_text_controller_1_0/hdl/hdmi_text_controller_v1_0.v c:/Users/Orion/Documents/GitHub/ece385/lab_7/ip_repo/hdmi_text_controller_1_0/hdl/hdmi_text_controller_v1_0_S00_AXI.v}
set_property source_mgmt_mode DisplayOnly [current_project]
file copy C:/Users/Orion/Documents/GitHub/ece385/lab_7/lab_7.srcs/sources_1/imports/design_source/Color_Mapper.sv c:/Users/Orion/Documents/GitHub/ece385/lab_7/ip_repo/hdmi_text_controller_1_0/src
ipx::add_file c:/Users/Orion/Documents/GitHub/ece385/lab_7/ip_repo/hdmi_text_controller_1_0/src/Color_Mapper.sv [ipx::get_file_groups xilinx_verilogsynthesis -of_objects [ipx::current_core]]
set_property type systemVerilogSource [ipx::get_files src/Color_Mapper.sv -of_objects [ipx::get_file_groups xilinx_verilogsynthesis -of_objects [ipx::current_core]]]
set_property library_name xil_defaultlib [ipx::get_files src/Color_Mapper.sv -of_objects [ipx::get_file_groups xilinx_verilogsynthesis -of_objects [ipx::current_core]]]
file copy C:/Users/Orion/Documents/GitHub/ece385/lab_7/lab_7.srcs/sources_1/imports/lab_7_1_provided_fa24/hdmi_text_controller_v1_0_tb.sv c:/Users/Orion/Documents/GitHub/ece385/lab_7/ip_repo/hdmi_text_controller_1_0/src
ipx::add_file c:/Users/Orion/Documents/GitHub/ece385/lab_7/ip_repo/hdmi_text_controller_1_0/src/hdmi_text_controller_v1_0_tb.sv [ipx::get_file_groups xilinx_verilogsynthesis -of_objects [ipx::current_core]]
set_property type systemVerilogSource [ipx::get_files src/hdmi_text_controller_v1_0_tb.sv -of_objects [ipx::get_file_groups xilinx_verilogsynthesis -of_objects [ipx::current_core]]]
set_property library_name xil_defaultlib [ipx::get_files src/hdmi_text_controller_v1_0_tb.sv -of_objects [ipx::get_file_groups xilinx_verilogsynthesis -of_objects [ipx::current_core]]]
file copy C:/Users/Orion/Documents/GitHub/ece385/lab_7/lab_7.srcs/sources_1/imports/lab_7_1_provided_fa24/hdmi_text_controller_v1_0.sv c:/Users/Orion/Documents/GitHub/ece385/lab_7/ip_repo/hdmi_text_controller_1_0/src
ipx::add_file c:/Users/Orion/Documents/GitHub/ece385/lab_7/ip_repo/hdmi_text_controller_1_0/src/hdmi_text_controller_v1_0.sv [ipx::get_file_groups xilinx_verilogsynthesis -of_objects [ipx::current_core]]
set_property type systemVerilogSource [ipx::get_files src/hdmi_text_controller_v1_0.sv -of_objects [ipx::get_file_groups xilinx_verilogsynthesis -of_objects [ipx::current_core]]]
set_property library_name xil_defaultlib [ipx::get_files src/hdmi_text_controller_v1_0.sv -of_objects [ipx::get_file_groups xilinx_verilogsynthesis -of_objects [ipx::current_core]]]
file copy C:/Users/Orion/Documents/GitHub/ece385/lab_7/lab_7.srcs/sources_1/imports/design_source/VGA_controller.sv c:/Users/Orion/Documents/GitHub/ece385/lab_7/ip_repo/hdmi_text_controller_1_0/src
ipx::add_file c:/Users/Orion/Documents/GitHub/ece385/lab_7/ip_repo/hdmi_text_controller_1_0/src/VGA_controller.sv [ipx::get_file_groups xilinx_verilogsynthesis -of_objects [ipx::current_core]]
set_property type systemVerilogSource [ipx::get_files src/VGA_controller.sv -of_objects [ipx::get_file_groups xilinx_verilogsynthesis -of_objects [ipx::current_core]]]
set_property library_name xil_defaultlib [ipx::get_files src/VGA_controller.sv -of_objects [ipx::get_file_groups xilinx_verilogsynthesis -of_objects [ipx::current_core]]]
file copy C:/Users/Orion/Documents/GitHub/ece385/lab_7/lab_7.srcs/sources_1/imports/lab_7_1_provided_fa24/hdmi_text_controller_v1_0_AXI.sv c:/Users/Orion/Documents/GitHub/ece385/lab_7/ip_repo/hdmi_text_controller_1_0/src
ipx::add_file c:/Users/Orion/Documents/GitHub/ece385/lab_7/ip_repo/hdmi_text_controller_1_0/src/hdmi_text_controller_v1_0_AXI.sv [ipx::get_file_groups xilinx_verilogsynthesis -of_objects [ipx::current_core]]
set_property type systemVerilogSource [ipx::get_files src/hdmi_text_controller_v1_0_AXI.sv -of_objects [ipx::get_file_groups xilinx_verilogsynthesis -of_objects [ipx::current_core]]]
set_property library_name xil_defaultlib [ipx::get_files src/hdmi_text_controller_v1_0_AXI.sv -of_objects [ipx::get_file_groups xilinx_verilogsynthesis -of_objects [ipx::current_core]]]
ipx::add_file C:/Users/Orion/Documents/GitHub/ece385/lab_7/ip_repo/hdmi_text_controller_1_0/src/hdmi_text_controller_v1_0.sv [ipx::get_file_groups xilinx_verilogbehavioralsimulation -of_objects [ipx::current_core]]
set_property type systemVerilogSource [ipx::get_files src/hdmi_text_controller_v1_0.sv -of_objects [ipx::get_file_groups xilinx_verilogbehavioralsimulation -of_objects [ipx::current_core]]]
set_property library_name xil_defaultlib [ipx::get_files src/hdmi_text_controller_v1_0.sv -of_objects [ipx::get_file_groups xilinx_verilogbehavioralsimulation -of_objects [ipx::current_core]]]
ipx::add_file C:/Users/Orion/Documents/GitHub/ece385/lab_7/ip_repo/hdmi_text_controller_1_0/src/Color_Mapper.sv [ipx::get_file_groups xilinx_verilogbehavioralsimulation -of_objects [ipx::current_core]]
set_property type systemVerilogSource [ipx::get_files src/Color_Mapper.sv -of_objects [ipx::get_file_groups xilinx_verilogbehavioralsimulation -of_objects [ipx::current_core]]]
set_property library_name xil_defaultlib [ipx::get_files src/Color_Mapper.sv -of_objects [ipx::get_file_groups xilinx_verilogbehavioralsimulation -of_objects [ipx::current_core]]]
ipx::add_file C:/Users/Orion/Documents/GitHub/ece385/lab_7/ip_repo/hdmi_text_controller_1_0/src/hdmi_text_controller_v1_0_tb.sv [ipx::get_file_groups xilinx_verilogbehavioralsimulation -of_objects [ipx::current_core]]
set_property type systemVerilogSource [ipx::get_files src/hdmi_text_controller_v1_0_tb.sv -of_objects [ipx::get_file_groups xilinx_verilogbehavioralsimulation -of_objects [ipx::current_core]]]
set_property library_name xil_defaultlib [ipx::get_files src/hdmi_text_controller_v1_0_tb.sv -of_objects [ipx::get_file_groups xilinx_verilogbehavioralsimulation -of_objects [ipx::current_core]]]
ipx::add_file C:/Users/Orion/Documents/GitHub/ece385/lab_7/ip_repo/hdmi_text_controller_1_0/src/VGA_controller.sv [ipx::get_file_groups xilinx_verilogbehavioralsimulation -of_objects [ipx::current_core]]
set_property type systemVerilogSource [ipx::get_files src/VGA_controller.sv -of_objects [ipx::get_file_groups xilinx_verilogbehavioralsimulation -of_objects [ipx::current_core]]]
set_property library_name xil_defaultlib [ipx::get_files src/VGA_controller.sv -of_objects [ipx::get_file_groups xilinx_verilogbehavioralsimulation -of_objects [ipx::current_core]]]
ipx::add_file C:/Users/Orion/Documents/GitHub/ece385/lab_7/ip_repo/hdmi_text_controller_1_0/src/hdmi_text_controller_v1_0_AXI.sv [ipx::get_file_groups xilinx_verilogbehavioralsimulation -of_objects [ipx::current_core]]
set_property type systemVerilogSource [ipx::get_files src/hdmi_text_controller_v1_0_AXI.sv -of_objects [ipx::get_file_groups xilinx_verilogbehavioralsimulation -of_objects [ipx::current_core]]]
set_property library_name xil_defaultlib [ipx::get_files src/hdmi_text_controller_v1_0_AXI.sv -of_objects [ipx::get_file_groups xilinx_verilogbehavioralsimulation -of_objects [ipx::current_core]]]
add_files -norecurse -scan_for_includes {C:/Users/Orion/Documents/GitHub/ece385/lab_7/ip_repo/hdmi_text_controller_1_0/src/hdmi_text_controller_v1_0.sv C:/Users/Orion/Documents/GitHub/ece385/lab_7/ip_repo/hdmi_text_controller_1_0/src/Color_Mapper.sv C:/Users/Orion/Documents/GitHub/ece385/lab_7/ip_repo/hdmi_text_controller_1_0/src/hdmi_text_controller_v1_0_tb.sv C:/Users/Orion/Documents/GitHub/ece385/lab_7/ip_repo/hdmi_text_controller_1_0/src/VGA_controller.sv C:/Users/Orion/Documents/GitHub/ece385/lab_7/ip_repo/hdmi_text_controller_1_0/src/hdmi_text_controller_v1_0_AXI.sv}
ipx::remove_file drivers/hdmi_text_controller_v1_0/src/Makefile [ipx::get_file_groups xilinx_softwaredriver -of_objects [ipx::current_core]]
ipx::remove_file drivers/hdmi_text_controller_v1_0/src/hdmi_text_controller.h [ipx::get_file_groups xilinx_softwaredriver -of_objects [ipx::current_core]]
ipx::remove_file drivers/hdmi_text_controller_v1_0/src/hdmi_text_controller.c [ipx::get_file_groups xilinx_softwaredriver -of_objects [ipx::current_core]]
ipx::remove_file drivers/hdmi_text_controller_v1_0/src/hdmi_text_controller_selftest.c [ipx::get_file_groups xilinx_softwaredriver -of_objects [ipx::current_core]]
file copy C:/Users/Orion/Documents/GitHub/ece385/lab_7/lab_7_1_provided_fa24/drivers_src/Makefile c:/Users/Orion/Documents/GitHub/ece385/lab_7/ip_repo/hdmi_text_controller_1_0/src
ipx::add_file c:/Users/Orion/Documents/GitHub/ece385/lab_7/ip_repo/hdmi_text_controller_1_0/src/Makefile [ipx::get_file_groups xilinx_softwaredriver -of_objects [ipx::current_core]]
set_property type unknown [ipx::get_files src/Makefile -of_objects [ipx::get_file_groups xilinx_softwaredriver -of_objects [ipx::current_core]]]
file copy C:/Users/Orion/Documents/GitHub/ece385/lab_7/lab_7_1_provided_fa24/drivers_src/hdmi_text_controller.h c:/Users/Orion/Documents/GitHub/ece385/lab_7/ip_repo/hdmi_text_controller_1_0/src
ipx::add_file c:/Users/Orion/Documents/GitHub/ece385/lab_7/ip_repo/hdmi_text_controller_1_0/src/hdmi_text_controller.h [ipx::get_file_groups xilinx_softwaredriver -of_objects [ipx::current_core]]
set_property type cSource [ipx::get_files src/hdmi_text_controller.h -of_objects [ipx::get_file_groups xilinx_softwaredriver -of_objects [ipx::current_core]]]
file copy C:/Users/Orion/Documents/GitHub/ece385/lab_7/lab_7_1_provided_fa24/drivers_src/hdmi_text_controller.c c:/Users/Orion/Documents/GitHub/ece385/lab_7/ip_repo/hdmi_text_controller_1_0/src
ipx::add_file c:/Users/Orion/Documents/GitHub/ece385/lab_7/ip_repo/hdmi_text_controller_1_0/src/hdmi_text_controller.c [ipx::get_file_groups xilinx_softwaredriver -of_objects [ipx::current_core]]
set_property type cSource [ipx::get_files src/hdmi_text_controller.c -of_objects [ipx::get_file_groups xilinx_softwaredriver -of_objects [ipx::current_core]]]
ipx::update_checksums [ipx::current_core]
ipx::save_core [ipx::current_core]
set_property core_revision 2 [ipx::current_core]
ipx::update_source_project_archive -component [ipx::current_core]
ipx::create_xgui_files [ipx::current_core]
ipx::update_checksums [ipx::current_core]
ipx::check_integrity [ipx::current_core]
INFO: [IP_Flow 19-2181] Payment Required is not set for this core.
INFO: [IP_Flow 19-2187] The Product Guide file is missing.
INFO: [Ipptcl 7-1486] check_integrity: Integrity check passed.
ipx::save_core [ipx::current_core]
current_project lab_7
open_bd_design {C:/Users/Orion/Documents/GitHub/ece385/lab_7/lab_7.srcs/sources_1/bd/mb_block/mb_block_i.bd}
Reading block design file <C:/Users/Orion/Documents/GitHub/ece385/lab_7/lab_7.srcs/sources_1/bd/mb_block/mb_block_i.bd>...
Adding component instance block -- xilinx.com:ip:microblaze:11.0 - microblaze_0
Adding component instance block -- xilinx.com:ip:lmb_v10:3.0 - dlmb_v10
Adding component instance block -- xilinx.com:ip:lmb_v10:3.0 - ilmb_v10
Adding component instance block -- xilinx.com:ip:lmb_bram_if_cntlr:4.0 - dlmb_bram_if_cntlr
Adding component instance block -- xilinx.com:ip:lmb_bram_if_cntlr:4.0 - ilmb_bram_if_cntlr
Adding component instance block -- xilinx.com:ip:blk_mem_gen:8.4 - lmb_bram
Adding component instance block -- xilinx.com:ip:axi_interconnect:2.1 - microblaze_0_axi_periph
Adding component instance block -- xilinx.com:ip:axi_crossbar:2.1 - xbar
Adding component instance block -- xilinx.com:ip:axi_intc:4.1 - microblaze_0_axi_intc
Adding component instance block -- xilinx.com:ip:mdm:3.2 - mdm_1
Adding component instance block -- xilinx.com:ip:clk_wiz:6.0 - clk_wiz_1
Adding component instance block -- xilinx.com:ip:proc_sys_reset:5.0 - rst_clk_wiz_1_100M
Adding component instance block -- xilinx.com:ip:axi_uartlite:2.0 - axi_uartlite_0
Adding component instance block -- xilinx.com:user:hdmi_text_controller:1.0 - hdmi_text_controller_0
Successfully read diagram <mb_block_i> from block design file <C:/Users/Orion/Documents/GitHub/ece385/lab_7/lab_7.srcs/sources_1/bd/mb_block/mb_block_i.bd>
current_project edit_hdmi_text_controller_v1_0
ipx::merge_project_changes files [ipx::current_core]
WARNING: [IP_Flow 19-5226] Project source file 'c:/Users/Orion/Documents/GitHub/ece385/lab_7/ip_repo/hdmi_text_controller_1_0/component.xml' ignored by IP packager.
ipx::merge_project_changes ports [ipx::current_core]
WARNING: [IP_Flow 19-5226] Project source file 'c:/Users/Orion/Documents/GitHub/ece385/lab_7/ip_repo/hdmi_text_controller_1_0/component.xml' ignored by IP packager.
WARNING: [IP_Flow 19-5101] Packaging a component with a SystemVerilog top file is not fully supported. Please refer to UG1118 'Creating and Packaging Custom IP'.
CRITICAL WARNING: [IP_Flow 19-4835] Multiple IP ports (s00_axi_rready s00_axi_rvalid s00_axi_rresp s00_axi_rdata s00_axi_arready s00_axi_arvalid s00_axi_arprot s00_axi_araddr s00_axi_bready s00_axi_bvalid s00_axi_bresp s00_axi_wready s00_axi_wvalid s00_axi_wstrb s00_axi_wdata s00_axi_awready s00_axi_awvalid s00_axi_awprot s00_axi_awaddr) were removed from the interface 'S00_AXI'. Please review the IP interface 'S00_AXI'.
CRITICAL WARNING: [IP_Flow 19-4834] IP port (s00_axi_aresetn) was removed from the interface 'S00_AXI_RST'. Please review the IP interface 'S00_AXI_RST'.
CRITICAL WARNING: [IP_Flow 19-4834] IP port (s00_axi_aclk) was removed from the interface 'S00_AXI_CLK'. Please review the IP interface 'S00_AXI_CLK'.
INFO: [IP_Flow 19-5107] Inferred bus interface 'axi_aresetn' of definition 'xilinx.com:signal:reset:1.0' (from Xilinx Repository).
INFO: [IP_Flow 19-5107] Inferred bus interface 'axi_aclk' of definition 'xilinx.com:signal:clock:1.0' (from Xilinx Repository).
INFO: [IP_Flow 19-5107] Inferred bus interface 'hdmi_clk_n' of definition 'xilinx.com:signal:clock:1.0' (from Xilinx Repository).
INFO: [IP_Flow 19-5107] Inferred bus interface 'hdmi_clk_p' of definition 'xilinx.com:signal:clock:1.0' (from Xilinx Repository).
INFO: [IP_Flow 19-4728] Bus Interface 'axi_aresetn': Added interface parameter 'POLARITY' with value 'ACTIVE_LOW'.
INFO: [IP_Flow 19-4728] Bus Interface 'axi_aclk': Added interface parameter 'ASSOCIATED_RESET' with value 'axi_aresetn'.
undo
INFO: [Common 17-17] undo 'current_project edit_hdmi_text_controller_v1_0'
current_project edit_hdmi_text_controller_v1_0
undo
INFO: [Common 17-17] undo 'current_project edit_hdmi_text_controller_v1_0'
current_project edit_hdmi_text_controller_v1_0
undo
INFO: [Common 17-17] undo 'current_project edit_hdmi_text_controller_v1_0'
current_project edit_hdmi_text_controller_v1_0
undo
INFO: [Common 17-17] undo 'current_project edit_hdmi_text_controller_v1_0'
current_project edit_hdmi_text_controller_v1_0
undo
INFO: [Common 17-17] undo 'current_project edit_hdmi_text_controller_v1_0'
current_project edit_hdmi_text_controller_v1_0
undo
INFO: [Common 17-17] undo 'current_project edit_hdmi_text_controller_v1_0'
current_project edit_hdmi_text_controller_v1_0
undo
INFO: [Common 17-17] undo 'current_project edit_hdmi_text_controller_v1_0'
current_project edit_hdmi_text_controller_v1_0
undo
INFO: [Common 17-17] undo 'current_project edit_hdmi_text_controller_v1_0'
current_project edit_hdmi_text_controller_v1_0
undo
INFO: [Common 17-17] undo 'current_project edit_hdmi_text_controller_v1_0'
current_project edit_hdmi_text_controller_v1_0
undo
INFO: [Common 17-17] undo 'current_project edit_hdmi_text_controller_v1_0'
current_project edit_hdmi_text_controller_v1_0
undo
INFO: [Common 17-17] undo 'current_project edit_hdmi_text_controller_v1_0'
current_project edit_hdmi_text_controller_v1_0
undo
INFO: [Common 17-17] undo 'current_project edit_hdmi_text_controller_v1_0'
current_project edit_hdmi_text_controller_v1_0
undo
INFO: [Common 17-17] undo 'current_project edit_hdmi_text_controller_v1_0'
current_project edit_hdmi_text_controller_v1_0
undo
INFO: [Common 17-17] undo 'current_project edit_hdmi_text_controller_v1_0'
current_project edit_hdmi_text_controller_v1_0
undo
INFO: [Common 17-17] undo 'current_project edit_hdmi_text_controller_v1_0'
current_project edit_hdmi_text_controller_v1_0
undo
INFO: [Common 17-17] undo 'current_project edit_hdmi_text_controller_v1_0'
current_project edit_hdmi_text_controller_v1_0
undo
INFO: [Common 17-17] undo 'current_project edit_hdmi_text_controller_v1_0'
current_project edit_hdmi_text_controller_v1_0
undo
INFO: [Common 17-17] undo 'current_project edit_hdmi_text_controller_v1_0'
current_project edit_hdmi_text_controller_v1_0
undo
INFO: [Common 17-17] undo 'current_project edit_hdmi_text_controller_v1_0'
current_project edit_hdmi_text_controller_v1_0
undo
INFO: [Common 17-17] undo 'current_project edit_hdmi_text_controller_v1_0'
current_project edit_hdmi_text_controller_v1_0
undo
INFO: [Common 17-17] undo 'current_project edit_hdmi_text_controller_v1_0'
current_project edit_hdmi_text_controller_v1_0
undo
INFO: [Common 17-17] undo 'current_project edit_hdmi_text_controller_v1_0'
current_project edit_hdmi_text_controller_v1_0
undo
INFO: [Common 17-17] undo 'current_project edit_hdmi_text_controller_v1_0'
current_project edit_hdmi_text_controller_v1_0
undo
INFO: [Common 17-17] undo 'current_project edit_hdmi_text_controller_v1_0'
current_project edit_hdmi_text_controller_v1_0
undo
INFO: [Common 17-17] undo 'current_project edit_hdmi_text_controller_v1_0'
current_project edit_hdmi_text_controller_v1_0
undo
INFO: [Common 17-17] undo 'current_project edit_hdmi_text_controller_v1_0'
current_project edit_hdmi_text_controller_v1_0
undo
INFO: [Common 17-17] undo 'current_project edit_hdmi_text_controller_v1_0'
current_project edit_hdmi_text_controller_v1_0
undo
INFO: [Common 17-17] undo 'current_project edit_hdmi_text_controller_v1_0'
current_project edit_hdmi_text_controller_v1_0
current_project lab_7
current_project edit_hdmi_text_controller_v1_0
close_project
ipx::edit_ip_in_project -upgrade true -name hdmi_text_controller_v1_0_project -directory C:/Users/Orion/Documents/GitHub/ece385/lab_7/lab_7.tmp/hdmi_text_controller_v1_0_project c:/Users/Orion/Documents/GitHub/ece385/lab_7/ip_repo/hdmi_text_controller_1_0/component.xml
INFO: [ProjectBase 1-489] The host OS only allows 260 characters in a normal path. The project is stored in a path with more than 80 characters. If you experience issues with IP, Block Designs, or files not being found, please consider moving the project to a location with a shorter path. Alternately consider using the OS subst command to map part of the path to a drive letter.
Current project path is 'c:/users/orion/documents/github/ece385/lab_7/lab_7.tmp/hdmi_text_controller_v1_0_project'
INFO: [IP_Flow 19-234] Refreshing IP repositories
INFO: [IP_Flow 19-1704] No user IP repositories specified
INFO: [IP_Flow 19-2313] Loaded Vivado IP repository 'C:/Xilinx/Vivado/2022.2/data/ip'.
WARNING: [Board 49-26] cannot add Board Part xilinx.com:k26c:part0:1.2 available at C:/Xilinx/Vivado/2022.2/data/xhub/boards/XilinxBoardStore/boards/Xilinx/k26c/1.2/board.xml as part xck26-sfvc784-2lv-c specified in board_part file is either invalid or not available
WARNING: [Board 49-26] cannot add Board Part xilinx.com:k26c:part0:1.3 available at C:/Xilinx/Vivado/2022.2/data/xhub/boards/XilinxBoardStore/boards/Xilinx/k26c/1.3/board.xml as part xck26-sfvc784-2lv-c specified in board_part file is either invalid or not available
WARNING: [Board 49-26] cannot add Board Part xilinx.com:k26c:part0:1.4 available at C:/Xilinx/Vivado/2022.2/data/xhub/boards/XilinxBoardStore/boards/Xilinx/k26c/1.4/board.xml as part xck26-sfvc784-2lv-c specified in board_part file is either invalid or not available
WARNING: [Board 49-26] cannot add Board Part xilinx.com:k26i:part0:1.2 available at C:/Xilinx/Vivado/2022.2/data/xhub/boards/XilinxBoardStore/boards/Xilinx/k26i/1.2/board.xml as part xck26-sfvc784-2lvi-i specified in board_part file is either invalid or not available
WARNING: [Board 49-26] cannot add Board Part xilinx.com:k26i:part0:1.3 available at C:/Xilinx/Vivado/2022.2/data/xhub/boards/XilinxBoardStore/boards/Xilinx/k26i/1.3/board.xml as part xck26-sfvc784-2lvi-i specified in board_part file is either invalid or not available
WARNING: [Board 49-26] cannot add Board Part xilinx.com:k26i:part0:1.4 available at C:/Xilinx/Vivado/2022.2/data/xhub/boards/XilinxBoardStore/boards/Xilinx/k26i/1.4/board.xml as part xck26-sfvc784-2lvi-i specified in board_part file is either invalid or not available
WARNING: [Board 49-26] cannot add Board Part xilinx.com:kcu105:part0:1.6 available at C:/Xilinx/Vivado/2022.2/data/xhub/boards/XilinxBoardStore/boards/Xilinx/kcu105/1.6/board.xml as part xcku040-ffva1156-2-e specified in board_part file is either invalid or not available
WARNING: [Board 49-26] cannot add Board Part xilinx.com:kcu105:part0:1.7 available at C:/Xilinx/Vivado/2022.2/data/xhub/boards/XilinxBoardStore/boards/Xilinx/kcu105/1.7/board.xml as part xcku040-ffva1156-2-e specified in board_part file is either invalid or not available
WARNING: [Board 49-26] cannot add Board Part xilinx.com:kcu116:part0:1.4 available at C:/Xilinx/Vivado/2022.2/data/xhub/boards/XilinxBoardStore/boards/Xilinx/kcu116/1.4/board.xml as part xcku5p-ffvb676-2-e specified in board_part file is either invalid or not available
WARNING: [Board 49-26] cannot add Board Part xilinx.com:kcu116:part0:1.5 available at C:/Xilinx/Vivado/2022.2/data/xhub/boards/XilinxBoardStore/boards/Xilinx/kcu116/1.5/board.xml as part xcku5p-ffvb676-2-e specified in board_part file is either invalid or not available
WARNING: [Board 49-26] cannot add Board Part xilinx.com:kcu1500:part0:1.2 available at C:/Xilinx/Vivado/2022.2/data/xhub/boards/XilinxBoardStore/boards/Xilinx/kcu1500/1.2/board.xml as part xcku115-flvb2104-2-e specified in board_part file is either invalid or not available
WARNING: [Board 49-26] cannot add Board Part xilinx.com:kr260_som:part0:1.0 available at C:/Xilinx/Vivado/2022.2/data/xhub/boards/XilinxBoardStore/boards/Xilinx/kr260_som/1.0/board.xml as part xck26-sfvc784-2lv-c specified in board_part file is either invalid or not available
WARNING: [Board 49-26] cannot add Board Part xilinx.com:kr260_som:part0:1.1 available at C:/Xilinx/Vivado/2022.2/data/xhub/boards/XilinxBoardStore/boards/Xilinx/kr260_som/1.1/board.xml as part xck26-sfvc784-2lv-c specified in board_part file is either invalid or not available
WARNING: [Board 49-26] cannot add Board Part xilinx.com:kv260_som:part0:1.2 available at C:/Xilinx/Vivado/2022.2/data/xhub/boards/XilinxBoardStore/boards/Xilinx/kv260_som/1.2/board.xml as part xck26-sfvc784-2lv-c specified in board_part file is either invalid or not available
WARNING: [Board 49-26] cannot add Board Part xilinx.com:kv260_som:part0:1.3 available at C:/Xilinx/Vivado/2022.2/data/xhub/boards/XilinxBoardStore/boards/Xilinx/kv260_som/1.3/board.xml as part xck26-sfvc784-2lv-c specified in board_part file is either invalid or not available
WARNING: [Board 49-26] cannot add Board Part xilinx.com:kv260_som:part0:1.4 available at C:/Xilinx/Vivado/2022.2/data/xhub/boards/XilinxBoardStore/boards/Xilinx/kv260_som/1.4/board.xml as part xck26-sfvc784-2lv-c specified in board_part file is either invalid or not available
WARNING: [Board 49-26] cannot add Board Part xilinx.com:vck190:part0:2.2 available at C:/Xilinx/Vivado/2022.2/data/xhub/boards/XilinxBoardStore/boards/Xilinx/vck190/production/2.2/board.xml as part xcvc1902-vsva2197-2mp-e-s specified in board_part file is either invalid or not available
WARNING: [Board 49-26] cannot add Board Part xilinx.com:vck190:part0:3.0 available at C:/Xilinx/Vivado/2022.2/data/xhub/boards/XilinxBoardStore/boards/Xilinx/vck190/production/3.0/board.xml as part xcvc1902-vsva2197-2mp-e-s specified in board_part file is either invalid or not available
WARNING: [Board 49-26] cannot add Board Part xilinx.com:vck190:part0:3.1 available at C:/Xilinx/Vivado/2022.2/data/xhub/boards/XilinxBoardStore/boards/Xilinx/vck190/production/3.1/board.xml as part xcvc1902-vsva2197-2mp-e-s specified in board_part file is either invalid or not available
WARNING: [Board 49-26] cannot add Board Part xilinx.com:vck190_newl:part0:1.0 available at C:/Xilinx/Vivado/2022.2/data/xhub/boards/XilinxBoardStore/boards/Xilinx/vck190_newl/production/1.0/board.xml as part xcvc1902-vsva2197-2mp-e-s specified in board_part file is either invalid or not available
WARNING: [Board 49-26] cannot add Board Part xilinx.com:vcu108:part0:1.6 available at C:/Xilinx/Vivado/2022.2/data/xhub/boards/XilinxBoardStore/boards/Xilinx/vcu108/1.6/board.xml as part xcvu095-ffva2104-2-e specified in board_part file is either invalid or not available
WARNING: [Board 49-26] cannot add Board Part xilinx.com:vcu108:part0:1.7 available at C:/Xilinx/Vivado/2022.2/data/xhub/boards/XilinxBoardStore/boards/Xilinx/vcu108/1.7/board.xml as part xcvu095-ffva2104-2-e specified in board_part file is either invalid or not available
WARNING: [Board 49-26] cannot add Board Part xilinx.com:vcu110:part0:1.4 available at C:/Xilinx/Vivado/2022.2/data/xhub/boards/XilinxBoardStore/boards/Xilinx/vcu110/1.4/board.xml as part xcvu190-flgc2104-2-e specified in board_part file is either invalid or not available
WARNING: [Board 49-26] cannot add Board Part xilinx.com:vcu118:part0:2.0 available at C:/Xilinx/Vivado/2022.2/data/xhub/boards/XilinxBoardStore/boards/Xilinx/vcu118/2.0/board.xml as part xcvu9p-flga2104-2l-e specified in board_part file is either invalid or not available
WARNING: [Board 49-26] cannot add Board Part xilinx.com:vcu118:part0:2.3 available at C:/Xilinx/Vivado/2022.2/data/xhub/boards/XilinxBoardStore/boards/Xilinx/vcu118/2.3/board.xml as part xcvu9p-flga2104-2l-e specified in board_part file is either invalid or not available
WARNING: [Board 49-26] cannot add Board Part xilinx.com:vcu118:part0:2.4 available at C:/Xilinx/Vivado/2022.2/data/xhub/boards/XilinxBoardStore/boards/Xilinx/vcu118/2.4/board.xml as part xcvu9p-flga2104-2l-e specified in board_part file is either invalid or not available
WARNING: [Board 49-26] cannot add Board Part xilinx.com:vcu128:part0:1.0 available at C:/Xilinx/Vivado/2022.2/data/xhub/boards/XilinxBoardStore/boards/Xilinx/vcu128/production/1.0/board.xml as part xcvu37p-fsvh2892-2l-e specified in board_part file is either invalid or not available
WARNING: [Board 49-26] cannot add Board Part xilinx.com:vcu129:part0:1.0 available at C:/Xilinx/Vivado/2022.2/data/xhub/boards/XilinxBoardStore/boards/Xilinx/vcu129/production/1.0/board.xml as part xcvu29p-fsga2577-2l-e specified in board_part file is either invalid or not available
WARNING: [Board 49-26] cannot add Board Part xilinx.com:vcu1525:part0:1.3 available at C:/Xilinx/Vivado/2022.2/data/xhub/boards/XilinxBoardStore/boards/Xilinx/vcu1525/1.3/board.xml as part xcvu9p-fsgd2104-2l-e specified in board_part file is either invalid or not available
WARNING: [Board 49-26] cannot add Board Part xilinx.com:vek280_es:part0:1.0 available at C:/Xilinx/Vivado/2022.2/data/xhub/boards/XilinxBoardStore/boards/Xilinx/vek280/es/1.0/board.xml as part xcve2802-vsvh1760-2lp-e-s-es1 specified in board_part file is either invalid or not available
WARNING: [Board 49-26] cannot add Board Part xilinx.com:vermeo_t1_mpsoc:part0:1.0 available at C:/Xilinx/Vivado/2022.2/data/xhub/boards/XilinxBoardStore/boards/Xilinx/vermeo_t1_mpsoc/1.0/board.xml as part xczu19eg-ffvd1760-2l-e specified in board_part file is either invalid or not available
WARNING: [Board 49-26] cannot add Board Part xilinx.com:vermeo_t1_rfsoc:part0:1.0 available at C:/Xilinx/Vivado/2022.2/data/xhub/boards/XilinxBoardStore/boards/Xilinx/vermeo_t1_rfsoc/1.0/board.xml as part xczu21dr-ffvd1156-2l-e specified in board_part file is either invalid or not available
WARNING: [Board 49-26] cannot add Board Part xilinx.com:vhk158_es:part0:1.0 available at C:/Xilinx/Vivado/2022.2/data/xhub/boards/XilinxBoardStore/boards/Xilinx/vhk158/es/1.0/board.xml as part xcvh1582-vsva3697-2mp-e-s-es1 specified in board_part file is either invalid or not available
WARNING: [Board 49-26] cannot add Board Part xilinx.com:vmk180:part0:2.2 available at C:/Xilinx/Vivado/2022.2/data/xhub/boards/XilinxBoardStore/boards/Xilinx/vmk180/production/2.2/board.xml as part xcvm1802-vsva2197-2mp-e-s specified in board_part file is either invalid or not available
WARNING: [Board 49-26] cannot add Board Part xilinx.com:vmk180:part0:3.0 available at C:/Xilinx/Vivado/2022.2/data/xhub/boards/XilinxBoardStore/boards/Xilinx/vmk180/production/3.0/board.xml as part xcvm1802-vsva2197-2mp-e-s specified in board_part file is either invalid or not available
WARNING: [Board 49-26] cannot add Board Part xilinx.com:vmk180:part0:3.1 available at C:/Xilinx/Vivado/2022.2/data/xhub/boards/XilinxBoardStore/boards/Xilinx/vmk180/production/3.1/board.xml as part xcvm1802-vsva2197-2mp-e-s specified in board_part file is either invalid or not available
WARNING: [Board 49-26] cannot add Board Part xilinx.com:vmk180_newl:part0:1.0 available at C:/Xilinx/Vivado/2022.2/data/xhub/boards/XilinxBoardStore/boards/Xilinx/vmk180_newl/production/1.0/board.xml as part xcvm1802-vsva2197-2mp-e-s specified in board_part file is either invalid or not available
WARNING: [Board 49-26] cannot add Board Part xilinx.com:vpk120:part0:1.0 available at C:/Xilinx/Vivado/2022.2/data/xhub/boards/XilinxBoardStore/boards/Xilinx/vpk120/production/1.0/board.xml as part xcvp1202-vsva2785-2mp-e-s specified in board_part file is either invalid or not available
WARNING: [Board 49-26] cannot add Board Part xilinx.com:vpk120_es:part0:1.2 available at C:/Xilinx/Vivado/2022.2/data/xhub/boards/XilinxBoardStore/boards/Xilinx/vpk120/es/1.2/board.xml as part xcvp1202-vsva2785-2mp-e-s-es1 specified in board_part file is either invalid or not available
WARNING: [Board 49-26] cannot add Board Part xilinx.com:vpk120_es_revb:part0:1.0 available at C:/Xilinx/Vivado/2022.2/data/xhub/boards/XilinxBoardStore/boards/Xilinx/vpk120_revb/es/1.0/board.xml as part xcvp1202-vsva2785-2mp-e-s-es1 specified in board_part file is either invalid or not available
WARNING: [Board 49-26] cannot add Board Part xilinx.com:vpk180_es:part0:1.0 available at C:/Xilinx/Vivado/2022.2/data/xhub/boards/XilinxBoardStore/boards/Xilinx/vpk180/es/1.0/board.xml as part xcvp1802-lsvc4072-2mp-e-s-es1 specified in board_part file is either invalid or not available
WARNING: [Board 49-26] cannot add Board Part xilinx.com:zc702:part0:1.4 available at C:/Xilinx/Vivado/2022.2/data/xhub/boards/XilinxBoardStore/boards/Xilinx/zc702/1.4/board.xml as part xc7z020clg484-1 specified in board_part file is either invalid or not available
WARNING: [Board 49-26] cannot add Board Part xilinx.com:zc706:part0:1.4 available at C:/Xilinx/Vivado/2022.2/data/xhub/boards/XilinxBoardStore/boards/Xilinx/zc706/1.4/board.xml as part xc7z045ffg900-2 specified in board_part file is either invalid or not available
WARNING: [Board 49-26] cannot add Board Part xilinx.com:zcu102:part0:3.3 available at C:/Xilinx/Vivado/2022.2/data/xhub/boards/XilinxBoardStore/boards/Xilinx/zcu102/3.3/board.xml as part xczu9eg-ffvb1156-2-e specified in board_part file is either invalid or not available
WARNING: [Board 49-26] cannot add Board Part xilinx.com:zcu102:part0:3.4 available at C:/Xilinx/Vivado/2022.2/data/xhub/boards/XilinxBoardStore/boards/Xilinx/zcu102/3.4/board.xml as part xczu9eg-ffvb1156-2-e specified in board_part file is either invalid or not available
WARNING: [Board 49-26] cannot add Board Part xilinx.com:zcu104:part0:1.1 available at C:/Xilinx/Vivado/2022.2/data/xhub/boards/XilinxBoardStore/boards/Xilinx/zcu104/1.1/board.xml as part xczu7ev-ffvc1156-2-e specified in board_part file is either invalid or not available
WARNING: [Board 49-26] cannot add Board Part xilinx.com:zcu106:part0:2.4 available at C:/Xilinx/Vivado/2022.2/data/xhub/boards/XilinxBoardStore/boards/Xilinx/zcu106/2.4/board.xml as part xczu7ev-ffvc1156-2-e specified in board_part file is either invalid or not available
WARNING: [Board 49-26] cannot add Board Part xilinx.com:zcu106:part0:2.5 available at C:/Xilinx/Vivado/2022.2/data/xhub/boards/XilinxBoardStore/boards/Xilinx/zcu106/2.5/board.xml as part xczu7ev-ffvc1156-2-e specified in board_part file is either invalid or not available
WARNING: [Board 49-26] cannot add Board Part xilinx.com:zcu106:part0:2.6 available at C:/Xilinx/Vivado/2022.2/data/xhub/boards/XilinxBoardStore/boards/Xilinx/zcu106/2.6/board.xml as part xczu7ev-ffvc1156-2-e specified in board_part file is either invalid or not available
WARNING: [Board 49-26] cannot add Board Part xilinx.com:zcu111:part0:1.2 available at C:/Xilinx/Vivado/2022.2/data/xhub/boards/XilinxBoardStore/boards/Xilinx/zcu111/1.2/board.xml as part xczu28dr-ffvg1517-2-e specified in board_part file is either invalid or not available
WARNING: [Board 49-26] cannot add Board Part xilinx.com:zcu111:part0:1.3 available at C:/Xilinx/Vivado/2022.2/data/xhub/boards/XilinxBoardStore/boards/Xilinx/zcu111/1.3/board.xml as part xczu28dr-ffvg1517-2-e specified in board_part file is either invalid or not available
WARNING: [Board 49-26] cannot add Board Part xilinx.com:zcu111:part0:1.4 available at C:/Xilinx/Vivado/2022.2/data/xhub/boards/XilinxBoardStore/boards/Xilinx/zcu111/1.4/board.xml as part xczu28dr-ffvg1517-2-e specified in board_part file is either invalid or not available
WARNING: [Board 49-26] cannot add Board Part xilinx.com:zcu1275:part0:1.0 available at C:/Xilinx/Vivado/2022.2/data/xhub/boards/XilinxBoardStore/boards/Xilinx/zcu1275/1.0/board.xml as part xczu29dr-ffvf1760-2-e specified in board_part file is either invalid or not available
WARNING: [Board 49-26] cannot add Board Part xilinx.com:zcu1285:part0:1.0 available at C:/Xilinx/Vivado/2022.2/data/xhub/boards/XilinxBoardStore/boards/Xilinx/zcu1285/1.0/board.xml as part xczu39dr-ffvf1760-2-i specified in board_part file is either invalid or not available
WARNING: [Board 49-26] cannot add Board Part xilinx.com:zcu208:part0:2.0 available at C:/Xilinx/Vivado/2022.2/data/xhub/boards/XilinxBoardStore/boards/Xilinx/zcu208/production/2.0/board.xml as part xczu48dr-fsvg1517-2-e specified in board_part file is either invalid or not available
WARNING: [Board 49-26] cannot add Board Part xilinx.com:zcu208ld:part0:2.0 available at C:/Xilinx/Vivado/2022.2/data/xhub/boards/XilinxBoardStore/boards/Xilinx/zcu208ld/production/2.0/board.xml as part xczu58dr-fsvg1517-2-i specified in board_part file is either invalid or not available
WARNING: [Board 49-26] cannot add Board Part xilinx.com:zcu216:part0:2.0 available at C:/Xilinx/Vivado/2022.2/data/xhub/boards/XilinxBoardStore/boards/Xilinx/zcu216/production/2.0/board.xml as part xczu49dr-ffvf1760-2-e specified in board_part file is either invalid or not available
WARNING: [Board 49-26] cannot add Board Part xilinx.com:zcu216ld:part0:2.0 available at C:/Xilinx/Vivado/2022.2/data/xhub/boards/XilinxBoardStore/boards/Xilinx/zcu216ld/production/2.0/board.xml as part xczu59dr-ffvf1760-2-i specified in board_part file is either invalid or not available
WARNING: [Board 49-26] cannot add Board Part xilinx.com:zcu670:part0:2.0 available at C:/Xilinx/Vivado/2022.2/data/xhub/boards/XilinxBoardStore/boards/Xilinx/zcu670/2.0/board.xml as part xczu67dr-fsve1156-2-i specified in board_part file is either invalid or not available
WARNING: [Board 49-26] cannot add Board Part xilinx.com:zcu670ld:part0:1.0 available at C:/Xilinx/Vivado/2022.2/data/xhub/boards/XilinxBoardStore/boards/Xilinx/zcu670ld/1.0/board.xml as part xczu57dr-fsve1156-2-i specified in board_part file is either invalid or not available
INFO: [IP_Flow 19-234] Refreshing IP repositories
INFO: [IP_Flow 19-1700] Loaded user IP repository 'c:/Users/Orion/Documents/GitHub/ece385/lab_7/ip_repo/hdmi_text_controller_1_0'.
INFO: [IP_Flow 19-1700] Loaded user IP repository 'c:/Users/Orion/Documents/GitHub/ece385/lab_7/hdmi_tx_1.0'.
INFO: [IP_Flow 19-795] Syncing license key meta-data
ipx::edit_ip_in_project: Time (s): cpu = 00:00:05 ; elapsed = 00:00:05 . Memory (MB): peak = 1485.949 ; gain = 0.000
update_compile_order -fileset sources_1
ipx::merge_project_changes files [ipx::current_core]
WARNING: [IP_Flow 19-3833] Unreferenced file from the top module is not packaged: 'c:/Users/Orion/Documents/GitHub/ece385/lab_7/ip_repo/hdmi_text_controller_1_0/src/hdmi_text_controller_v1_0_tb.sv'.
WARNING: [IP_Flow 19-5226] Project source file 'c:/Users/Orion/Documents/GitHub/ece385/lab_7/ip_repo/hdmi_text_controller_1_0/component.xml' ignored by IP packager.
WARNING: [IP_Flow 19-5109] File Group 'xilinx_verilogsynthesis (Verilog Synthesis)': File 'c:/Users/Orion/Documents/GitHub/ece385/lab_7/ip_repo/hdmi_text_controller_1_0/src/hdmi_text_controller_v1_0_tb.sv' does not exist in the project sources. It has been removed from the packaged IP. If still required, please add this file to the project, merge sources and re-package.
WARNING: [IP_Flow 19-5109] File Group 'xilinx_verilogbehavioralsimulation (Verilog Simulation)': File 'c:/Users/Orion/Documents/GitHub/ece385/lab_7/ip_repo/hdmi_text_controller_1_0/src/hdmi_text_controller_v1_0_tb.sv' does not exist in the project sources. It has been removed from the packaged IP. If still required, please add this file to the project, merge sources and re-package.
ipx::add_bus_interface HDMI [ipx::current_core]
set_property abstraction_type_vlnv xilinx.com:interface:aximm_rtl:1.0 [ipx::get_bus_interfaces HDMI -of_objects [ipx::current_core]]
set_property bus_type_vlnv xilinx.com:interface:aximm:1.0 [ipx::get_bus_interfaces HDMI -of_objects [ipx::current_core]]
set_property interface_mode master [ipx::get_bus_interfaces HDMI -of_objects [ipx::current_core]]
set_property display_name HDMI [ipx::get_bus_interfaces HDMI -of_objects [ipx::current_core]]
set_property description {HDMI output port} [ipx::get_bus_interfaces HDMI -of_objects [ipx::current_core]]
ipx::add_bus_parameter NUM_READ_OUTSTANDING [ipx::get_bus_interfaces HDMI -of_objects [ipx::current_core]]
ipx::add_bus_parameter NUM_WRITE_OUTSTANDING [ipx::get_bus_interfaces HDMI -of_objects [ipx::current_core]]
set_property abstraction_type_vlnv xilinx.com:interface:hdmi_rtl:2.0 [ipx::get_bus_interfaces HDMI -of_objects [ipx::current_core]]
set_property bus_type_vlnv xilinx.com:interface:hdmi:2.0 [ipx::get_bus_interfaces HDMI -of_objects [ipx::current_core]]
set_property top hdmi_text_controller_v1_0_AXI [current_fileset]
update_compile_order -fileset sources_1
set_property top hdmi_text_controller_v1_0 [current_fileset]
update_compile_order -fileset sources_1
ipx::merge_project_changes files [ipx::current_core]
WARNING: [IP_Flow 19-3833] Unreferenced file from the top module is not packaged: 'c:/Users/Orion/Documents/GitHub/ece385/lab_7/ip_repo/hdmi_text_controller_1_0/src/hdmi_text_controller_v1_0_tb.sv'.
WARNING: [IP_Flow 19-5226] Project source file 'c:/Users/Orion/Documents/GitHub/ece385/lab_7/ip_repo/hdmi_text_controller_1_0/component.xml' ignored by IP packager.
ipx::merge_project_changes ports [ipx::current_core]
WARNING: [IP_Flow 19-3833] Unreferenced file from the top module is not packaged: 'c:/Users/Orion/Documents/GitHub/ece385/lab_7/ip_repo/hdmi_text_controller_1_0/src/hdmi_text_controller_v1_0_tb.sv'.
WARNING: [IP_Flow 19-5226] Project source file 'c:/Users/Orion/Documents/GitHub/ece385/lab_7/ip_repo/hdmi_text_controller_1_0/component.xml' ignored by IP packager.
WARNING: [IP_Flow 19-5101] Packaging a component with a SystemVerilog top file is not fully supported. Please refer to UG1118 'Creating and Packaging Custom IP'.
CRITICAL WARNING: [IP_Flow 19-4835] Multiple IP ports (s00_axi_rready s00_axi_rvalid s00_axi_rresp s00_axi_rdata s00_axi_arready s00_axi_arvalid s00_axi_arprot s00_axi_araddr s00_axi_bready s00_axi_bvalid s00_axi_bresp s00_axi_wready s00_axi_wvalid s00_axi_wstrb s00_axi_wdata s00_axi_awready s00_axi_awvalid s00_axi_awprot s00_axi_awaddr) were removed from the interface 'S00_AXI'. Please review the IP interface 'S00_AXI'.
CRITICAL WARNING: [IP_Flow 19-4834] IP port (s00_axi_aresetn) was removed from the interface 'S00_AXI_RST'. Please review the IP interface 'S00_AXI_RST'.
CRITICAL WARNING: [IP_Flow 19-4834] IP port (s00_axi_aclk) was removed from the interface 'S00_AXI_CLK'. Please review the IP interface 'S00_AXI_CLK'.
INFO: [IP_Flow 19-5107] Inferred bus interface 'axi_aresetn' of definition 'xilinx.com:signal:reset:1.0' (from Xilinx Repository).
INFO: [IP_Flow 19-5107] Inferred bus interface 'axi_aclk' of definition 'xilinx.com:signal:clock:1.0' (from Xilinx Repository).
INFO: [IP_Flow 19-5107] Inferred bus interface 'hdmi_clk_n' of definition 'xilinx.com:signal:clock:1.0' (from Xilinx Repository).
INFO: [IP_Flow 19-5107] Inferred bus interface 'hdmi_clk_p' of definition 'xilinx.com:signal:clock:1.0' (from Xilinx Repository).
INFO: [IP_Flow 19-4728] Bus Interface 'axi_aresetn': Added interface parameter 'POLARITY' with value 'ACTIVE_LOW'.
INFO: [IP_Flow 19-4728] Bus Interface 'axi_aclk': Added interface parameter 'ASSOCIATED_RESET' with value 'axi_aresetn'.
close_project
ipx::edit_ip_in_project -upgrade true -name hdmi_text_controller_v1_0_project -directory C:/Users/Orion/Documents/GitHub/ece385/lab_7/lab_7.tmp/hdmi_text_controller_v1_0_project c:/Users/Orion/Documents/GitHub/ece385/lab_7/ip_repo/hdmi_text_controller_1_0/component.xml
INFO: [ProjectBase 1-489] The host OS only allows 260 characters in a normal path. The project is stored in a path with more than 80 characters. If you experience issues with IP, Block Designs, or files not being found, please consider moving the project to a location with a shorter path. Alternately consider using the OS subst command to map part of the path to a drive letter.
Current project path is 'c:/users/orion/documents/github/ece385/lab_7/lab_7.tmp/hdmi_text_controller_v1_0_project'
INFO: [IP_Flow 19-234] Refreshing IP repositories
INFO: [IP_Flow 19-1704] No user IP repositories specified
INFO: [IP_Flow 19-2313] Loaded Vivado IP repository 'C:/Xilinx/Vivado/2022.2/data/ip'.
WARNING: [Board 49-26] cannot add Board Part xilinx.com:k26c:part0:1.2 available at C:/Xilinx/Vivado/2022.2/data/xhub/boards/XilinxBoardStore/boards/Xilinx/k26c/1.2/board.xml as part xck26-sfvc784-2lv-c specified in board_part file is either invalid or not available
WARNING: [Board 49-26] cannot add Board Part xilinx.com:k26c:part0:1.3 available at C:/Xilinx/Vivado/2022.2/data/xhub/boards/XilinxBoardStore/boards/Xilinx/k26c/1.3/board.xml as part xck26-sfvc784-2lv-c specified in board_part file is either invalid or not available
WARNING: [Board 49-26] cannot add Board Part xilinx.com:k26c:part0:1.4 available at C:/Xilinx/Vivado/2022.2/data/xhub/boards/XilinxBoardStore/boards/Xilinx/k26c/1.4/board.xml as part xck26-sfvc784-2lv-c specified in board_part file is either invalid or not available
WARNING: [Board 49-26] cannot add Board Part xilinx.com:k26i:part0:1.2 available at C:/Xilinx/Vivado/2022.2/data/xhub/boards/XilinxBoardStore/boards/Xilinx/k26i/1.2/board.xml as part xck26-sfvc784-2lvi-i specified in board_part file is either invalid or not available
WARNING: [Board 49-26] cannot add Board Part xilinx.com:k26i:part0:1.3 available at C:/Xilinx/Vivado/2022.2/data/xhub/boards/XilinxBoardStore/boards/Xilinx/k26i/1.3/board.xml as part xck26-sfvc784-2lvi-i specified in board_part file is either invalid or not available
WARNING: [Board 49-26] cannot add Board Part xilinx.com:k26i:part0:1.4 available at C:/Xilinx/Vivado/2022.2/data/xhub/boards/XilinxBoardStore/boards/Xilinx/k26i/1.4/board.xml as part xck26-sfvc784-2lvi-i specified in board_part file is either invalid or not available
WARNING: [Board 49-26] cannot add Board Part xilinx.com:kcu105:part0:1.6 available at C:/Xilinx/Vivado/2022.2/data/xhub/boards/XilinxBoardStore/boards/Xilinx/kcu105/1.6/board.xml as part xcku040-ffva1156-2-e specified in board_part file is either invalid or not available
WARNING: [Board 49-26] cannot add Board Part xilinx.com:kcu105:part0:1.7 available at C:/Xilinx/Vivado/2022.2/data/xhub/boards/XilinxBoardStore/boards/Xilinx/kcu105/1.7/board.xml as part xcku040-ffva1156-2-e specified in board_part file is either invalid or not available
WARNING: [Board 49-26] cannot add Board Part xilinx.com:kcu116:part0:1.4 available at C:/Xilinx/Vivado/2022.2/data/xhub/boards/XilinxBoardStore/boards/Xilinx/kcu116/1.4/board.xml as part xcku5p-ffvb676-2-e specified in board_part file is either invalid or not available
WARNING: [Board 49-26] cannot add Board Part xilinx.com:kcu116:part0:1.5 available at C:/Xilinx/Vivado/2022.2/data/xhub/boards/XilinxBoardStore/boards/Xilinx/kcu116/1.5/board.xml as part xcku5p-ffvb676-2-e specified in board_part file is either invalid or not available
WARNING: [Board 49-26] cannot add Board Part xilinx.com:kcu1500:part0:1.2 available at C:/Xilinx/Vivado/2022.2/data/xhub/boards/XilinxBoardStore/boards/Xilinx/kcu1500/1.2/board.xml as part xcku115-flvb2104-2-e specified in board_part file is either invalid or not available
WARNING: [Board 49-26] cannot add Board Part xilinx.com:kr260_som:part0:1.0 available at C:/Xilinx/Vivado/2022.2/data/xhub/boards/XilinxBoardStore/boards/Xilinx/kr260_som/1.0/board.xml as part xck26-sfvc784-2lv-c specified in board_part file is either invalid or not available
WARNING: [Board 49-26] cannot add Board Part xilinx.com:kr260_som:part0:1.1 available at C:/Xilinx/Vivado/2022.2/data/xhub/boards/XilinxBoardStore/boards/Xilinx/kr260_som/1.1/board.xml as part xck26-sfvc784-2lv-c specified in board_part file is either invalid or not available
WARNING: [Board 49-26] cannot add Board Part xilinx.com:kv260_som:part0:1.2 available at C:/Xilinx/Vivado/2022.2/data/xhub/boards/XilinxBoardStore/boards/Xilinx/kv260_som/1.2/board.xml as part xck26-sfvc784-2lv-c specified in board_part file is either invalid or not available
WARNING: [Board 49-26] cannot add Board Part xilinx.com:kv260_som:part0:1.3 available at C:/Xilinx/Vivado/2022.2/data/xhub/boards/XilinxBoardStore/boards/Xilinx/kv260_som/1.3/board.xml as part xck26-sfvc784-2lv-c specified in board_part file is either invalid or not available
WARNING: [Board 49-26] cannot add Board Part xilinx.com:kv260_som:part0:1.4 available at C:/Xilinx/Vivado/2022.2/data/xhub/boards/XilinxBoardStore/boards/Xilinx/kv260_som/1.4/board.xml as part xck26-sfvc784-2lv-c specified in board_part file is either invalid or not available
WARNING: [Board 49-26] cannot add Board Part xilinx.com:vck190:part0:2.2 available at C:/Xilinx/Vivado/2022.2/data/xhub/boards/XilinxBoardStore/boards/Xilinx/vck190/production/2.2/board.xml as part xcvc1902-vsva2197-2mp-e-s specified in board_part file is either invalid or not available
WARNING: [Board 49-26] cannot add Board Part xilinx.com:vck190:part0:3.0 available at C:/Xilinx/Vivado/2022.2/data/xhub/boards/XilinxBoardStore/boards/Xilinx/vck190/production/3.0/board.xml as part xcvc1902-vsva2197-2mp-e-s specified in board_part file is either invalid or not available
WARNING: [Board 49-26] cannot add Board Part xilinx.com:vck190:part0:3.1 available at C:/Xilinx/Vivado/2022.2/data/xhub/boards/XilinxBoardStore/boards/Xilinx/vck190/production/3.1/board.xml as part xcvc1902-vsva2197-2mp-e-s specified in board_part file is either invalid or not available
WARNING: [Board 49-26] cannot add Board Part xilinx.com:vck190_newl:part0:1.0 available at C:/Xilinx/Vivado/2022.2/data/xhub/boards/XilinxBoardStore/boards/Xilinx/vck190_newl/production/1.0/board.xml as part xcvc1902-vsva2197-2mp-e-s specified in board_part file is either invalid or not available
WARNING: [Board 49-26] cannot add Board Part xilinx.com:vcu108:part0:1.6 available at C:/Xilinx/Vivado/2022.2/data/xhub/boards/XilinxBoardStore/boards/Xilinx/vcu108/1.6/board.xml as part xcvu095-ffva2104-2-e specified in board_part file is either invalid or not available
WARNING: [Board 49-26] cannot add Board Part xilinx.com:vcu108:part0:1.7 available at C:/Xilinx/Vivado/2022.2/data/xhub/boards/XilinxBoardStore/boards/Xilinx/vcu108/1.7/board.xml as part xcvu095-ffva2104-2-e specified in board_part file is either invalid or not available
WARNING: [Board 49-26] cannot add Board Part xilinx.com:vcu110:part0:1.4 available at C:/Xilinx/Vivado/2022.2/data/xhub/boards/XilinxBoardStore/boards/Xilinx/vcu110/1.4/board.xml as part xcvu190-flgc2104-2-e specified in board_part file is either invalid or not available
WARNING: [Board 49-26] cannot add Board Part xilinx.com:vcu118:part0:2.0 available at C:/Xilinx/Vivado/2022.2/data/xhub/boards/XilinxBoardStore/boards/Xilinx/vcu118/2.0/board.xml as part xcvu9p-flga2104-2l-e specified in board_part file is either invalid or not available
WARNING: [Board 49-26] cannot add Board Part xilinx.com:vcu118:part0:2.3 available at C:/Xilinx/Vivado/2022.2/data/xhub/boards/XilinxBoardStore/boards/Xilinx/vcu118/2.3/board.xml as part xcvu9p-flga2104-2l-e specified in board_part file is either invalid or not available
WARNING: [Board 49-26] cannot add Board Part xilinx.com:vcu118:part0:2.4 available at C:/Xilinx/Vivado/2022.2/data/xhub/boards/XilinxBoardStore/boards/Xilinx/vcu118/2.4/board.xml as part xcvu9p-flga2104-2l-e specified in board_part file is either invalid or not available
WARNING: [Board 49-26] cannot add Board Part xilinx.com:vcu128:part0:1.0 available at C:/Xilinx/Vivado/2022.2/data/xhub/boards/XilinxBoardStore/boards/Xilinx/vcu128/production/1.0/board.xml as part xcvu37p-fsvh2892-2l-e specified in board_part file is either invalid or not available
WARNING: [Board 49-26] cannot add Board Part xilinx.com:vcu129:part0:1.0 available at C:/Xilinx/Vivado/2022.2/data/xhub/boards/XilinxBoardStore/boards/Xilinx/vcu129/production/1.0/board.xml as part xcvu29p-fsga2577-2l-e specified in board_part file is either invalid or not available
WARNING: [Board 49-26] cannot add Board Part xilinx.com:vcu1525:part0:1.3 available at C:/Xilinx/Vivado/2022.2/data/xhub/boards/XilinxBoardStore/boards/Xilinx/vcu1525/1.3/board.xml as part xcvu9p-fsgd2104-2l-e specified in board_part file is either invalid or not available
WARNING: [Board 49-26] cannot add Board Part xilinx.com:vek280_es:part0:1.0 available at C:/Xilinx/Vivado/2022.2/data/xhub/boards/XilinxBoardStore/boards/Xilinx/vek280/es/1.0/board.xml as part xcve2802-vsvh1760-2lp-e-s-es1 specified in board_part file is either invalid or not available
WARNING: [Board 49-26] cannot add Board Part xilinx.com:vermeo_t1_mpsoc:part0:1.0 available at C:/Xilinx/Vivado/2022.2/data/xhub/boards/XilinxBoardStore/boards/Xilinx/vermeo_t1_mpsoc/1.0/board.xml as part xczu19eg-ffvd1760-2l-e specified in board_part file is either invalid or not available
WARNING: [Board 49-26] cannot add Board Part xilinx.com:vermeo_t1_rfsoc:part0:1.0 available at C:/Xilinx/Vivado/2022.2/data/xhub/boards/XilinxBoardStore/boards/Xilinx/vermeo_t1_rfsoc/1.0/board.xml as part xczu21dr-ffvd1156-2l-e specified in board_part file is either invalid or not available
WARNING: [Board 49-26] cannot add Board Part xilinx.com:vhk158_es:part0:1.0 available at C:/Xilinx/Vivado/2022.2/data/xhub/boards/XilinxBoardStore/boards/Xilinx/vhk158/es/1.0/board.xml as part xcvh1582-vsva3697-2mp-e-s-es1 specified in board_part file is either invalid or not available
WARNING: [Board 49-26] cannot add Board Part xilinx.com:vmk180:part0:2.2 available at C:/Xilinx/Vivado/2022.2/data/xhub/boards/XilinxBoardStore/boards/Xilinx/vmk180/production/2.2/board.xml as part xcvm1802-vsva2197-2mp-e-s specified in board_part file is either invalid or not available
WARNING: [Board 49-26] cannot add Board Part xilinx.com:vmk180:part0:3.0 available at C:/Xilinx/Vivado/2022.2/data/xhub/boards/XilinxBoardStore/boards/Xilinx/vmk180/production/3.0/board.xml as part xcvm1802-vsva2197-2mp-e-s specified in board_part file is either invalid or not available
WARNING: [Board 49-26] cannot add Board Part xilinx.com:vmk180:part0:3.1 available at C:/Xilinx/Vivado/2022.2/data/xhub/boards/XilinxBoardStore/boards/Xilinx/vmk180/production/3.1/board.xml as part xcvm1802-vsva2197-2mp-e-s specified in board_part file is either invalid or not available
WARNING: [Board 49-26] cannot add Board Part xilinx.com:vmk180_newl:part0:1.0 available at C:/Xilinx/Vivado/2022.2/data/xhub/boards/XilinxBoardStore/boards/Xilinx/vmk180_newl/production/1.0/board.xml as part xcvm1802-vsva2197-2mp-e-s specified in board_part file is either invalid or not available
WARNING: [Board 49-26] cannot add Board Part xilinx.com:vpk120:part0:1.0 available at C:/Xilinx/Vivado/2022.2/data/xhub/boards/XilinxBoardStore/boards/Xilinx/vpk120/production/1.0/board.xml as part xcvp1202-vsva2785-2mp-e-s specified in board_part file is either invalid or not available
WARNING: [Board 49-26] cannot add Board Part xilinx.com:vpk120_es:part0:1.2 available at C:/Xilinx/Vivado/2022.2/data/xhub/boards/XilinxBoardStore/boards/Xilinx/vpk120/es/1.2/board.xml as part xcvp1202-vsva2785-2mp-e-s-es1 specified in board_part file is either invalid or not available
WARNING: [Board 49-26] cannot add Board Part xilinx.com:vpk120_es_revb:part0:1.0 available at C:/Xilinx/Vivado/2022.2/data/xhub/boards/XilinxBoardStore/boards/Xilinx/vpk120_revb/es/1.0/board.xml as part xcvp1202-vsva2785-2mp-e-s-es1 specified in board_part file is either invalid or not available
WARNING: [Board 49-26] cannot add Board Part xilinx.com:vpk180_es:part0:1.0 available at C:/Xilinx/Vivado/2022.2/data/xhub/boards/XilinxBoardStore/boards/Xilinx/vpk180/es/1.0/board.xml as part xcvp1802-lsvc4072-2mp-e-s-es1 specified in board_part file is either invalid or not available
WARNING: [Board 49-26] cannot add Board Part xilinx.com:zc702:part0:1.4 available at C:/Xilinx/Vivado/2022.2/data/xhub/boards/XilinxBoardStore/boards/Xilinx/zc702/1.4/board.xml as part xc7z020clg484-1 specified in board_part file is either invalid or not available
WARNING: [Board 49-26] cannot add Board Part xilinx.com:zc706:part0:1.4 available at C:/Xilinx/Vivado/2022.2/data/xhub/boards/XilinxBoardStore/boards/Xilinx/zc706/1.4/board.xml as part xc7z045ffg900-2 specified in board_part file is either invalid or not available
WARNING: [Board 49-26] cannot add Board Part xilinx.com:zcu102:part0:3.3 available at C:/Xilinx/Vivado/2022.2/data/xhub/boards/XilinxBoardStore/boards/Xilinx/zcu102/3.3/board.xml as part xczu9eg-ffvb1156-2-e specified in board_part file is either invalid or not available
WARNING: [Board 49-26] cannot add Board Part xilinx.com:zcu102:part0:3.4 available at C:/Xilinx/Vivado/2022.2/data/xhub/boards/XilinxBoardStore/boards/Xilinx/zcu102/3.4/board.xml as part xczu9eg-ffvb1156-2-e specified in board_part file is either invalid or not available
WARNING: [Board 49-26] cannot add Board Part xilinx.com:zcu104:part0:1.1 available at C:/Xilinx/Vivado/2022.2/data/xhub/boards/XilinxBoardStore/boards/Xilinx/zcu104/1.1/board.xml as part xczu7ev-ffvc1156-2-e specified in board_part file is either invalid or not available
WARNING: [Board 49-26] cannot add Board Part xilinx.com:zcu106:part0:2.4 available at C:/Xilinx/Vivado/2022.2/data/xhub/boards/XilinxBoardStore/boards/Xilinx/zcu106/2.4/board.xml as part xczu7ev-ffvc1156-2-e specified in board_part file is either invalid or not available
WARNING: [Board 49-26] cannot add Board Part xilinx.com:zcu106:part0:2.5 available at C:/Xilinx/Vivado/2022.2/data/xhub/boards/XilinxBoardStore/boards/Xilinx/zcu106/2.5/board.xml as part xczu7ev-ffvc1156-2-e specified in board_part file is either invalid or not available
WARNING: [Board 49-26] cannot add Board Part xilinx.com:zcu106:part0:2.6 available at C:/Xilinx/Vivado/2022.2/data/xhub/boards/XilinxBoardStore/boards/Xilinx/zcu106/2.6/board.xml as part xczu7ev-ffvc1156-2-e specified in board_part file is either invalid or not available
WARNING: [Board 49-26] cannot add Board Part xilinx.com:zcu111:part0:1.2 available at C:/Xilinx/Vivado/2022.2/data/xhub/boards/XilinxBoardStore/boards/Xilinx/zcu111/1.2/board.xml as part xczu28dr-ffvg1517-2-e specified in board_part file is either invalid or not available
WARNING: [Board 49-26] cannot add Board Part xilinx.com:zcu111:part0:1.3 available at C:/Xilinx/Vivado/2022.2/data/xhub/boards/XilinxBoardStore/boards/Xilinx/zcu111/1.3/board.xml as part xczu28dr-ffvg1517-2-e specified in board_part file is either invalid or not available
WARNING: [Board 49-26] cannot add Board Part xilinx.com:zcu111:part0:1.4 available at C:/Xilinx/Vivado/2022.2/data/xhub/boards/XilinxBoardStore/boards/Xilinx/zcu111/1.4/board.xml as part xczu28dr-ffvg1517-2-e specified in board_part file is either invalid or not available
WARNING: [Board 49-26] cannot add Board Part xilinx.com:zcu1275:part0:1.0 available at C:/Xilinx/Vivado/2022.2/data/xhub/boards/XilinxBoardStore/boards/Xilinx/zcu1275/1.0/board.xml as part xczu29dr-ffvf1760-2-e specified in board_part file is either invalid or not available
WARNING: [Board 49-26] cannot add Board Part xilinx.com:zcu1285:part0:1.0 available at C:/Xilinx/Vivado/2022.2/data/xhub/boards/XilinxBoardStore/boards/Xilinx/zcu1285/1.0/board.xml as part xczu39dr-ffvf1760-2-i specified in board_part file is either invalid or not available
WARNING: [Board 49-26] cannot add Board Part xilinx.com:zcu208:part0:2.0 available at C:/Xilinx/Vivado/2022.2/data/xhub/boards/XilinxBoardStore/boards/Xilinx/zcu208/production/2.0/board.xml as part xczu48dr-fsvg1517-2-e specified in board_part file is either invalid or not available
WARNING: [Board 49-26] cannot add Board Part xilinx.com:zcu208ld:part0:2.0 available at C:/Xilinx/Vivado/2022.2/data/xhub/boards/XilinxBoardStore/boards/Xilinx/zcu208ld/production/2.0/board.xml as part xczu58dr-fsvg1517-2-i specified in board_part file is either invalid or not available
WARNING: [Board 49-26] cannot add Board Part xilinx.com:zcu216:part0:2.0 available at C:/Xilinx/Vivado/2022.2/data/xhub/boards/XilinxBoardStore/boards/Xilinx/zcu216/production/2.0/board.xml as part xczu49dr-ffvf1760-2-e specified in board_part file is either invalid or not available
WARNING: [Board 49-26] cannot add Board Part xilinx.com:zcu216ld:part0:2.0 available at C:/Xilinx/Vivado/2022.2/data/xhub/boards/XilinxBoardStore/boards/Xilinx/zcu216ld/production/2.0/board.xml as part xczu59dr-ffvf1760-2-i specified in board_part file is either invalid or not available
WARNING: [Board 49-26] cannot add Board Part xilinx.com:zcu670:part0:2.0 available at C:/Xilinx/Vivado/2022.2/data/xhub/boards/XilinxBoardStore/boards/Xilinx/zcu670/2.0/board.xml as part xczu67dr-fsve1156-2-i specified in board_part file is either invalid or not available
WARNING: [Board 49-26] cannot add Board Part xilinx.com:zcu670ld:part0:1.0 available at C:/Xilinx/Vivado/2022.2/data/xhub/boards/XilinxBoardStore/boards/Xilinx/zcu670ld/1.0/board.xml as part xczu57dr-fsve1156-2-i specified in board_part file is either invalid or not available
INFO: [IP_Flow 19-234] Refreshing IP repositories
INFO: [IP_Flow 19-1700] Loaded user IP repository 'c:/Users/Orion/Documents/GitHub/ece385/lab_7/ip_repo/hdmi_text_controller_1_0'.
INFO: [IP_Flow 19-1700] Loaded user IP repository 'c:/Users/Orion/Documents/GitHub/ece385/lab_7/hdmi_tx_1.0'.
INFO: [IP_Flow 19-795] Syncing license key meta-data
update_compile_order -fileset sources_1
ipx::merge_project_changes files [ipx::current_core]
WARNING: [IP_Flow 19-3833] Unreferenced file from the top module is not packaged: 'c:/Users/Orion/Documents/GitHub/ece385/lab_7/ip_repo/hdmi_text_controller_1_0/src/hdmi_text_controller_v1_0_tb.sv'.
WARNING: [IP_Flow 19-5226] Project source file 'c:/Users/Orion/Documents/GitHub/ece385/lab_7/ip_repo/hdmi_text_controller_1_0/component.xml' ignored by IP packager.
WARNING: [IP_Flow 19-5109] File Group 'xilinx_verilogsynthesis (Verilog Synthesis)': File 'c:/Users/Orion/Documents/GitHub/ece385/lab_7/ip_repo/hdmi_text_controller_1_0/src/hdmi_text_controller_v1_0_tb.sv' does not exist in the project sources. It has been removed from the packaged IP. If still required, please add this file to the project, merge sources and re-package.
WARNING: [IP_Flow 19-5109] File Group 'xilinx_verilogbehavioralsimulation (Verilog Simulation)': File 'c:/Users/Orion/Documents/GitHub/ece385/lab_7/ip_repo/hdmi_text_controller_1_0/src/hdmi_text_controller_v1_0_tb.sv' does not exist in the project sources. It has been removed from the packaged IP. If still required, please add this file to the project, merge sources and re-package.
set_property top hdmi_text_controller_tb [current_fileset]
update_compile_order -fileset sources_1
set_property top hdmi_text_controller_v1_0 [current_fileset]
update_compile_order -fileset sources_1
ipx::merge_project_changes files [ipx::current_core]
WARNING: [IP_Flow 19-3833] Unreferenced file from the top module is not packaged: 'c:/Users/Orion/Documents/GitHub/ece385/lab_7/ip_repo/hdmi_text_controller_1_0/src/hdmi_text_controller_v1_0_tb.sv'.
WARNING: [IP_Flow 19-5226] Project source file 'c:/Users/Orion/Documents/GitHub/ece385/lab_7/ip_repo/hdmi_text_controller_1_0/component.xml' ignored by IP packager.
set_property top hdmi_text_controller_v1_0_AXI [current_fileset]
update_compile_order -fileset sources_1
set_property top hdmi_text_controller_v1_0 [current_fileset]
update_compile_order -fileset sources_1
ipx::merge_project_changes files [ipx::current_core]
WARNING: [IP_Flow 19-3833] Unreferenced file from the top module is not packaged: 'c:/Users/Orion/Documents/GitHub/ece385/lab_7/ip_repo/hdmi_text_controller_1_0/src/hdmi_text_controller_v1_0_tb.sv'.
WARNING: [IP_Flow 19-5226] Project source file 'c:/Users/Orion/Documents/GitHub/ece385/lab_7/ip_repo/hdmi_text_controller_1_0/component.xml' ignored by IP packager.
ipx::merge_project_changes ports [ipx::current_core]
WARNING: [IP_Flow 19-3833] Unreferenced file from the top module is not packaged: 'c:/Users/Orion/Documents/GitHub/ece385/lab_7/ip_repo/hdmi_text_controller_1_0/src/hdmi_text_controller_v1_0_tb.sv'.
WARNING: [IP_Flow 19-5226] Project source file 'c:/Users/Orion/Documents/GitHub/ece385/lab_7/ip_repo/hdmi_text_controller_1_0/component.xml' ignored by IP packager.
WARNING: [IP_Flow 19-5101] Packaging a component with a SystemVerilog top file is not fully supported. Please refer to UG1118 'Creating and Packaging Custom IP'.
CRITICAL WARNING: [IP_Flow 19-4835] Multiple IP ports (s00_axi_rready s00_axi_rvalid s00_axi_rresp s00_axi_rdata s00_axi_arready s00_axi_arvalid s00_axi_arprot s00_axi_araddr s00_axi_bready s00_axi_bvalid s00_axi_bresp s00_axi_wready s00_axi_wvalid s00_axi_wstrb s00_axi_wdata s00_axi_awready s00_axi_awvalid s00_axi_awprot s00_axi_awaddr) were removed from the interface 'S00_AXI'. Please review the IP interface 'S00_AXI'.
CRITICAL WARNING: [IP_Flow 19-4834] IP port (s00_axi_aresetn) was removed from the interface 'S00_AXI_RST'. Please review the IP interface 'S00_AXI_RST'.
CRITICAL WARNING: [IP_Flow 19-4834] IP port (s00_axi_aclk) was removed from the interface 'S00_AXI_CLK'. Please review the IP interface 'S00_AXI_CLK'.
INFO: [IP_Flow 19-5107] Inferred bus interface 'axi_aresetn' of definition 'xilinx.com:signal:reset:1.0' (from Xilinx Repository).
INFO: [IP_Flow 19-5107] Inferred bus interface 'axi_aclk' of definition 'xilinx.com:signal:clock:1.0' (from Xilinx Repository).
INFO: [IP_Flow 19-5107] Inferred bus interface 'hdmi_clk_n' of definition 'xilinx.com:signal:clock:1.0' (from Xilinx Repository).
INFO: [IP_Flow 19-5107] Inferred bus interface 'hdmi_clk_p' of definition 'xilinx.com:signal:clock:1.0' (from Xilinx Repository).
INFO: [IP_Flow 19-4728] Bus Interface 'axi_aresetn': Added interface parameter 'POLARITY' with value 'ACTIVE_LOW'.
INFO: [IP_Flow 19-4728] Bus Interface 'axi_aclk': Added interface parameter 'ASSOCIATED_RESET' with value 'axi_aresetn'.
ipx::infer_bus_interfaces {} [ipx::current_core]
INFO: [IP_Flow 19-5107] Inferred bus interface 'axi' of definition 'xilinx.com:interface:aximm:1.0' (from Xilinx Repository).
INFO: [IP_Flow 19-4728] Bus Interface 'axi_aclk': Added interface parameter 'ASSOCIATED_BUSIF' with value 'axi'.
set_property name AXI [ipx::get_bus_interfaces axi -of_objects [ipx::current_core]]
ipx::add_bus_interface HDMI [ipx::current_core]
set_property abstraction_type_vlnv xilinx.com:interface:hdmi_rtl:2.0 [ipx::get_bus_interfaces HDMI -of_objects [ipx::current_core]]
set_property bus_type_vlnv xilinx.com:interface:hdmi:2.0 [ipx::get_bus_interfaces HDMI -of_objects [ipx::current_core]]
set_property interface_mode master [ipx::get_bus_interfaces HDMI -of_objects [ipx::current_core]]
set_property display_name HDMI [ipx::get_bus_interfaces HDMI -of_objects [ipx::current_core]]
set_property description {HDMI output port} [ipx::get_bus_interfaces HDMI -of_objects [ipx::current_core]]
ipx::add_port_map TMDS_CLK_N [ipx::get_bus_interfaces HDMI -of_objects [ipx::current_core]]
set_property physical_name hdmi_clk_n [ipx::get_port_maps TMDS_CLK_N -of_objects [ipx::get_bus_interfaces HDMI -of_objects [ipx::current_core]]]
ipx::add_port_map TMDS_DATA_N [ipx::get_bus_interfaces HDMI -of_objects [ipx::current_core]]
set_property physical_name hdmi_tx_n [ipx::get_port_maps TMDS_DATA_N -of_objects [ipx::get_bus_interfaces HDMI -of_objects [ipx::current_core]]]
ipx::add_port_map TMDS_DATA_P [ipx::get_bus_interfaces HDMI -of_objects [ipx::current_core]]
set_property physical_name hdmi_tx_p [ipx::get_port_maps TMDS_DATA_P -of_objects [ipx::get_bus_interfaces HDMI -of_objects [ipx::current_core]]]
ipx::add_port_map TMDS_CLK_P [ipx::get_bus_interfaces HDMI -of_objects [ipx::current_core]]
set_property physical_name hdmi_clk_p [ipx::get_port_maps TMDS_CLK_P -of_objects [ipx::get_bus_interfaces HDMI -of_objects [ipx::current_core]]]
set_property core_revision 3 [ipx::current_core]
ipx::update_source_project_archive -component [ipx::current_core]
ipx::create_xgui_files [ipx::current_core]
ipx::update_checksums [ipx::current_core]
ipx::check_integrity [ipx::current_core]
WARNING: [IP_Flow 19-5661] Bus Interface 'hdmi_clk_n' does not have any bus interfaces associated with it.
WARNING: [IP_Flow 19-4751] Bus Interface 'hdmi_clk_n': FREQ_HZ bus parameter is missing for output clock interface.
WARNING: [IP_Flow 19-5661] Bus Interface 'hdmi_clk_p' does not have any bus interfaces associated with it.
WARNING: [IP_Flow 19-4751] Bus Interface 'hdmi_clk_p': FREQ_HZ bus parameter is missing for output clock interface.
WARNING: [IP_Flow 19-3158] Bus Interface 'AXI': FREQ_HZ bus parameter missing from AXI interface when interface is not associated to a clock.
WARNING: [IP_Flow 19-1965] Bus Interface 'HDMI': A port map to the required logical port "DDC_SCL_I" of the bus abstraction "xilinx.com:interface:hdmi_rtl:2.0" is missing.
WARNING: [IP_Flow 19-1965] Bus Interface 'HDMI': A port map to the required logical port "DDC_SCL_O" of the bus abstraction "xilinx.com:interface:hdmi_rtl:2.0" is missing.
WARNING: [IP_Flow 19-1965] Bus Interface 'HDMI': A port map to the required logical port "DDC_SCL_T" of the bus abstraction "xilinx.com:interface:hdmi_rtl:2.0" is missing.
WARNING: [IP_Flow 19-1965] Bus Interface 'HDMI': A port map to the required logical port "DDC_SDA_I" of the bus abstraction "xilinx.com:interface:hdmi_rtl:2.0" is missing.
WARNING: [IP_Flow 19-1965] Bus Interface 'HDMI': A port map to the required logical port "DDC_SDA_O" of the bus abstraction "xilinx.com:interface:hdmi_rtl:2.0" is missing.
WARNING: [IP_Flow 19-1965] Bus Interface 'HDMI': A port map to the required logical port "DDC_SDA_T" of the bus abstraction "xilinx.com:interface:hdmi_rtl:2.0" is missing.
WARNING: [IP_Flow 19-1965] Bus Interface 'HDMI': A port map to the required logical port "CABLE_CONNECT" of the bus abstraction "xilinx.com:interface:hdmi_rtl:2.0" is missing.
WARNING: [IP_Flow 19-1965] Bus Interface 'HDMI': A port map to the required logical port "HPD" of the bus abstraction "xilinx.com:interface:hdmi_rtl:2.0" is missing.
WARNING: [IP_Flow 19-1980] The memory map 'S00_AXI' is not referenced by any bus interface.
INFO: [IP_Flow 19-2181] Payment Required is not set for this core.
INFO: [IP_Flow 19-2187] The Product Guide file is missing.
INFO: [Ipptcl 7-1486] check_integrity: Integrity check passed.
ipx::save_core [ipx::current_core]
ipx::move_temp_component_back -component [ipx::current_core]
close_project -delete
update_ip_catalog -rebuild -repo_path c:/Users/Orion/Documents/GitHub/ece385/lab_7/ip_repo/hdmi_text_controller_1_0
INFO: [IP_Flow 19-725] Reloaded user IP repository 'c:/Users/Orion/Documents/GitHub/ece385/lab_7/ip_repo/hdmi_text_controller_1_0'
ipx::edit_ip_in_project -upgrade true -name hdmi_text_controller_v1_0_project -directory C:/Users/Orion/Documents/GitHub/ece385/lab_7/lab_7.tmp/hdmi_text_controller_v1_0_project c:/Users/Orion/Documents/GitHub/ece385/lab_7/ip_repo/hdmi_text_controller_1_0/component.xml
INFO: [ProjectBase 1-489] The host OS only allows 260 characters in a normal path. The project is stored in a path with more than 80 characters. If you experience issues with IP, Block Designs, or files not being found, please consider moving the project to a location with a shorter path. Alternately consider using the OS subst command to map part of the path to a drive letter.
Current project path is 'c:/users/orion/documents/github/ece385/lab_7/lab_7.tmp/hdmi_text_controller_v1_0_project'
INFO: [IP_Flow 19-234] Refreshing IP repositories
INFO: [IP_Flow 19-1704] No user IP repositories specified
INFO: [IP_Flow 19-2313] Loaded Vivado IP repository 'C:/Xilinx/Vivado/2022.2/data/ip'.
WARNING: [Board 49-26] cannot add Board Part xilinx.com:k26c:part0:1.2 available at C:/Xilinx/Vivado/2022.2/data/xhub/boards/XilinxBoardStore/boards/Xilinx/k26c/1.2/board.xml as part xck26-sfvc784-2lv-c specified in board_part file is either invalid or not available
WARNING: [Board 49-26] cannot add Board Part xilinx.com:k26c:part0:1.3 available at C:/Xilinx/Vivado/2022.2/data/xhub/boards/XilinxBoardStore/boards/Xilinx/k26c/1.3/board.xml as part xck26-sfvc784-2lv-c specified in board_part file is either invalid or not available
WARNING: [Board 49-26] cannot add Board Part xilinx.com:k26c:part0:1.4 available at C:/Xilinx/Vivado/2022.2/data/xhub/boards/XilinxBoardStore/boards/Xilinx/k26c/1.4/board.xml as part xck26-sfvc784-2lv-c specified in board_part file is either invalid or not available
WARNING: [Board 49-26] cannot add Board Part xilinx.com:k26i:part0:1.2 available at C:/Xilinx/Vivado/2022.2/data/xhub/boards/XilinxBoardStore/boards/Xilinx/k26i/1.2/board.xml as part xck26-sfvc784-2lvi-i specified in board_part file is either invalid or not available
WARNING: [Board 49-26] cannot add Board Part xilinx.com:k26i:part0:1.3 available at C:/Xilinx/Vivado/2022.2/data/xhub/boards/XilinxBoardStore/boards/Xilinx/k26i/1.3/board.xml as part xck26-sfvc784-2lvi-i specified in board_part file is either invalid or not available
WARNING: [Board 49-26] cannot add Board Part xilinx.com:k26i:part0:1.4 available at C:/Xilinx/Vivado/2022.2/data/xhub/boards/XilinxBoardStore/boards/Xilinx/k26i/1.4/board.xml as part xck26-sfvc784-2lvi-i specified in board_part file is either invalid or not available
WARNING: [Board 49-26] cannot add Board Part xilinx.com:kcu105:part0:1.6 available at C:/Xilinx/Vivado/2022.2/data/xhub/boards/XilinxBoardStore/boards/Xilinx/kcu105/1.6/board.xml as part xcku040-ffva1156-2-e specified in board_part file is either invalid or not available
WARNING: [Board 49-26] cannot add Board Part xilinx.com:kcu105:part0:1.7 available at C:/Xilinx/Vivado/2022.2/data/xhub/boards/XilinxBoardStore/boards/Xilinx/kcu105/1.7/board.xml as part xcku040-ffva1156-2-e specified in board_part file is either invalid or not available
WARNING: [Board 49-26] cannot add Board Part xilinx.com:kcu116:part0:1.4 available at C:/Xilinx/Vivado/2022.2/data/xhub/boards/XilinxBoardStore/boards/Xilinx/kcu116/1.4/board.xml as part xcku5p-ffvb676-2-e specified in board_part file is either invalid or not available
WARNING: [Board 49-26] cannot add Board Part xilinx.com:kcu116:part0:1.5 available at C:/Xilinx/Vivado/2022.2/data/xhub/boards/XilinxBoardStore/boards/Xilinx/kcu116/1.5/board.xml as part xcku5p-ffvb676-2-e specified in board_part file is either invalid or not available
WARNING: [Board 49-26] cannot add Board Part xilinx.com:kcu1500:part0:1.2 available at C:/Xilinx/Vivado/2022.2/data/xhub/boards/XilinxBoardStore/boards/Xilinx/kcu1500/1.2/board.xml as part xcku115-flvb2104-2-e specified in board_part file is either invalid or not available
WARNING: [Board 49-26] cannot add Board Part xilinx.com:kr260_som:part0:1.0 available at C:/Xilinx/Vivado/2022.2/data/xhub/boards/XilinxBoardStore/boards/Xilinx/kr260_som/1.0/board.xml as part xck26-sfvc784-2lv-c specified in board_part file is either invalid or not available
WARNING: [Board 49-26] cannot add Board Part xilinx.com:kr260_som:part0:1.1 available at C:/Xilinx/Vivado/2022.2/data/xhub/boards/XilinxBoardStore/boards/Xilinx/kr260_som/1.1/board.xml as part xck26-sfvc784-2lv-c specified in board_part file is either invalid or not available
WARNING: [Board 49-26] cannot add Board Part xilinx.com:kv260_som:part0:1.2 available at C:/Xilinx/Vivado/2022.2/data/xhub/boards/XilinxBoardStore/boards/Xilinx/kv260_som/1.2/board.xml as part xck26-sfvc784-2lv-c specified in board_part file is either invalid or not available
WARNING: [Board 49-26] cannot add Board Part xilinx.com:kv260_som:part0:1.3 available at C:/Xilinx/Vivado/2022.2/data/xhub/boards/XilinxBoardStore/boards/Xilinx/kv260_som/1.3/board.xml as part xck26-sfvc784-2lv-c specified in board_part file is either invalid or not available
WARNING: [Board 49-26] cannot add Board Part xilinx.com:kv260_som:part0:1.4 available at C:/Xilinx/Vivado/2022.2/data/xhub/boards/XilinxBoardStore/boards/Xilinx/kv260_som/1.4/board.xml as part xck26-sfvc784-2lv-c specified in board_part file is either invalid or not available
WARNING: [Board 49-26] cannot add Board Part xilinx.com:vck190:part0:2.2 available at C:/Xilinx/Vivado/2022.2/data/xhub/boards/XilinxBoardStore/boards/Xilinx/vck190/production/2.2/board.xml as part xcvc1902-vsva2197-2mp-e-s specified in board_part file is either invalid or not available
WARNING: [Board 49-26] cannot add Board Part xilinx.com:vck190:part0:3.0 available at C:/Xilinx/Vivado/2022.2/data/xhub/boards/XilinxBoardStore/boards/Xilinx/vck190/production/3.0/board.xml as part xcvc1902-vsva2197-2mp-e-s specified in board_part file is either invalid or not available
WARNING: [Board 49-26] cannot add Board Part xilinx.com:vck190:part0:3.1 available at C:/Xilinx/Vivado/2022.2/data/xhub/boards/XilinxBoardStore/boards/Xilinx/vck190/production/3.1/board.xml as part xcvc1902-vsva2197-2mp-e-s specified in board_part file is either invalid or not available
WARNING: [Board 49-26] cannot add Board Part xilinx.com:vck190_newl:part0:1.0 available at C:/Xilinx/Vivado/2022.2/data/xhub/boards/XilinxBoardStore/boards/Xilinx/vck190_newl/production/1.0/board.xml as part xcvc1902-vsva2197-2mp-e-s specified in board_part file is either invalid or not available
WARNING: [Board 49-26] cannot add Board Part xilinx.com:vcu108:part0:1.6 available at C:/Xilinx/Vivado/2022.2/data/xhub/boards/XilinxBoardStore/boards/Xilinx/vcu108/1.6/board.xml as part xcvu095-ffva2104-2-e specified in board_part file is either invalid or not available
WARNING: [Board 49-26] cannot add Board Part xilinx.com:vcu108:part0:1.7 available at C:/Xilinx/Vivado/2022.2/data/xhub/boards/XilinxBoardStore/boards/Xilinx/vcu108/1.7/board.xml as part xcvu095-ffva2104-2-e specified in board_part file is either invalid or not available
WARNING: [Board 49-26] cannot add Board Part xilinx.com:vcu110:part0:1.4 available at C:/Xilinx/Vivado/2022.2/data/xhub/boards/XilinxBoardStore/boards/Xilinx/vcu110/1.4/board.xml as part xcvu190-flgc2104-2-e specified in board_part file is either invalid or not available
WARNING: [Board 49-26] cannot add Board Part xilinx.com:vcu118:part0:2.0 available at C:/Xilinx/Vivado/2022.2/data/xhub/boards/XilinxBoardStore/boards/Xilinx/vcu118/2.0/board.xml as part xcvu9p-flga2104-2l-e specified in board_part file is either invalid or not available
WARNING: [Board 49-26] cannot add Board Part xilinx.com:vcu118:part0:2.3 available at C:/Xilinx/Vivado/2022.2/data/xhub/boards/XilinxBoardStore/boards/Xilinx/vcu118/2.3/board.xml as part xcvu9p-flga2104-2l-e specified in board_part file is either invalid or not available
WARNING: [Board 49-26] cannot add Board Part xilinx.com:vcu118:part0:2.4 available at C:/Xilinx/Vivado/2022.2/data/xhub/boards/XilinxBoardStore/boards/Xilinx/vcu118/2.4/board.xml as part xcvu9p-flga2104-2l-e specified in board_part file is either invalid or not available
WARNING: [Board 49-26] cannot add Board Part xilinx.com:vcu128:part0:1.0 available at C:/Xilinx/Vivado/2022.2/data/xhub/boards/XilinxBoardStore/boards/Xilinx/vcu128/production/1.0/board.xml as part xcvu37p-fsvh2892-2l-e specified in board_part file is either invalid or not available
WARNING: [Board 49-26] cannot add Board Part xilinx.com:vcu129:part0:1.0 available at C:/Xilinx/Vivado/2022.2/data/xhub/boards/XilinxBoardStore/boards/Xilinx/vcu129/production/1.0/board.xml as part xcvu29p-fsga2577-2l-e specified in board_part file is either invalid or not available
WARNING: [Board 49-26] cannot add Board Part xilinx.com:vcu1525:part0:1.3 available at C:/Xilinx/Vivado/2022.2/data/xhub/boards/XilinxBoardStore/boards/Xilinx/vcu1525/1.3/board.xml as part xcvu9p-fsgd2104-2l-e specified in board_part file is either invalid or not available
WARNING: [Board 49-26] cannot add Board Part xilinx.com:vek280_es:part0:1.0 available at C:/Xilinx/Vivado/2022.2/data/xhub/boards/XilinxBoardStore/boards/Xilinx/vek280/es/1.0/board.xml as part xcve2802-vsvh1760-2lp-e-s-es1 specified in board_part file is either invalid or not available
WARNING: [Board 49-26] cannot add Board Part xilinx.com:vermeo_t1_mpsoc:part0:1.0 available at C:/Xilinx/Vivado/2022.2/data/xhub/boards/XilinxBoardStore/boards/Xilinx/vermeo_t1_mpsoc/1.0/board.xml as part xczu19eg-ffvd1760-2l-e specified in board_part file is either invalid or not available
WARNING: [Board 49-26] cannot add Board Part xilinx.com:vermeo_t1_rfsoc:part0:1.0 available at C:/Xilinx/Vivado/2022.2/data/xhub/boards/XilinxBoardStore/boards/Xilinx/vermeo_t1_rfsoc/1.0/board.xml as part xczu21dr-ffvd1156-2l-e specified in board_part file is either invalid or not available
WARNING: [Board 49-26] cannot add Board Part xilinx.com:vhk158_es:part0:1.0 available at C:/Xilinx/Vivado/2022.2/data/xhub/boards/XilinxBoardStore/boards/Xilinx/vhk158/es/1.0/board.xml as part xcvh1582-vsva3697-2mp-e-s-es1 specified in board_part file is either invalid or not available
WARNING: [Board 49-26] cannot add Board Part xilinx.com:vmk180:part0:2.2 available at C:/Xilinx/Vivado/2022.2/data/xhub/boards/XilinxBoardStore/boards/Xilinx/vmk180/production/2.2/board.xml as part xcvm1802-vsva2197-2mp-e-s specified in board_part file is either invalid or not available
WARNING: [Board 49-26] cannot add Board Part xilinx.com:vmk180:part0:3.0 available at C:/Xilinx/Vivado/2022.2/data/xhub/boards/XilinxBoardStore/boards/Xilinx/vmk180/production/3.0/board.xml as part xcvm1802-vsva2197-2mp-e-s specified in board_part file is either invalid or not available
WARNING: [Board 49-26] cannot add Board Part xilinx.com:vmk180:part0:3.1 available at C:/Xilinx/Vivado/2022.2/data/xhub/boards/XilinxBoardStore/boards/Xilinx/vmk180/production/3.1/board.xml as part xcvm1802-vsva2197-2mp-e-s specified in board_part file is either invalid or not available
WARNING: [Board 49-26] cannot add Board Part xilinx.com:vmk180_newl:part0:1.0 available at C:/Xilinx/Vivado/2022.2/data/xhub/boards/XilinxBoardStore/boards/Xilinx/vmk180_newl/production/1.0/board.xml as part xcvm1802-vsva2197-2mp-e-s specified in board_part file is either invalid or not available
WARNING: [Board 49-26] cannot add Board Part xilinx.com:vpk120:part0:1.0 available at C:/Xilinx/Vivado/2022.2/data/xhub/boards/XilinxBoardStore/boards/Xilinx/vpk120/production/1.0/board.xml as part xcvp1202-vsva2785-2mp-e-s specified in board_part file is either invalid or not available
WARNING: [Board 49-26] cannot add Board Part xilinx.com:vpk120_es:part0:1.2 available at C:/Xilinx/Vivado/2022.2/data/xhub/boards/XilinxBoardStore/boards/Xilinx/vpk120/es/1.2/board.xml as part xcvp1202-vsva2785-2mp-e-s-es1 specified in board_part file is either invalid or not available
WARNING: [Board 49-26] cannot add Board Part xilinx.com:vpk120_es_revb:part0:1.0 available at C:/Xilinx/Vivado/2022.2/data/xhub/boards/XilinxBoardStore/boards/Xilinx/vpk120_revb/es/1.0/board.xml as part xcvp1202-vsva2785-2mp-e-s-es1 specified in board_part file is either invalid or not available
WARNING: [Board 49-26] cannot add Board Part xilinx.com:vpk180_es:part0:1.0 available at C:/Xilinx/Vivado/2022.2/data/xhub/boards/XilinxBoardStore/boards/Xilinx/vpk180/es/1.0/board.xml as part xcvp1802-lsvc4072-2mp-e-s-es1 specified in board_part file is either invalid or not available
WARNING: [Board 49-26] cannot add Board Part xilinx.com:zc702:part0:1.4 available at C:/Xilinx/Vivado/2022.2/data/xhub/boards/XilinxBoardStore/boards/Xilinx/zc702/1.4/board.xml as part xc7z020clg484-1 specified in board_part file is either invalid or not available
WARNING: [Board 49-26] cannot add Board Part xilinx.com:zc706:part0:1.4 available at C:/Xilinx/Vivado/2022.2/data/xhub/boards/XilinxBoardStore/boards/Xilinx/zc706/1.4/board.xml as part xc7z045ffg900-2 specified in board_part file is either invalid or not available
WARNING: [Board 49-26] cannot add Board Part xilinx.com:zcu102:part0:3.3 available at C:/Xilinx/Vivado/2022.2/data/xhub/boards/XilinxBoardStore/boards/Xilinx/zcu102/3.3/board.xml as part xczu9eg-ffvb1156-2-e specified in board_part file is either invalid or not available
WARNING: [Board 49-26] cannot add Board Part xilinx.com:zcu102:part0:3.4 available at C:/Xilinx/Vivado/2022.2/data/xhub/boards/XilinxBoardStore/boards/Xilinx/zcu102/3.4/board.xml as part xczu9eg-ffvb1156-2-e specified in board_part file is either invalid or not available
WARNING: [Board 49-26] cannot add Board Part xilinx.com:zcu104:part0:1.1 available at C:/Xilinx/Vivado/2022.2/data/xhub/boards/XilinxBoardStore/boards/Xilinx/zcu104/1.1/board.xml as part xczu7ev-ffvc1156-2-e specified in board_part file is either invalid or not available
WARNING: [Board 49-26] cannot add Board Part xilinx.com:zcu106:part0:2.4 available at C:/Xilinx/Vivado/2022.2/data/xhub/boards/XilinxBoardStore/boards/Xilinx/zcu106/2.4/board.xml as part xczu7ev-ffvc1156-2-e specified in board_part file is either invalid or not available
WARNING: [Board 49-26] cannot add Board Part xilinx.com:zcu106:part0:2.5 available at C:/Xilinx/Vivado/2022.2/data/xhub/boards/XilinxBoardStore/boards/Xilinx/zcu106/2.5/board.xml as part xczu7ev-ffvc1156-2-e specified in board_part file is either invalid or not available
WARNING: [Board 49-26] cannot add Board Part xilinx.com:zcu106:part0:2.6 available at C:/Xilinx/Vivado/2022.2/data/xhub/boards/XilinxBoardStore/boards/Xilinx/zcu106/2.6/board.xml as part xczu7ev-ffvc1156-2-e specified in board_part file is either invalid or not available
WARNING: [Board 49-26] cannot add Board Part xilinx.com:zcu111:part0:1.2 available at C:/Xilinx/Vivado/2022.2/data/xhub/boards/XilinxBoardStore/boards/Xilinx/zcu111/1.2/board.xml as part xczu28dr-ffvg1517-2-e specified in board_part file is either invalid or not available
WARNING: [Board 49-26] cannot add Board Part xilinx.com:zcu111:part0:1.3 available at C:/Xilinx/Vivado/2022.2/data/xhub/boards/XilinxBoardStore/boards/Xilinx/zcu111/1.3/board.xml as part xczu28dr-ffvg1517-2-e specified in board_part file is either invalid or not available
WARNING: [Board 49-26] cannot add Board Part xilinx.com:zcu111:part0:1.4 available at C:/Xilinx/Vivado/2022.2/data/xhub/boards/XilinxBoardStore/boards/Xilinx/zcu111/1.4/board.xml as part xczu28dr-ffvg1517-2-e specified in board_part file is either invalid or not available
WARNING: [Board 49-26] cannot add Board Part xilinx.com:zcu1275:part0:1.0 available at C:/Xilinx/Vivado/2022.2/data/xhub/boards/XilinxBoardStore/boards/Xilinx/zcu1275/1.0/board.xml as part xczu29dr-ffvf1760-2-e specified in board_part file is either invalid or not available
WARNING: [Board 49-26] cannot add Board Part xilinx.com:zcu1285:part0:1.0 available at C:/Xilinx/Vivado/2022.2/data/xhub/boards/XilinxBoardStore/boards/Xilinx/zcu1285/1.0/board.xml as part xczu39dr-ffvf1760-2-i specified in board_part file is either invalid or not available
WARNING: [Board 49-26] cannot add Board Part xilinx.com:zcu208:part0:2.0 available at C:/Xilinx/Vivado/2022.2/data/xhub/boards/XilinxBoardStore/boards/Xilinx/zcu208/production/2.0/board.xml as part xczu48dr-fsvg1517-2-e specified in board_part file is either invalid or not available
WARNING: [Board 49-26] cannot add Board Part xilinx.com:zcu208ld:part0:2.0 available at C:/Xilinx/Vivado/2022.2/data/xhub/boards/XilinxBoardStore/boards/Xilinx/zcu208ld/production/2.0/board.xml as part xczu58dr-fsvg1517-2-i specified in board_part file is either invalid or not available
WARNING: [Board 49-26] cannot add Board Part xilinx.com:zcu216:part0:2.0 available at C:/Xilinx/Vivado/2022.2/data/xhub/boards/XilinxBoardStore/boards/Xilinx/zcu216/production/2.0/board.xml as part xczu49dr-ffvf1760-2-e specified in board_part file is either invalid or not available
WARNING: [Board 49-26] cannot add Board Part xilinx.com:zcu216ld:part0:2.0 available at C:/Xilinx/Vivado/2022.2/data/xhub/boards/XilinxBoardStore/boards/Xilinx/zcu216ld/production/2.0/board.xml as part xczu59dr-ffvf1760-2-i specified in board_part file is either invalid or not available
WARNING: [Board 49-26] cannot add Board Part xilinx.com:zcu670:part0:2.0 available at C:/Xilinx/Vivado/2022.2/data/xhub/boards/XilinxBoardStore/boards/Xilinx/zcu670/2.0/board.xml as part xczu67dr-fsve1156-2-i specified in board_part file is either invalid or not available
WARNING: [Board 49-26] cannot add Board Part xilinx.com:zcu670ld:part0:1.0 available at C:/Xilinx/Vivado/2022.2/data/xhub/boards/XilinxBoardStore/boards/Xilinx/zcu670ld/1.0/board.xml as part xczu57dr-fsve1156-2-i specified in board_part file is either invalid or not available
create_project: Time (s): cpu = 00:00:05 ; elapsed = 00:00:06 . Memory (MB): peak = 1557.031 ; gain = 0.000
INFO: [IP_Flow 19-234] Refreshing IP repositories
INFO: [IP_Flow 19-1700] Loaded user IP repository 'c:/Users/Orion/Documents/GitHub/ece385/lab_7/ip_repo/hdmi_text_controller_1_0'.
INFO: [IP_Flow 19-1700] Loaded user IP repository 'c:/Users/Orion/Documents/GitHub/ece385/lab_7/hdmi_tx_1.0'.
INFO: [IP_Flow 19-795] Syncing license key meta-data
ipx::edit_ip_in_project: Time (s): cpu = 00:00:07 ; elapsed = 00:00:07 . Memory (MB): peak = 1557.031 ; gain = 0.000
update_compile_order -fileset sources_1
create_ip -name hdmi_tx -vendor realdigital.org -library realdigital -version 1.0 -module_name hdmi_tx_0 -dir c:/Users/Orion/Documents/GitHub/ece385/lab_7/ip_repo/hdmi_text_controller_1_0/src
set_property -dict [list \
  CONFIG.C_BLUE_WIDTH {4} \
  CONFIG.C_GREEN_WIDTH {4} \
  CONFIG.C_RED_WIDTH {4} \
  CONFIG.MODE {HDMI} \
] [get_ips hdmi_tx_0]
generate_target {instantiation_template} [get_files c:/Users/Orion/Documents/GitHub/ece385/lab_7/ip_repo/hdmi_text_controller_1_0/src/hdmi_tx_0/hdmi_tx_0.xci]
INFO: [IP_Flow 19-1686] Generating 'Instantiation Template' target for IP 'hdmi_tx_0'...
update_compile_order -fileset sources_1
generate_target all [get_files  c:/Users/Orion/Documents/GitHub/ece385/lab_7/ip_repo/hdmi_text_controller_1_0/src/hdmi_tx_0/hdmi_tx_0.xci]
INFO: [IP_Flow 19-1686] Generating 'Synthesis' target for IP 'hdmi_tx_0'...
INFO: [IP_Flow 19-1686] Generating 'Simulation' target for IP 'hdmi_tx_0'...
catch { config_ip_cache -export [get_ips -all hdmi_tx_0] }
INFO: [IP_Flow 19-6924] IPCACHE: Running cache check for IP inst: hdmi_tx_0
export_ip_user_files -of_objects [get_files c:/Users/Orion/Documents/GitHub/ece385/lab_7/ip_repo/hdmi_text_controller_1_0/src/hdmi_tx_0/hdmi_tx_0.xci] -no_script -sync -force -quiet
create_ip_run [get_files -of_objects [get_fileset sources_1] c:/Users/Orion/Documents/GitHub/ece385/lab_7/ip_repo/hdmi_text_controller_1_0/src/hdmi_tx_0/hdmi_tx_0.xci]
launch_runs hdmi_tx_0_synth_1 -jobs 6
INFO: [IP_Flow 19-6924] IPCACHE: Running cache check for IP inst: hdmi_tx_0
[Tue Oct 29 21:57:46 2024] Launched hdmi_tx_0_synth_1...
Run output will be captured here: c:/users/orion/documents/github/ece385/lab_7/lab_7.tmp/hdmi_text_controller_v1_0_project/hdmi_text_controller_v1_0_project.runs/hdmi_tx_0_synth_1/runme.log
export_simulation -of_objects [get_files c:/Users/Orion/Documents/GitHub/ece385/lab_7/ip_repo/hdmi_text_controller_1_0/src/hdmi_tx_0/hdmi_tx_0.xci] -directory c:/users/orion/documents/github/ece385/lab_7/lab_7.tmp/hdmi_text_controller_v1_0_project/hdmi_text_controller_v1_0_project.ip_user_files/sim_scripts -ip_user_files_dir c:/users/orion/documents/github/ece385/lab_7/lab_7.tmp/hdmi_text_controller_v1_0_project/hdmi_text_controller_v1_0_project.ip_user_files -ipstatic_source_dir c:/users/orion/documents/github/ece385/lab_7/lab_7.tmp/hdmi_text_controller_v1_0_project/hdmi_text_controller_v1_0_project.ip_user_files/ipstatic -lib_map_path [list {modelsim=c:/users/orion/documents/github/ece385/lab_7/lab_7.tmp/hdmi_text_controller_v1_0_project/hdmi_text_controller_v1_0_project.cache/compile_simlib/modelsim} {questa=c:/users/orion/documents/github/ece385/lab_7/lab_7.tmp/hdmi_text_controller_v1_0_project/hdmi_text_controller_v1_0_project.cache/compile_simlib/questa} {riviera=c:/users/orion/documents/github/ece385/lab_7/lab_7.tmp/hdmi_text_controller_v1_0_project/hdmi_text_controller_v1_0_project.cache/compile_simlib/riviera} {activehdl=c:/users/orion/documents/github/ece385/lab_7/lab_7.tmp/hdmi_text_controller_v1_0_project/hdmi_text_controller_v1_0_project.cache/compile_simlib/activehdl}] -use_ip_compiled_libs -force -quiet
ipx::merge_project_changes files [ipx::current_core]
WARNING: [IP_Flow 19-5226] Project source file 'c:/Users/Orion/Documents/GitHub/ece385/lab_7/ip_repo/hdmi_text_controller_1_0/component.xml' ignored by IP packager.
convert_ips [get_files  c:/Users/Orion/Documents/GitHub/ece385/lab_7/ip_repo/hdmi_text_controller_1_0/src/hdmi_tx_0/hdmi_tx_0.xci]
INFO: [filemgmt 56-106] Converting IP 'hdmi_tx_0' into core container format.
INFO: [filemgmt 56-101] Creating core container 'c:/Users/Orion/Documents/GitHub/ece385/lab_7/ip_repo/hdmi_text_controller_1_0/src/hdmi_tx_0.xcix' for IP 'hdmi_tx_0'
export_ip_user_files -of_objects  [get_files  c:/Users/Orion/Documents/GitHub/ece385/lab_7/ip_repo/hdmi_text_controller_1_0/src/hdmi_tx_0/hdmi_tx_0.xci] -sync -lib_map_path [list {modelsim=c:/users/orion/documents/github/ece385/lab_7/lab_7.tmp/hdmi_text_controller_v1_0_project/hdmi_text_controller_v1_0_project.cache/compile_simlib/modelsim} {questa=c:/users/orion/documents/github/ece385/lab_7/lab_7.tmp/hdmi_text_controller_v1_0_project/hdmi_text_controller_v1_0_project.cache/compile_simlib/questa} {riviera=c:/users/orion/documents/github/ece385/lab_7/lab_7.tmp/hdmi_text_controller_v1_0_project/hdmi_text_controller_v1_0_project.cache/compile_simlib/riviera} {activehdl=c:/users/orion/documents/github/ece385/lab_7/lab_7.tmp/hdmi_text_controller_v1_0_project/hdmi_text_controller_v1_0_project.cache/compile_simlib/activehdl}] -force -quiet
set_property coreContainer.enable 1 [current_project]
create_ip -name clk_wiz -vendor xilinx.com -library ip -version 6.0 -module_name clk_wiz_0 -dir c:/Users/Orion/Documents/GitHub/ece385/lab_7/ip_repo/hdmi_text_controller_1_0/src
INFO: [filemgmt 56-101] Creating core container 'c:/Users/Orion/Documents/GitHub/ece385/lab_7/ip_repo/hdmi_text_controller_1_0/src/clk_wiz_0.xcix' for IP 'clk_wiz_0'
set_property -dict [list \
  CONFIG.CLKOUT1_JITTER {175.402} \
  CONFIG.CLKOUT1_REQUESTED_OUT_FREQ {25} \
  CONFIG.CLKOUT2_JITTER {125.247} \
  CONFIG.CLKOUT2_PHASE_ERROR {98.575} \
  CONFIG.CLKOUT2_REQUESTED_OUT_FREQ {125} \
  CONFIG.CLKOUT2_USED {true} \
  CONFIG.MMCM_CLKOUT0_DIVIDE_F {40.000} \
  CONFIG.MMCM_CLKOUT1_DIVIDE {8} \
  CONFIG.NUM_OUT_CLKS {2} \
] [get_ips clk_wiz_0]
generate_target {instantiation_template} [get_files c:/Users/Orion/Documents/GitHub/ece385/lab_7/ip_repo/hdmi_text_controller_1_0/src/clk_wiz_0/clk_wiz_0.xci]
INFO: [IP_Flow 19-1686] Generating 'Instantiation Template' target for IP 'clk_wiz_0'...
update_compile_order -fileset sources_1
generate_target all [get_files  c:/Users/Orion/Documents/GitHub/ece385/lab_7/ip_repo/hdmi_text_controller_1_0/src/clk_wiz_0/clk_wiz_0.xci]
INFO: [IP_Flow 19-1686] Generating 'Synthesis' target for IP 'clk_wiz_0'...
INFO: [IP_Flow 19-1686] Generating 'Simulation' target for IP 'clk_wiz_0'...
INFO: [IP_Flow 19-1686] Generating 'Implementation' target for IP 'clk_wiz_0'...
INFO: [IP_Flow 19-1686] Generating 'Change Log' target for IP 'clk_wiz_0'...
catch { config_ip_cache -export [get_ips -all clk_wiz_0] }
INFO: [IP_Flow 19-6924] IPCACHE: Running cache check for IP inst: clk_wiz_0
export_ip_user_files -of_objects [get_files c:/Users/Orion/Documents/GitHub/ece385/lab_7/ip_repo/hdmi_text_controller_1_0/src/clk_wiz_0/clk_wiz_0.xci] -no_script -sync -force -quiet
create_ip_run [get_files -of_objects [get_fileset sources_1] c:/Users/Orion/Documents/GitHub/ece385/lab_7/ip_repo/hdmi_text_controller_1_0/src/clk_wiz_0/clk_wiz_0.xci]
launch_runs clk_wiz_0_synth_1 -jobs 6
INFO: [IP_Flow 19-6924] IPCACHE: Running cache check for IP inst: clk_wiz_0
[Tue Oct 29 22:02:29 2024] Launched clk_wiz_0_synth_1...
Run output will be captured here: c:/users/orion/documents/github/ece385/lab_7/lab_7.tmp/hdmi_text_controller_v1_0_project/hdmi_text_controller_v1_0_project.runs/clk_wiz_0_synth_1/runme.log
export_simulation -of_objects [get_files c:/Users/Orion/Documents/GitHub/ece385/lab_7/ip_repo/hdmi_text_controller_1_0/src/clk_wiz_0/clk_wiz_0.xci] -directory c:/users/orion/documents/github/ece385/lab_7/lab_7.tmp/hdmi_text_controller_v1_0_project/hdmi_text_controller_v1_0_project.ip_user_files/sim_scripts -ip_user_files_dir c:/users/orion/documents/github/ece385/lab_7/lab_7.tmp/hdmi_text_controller_v1_0_project/hdmi_text_controller_v1_0_project.ip_user_files -ipstatic_source_dir c:/users/orion/documents/github/ece385/lab_7/lab_7.tmp/hdmi_text_controller_v1_0_project/hdmi_text_controller_v1_0_project.ip_user_files/ipstatic -lib_map_path [list {modelsim=c:/users/orion/documents/github/ece385/lab_7/lab_7.tmp/hdmi_text_controller_v1_0_project/hdmi_text_controller_v1_0_project.cache/compile_simlib/modelsim} {questa=c:/users/orion/documents/github/ece385/lab_7/lab_7.tmp/hdmi_text_controller_v1_0_project/hdmi_text_controller_v1_0_project.cache/compile_simlib/questa} {riviera=c:/users/orion/documents/github/ece385/lab_7/lab_7.tmp/hdmi_text_controller_v1_0_project/hdmi_text_controller_v1_0_project.cache/compile_simlib/riviera} {activehdl=c:/users/orion/documents/github/ece385/lab_7/lab_7.tmp/hdmi_text_controller_v1_0_project/hdmi_text_controller_v1_0_project.cache/compile_simlib/activehdl}] -use_ip_compiled_libs -force -quiet
set_property SOURCE_SET sources_1 [get_filesets sim_1]
add_files -fileset sim_1 -norecurse -scan_for_includes C:/Users/Orion/Documents/GitHub/ece385/lab_7/ip_repo/hdmi_text_controller_1_0/src/hdmi_text_controller_v1_0_tb.sv
update_compile_order -fileset sim_1
update_compile_order -fileset sim_1
launch_simulation
Command: launch_simulation 
INFO: [Vivado 12-12493] Simulation top is 'hdmi_text_controller_tb'
WARNING: [Vivado 12-13340] Unable to auto find GCC executables from simulator install path! (path not set)
WARNING: [Vivado 12-13277] Compiled library path does not exist: ''
INFO: [Vivado 12-5698] Checking validity of IPs in the design for the 'XSim' simulator...
INFO: [Vivado 12-5682] Launching behavioral simulation in 'c:/users/orion/documents/github/ece385/lab_7/lab_7.tmp/hdmi_text_controller_v1_0_project/hdmi_text_controller_v1_0_project.sim/sim_1/behav/xsim'
INFO: [Vivado 12-4795] Using compiled simulation libraries for IPs
INFO: [SIM-utils-51] Simulation object is 'sim_1'
INFO: [SIM-utils-72] Using boost library from 'C:/Xilinx/Vivado/2022.2/tps/boost_1_72_0'
INFO: [USF-XSim-7] Finding pre-compiled libraries...
INFO: [USF-XSim-11] File 'C:/Xilinx/Vivado/2022.2/data/xsim/xsim.ini' copied to run dir:'c:/users/orion/documents/github/ece385/lab_7/lab_7.tmp/hdmi_text_controller_v1_0_project/hdmi_text_controller_v1_0_project.sim/sim_1/behav/xsim'
INFO: [SIM-utils-54] Inspecting design source files for 'hdmi_text_controller_tb' in fileset 'sim_1'...
INFO: [USF-XSim-97] Finding global include files...
INFO: [USF-XSim-98] Fetching design files from 'sim_1'...
INFO: [USF-XSim-2] XSim::Compile design
INFO: [USF-XSim-61] Executing 'COMPILE and ANALYZE' step in 'c:/users/orion/documents/github/ece385/lab_7/lab_7.tmp/hdmi_text_controller_v1_0_project/hdmi_text_controller_v1_0_project.sim/sim_1/behav/xsim'
"xvlog --incr --relax -L uvm -prj hdmi_text_controller_tb_vlog.prj"
ERROR: [XSIM 43-4316] Can not find file: ../../../../../../ip_repo/hdmi_text_controller_1_0/src/clk_wiz_0
INFO: [USF-XSim-69] 'compile' step finished in '3' seconds
INFO: [USF-XSim-99] Step results log file:'C:/Users/Orion/Documents/GitHub/ece385/lab_7/lab_7.tmp/hdmi_text_controller_v1_0_project/hdmi_text_controller_v1_0_project.sim/sim_1/behav/xsim/xvlog.log'
ERROR: [USF-XSim-62] 'compile' step failed with error(s). Please check the Tcl console output or 'C:/Users/Orion/Documents/GitHub/ece385/lab_7/lab_7.tmp/hdmi_text_controller_v1_0_project/hdmi_text_controller_v1_0_project.sim/sim_1/behav/xsim/xvlog.log' file for more information.
ERROR: [Vivado 12-4473] Detected error while running simulation. Please correct the issue and retry this operation.
ERROR: [Common 17-39] 'launch_simulation' failed due to earlier errors.
launch_simulation
Command: launch_simulation 
INFO: [Vivado 12-12493] Simulation top is 'hdmi_text_controller_tb'
WARNING: [Vivado 12-13340] Unable to auto find GCC executables from simulator install path! (path not set)
WARNING: [Vivado 12-13277] Compiled library path does not exist: ''
INFO: [Vivado 12-5698] Checking validity of IPs in the design for the 'XSim' simulator...
INFO: [Vivado 12-5682] Launching behavioral simulation in 'c:/users/orion/documents/github/ece385/lab_7/lab_7.tmp/hdmi_text_controller_v1_0_project/hdmi_text_controller_v1_0_project.sim/sim_1/behav/xsim'
INFO: [Vivado 12-4795] Using compiled simulation libraries for IPs
INFO: [SIM-utils-51] Simulation object is 'sim_1'
INFO: [SIM-utils-72] Using boost library from 'C:/Xilinx/Vivado/2022.2/tps/boost_1_72_0'
INFO: [USF-XSim-7] Finding pre-compiled libraries...
INFO: [USF-XSim-11] File 'C:/Xilinx/Vivado/2022.2/data/xsim/xsim.ini' copied to run dir:'c:/users/orion/documents/github/ece385/lab_7/lab_7.tmp/hdmi_text_controller_v1_0_project/hdmi_text_controller_v1_0_project.sim/sim_1/behav/xsim'
INFO: [SIM-utils-54] Inspecting design source files for 'hdmi_text_controller_tb' in fileset 'sim_1'...
INFO: [USF-XSim-97] Finding global include files...
INFO: [USF-XSim-98] Fetching design files from 'sim_1'...
INFO: [USF-XSim-2] XSim::Compile design
INFO: [USF-XSim-61] Executing 'COMPILE and ANALYZE' step in 'c:/users/orion/documents/github/ece385/lab_7/lab_7.tmp/hdmi_text_controller_v1_0_project/hdmi_text_controller_v1_0_project.sim/sim_1/behav/xsim'
"xvlog --incr --relax -L uvm -prj hdmi_text_controller_tb_vlog.prj"
ERROR: [XSIM 43-4316] Can not find file: ../../../../../../ip_repo/hdmi_text_controller_1_0/src/clk_wiz_0
INFO: [USF-XSim-69] 'compile' step finished in '3' seconds
INFO: [USF-XSim-99] Step results log file:'C:/Users/Orion/Documents/GitHub/ece385/lab_7/lab_7.tmp/hdmi_text_controller_v1_0_project/hdmi_text_controller_v1_0_project.sim/sim_1/behav/xsim/xvlog.log'
ERROR: [USF-XSim-62] 'compile' step failed with error(s). Please check the Tcl console output or 'C:/Users/Orion/Documents/GitHub/ece385/lab_7/lab_7.tmp/hdmi_text_controller_v1_0_project/hdmi_text_controller_v1_0_project.sim/sim_1/behav/xsim/xvlog.log' file for more information.
ERROR: [Vivado 12-4473] Detected error while running simulation. Please correct the issue and retry this operation.
launch_simulation: Time (s): cpu = 00:00:01 ; elapsed = 00:00:06 . Memory (MB): peak = 1702.543 ; gain = 0.000
ERROR: [Common 17-39] 'launch_simulation' failed due to earlier errors.
reset_target all [get_files  c:/Users/Orion/Documents/GitHub/ece385/lab_7/ip_repo/hdmi_text_controller_1_0/src/clk_wiz_0/clk_wiz_0.xci]
export_ip_user_files -of_objects  [get_files  c:/Users/Orion/Documents/GitHub/ece385/lab_7/ip_repo/hdmi_text_controller_1_0/src/clk_wiz_0/clk_wiz_0.xci] -sync -no_script -force -quiet
delete_ip_run [get_files -of_objects [get_fileset clk_wiz_0] c:/Users/Orion/Documents/GitHub/ece385/lab_7/ip_repo/hdmi_text_controller_1_0/src/clk_wiz_0/clk_wiz_0.xci]
WARNING: [Vivado 12-1017] Problems encountered:
1. Failed to delete one or more files in run directory c:/users/orion/documents/github/ece385/lab_7/lab_7.tmp/hdmi_text_controller_v1_0_project/hdmi_text_controller_v1_0_project.runs/clk_wiz_0_synth_1

INFO: [Project 1-386] Moving file 'c:/Users/Orion/Documents/GitHub/ece385/lab_7/ip_repo/hdmi_text_controller_1_0/src/clk_wiz_0/clk_wiz_0.xci' from fileset 'clk_wiz_0' to fileset 'sources_1'.
INFO: [Project 1-386] Moving file 'c:/Users/Orion/Documents/GitHub/ece385/lab_7/ip_repo/hdmi_text_controller_1_0/src/clk_wiz_0.xcix' from fileset 'clk_wiz_0' to fileset 'sources_1'.
generate_target all [get_files c:/Users/Orion/Documents/GitHub/ece385/lab_7/ip_repo/hdmi_text_controller_1_0/src/clk_wiz_0/clk_wiz_0.xci]
INFO: [IP_Flow 19-1686] Generating 'Instantiation Template' target for IP 'clk_wiz_0'...
INFO: [IP_Flow 19-1686] Generating 'Synthesis' target for IP 'clk_wiz_0'...
INFO: [IP_Flow 19-1686] Generating 'Simulation' target for IP 'clk_wiz_0'...
INFO: [IP_Flow 19-1686] Generating 'Implementation' target for IP 'clk_wiz_0'...
INFO: [IP_Flow 19-1686] Generating 'Change Log' target for IP 'clk_wiz_0'...
export_ip_user_files -of_objects [get_files c:/Users/Orion/Documents/GitHub/ece385/lab_7/ip_repo/hdmi_text_controller_1_0/src/clk_wiz_0/clk_wiz_0.xci] -no_script -sync -force -quiet
export_simulation -of_objects [get_files c:/Users/Orion/Documents/GitHub/ece385/lab_7/ip_repo/hdmi_text_controller_1_0/src/clk_wiz_0/clk_wiz_0.xci] -directory c:/users/orion/documents/github/ece385/lab_7/lab_7.tmp/hdmi_text_controller_v1_0_project/hdmi_text_controller_v1_0_project.ip_user_files/sim_scripts -ip_user_files_dir c:/users/orion/documents/github/ece385/lab_7/lab_7.tmp/hdmi_text_controller_v1_0_project/hdmi_text_controller_v1_0_project.ip_user_files -ipstatic_source_dir c:/users/orion/documents/github/ece385/lab_7/lab_7.tmp/hdmi_text_controller_v1_0_project/hdmi_text_controller_v1_0_project.ip_user_files/ipstatic -lib_map_path [list {modelsim=c:/users/orion/documents/github/ece385/lab_7/lab_7.tmp/hdmi_text_controller_v1_0_project/hdmi_text_controller_v1_0_project.cache/compile_simlib/modelsim} {questa=c:/users/orion/documents/github/ece385/lab_7/lab_7.tmp/hdmi_text_controller_v1_0_project/hdmi_text_controller_v1_0_project.cache/compile_simlib/questa} {riviera=c:/users/orion/documents/github/ece385/lab_7/lab_7.tmp/hdmi_text_controller_v1_0_project/hdmi_text_controller_v1_0_project.cache/compile_simlib/riviera} {activehdl=c:/users/orion/documents/github/ece385/lab_7/lab_7.tmp/hdmi_text_controller_v1_0_project/hdmi_text_controller_v1_0_project.cache/compile_simlib/activehdl}] -use_ip_compiled_libs -force -quiet
create_fileset -blockset clk_wiz_0
set_property top clk_wiz_0 [get_fileset clk_wiz_0]
move_files -fileset [get_fileset clk_wiz_0] [get_files -of_objects [get_fileset sources_1] c:/Users/Orion/Documents/GitHub/ece385/lab_7/ip_repo/hdmi_text_controller_1_0/src/clk_wiz_0/clk_wiz_0.xci]
launch_run clk_wiz_0_synth_1
INFO: [IP_Flow 19-6924] IPCACHE: Running cache check for IP inst: clk_wiz_0
INFO: [IP_Flow 19-6922] IPCACHE: Exporting cached entry 9c8a526aac14b868 to dir: c:/Users/Orion/Documents/GitHub/ece385/lab_7/ip_repo/hdmi_text_controller_1_0/src/clk_wiz_0
INFO: [IP_Flow 19-6928] IPCACHE: copied cached file c:/users/orion/documents/github/ece385/lab_7/lab_7.tmp/hdmi_text_controller_v1_0_project/hdmi_text_controller_v1_0_project.cache/ip/2022.2/9/c/9c8a526aac14b868/clk_wiz_0.dcp to c:/Users/Orion/Documents/GitHub/ece385/lab_7/ip_repo/hdmi_text_controller_1_0/src/clk_wiz_0/clk_wiz_0.dcp.
INFO: [IP_Flow 19-6926] IPCACHE: added file to list for BOM: c:/Users/Orion/Documents/GitHub/ece385/lab_7/ip_repo/hdmi_text_controller_1_0/src/clk_wiz_0/clk_wiz_0.dcp
INFO: [IP_Flow 19-6928] IPCACHE: copied cached file c:/users/orion/documents/github/ece385/lab_7/lab_7.tmp/hdmi_text_controller_v1_0_project/hdmi_text_controller_v1_0_project.cache/ip/2022.2/9/c/9c8a526aac14b868/clk_wiz_0_sim_netlist.v to c:/Users/Orion/Documents/GitHub/ece385/lab_7/ip_repo/hdmi_text_controller_1_0/src/clk_wiz_0/clk_wiz_0_sim_netlist.v.
INFO: [IP_Flow 19-6926] IPCACHE: added file to list for BOM: c:/Users/Orion/Documents/GitHub/ece385/lab_7/ip_repo/hdmi_text_controller_1_0/src/clk_wiz_0/clk_wiz_0_sim_netlist.v
INFO: [IP_Flow 19-6928] IPCACHE: copied cached file c:/users/orion/documents/github/ece385/lab_7/lab_7.tmp/hdmi_text_controller_v1_0_project/hdmi_text_controller_v1_0_project.cache/ip/2022.2/9/c/9c8a526aac14b868/clk_wiz_0_sim_netlist.vhdl to c:/Users/Orion/Documents/GitHub/ece385/lab_7/ip_repo/hdmi_text_controller_1_0/src/clk_wiz_0/clk_wiz_0_sim_netlist.vhdl.
INFO: [IP_Flow 19-6926] IPCACHE: added file to list for BOM: c:/Users/Orion/Documents/GitHub/ece385/lab_7/ip_repo/hdmi_text_controller_1_0/src/clk_wiz_0/clk_wiz_0_sim_netlist.vhdl
INFO: [IP_Flow 19-6928] IPCACHE: copied cached file c:/users/orion/documents/github/ece385/lab_7/lab_7.tmp/hdmi_text_controller_v1_0_project/hdmi_text_controller_v1_0_project.cache/ip/2022.2/9/c/9c8a526aac14b868/clk_wiz_0_stub.v to c:/Users/Orion/Documents/GitHub/ece385/lab_7/ip_repo/hdmi_text_controller_1_0/src/clk_wiz_0/clk_wiz_0_stub.v.
INFO: [IP_Flow 19-6926] IPCACHE: added file to list for BOM: c:/Users/Orion/Documents/GitHub/ece385/lab_7/ip_repo/hdmi_text_controller_1_0/src/clk_wiz_0/clk_wiz_0_stub.v
INFO: [IP_Flow 19-6928] IPCACHE: copied cached file c:/users/orion/documents/github/ece385/lab_7/lab_7.tmp/hdmi_text_controller_v1_0_project/hdmi_text_controller_v1_0_project.cache/ip/2022.2/9/c/9c8a526aac14b868/clk_wiz_0_stub.vhdl to c:/Users/Orion/Documents/GitHub/ece385/lab_7/ip_repo/hdmi_text_controller_1_0/src/clk_wiz_0/clk_wiz_0_stub.vhdl.
INFO: [IP_Flow 19-6926] IPCACHE: added file to list for BOM: c:/Users/Orion/Documents/GitHub/ece385/lab_7/ip_repo/hdmi_text_controller_1_0/src/clk_wiz_0/clk_wiz_0_stub.vhdl
INFO: [IP_Flow 19-4993] Using cached IP synthesis design for IP clk_wiz_0, cache-ID = 9c8a526aac14b868; cache size = 0.464 MB.
INFO: [Vivado 12-4149] The synthesis checkpoint for IP 'c:/Users/Orion/Documents/GitHub/ece385/lab_7/ip_repo/hdmi_text_controller_1_0/src/clk_wiz_0/clk_wiz_0.xci' is already up-to-date
[Tue Oct 29 22:11:55 2024] Launched clk_wiz_0_synth_1...
Run output will be captured here: c:/users/orion/documents/github/ece385/lab_7/lab_7.tmp/hdmi_text_controller_v1_0_project/hdmi_text_controller_v1_0_project.runs/clk_wiz_0_synth_1/runme.log
wait_on_run clk_wiz_0_synth_1

[Tue Oct 29 22:11:56 2024] Waiting for clk_wiz_0_synth_1 to finish...
[Tue Oct 29 22:12:01 2024] Waiting for clk_wiz_0_synth_1 to finish...
[Tue Oct 29 22:12:06 2024] Waiting for clk_wiz_0_synth_1 to finish...
[Tue Oct 29 22:12:11 2024] Waiting for clk_wiz_0_synth_1 to finish...

*** Running vivado
    with args -log clk_wiz_0.vds -m64 -product Vivado -mode batch -messageDb vivado.pb -notrace -source clk_wiz_0.tcl



****** Vivado v2022.2 (64-bit)
  **** SW Build 3671981 on Fri Oct 14 05:00:03 MDT 2022
  **** IP Build 3669848 on Fri Oct 14 08:30:02 MDT 2022
    ** Copyright 1986-2022 Xilinx, Inc. All Rights Reserved.

source clk_wiz_0.tcl -notrace
create_project: Time (s): cpu = 00:00:03 ; elapsed = 00:00:06 . Memory (MB): peak = 381.207 ; gain = 54.645
INFO: [IP_Flow 19-234] Refreshing IP repositories
INFO: [IP_Flow 19-1700] Loaded user IP repository 'c:/Users/Orion/Documents/GitHub/ece385/lab_7/ip_repo/hdmi_text_controller_1_0'.
INFO: [IP_Flow 19-1700] Loaded user IP repository 'c:/Users/Orion/Documents/GitHub/ece385/lab_7/hdmi_tx_1.0'.
INFO: [IP_Flow 19-2313] Loaded Vivado IP repository 'C:/Xilinx/Vivado/2022.2/data/ip'.
WARNING: [IP_Flow 19-4995] The host OS only allows 260 characters in a normal path. The IP cache path is more than 80 characters. If you experience issues with IP caching, please consider changing the IP cache to a location with a shorter path. Alternately consider using the OS subst command to map part of the path to a drive letter. 
Current IP cache path is c:/users/orion/documents/github/ece385/lab_7/lab_7.tmp/hdmi_text_controller_v1_0_project/hdmi_text_controller_v1_0_project.cache/ip 
INFO: [IP_Flow 19-6924] IPCACHE: Running cache check for IP inst: clk_wiz_0
INFO: [IP_Flow 19-6922] IPCACHE: Exporting cached entry 9c8a526aac14b868 to dir: c:/users/orion/documents/github/ece385/lab_7/lab_7.tmp/hdmi_text_controller_v1_0_project/hdmi_text_controller_v1_0_project.runs/clk_wiz_0_synth_1
INFO: [IP_Flow 19-6928] IPCACHE: copied cached file c:/users/orion/documents/github/ece385/lab_7/lab_7.tmp/hdmi_text_controller_v1_0_project/hdmi_text_controller_v1_0_project.cache/ip/2022.2/9/c/9c8a526aac14b868/clk_wiz_0.dcp to c:/users/orion/documents/github/ece385/lab_7/lab_7.tmp/hdmi_text_controller_v1_0_project/hdmi_text_controller_v1_0_project.runs/clk_wiz_0_synth_1/clk_wiz_0.dcp.
INFO: [IP_Flow 19-6928] IPCACHE: copied cached file c:/users/orion/documents/github/ece385/lab_7/lab_7.tmp/hdmi_text_controller_v1_0_project/hdmi_text_controller_v1_0_project.cache/ip/2022.2/9/c/9c8a526aac14b868/clk_wiz_0_sim_netlist.v to c:/users/orion/documents/github/ece385/lab_7/lab_7.tmp/hdmi_text_controller_v1_0_project/hdmi_text_controller_v1_0_project.runs/clk_wiz_0_synth_1/clk_wiz_0_sim_netlist.v.
INFO: [IP_Flow 19-6928] IPCACHE: copied cached file c:/users/orion/documents/github/ece385/lab_7/lab_7.tmp/hdmi_text_controller_v1_0_project/hdmi_text_controller_v1_0_project.cache/ip/2022.2/9/c/9c8a526aac14b868/clk_wiz_0_sim_netlist.vhdl to c:/users/orion/documents/github/ece385/lab_7/lab_7.tmp/hdmi_text_controller_v1_0_project/hdmi_text_controller_v1_0_project.runs/clk_wiz_0_synth_1/clk_wiz_0_sim_netlist.vhdl.
INFO: [IP_Flow 19-6928] IPCACHE: copied cached file c:/users/orion/documents/github/ece385/lab_7/lab_7.tmp/hdmi_text_controller_v1_0_project/hdmi_text_controller_v1_0_project.cache/ip/2022.2/9/c/9c8a526aac14b868/clk_wiz_0_stub.v to c:/users/orion/documents/github/ece385/lab_7/lab_7.tmp/hdmi_text_controller_v1_0_project/hdmi_text_controller_v1_0_project.runs/clk_wiz_0_synth_1/clk_wiz_0_stub.v.
INFO: [IP_Flow 19-6928] IPCACHE: copied cached file c:/users/orion/documents/github/ece385/lab_7/lab_7.tmp/hdmi_text_controller_v1_0_project/hdmi_text_controller_v1_0_project.cache/ip/2022.2/9/c/9c8a526aac14b868/clk_wiz_0_stub.vhdl to c:/users/orion/documents/github/ece385/lab_7/lab_7.tmp/hdmi_text_controller_v1_0_project/hdmi_text_controller_v1_0_project.runs/clk_wiz_0_synth_1/clk_wiz_0_stub.vhdl.
INFO: [IP_Flow 19-4838] Using cached IP synthesis design for IP clk_wiz_0, cache-ID = 9c8a526aac14b868.
INFO: [Common 17-206] Exiting Vivado at Tue Oct 29 22:12:12 2024...
[Tue Oct 29 22:12:16 2024] clk_wiz_0_synth_1 finished
wait_on_runs: Time (s): cpu = 00:00:02 ; elapsed = 00:00:20 . Memory (MB): peak = 1805.656 ; gain = 89.215
launch_simulation
Command: launch_simulation 
INFO: [Vivado 12-12493] Simulation top is 'hdmi_text_controller_tb'
WARNING: [Vivado 12-13340] Unable to auto find GCC executables from simulator install path! (path not set)
WARNING: [Vivado 12-13277] Compiled library path does not exist: ''
INFO: [Vivado 12-5698] Checking validity of IPs in the design for the 'XSim' simulator...
INFO: [Vivado 12-5682] Launching behavioral simulation in 'c:/users/orion/documents/github/ece385/lab_7/lab_7.tmp/hdmi_text_controller_v1_0_project/hdmi_text_controller_v1_0_project.sim/sim_1/behav/xsim'
INFO: [Vivado 12-4795] Using compiled simulation libraries for IPs
INFO: [SIM-utils-51] Simulation object is 'sim_1'
INFO: [SIM-utils-72] Using boost library from 'C:/Xilinx/Vivado/2022.2/tps/boost_1_72_0'
INFO: [USF-XSim-7] Finding pre-compiled libraries...
INFO: [USF-XSim-11] File 'C:/Xilinx/Vivado/2022.2/data/xsim/xsim.ini' copied to run dir:'c:/users/orion/documents/github/ece385/lab_7/lab_7.tmp/hdmi_text_controller_v1_0_project/hdmi_text_controller_v1_0_project.sim/sim_1/behav/xsim'
INFO: [SIM-utils-54] Inspecting design source files for 'hdmi_text_controller_tb' in fileset 'sim_1'...
INFO: [USF-XSim-97] Finding global include files...
INFO: [USF-XSim-98] Fetching design files from 'sim_1'...
INFO: [USF-XSim-2] XSim::Compile design
INFO: [USF-XSim-61] Executing 'COMPILE and ANALYZE' step in 'c:/users/orion/documents/github/ece385/lab_7/lab_7.tmp/hdmi_text_controller_v1_0_project/hdmi_text_controller_v1_0_project.sim/sim_1/behav/xsim'
"xvlog --incr --relax -L uvm -prj hdmi_text_controller_tb_vlog.prj"
ERROR: [XSIM 43-4316] Can not find file: ../../../../../../ip_repo/hdmi_text_controller_1_0/src/clk_wiz_0
INFO: [USF-XSim-69] 'compile' step finished in '3' seconds
INFO: [USF-XSim-99] Step results log file:'C:/Users/Orion/Documents/GitHub/ece385/lab_7/lab_7.tmp/hdmi_text_controller_v1_0_project/hdmi_text_controller_v1_0_project.sim/sim_1/behav/xsim/xvlog.log'
ERROR: [USF-XSim-62] 'compile' step failed with error(s). Please check the Tcl console output or 'C:/Users/Orion/Documents/GitHub/ece385/lab_7/lab_7.tmp/hdmi_text_controller_v1_0_project/hdmi_text_controller_v1_0_project.sim/sim_1/behav/xsim/xvlog.log' file for more information.
ERROR: [Vivado 12-4473] Detected error while running simulation. Please correct the issue and retry this operation.
launch_simulation: Time (s): cpu = 00:00:02 ; elapsed = 00:00:05 . Memory (MB): peak = 1805.656 ; gain = 0.000
ERROR: [Common 17-39] 'launch_simulation' failed due to earlier errors.
launch_simulation
Command: launch_simulation 
INFO: [Vivado 12-12493] Simulation top is 'hdmi_text_controller_tb'
WARNING: [Vivado 12-13340] Unable to auto find GCC executables from simulator install path! (path not set)
WARNING: [Vivado 12-13277] Compiled library path does not exist: ''
INFO: [Vivado 12-5698] Checking validity of IPs in the design for the 'XSim' simulator...
INFO: [Vivado 12-5682] Launching behavioral simulation in 'c:/users/orion/documents/github/ece385/lab_7/lab_7.tmp/hdmi_text_controller_v1_0_project/hdmi_text_controller_v1_0_project.sim/sim_1/behav/xsim'
INFO: [Vivado 12-4795] Using compiled simulation libraries for IPs
INFO: [SIM-utils-51] Simulation object is 'sim_1'
INFO: [SIM-utils-72] Using boost library from 'C:/Xilinx/Vivado/2022.2/tps/boost_1_72_0'
INFO: [USF-XSim-7] Finding pre-compiled libraries...
INFO: [USF-XSim-11] File 'C:/Xilinx/Vivado/2022.2/data/xsim/xsim.ini' copied to run dir:'c:/users/orion/documents/github/ece385/lab_7/lab_7.tmp/hdmi_text_controller_v1_0_project/hdmi_text_controller_v1_0_project.sim/sim_1/behav/xsim'
INFO: [SIM-utils-54] Inspecting design source files for 'hdmi_text_controller_tb' in fileset 'sim_1'...
INFO: [USF-XSim-97] Finding global include files...
INFO: [USF-XSim-98] Fetching design files from 'sim_1'...
INFO: [USF-XSim-2] XSim::Compile design
INFO: [USF-XSim-61] Executing 'COMPILE and ANALYZE' step in 'c:/users/orion/documents/github/ece385/lab_7/lab_7.tmp/hdmi_text_controller_v1_0_project/hdmi_text_controller_v1_0_project.sim/sim_1/behav/xsim'
"xvlog --incr --relax -L uvm -prj hdmi_text_controller_tb_vlog.prj"
ERROR: [XSIM 43-4316] Can not find file: ../../../../../../ip_repo/hdmi_text_controller_1_0/src/clk_wiz_0
INFO: [USF-XSim-69] 'compile' step finished in '3' seconds
INFO: [USF-XSim-99] Step results log file:'C:/Users/Orion/Documents/GitHub/ece385/lab_7/lab_7.tmp/hdmi_text_controller_v1_0_project/hdmi_text_controller_v1_0_project.sim/sim_1/behav/xsim/xvlog.log'
ERROR: [USF-XSim-62] 'compile' step failed with error(s). Please check the Tcl console output or 'C:/Users/Orion/Documents/GitHub/ece385/lab_7/lab_7.tmp/hdmi_text_controller_v1_0_project/hdmi_text_controller_v1_0_project.sim/sim_1/behav/xsim/xvlog.log' file for more information.
ERROR: [Vivado 12-4473] Detected error while running simulation. Please correct the issue and retry this operation.
launch_simulation: Time (s): cpu = 00:00:03 ; elapsed = 00:00:09 . Memory (MB): peak = 1805.656 ; gain = 0.000
ERROR: [Common 17-39] 'launch_simulation' failed due to earlier errors.
export_ip_user_files -of_objects  [get_files C:/Users/Orion/Documents/GitHub/ece385/lab_7/ip_repo/hdmi_text_controller_1_0/src/hdmi_text_controller_v1_0_tb.sv] -no_script -reset -force -quiet
remove_files  -fileset sim_1 C:/Users/Orion/Documents/GitHub/ece385/lab_7/ip_repo/hdmi_text_controller_1_0/src/hdmi_text_controller_v1_0_tb.sv
current_project lab_7
file copy C:/Users/Orion/Documents/GitHub/ece385/lab_7/lab_7.srcs/sources_1/imports/lab_7_1_provided_fa24/hdmi_text_controller_v1_0_tb.sv c:/Users/Orion/Documents/GitHub/ece385/lab_7/ip_repo/hdmi_text_controller_1_0/src
ipx::add_file c:/Users/Orion/Documents/GitHub/ece385/lab_7/ip_repo/hdmi_text_controller_1_0/src/hdmi_text_controller_v1_0_tb.sv [ipx::get_file_groups xilinx_verilogsynthesis -of_objects [ipx::current_core]]
set_property type systemVerilogSource [ipx::get_files src/hdmi_text_controller_v1_0_tb.sv -of_objects [ipx::get_file_groups xilinx_verilogsynthesis -of_objects [ipx::current_core]]]
set_property library_name xil_defaultlib [ipx::get_files src/hdmi_text_controller_v1_0_tb.sv -of_objects [ipx::get_file_groups xilinx_verilogsynthesis -of_objects [ipx::current_core]]]
current_project hdmi_text_controller_v1_0_project
ipx::add_file C:/Users/Orion/Documents/GitHub/ece385/lab_7/ip_repo/hdmi_text_controller_1_0/src/hdmi_text_controller_v1_0_tb.sv [ipx::get_file_groups xilinx_verilogbehavioralsimulation -of_objects [ipx::current_core]]
set_property type systemVerilogSource [ipx::get_files src/hdmi_text_controller_v1_0_tb.sv -of_objects [ipx::get_file_groups xilinx_verilogbehavioralsimulation -of_objects [ipx::current_core]]]
set_property library_name xil_defaultlib [ipx::get_files src/hdmi_text_controller_v1_0_tb.sv -of_objects [ipx::get_file_groups xilinx_verilogbehavioralsimulation -of_objects [ipx::current_core]]]
set_property SOURCE_SET sources_1 [get_filesets sim_1]
add_files -fileset sim_1 -norecurse -scan_for_includes -copy_to c:/Users/Orion/Documents/GitHub/ece385/lab_7/ip_repo/hdmi_text_controller_1_0/src C:/Users/Orion/Documents/GitHub/ece385/lab_7/ip_repo/hdmi_text_controller_1_0/src/hdmi_text_controller_v1_0_tb.sv
ERROR: [Common 17-69] Command failed: '-scan_for_includes' and '-copy_to' are mutually exclusive and cannot be paired together.

set_property SOURCE_SET sources_1 [get_filesets sim_1]
add_files -fileset sim_1 -norecurse -scan_for_includes C:/Users/Orion/Documents/GitHub/ece385/lab_7/ip_repo/hdmi_text_controller_1_0/src/hdmi_text_controller_v1_0_tb.sv
update_compile_order -fileset sim_1
update_compile_order -fileset sim_1
launch_simulation
Command: launch_simulation 
INFO: [Vivado 12-12493] Simulation top is 'hdmi_text_controller_tb'
WARNING: [Vivado 12-13340] Unable to auto find GCC executables from simulator install path! (path not set)
WARNING: [Vivado 12-13277] Compiled library path does not exist: ''
INFO: [Vivado 12-5698] Checking validity of IPs in the design for the 'XSim' simulator...
INFO: [Vivado 12-5682] Launching behavioral simulation in 'c:/users/orion/documents/github/ece385/lab_7/lab_7.tmp/hdmi_text_controller_v1_0_project/hdmi_text_controller_v1_0_project.sim/sim_1/behav/xsim'
INFO: [Vivado 12-4795] Using compiled simulation libraries for IPs
INFO: [SIM-utils-51] Simulation object is 'sim_1'
INFO: [SIM-utils-72] Using boost library from 'C:/Xilinx/Vivado/2022.2/tps/boost_1_72_0'
INFO: [USF-XSim-7] Finding pre-compiled libraries...
INFO: [USF-XSim-11] File 'C:/Xilinx/Vivado/2022.2/data/xsim/xsim.ini' copied to run dir:'c:/users/orion/documents/github/ece385/lab_7/lab_7.tmp/hdmi_text_controller_v1_0_project/hdmi_text_controller_v1_0_project.sim/sim_1/behav/xsim'
INFO: [SIM-utils-54] Inspecting design source files for 'hdmi_text_controller_tb' in fileset 'sim_1'...
INFO: [USF-XSim-97] Finding global include files...
INFO: [USF-XSim-98] Fetching design files from 'sim_1'...
INFO: [USF-XSim-2] XSim::Compile design
INFO: [USF-XSim-61] Executing 'COMPILE and ANALYZE' step in 'c:/users/orion/documents/github/ece385/lab_7/lab_7.tmp/hdmi_text_controller_v1_0_project/hdmi_text_controller_v1_0_project.sim/sim_1/behav/xsim'
"xvlog --incr --relax -L uvm -prj hdmi_text_controller_tb_vlog.prj"
ERROR: [XSIM 43-4316] Can not find file: ../../../../../../ip_repo/hdmi_text_controller_1_0/src/clk_wiz_0
INFO: [USF-XSim-69] 'compile' step finished in '3' seconds
INFO: [USF-XSim-99] Step results log file:'C:/Users/Orion/Documents/GitHub/ece385/lab_7/lab_7.tmp/hdmi_text_controller_v1_0_project/hdmi_text_controller_v1_0_project.sim/sim_1/behav/xsim/xvlog.log'
ERROR: [USF-XSim-62] 'compile' step failed with error(s). Please check the Tcl console output or 'C:/Users/Orion/Documents/GitHub/ece385/lab_7/lab_7.tmp/hdmi_text_controller_v1_0_project/hdmi_text_controller_v1_0_project.sim/sim_1/behav/xsim/xvlog.log' file for more information.
ERROR: [Vivado 12-4473] Detected error while running simulation. Please correct the issue and retry this operation.
launch_simulation: Time (s): cpu = 00:00:02 ; elapsed = 00:00:05 . Memory (MB): peak = 1805.656 ; gain = 0.000
ERROR: [Common 17-39] 'launch_simulation' failed due to earlier errors.
launch_simulation
Command: launch_simulation 
INFO: [Vivado 12-12493] Simulation top is 'hdmi_text_controller_tb'
WARNING: [Vivado 12-13340] Unable to auto find GCC executables from simulator install path! (path not set)
WARNING: [Vivado 12-13277] Compiled library path does not exist: ''
INFO: [Vivado 12-5698] Checking validity of IPs in the design for the 'XSim' simulator...
INFO: [Vivado 12-5682] Launching behavioral simulation in 'c:/users/orion/documents/github/ece385/lab_7/lab_7.tmp/hdmi_text_controller_v1_0_project/hdmi_text_controller_v1_0_project.sim/sim_1/behav/xsim'
INFO: [Vivado 12-4795] Using compiled simulation libraries for IPs
INFO: [SIM-utils-51] Simulation object is 'sim_1'
INFO: [SIM-utils-72] Using boost library from 'C:/Xilinx/Vivado/2022.2/tps/boost_1_72_0'
INFO: [USF-XSim-7] Finding pre-compiled libraries...
INFO: [USF-XSim-11] File 'C:/Xilinx/Vivado/2022.2/data/xsim/xsim.ini' copied to run dir:'c:/users/orion/documents/github/ece385/lab_7/lab_7.tmp/hdmi_text_controller_v1_0_project/hdmi_text_controller_v1_0_project.sim/sim_1/behav/xsim'
INFO: [SIM-utils-54] Inspecting design source files for 'hdmi_text_controller_tb' in fileset 'sim_1'...
INFO: [USF-XSim-97] Finding global include files...
INFO: [USF-XSim-98] Fetching design files from 'sim_1'...
INFO: [USF-XSim-2] XSim::Compile design
INFO: [USF-XSim-61] Executing 'COMPILE and ANALYZE' step in 'c:/users/orion/documents/github/ece385/lab_7/lab_7.tmp/hdmi_text_controller_v1_0_project/hdmi_text_controller_v1_0_project.sim/sim_1/behav/xsim'
"xvlog --incr --relax -L uvm -prj hdmi_text_controller_tb_vlog.prj"
ERROR: [XSIM 43-4316] Can not find file: ../../../../../../ip_repo/hdmi_text_controller_1_0/src/clk_wiz_0
INFO: [USF-XSim-69] 'compile' step finished in '3' seconds
INFO: [USF-XSim-99] Step results log file:'C:/Users/Orion/Documents/GitHub/ece385/lab_7/lab_7.tmp/hdmi_text_controller_v1_0_project/hdmi_text_controller_v1_0_project.sim/sim_1/behav/xsim/xvlog.log'
ERROR: [USF-XSim-62] 'compile' step failed with error(s). Please check the Tcl console output or 'C:/Users/Orion/Documents/GitHub/ece385/lab_7/lab_7.tmp/hdmi_text_controller_v1_0_project/hdmi_text_controller_v1_0_project.sim/sim_1/behav/xsim/xvlog.log' file for more information.
ERROR: [Vivado 12-4473] Detected error while running simulation. Please correct the issue and retry this operation.
launch_simulation: Time (s): cpu = 00:00:01 ; elapsed = 00:00:06 . Memory (MB): peak = 1809.344 ; gain = 0.000
ERROR: [Common 17-39] 'launch_simulation' failed due to earlier errors.
export_ip_user_files -of_objects  [get_files c:/Users/Orion/Documents/GitHub/ece385/lab_7/ip_repo/hdmi_text_controller_1_0/src/clk_wiz_0/clk_wiz_0.xci] -no_script -reset -force -quiet
remove_files  -fileset clk_wiz_0 c:/Users/Orion/Documents/GitHub/ece385/lab_7/ip_repo/hdmi_text_controller_1_0/src/clk_wiz_0/clk_wiz_0.xci
INFO: [Project 1-386] Moving file 'c:/Users/Orion/Documents/GitHub/ece385/lab_7/ip_repo/hdmi_text_controller_1_0/src/clk_wiz_0/clk_wiz_0.xci' from fileset 'clk_wiz_0' to fileset 'sources_1'.
INFO: [Project 1-386] Moving file 'c:/Users/Orion/Documents/GitHub/ece385/lab_7/ip_repo/hdmi_text_controller_1_0/src/clk_wiz_0.xcix' from fileset 'clk_wiz_0' to fileset 'sources_1'.
update_compile_order -fileset sources_1
launch_simulation
Command: launch_simulation 
INFO: [Vivado 12-12493] Simulation top is 'hdmi_text_controller_tb'
WARNING: [Vivado 12-13340] Unable to auto find GCC executables from simulator install path! (path not set)
WARNING: [Vivado 12-13277] Compiled library path does not exist: ''
INFO: [Vivado 12-5682] Launching behavioral simulation in 'c:/users/orion/documents/github/ece385/lab_7/lab_7.tmp/hdmi_text_controller_v1_0_project/hdmi_text_controller_v1_0_project.sim/sim_1/behav/xsim'
INFO: [SIM-utils-51] Simulation object is 'sim_1'
INFO: [SIM-utils-72] Using boost library from 'C:/Xilinx/Vivado/2022.2/tps/boost_1_72_0'
INFO: [USF-XSim-7] Finding pre-compiled libraries...
INFO: [USF-XSim-11] File 'C:/Xilinx/Vivado/2022.2/data/xsim/xsim.ini' copied to run dir:'c:/users/orion/documents/github/ece385/lab_7/lab_7.tmp/hdmi_text_controller_v1_0_project/hdmi_text_controller_v1_0_project.sim/sim_1/behav/xsim'
INFO: [SIM-utils-54] Inspecting design source files for 'hdmi_text_controller_tb' in fileset 'sim_1'...
INFO: [USF-XSim-97] Finding global include files...
INFO: [USF-XSim-98] Fetching design files from 'sim_1'...
INFO: [USF-XSim-2] XSim::Compile design
INFO: [USF-XSim-61] Executing 'COMPILE and ANALYZE' step in 'c:/users/orion/documents/github/ece385/lab_7/lab_7.tmp/hdmi_text_controller_v1_0_project/hdmi_text_controller_v1_0_project.sim/sim_1/behav/xsim'
"xvlog --incr --relax -L uvm -prj hdmi_text_controller_tb_vlog.prj"
ERROR: [XSIM 43-3268] Logical library name '"../../../../../../ip_repo/hdmi_text_controller_1_0/src/hdmi_text_controller_v1_0.sv"' should not contain white space, new line, /, \, = or .
ERROR: [XSIM 43-3217] hdmi_text_controller_tb_vlog.prj (line 2): Incorrect project file syntax. Correct syntax is one of: vhdl <worklib> <file>, verilog <worklib> <file> [<file> ...] [[-d <macro>] ...] [[-i <include>] ...], or NOSORT. Presence of NOSORT on a line of its own disables file order sorting.
INFO: [USF-XSim-69] 'compile' step finished in '3' seconds
INFO: [USF-XSim-99] Step results log file:'C:/Users/Orion/Documents/GitHub/ece385/lab_7/lab_7.tmp/hdmi_text_controller_v1_0_project/hdmi_text_controller_v1_0_project.sim/sim_1/behav/xsim/xvlog.log'
ERROR: [USF-XSim-62] 'compile' step failed with error(s). Please check the Tcl console output or 'C:/Users/Orion/Documents/GitHub/ece385/lab_7/lab_7.tmp/hdmi_text_controller_v1_0_project/hdmi_text_controller_v1_0_project.sim/sim_1/behav/xsim/xvlog.log' file for more information.
ERROR: [Vivado 12-4473] Detected error while running simulation. Please correct the issue and retry this operation.
ERROR: [Common 17-39] 'launch_simulation' failed due to earlier errors.
ipx::merge_project_changes files [ipx::current_core]
WARNING: [IP_Flow 19-3833] Unreferenced file from the top module is not packaged: 'c:/Users/Orion/Documents/GitHub/ece385/lab_7/ip_repo/hdmi_text_controller_1_0/src/Color_Mapper.sv'.
WARNING: [IP_Flow 19-3833] Unreferenced file from the top module is not packaged: 'c:/Users/Orion/Documents/GitHub/ece385/lab_7/ip_repo/hdmi_text_controller_1_0/src/VGA_controller.sv'.
WARNING: [IP_Flow 19-5226] Project source file 'c:/Users/Orion/Documents/GitHub/ece385/lab_7/ip_repo/hdmi_text_controller_1_0/component.xml' ignored by IP packager.
WARNING: [IP_Flow 19-5109] File Group 'xilinx_verilogsynthesis (Verilog Synthesis)': File 'c:/Users/Orion/Documents/GitHub/ece385/lab_7/ip_repo/hdmi_text_controller_1_0/src/Color_Mapper.sv' does not exist in the project sources. It has been removed from the packaged IP. If still required, please add this file to the project, merge sources and re-package.
WARNING: [IP_Flow 19-5109] File Group 'xilinx_verilogsynthesis (Verilog Synthesis)': File 'c:/Users/Orion/Documents/GitHub/ece385/lab_7/ip_repo/hdmi_text_controller_1_0/src/VGA_controller.sv' does not exist in the project sources. It has been removed from the packaged IP. If still required, please add this file to the project, merge sources and re-package.
WARNING: [IP_Flow 19-5109] File Group 'xilinx_verilogsynthesis (Verilog Synthesis)': File 'c:/Users/Orion/Documents/GitHub/ece385/lab_7/ip_repo/hdmi_text_controller_1_0/src/hdmi_text_controller_v1_0_tb.sv' does not exist in the project sources. It has been removed from the packaged IP. If still required, please add this file to the project, merge sources and re-package.
WARNING: [IP_Flow 19-5109] File Group 'xilinx_verilogbehavioralsimulation (Verilog Simulation)': File 'c:/Users/Orion/Documents/GitHub/ece385/lab_7/ip_repo/hdmi_text_controller_1_0/src/Color_Mapper.sv' does not exist in the project sources. It has been removed from the packaged IP. If still required, please add this file to the project, merge sources and re-package.
WARNING: [IP_Flow 19-5109] File Group 'xilinx_verilogbehavioralsimulation (Verilog Simulation)': File 'c:/Users/Orion/Documents/GitHub/ece385/lab_7/ip_repo/hdmi_text_controller_1_0/src/VGA_controller.sv' does not exist in the project sources. It has been removed from the packaged IP. If still required, please add this file to the project, merge sources and re-package.
WARNING: [IP_Flow 19-5109] File Group 'xilinx_verilogbehavioralsimulation (Verilog Simulation)': File 'c:/Users/Orion/Documents/GitHub/ece385/lab_7/ip_repo/hdmi_text_controller_1_0/src/hdmi_text_controller_v1_0_tb.sv' does not exist in the project sources. It has been removed from the packaged IP. If still required, please add this file to the project, merge sources and re-package.
INFO: [filemgmt 56-101] Creating core container 'c:/Users/Orion/Documents/GitHub/ece385/lab_7/ip_repo/hdmi_text_controller_1_0/hdmi_text_controller_0_1.xcix' for IP 'hdmi_text_controller_0'
INFO: [filemgmt 56-101] Creating core container 'c:/Users/Orion/Documents/GitHub/ece385/lab_7/ip_repo/hdmi_text_controller_1_0/hdmi_text_controller_0_1.xcix' for IP 'hdmi_text_controller_0'
INFO: [filemgmt 56-101] Creating core container 'c:/Users/Orion/Documents/GitHub/ece385/lab_7/ip_repo/hdmi_text_controller_1_0/hdmi_text_controller_0_1.xcix' for IP 'hdmi_text_controller_0'
launch_simulation
Command: launch_simulation 
INFO: [Vivado 12-12493] Simulation top is 'hdmi_text_controller_tb'
WARNING: [Vivado 12-13340] Unable to auto find GCC executables from simulator install path! (path not set)
WARNING: [Vivado 12-13277] Compiled library path does not exist: ''
INFO: [Vivado 12-5682] Launching behavioral simulation in 'c:/users/orion/documents/github/ece385/lab_7/lab_7.tmp/hdmi_text_controller_v1_0_project/hdmi_text_controller_v1_0_project.sim/sim_1/behav/xsim'
INFO: [SIM-utils-51] Simulation object is 'sim_1'
INFO: [SIM-utils-72] Using boost library from 'C:/Xilinx/Vivado/2022.2/tps/boost_1_72_0'
INFO: [USF-XSim-7] Finding pre-compiled libraries...
INFO: [USF-XSim-11] File 'C:/Xilinx/Vivado/2022.2/data/xsim/xsim.ini' copied to run dir:'c:/users/orion/documents/github/ece385/lab_7/lab_7.tmp/hdmi_text_controller_v1_0_project/hdmi_text_controller_v1_0_project.sim/sim_1/behav/xsim'
INFO: [SIM-utils-54] Inspecting design source files for 'hdmi_text_controller_tb' in fileset 'sim_1'...
INFO: [USF-XSim-97] Finding global include files...
INFO: [USF-XSim-98] Fetching design files from 'sim_1'...
INFO: [USF-XSim-2] XSim::Compile design
INFO: [USF-XSim-61] Executing 'COMPILE and ANALYZE' step in 'c:/users/orion/documents/github/ece385/lab_7/lab_7.tmp/hdmi_text_controller_v1_0_project/hdmi_text_controller_v1_0_project.sim/sim_1/behav/xsim'
"xvlog --incr --relax -L uvm -prj hdmi_text_controller_tb_vlog.prj"
ERROR: [XSIM 43-3268] Logical library name '"../../../../../../ip_repo/hdmi_text_controller_1_0/src/hdmi_text_controller_v1_0.sv"' should not contain white space, new line, /, \, = or .
ERROR: [XSIM 43-3217] hdmi_text_controller_tb_vlog.prj (line 2): Incorrect project file syntax. Correct syntax is one of: vhdl <worklib> <file>, verilog <worklib> <file> [<file> ...] [[-d <macro>] ...] [[-i <include>] ...], or NOSORT. Presence of NOSORT on a line of its own disables file order sorting.
INFO: [USF-XSim-69] 'compile' step finished in '3' seconds
INFO: [USF-XSim-99] Step results log file:'C:/Users/Orion/Documents/GitHub/ece385/lab_7/lab_7.tmp/hdmi_text_controller_v1_0_project/hdmi_text_controller_v1_0_project.sim/sim_1/behav/xsim/xvlog.log'
ERROR: [USF-XSim-62] 'compile' step failed with error(s). Please check the Tcl console output or 'C:/Users/Orion/Documents/GitHub/ece385/lab_7/lab_7.tmp/hdmi_text_controller_v1_0_project/hdmi_text_controller_v1_0_project.sim/sim_1/behav/xsim/xvlog.log' file for more information.
ERROR: [Vivado 12-4473] Detected error while running simulation. Please correct the issue and retry this operation.
ERROR: [Common 17-39] 'launch_simulation' failed due to earlier errors.
update_compile_order -fileset sources_1
create_ip -name clk_wiz -vendor xilinx.com -library ip -version 6.0 -module_name clk_wiz_0 -dir c:/Users/Orion/Documents/GitHub/ece385/lab_7/ip_repo/hdmi_text_controller_1_0/src
INFO: [filemgmt 56-101] Creating core container 'c:/Users/Orion/Documents/GitHub/ece385/lab_7/ip_repo/hdmi_text_controller_1_0/src/clk_wiz_0.xcix' for IP 'clk_wiz_0'
set_property -dict [list \
  CONFIG.CLKOUT1_JITTER {175.402} \
  CONFIG.CLKOUT1_REQUESTED_OUT_FREQ {25} \
  CONFIG.CLKOUT2_JITTER {125.247} \
  CONFIG.CLKOUT2_PHASE_ERROR {98.575} \
  CONFIG.CLKOUT2_REQUESTED_OUT_FREQ {125} \
  CONFIG.CLKOUT2_USED {true} \
  CONFIG.MMCM_CLKOUT0_DIVIDE_F {40.000} \
  CONFIG.MMCM_CLKOUT1_DIVIDE {8} \
  CONFIG.NUM_OUT_CLKS {2} \
] [get_ips clk_wiz_0]
generate_target {instantiation_template} [get_files c:/Users/Orion/Documents/GitHub/ece385/lab_7/ip_repo/hdmi_text_controller_1_0/src/clk_wiz_0/clk_wiz_0.xci]
INFO: [IP_Flow 19-1686] Generating 'Instantiation Template' target for IP 'clk_wiz_0'...
generate_target all [get_files  c:/Users/Orion/Documents/GitHub/ece385/lab_7/ip_repo/hdmi_text_controller_1_0/src/clk_wiz_0/clk_wiz_0.xci]
INFO: [IP_Flow 19-1686] Generating 'Synthesis' target for IP 'clk_wiz_0'...
INFO: [IP_Flow 19-1686] Generating 'Simulation' target for IP 'clk_wiz_0'...
INFO: [IP_Flow 19-1686] Generating 'Implementation' target for IP 'clk_wiz_0'...
INFO: [IP_Flow 19-1686] Generating 'Change Log' target for IP 'clk_wiz_0'...
catch { config_ip_cache -export [get_ips -all clk_wiz_0] }
INFO: [IP_Flow 19-6924] IPCACHE: Running cache check for IP inst: clk_wiz_0
INFO: [IP_Flow 19-6922] IPCACHE: Exporting cached entry 9c8a526aac14b868 to dir: c:/Users/Orion/Documents/GitHub/ece385/lab_7/ip_repo/hdmi_text_controller_1_0/src/clk_wiz_0
WARNING: [filemgmt 56-147] Overwrite of existing file isn't enabled.  Please specify -force to overwrite file  [C:/Users/Orion/Documents/GitHub/ece385/lab_7/.Xil/Vivado-5912-DESKTOP-SK26SJD/clk_wiz_0/clk_wiz_0.dcp]
INFO: [IP_Flow 19-6928] IPCACHE: copied cached file c:/users/orion/documents/github/ece385/lab_7/lab_7.tmp/hdmi_text_controller_v1_0_project/hdmi_text_controller_v1_0_project.cache/ip/2022.2/9/c/9c8a526aac14b868/clk_wiz_0.dcp to c:/Users/Orion/Documents/GitHub/ece385/lab_7/ip_repo/hdmi_text_controller_1_0/src/clk_wiz_0/clk_wiz_0.dcp.
INFO: [IP_Flow 19-6926] IPCACHE: added file to list for BOM: c:/Users/Orion/Documents/GitHub/ece385/lab_7/ip_repo/hdmi_text_controller_1_0/src/clk_wiz_0/clk_wiz_0.dcp
INFO: [IP_Flow 19-6928] IPCACHE: copied cached file c:/users/orion/documents/github/ece385/lab_7/lab_7.tmp/hdmi_text_controller_v1_0_project/hdmi_text_controller_v1_0_project.cache/ip/2022.2/9/c/9c8a526aac14b868/clk_wiz_0_sim_netlist.v to c:/Users/Orion/Documents/GitHub/ece385/lab_7/ip_repo/hdmi_text_controller_1_0/src/clk_wiz_0/clk_wiz_0_sim_netlist.v.
INFO: [IP_Flow 19-6926] IPCACHE: added file to list for BOM: c:/Users/Orion/Documents/GitHub/ece385/lab_7/ip_repo/hdmi_text_controller_1_0/src/clk_wiz_0/clk_wiz_0_sim_netlist.v
INFO: [IP_Flow 19-6928] IPCACHE: copied cached file c:/users/orion/documents/github/ece385/lab_7/lab_7.tmp/hdmi_text_controller_v1_0_project/hdmi_text_controller_v1_0_project.cache/ip/2022.2/9/c/9c8a526aac14b868/clk_wiz_0_sim_netlist.vhdl to c:/Users/Orion/Documents/GitHub/ece385/lab_7/ip_repo/hdmi_text_controller_1_0/src/clk_wiz_0/clk_wiz_0_sim_netlist.vhdl.
INFO: [IP_Flow 19-6926] IPCACHE: added file to list for BOM: c:/Users/Orion/Documents/GitHub/ece385/lab_7/ip_repo/hdmi_text_controller_1_0/src/clk_wiz_0/clk_wiz_0_sim_netlist.vhdl
INFO: [IP_Flow 19-6928] IPCACHE: copied cached file c:/users/orion/documents/github/ece385/lab_7/lab_7.tmp/hdmi_text_controller_v1_0_project/hdmi_text_controller_v1_0_project.cache/ip/2022.2/9/c/9c8a526aac14b868/clk_wiz_0_stub.v to c:/Users/Orion/Documents/GitHub/ece385/lab_7/ip_repo/hdmi_text_controller_1_0/src/clk_wiz_0/clk_wiz_0_stub.v.
INFO: [IP_Flow 19-6926] IPCACHE: added file to list for BOM: c:/Users/Orion/Documents/GitHub/ece385/lab_7/ip_repo/hdmi_text_controller_1_0/src/clk_wiz_0/clk_wiz_0_stub.v
INFO: [IP_Flow 19-6928] IPCACHE: copied cached file c:/users/orion/documents/github/ece385/lab_7/lab_7.tmp/hdmi_text_controller_v1_0_project/hdmi_text_controller_v1_0_project.cache/ip/2022.2/9/c/9c8a526aac14b868/clk_wiz_0_stub.vhdl to c:/Users/Orion/Documents/GitHub/ece385/lab_7/ip_repo/hdmi_text_controller_1_0/src/clk_wiz_0/clk_wiz_0_stub.vhdl.
INFO: [IP_Flow 19-6926] IPCACHE: added file to list for BOM: c:/Users/Orion/Documents/GitHub/ece385/lab_7/ip_repo/hdmi_text_controller_1_0/src/clk_wiz_0/clk_wiz_0_stub.vhdl
INFO: [IP_Flow 19-4993] Using cached IP synthesis design for IP clk_wiz_0, cache-ID = 9c8a526aac14b868; cache size = 0.464 MB.
export_ip_user_files -of_objects [get_files c:/Users/Orion/Documents/GitHub/ece385/lab_7/ip_repo/hdmi_text_controller_1_0/src/clk_wiz_0/clk_wiz_0.xci] -no_script -sync -force -quiet
create_ip_run [get_files -of_objects [get_fileset sources_1] c:/Users/Orion/Documents/GitHub/ece385/lab_7/ip_repo/hdmi_text_controller_1_0/src/clk_wiz_0/clk_wiz_0.xci]
INFO: [Vivado 12-3453] The given sub-design is up-to-date, no action was taken.  If a run is still desired, use the '-force' option for the file:'c:/Users/Orion/Documents/GitHub/ece385/lab_7/ip_repo/hdmi_text_controller_1_0/src/clk_wiz_0/clk_wiz_0.xci'
export_simulation -of_objects [get_files c:/Users/Orion/Documents/GitHub/ece385/lab_7/ip_repo/hdmi_text_controller_1_0/src/clk_wiz_0/clk_wiz_0.xci] -directory c:/users/orion/documents/github/ece385/lab_7/lab_7.tmp/hdmi_text_controller_v1_0_project/hdmi_text_controller_v1_0_project.ip_user_files/sim_scripts -ip_user_files_dir c:/users/orion/documents/github/ece385/lab_7/lab_7.tmp/hdmi_text_controller_v1_0_project/hdmi_text_controller_v1_0_project.ip_user_files -ipstatic_source_dir c:/users/orion/documents/github/ece385/lab_7/lab_7.tmp/hdmi_text_controller_v1_0_project/hdmi_text_controller_v1_0_project.ip_user_files/ipstatic -lib_map_path [list {modelsim=c:/users/orion/documents/github/ece385/lab_7/lab_7.tmp/hdmi_text_controller_v1_0_project/hdmi_text_controller_v1_0_project.cache/compile_simlib/modelsim} {questa=c:/users/orion/documents/github/ece385/lab_7/lab_7.tmp/hdmi_text_controller_v1_0_project/hdmi_text_controller_v1_0_project.cache/compile_simlib/questa} {riviera=c:/users/orion/documents/github/ece385/lab_7/lab_7.tmp/hdmi_text_controller_v1_0_project/hdmi_text_controller_v1_0_project.cache/compile_simlib/riviera} {activehdl=c:/users/orion/documents/github/ece385/lab_7/lab_7.tmp/hdmi_text_controller_v1_0_project/hdmi_text_controller_v1_0_project.cache/compile_simlib/activehdl}] -use_ip_compiled_libs -force -quiet
update_compile_order -fileset sources_1
launch_simulation
Command: launch_simulation 
INFO: [Vivado 12-12493] Simulation top is 'hdmi_text_controller_tb'
WARNING: [Vivado 12-13340] Unable to auto find GCC executables from simulator install path! (path not set)
WARNING: [Vivado 12-13277] Compiled library path does not exist: ''
INFO: [Vivado 12-5698] Checking validity of IPs in the design for the 'XSim' simulator...
INFO: [Vivado 12-5682] Launching behavioral simulation in 'c:/users/orion/documents/github/ece385/lab_7/lab_7.tmp/hdmi_text_controller_v1_0_project/hdmi_text_controller_v1_0_project.sim/sim_1/behav/xsim'
INFO: [Vivado 12-13660] Precompiled IP simulation library mode is enabled (default). The design IP libraries will be referenced from the compiled library path. Please note that if the precompiled version of the library is not found from the path or the IP is in locked state, then the library source files for these IPs will be compiled locally as part of the compile order.
INFO: [Vivado 12-4795] Using compiled simulation libraries for IPs
INFO: [SIM-utils-51] Simulation object is 'sim_1'
INFO: [SIM-utils-72] Using boost library from 'C:/Xilinx/Vivado/2022.2/tps/boost_1_72_0'
INFO: [USF-XSim-7] Finding pre-compiled libraries...
INFO: [USF-XSim-11] File 'C:/Xilinx/Vivado/2022.2/data/xsim/xsim.ini' copied to run dir:'c:/users/orion/documents/github/ece385/lab_7/lab_7.tmp/hdmi_text_controller_v1_0_project/hdmi_text_controller_v1_0_project.sim/sim_1/behav/xsim'
INFO: [SIM-utils-54] Inspecting design source files for 'hdmi_text_controller_tb' in fileset 'sim_1'...
INFO: [USF-XSim-97] Finding global include files...
INFO: [USF-XSim-98] Fetching design files from 'sim_1'...
INFO: [USF-XSim-2] XSim::Compile design
INFO: [USF-XSim-61] Executing 'COMPILE and ANALYZE' step in 'c:/users/orion/documents/github/ece385/lab_7/lab_7.tmp/hdmi_text_controller_v1_0_project/hdmi_text_controller_v1_0_project.sim/sim_1/behav/xsim'
"xvlog --incr --relax -L uvm -prj hdmi_text_controller_tb_vlog.prj"
ERROR: [XSIM 43-4316] Can not find file: ../../../../../../ip_repo/hdmi_text_controller_1_0/src/clk_wiz_0
INFO: [USF-XSim-69] 'compile' step finished in '3' seconds
INFO: [USF-XSim-99] Step results log file:'C:/Users/Orion/Documents/GitHub/ece385/lab_7/lab_7.tmp/hdmi_text_controller_v1_0_project/hdmi_text_controller_v1_0_project.sim/sim_1/behav/xsim/xvlog.log'
ERROR: [USF-XSim-62] 'compile' step failed with error(s). Please check the Tcl console output or 'C:/Users/Orion/Documents/GitHub/ece385/lab_7/lab_7.tmp/hdmi_text_controller_v1_0_project/hdmi_text_controller_v1_0_project.sim/sim_1/behav/xsim/xvlog.log' file for more information.
ERROR: [Vivado 12-4473] Detected error while running simulation. Please correct the issue and retry this operation.
launch_simulation: Time (s): cpu = 00:00:01 ; elapsed = 00:00:06 . Memory (MB): peak = 1817.262 ; gain = 0.000
ERROR: [Common 17-39] 'launch_simulation' failed due to earlier errors.
launch_simulation
Command: launch_simulation 
INFO: [Vivado 12-12493] Simulation top is 'hdmi_text_controller_tb'
WARNING: [Vivado 12-13340] Unable to auto find GCC executables from simulator install path! (path not set)
WARNING: [Vivado 12-13277] Compiled library path does not exist: ''
INFO: [Vivado 12-5698] Checking validity of IPs in the design for the 'XSim' simulator...
INFO: [Vivado 12-5682] Launching behavioral simulation in 'c:/users/orion/documents/github/ece385/lab_7/lab_7.tmp/hdmi_text_controller_v1_0_project/hdmi_text_controller_v1_0_project.sim/sim_1/behav/xsim'
INFO: [Vivado 12-13660] Precompiled IP simulation library mode is enabled (default). The design IP libraries will be referenced from the compiled library path. Please note that if the precompiled version of the library is not found from the path or the IP is in locked state, then the library source files for these IPs will be compiled locally as part of the compile order.
INFO: [Vivado 12-4795] Using compiled simulation libraries for IPs
INFO: [SIM-utils-51] Simulation object is 'sim_1'
INFO: [SIM-utils-72] Using boost library from 'C:/Xilinx/Vivado/2022.2/tps/boost_1_72_0'
INFO: [USF-XSim-7] Finding pre-compiled libraries...
INFO: [USF-XSim-11] File 'C:/Xilinx/Vivado/2022.2/data/xsim/xsim.ini' copied to run dir:'c:/users/orion/documents/github/ece385/lab_7/lab_7.tmp/hdmi_text_controller_v1_0_project/hdmi_text_controller_v1_0_project.sim/sim_1/behav/xsim'
INFO: [SIM-utils-54] Inspecting design source files for 'hdmi_text_controller_tb' in fileset 'sim_1'...
INFO: [USF-XSim-97] Finding global include files...
INFO: [USF-XSim-98] Fetching design files from 'sim_1'...
INFO: [USF-XSim-2] XSim::Compile design
INFO: [USF-XSim-61] Executing 'COMPILE and ANALYZE' step in 'c:/users/orion/documents/github/ece385/lab_7/lab_7.tmp/hdmi_text_controller_v1_0_project/hdmi_text_controller_v1_0_project.sim/sim_1/behav/xsim'
"xvlog --incr --relax -L uvm -prj hdmi_text_controller_tb_vlog.prj"
ERROR: [XSIM 43-4316] Can not find file: ../../../../../../ip_repo/hdmi_text_controller_1_0/src/clk_wiz_0
INFO: [USF-XSim-69] 'compile' step finished in '3' seconds
INFO: [USF-XSim-99] Step results log file:'C:/Users/Orion/Documents/GitHub/ece385/lab_7/lab_7.tmp/hdmi_text_controller_v1_0_project/hdmi_text_controller_v1_0_project.sim/sim_1/behav/xsim/xvlog.log'
ERROR: [USF-XSim-62] 'compile' step failed with error(s). Please check the Tcl console output or 'C:/Users/Orion/Documents/GitHub/ece385/lab_7/lab_7.tmp/hdmi_text_controller_v1_0_project/hdmi_text_controller_v1_0_project.sim/sim_1/behav/xsim/xvlog.log' file for more information.
ERROR: [Vivado 12-4473] Detected error while running simulation. Please correct the issue and retry this operation.
launch_simulation: Time (s): cpu = 00:00:02 ; elapsed = 00:00:05 . Memory (MB): peak = 1817.262 ; gain = 0.000
ERROR: [Common 17-39] 'launch_simulation' failed due to earlier errors.
launch_simulation
Command: launch_simulation 
INFO: [Vivado 12-12493] Simulation top is 'hdmi_text_controller_tb'
WARNING: [Vivado 12-13340] Unable to auto find GCC executables from simulator install path! (path not set)
WARNING: [Vivado 12-13277] Compiled library path does not exist: ''
INFO: [Vivado 12-5698] Checking validity of IPs in the design for the 'XSim' simulator...
INFO: [Vivado 12-5682] Launching behavioral simulation in 'c:/users/orion/documents/github/ece385/lab_7/lab_7.tmp/hdmi_text_controller_v1_0_project/hdmi_text_controller_v1_0_project.sim/sim_1/behav/xsim'
INFO: [Vivado 12-13660] Precompiled IP simulation library mode is enabled (default). The design IP libraries will be referenced from the compiled library path. Please note that if the precompiled version of the library is not found from the path or the IP is in locked state, then the library source files for these IPs will be compiled locally as part of the compile order.
INFO: [Vivado 12-4795] Using compiled simulation libraries for IPs
INFO: [SIM-utils-51] Simulation object is 'sim_1'
INFO: [SIM-utils-72] Using boost library from 'C:/Xilinx/Vivado/2022.2/tps/boost_1_72_0'
INFO: [USF-XSim-7] Finding pre-compiled libraries...
INFO: [USF-XSim-11] File 'C:/Xilinx/Vivado/2022.2/data/xsim/xsim.ini' copied to run dir:'c:/users/orion/documents/github/ece385/lab_7/lab_7.tmp/hdmi_text_controller_v1_0_project/hdmi_text_controller_v1_0_project.sim/sim_1/behav/xsim'
INFO: [SIM-utils-54] Inspecting design source files for 'hdmi_text_controller_tb' in fileset 'sim_1'...
INFO: [USF-XSim-97] Finding global include files...
INFO: [USF-XSim-98] Fetching design files from 'sim_1'...
INFO: [USF-XSim-2] XSim::Compile design
INFO: [USF-XSim-61] Executing 'COMPILE and ANALYZE' step in 'c:/users/orion/documents/github/ece385/lab_7/lab_7.tmp/hdmi_text_controller_v1_0_project/hdmi_text_controller_v1_0_project.sim/sim_1/behav/xsim'
"xvlog --incr --relax -L uvm -prj hdmi_text_controller_tb_vlog.prj"
ERROR: [XSIM 43-4316] Can not find file: ../../../../../../ip_repo/hdmi_text_controller_1_0/src/clk_wiz_0
INFO: [USF-XSim-69] 'compile' step finished in '3' seconds
INFO: [USF-XSim-99] Step results log file:'C:/Users/Orion/Documents/GitHub/ece385/lab_7/lab_7.tmp/hdmi_text_controller_v1_0_project/hdmi_text_controller_v1_0_project.sim/sim_1/behav/xsim/xvlog.log'
ERROR: [USF-XSim-62] 'compile' step failed with error(s). Please check the Tcl console output or 'C:/Users/Orion/Documents/GitHub/ece385/lab_7/lab_7.tmp/hdmi_text_controller_v1_0_project/hdmi_text_controller_v1_0_project.sim/sim_1/behav/xsim/xvlog.log' file for more information.
ERROR: [Vivado 12-4473] Detected error while running simulation. Please correct the issue and retry this operation.
launch_simulation: Time (s): cpu = 00:00:01 ; elapsed = 00:00:06 . Memory (MB): peak = 1817.262 ; gain = 0.000
ERROR: [Common 17-39] 'launch_simulation' failed due to earlier errors.
import_files
INFO: [filemgmt 20-348] Importing the appropriate files for fileset: 'hdmi_tx_0'
INFO: [filemgmt 20-348] Importing the appropriate files for fileset: 'sim_1'
INFO: [filemgmt 20-348] Importing the appropriate files for fileset: 'sources_1'
convert_ips [get_files  c:/users/orion/documents/github/ece385/lab_7/lab_7.tmp/hdmi_text_controller_v1_0_project/hdmi_text_controller_v1_0_project.srcs/sources_1/ip/clk_wiz_0/clk_wiz_0.xci]
INFO: [filemgmt 56-105] Converting IP 'clk_wiz_0' into non-core container format.
export_ip_user_files -of_objects  [get_files  c:/users/orion/documents/github/ece385/lab_7/lab_7.tmp/hdmi_text_controller_v1_0_project/hdmi_text_controller_v1_0_project.srcs/sources_1/ip/clk_wiz_0/clk_wiz_0.xci] -sync -lib_map_path [list {modelsim=c:/users/orion/documents/github/ece385/lab_7/lab_7.tmp/hdmi_text_controller_v1_0_project/hdmi_text_controller_v1_0_project.cache/compile_simlib/modelsim} {questa=c:/users/orion/documents/github/ece385/lab_7/lab_7.tmp/hdmi_text_controller_v1_0_project/hdmi_text_controller_v1_0_project.cache/compile_simlib/questa} {riviera=c:/users/orion/documents/github/ece385/lab_7/lab_7.tmp/hdmi_text_controller_v1_0_project/hdmi_text_controller_v1_0_project.cache/compile_simlib/riviera} {activehdl=c:/users/orion/documents/github/ece385/lab_7/lab_7.tmp/hdmi_text_controller_v1_0_project/hdmi_text_controller_v1_0_project.cache/compile_simlib/activehdl}] -force -quiet
launch_simulation
Command: launch_simulation 
INFO: [Vivado 12-12493] Simulation top is 'hdmi_text_controller_tb'
WARNING: [Vivado 12-13340] Unable to auto find GCC executables from simulator install path! (path not set)
WARNING: [Vivado 12-13277] Compiled library path does not exist: ''
INFO: [Vivado 12-5698] Checking validity of IPs in the design for the 'XSim' simulator...
INFO: [Vivado 12-5682] Launching behavioral simulation in 'c:/users/orion/documents/github/ece385/lab_7/lab_7.tmp/hdmi_text_controller_v1_0_project/hdmi_text_controller_v1_0_project.sim/sim_1/behav/xsim'
INFO: [Vivado 12-13660] Precompiled IP simulation library mode is enabled (default). The design IP libraries will be referenced from the compiled library path. Please note that if the precompiled version of the library is not found from the path or the IP is in locked state, then the library source files for these IPs will be compiled locally as part of the compile order.
INFO: [Vivado 12-4795] Using compiled simulation libraries for IPs
INFO: [SIM-utils-51] Simulation object is 'sim_1'
INFO: [SIM-utils-72] Using boost library from 'C:/Xilinx/Vivado/2022.2/tps/boost_1_72_0'
INFO: [USF-XSim-7] Finding pre-compiled libraries...
INFO: [USF-XSim-11] File 'C:/Xilinx/Vivado/2022.2/data/xsim/xsim.ini' copied to run dir:'c:/users/orion/documents/github/ece385/lab_7/lab_7.tmp/hdmi_text_controller_v1_0_project/hdmi_text_controller_v1_0_project.sim/sim_1/behav/xsim'
INFO: [SIM-utils-54] Inspecting design source files for 'hdmi_text_controller_tb' in fileset 'sim_1'...
CRITICAL WARNING: [filemgmt 56-117] Could not open file '../../../../../../../../../../../users/orion/documents/github/ece385/lab_7/lab_7.tmp/hdmi_text_controller_v1_0_project/hdmi_text_controller_v1_0_project.srcs/hdmi_tx_0/ip/hdmi_tx_0/hdmi_tx_0_sim_netlist.vhdl' for reading
CRITICAL WARNING: [filemgmt 56-117] Could not open file '../../../../../../../../../../../users/orion/documents/github/ece385/lab_7/lab_7.tmp/hdmi_text_controller_v1_0_project/hdmi_text_controller_v1_0_project.srcs/hdmi_tx_0/ip/hdmi_tx_0/hdmi_tx_0_sim_netlist.v' for reading
CRITICAL WARNING: [filemgmt 56-117] Could not open file '../../../../../../../../../../../users/orion/documents/github/ece385/lab_7/lab_7.tmp/hdmi_text_controller_v1_0_project/hdmi_text_controller_v1_0_project.srcs/hdmi_tx_0/ip/hdmi_tx_0/hdmi_tx_0_stub.vhdl' for reading
CRITICAL WARNING: [filemgmt 56-117] Could not open file '../../../../../../../../../../../users/orion/documents/github/ece385/lab_7/lab_7.tmp/hdmi_text_controller_v1_0_project/hdmi_text_controller_v1_0_project.srcs/hdmi_tx_0/ip/hdmi_tx_0/hdmi_tx_0_stub.v' for reading
CRITICAL WARNING: [filemgmt 56-117] Could not open file '../../../../../../../../../../../users/orion/documents/github/ece385/lab_7/lab_7.tmp/hdmi_text_controller_v1_0_project/hdmi_text_controller_v1_0_project.srcs/hdmi_tx_0/ip/hdmi_tx_0/hdmi_tx_0.dcp' for reading
CRITICAL WARNING: [filemgmt 56-117] Could not open file '../../../../../../../../../../../users/orion/documents/github/ece385/lab_7/lab_7.tmp/hdmi_text_controller_v1_0_project/hdmi_text_controller_v1_0_project.srcs/hdmi_tx_0/ip/hdmi_tx_0/hdmi_tx_0.xml' for reading
CRITICAL WARNING: [filemgmt 56-117] Could not open file '../../../../../../../../../../../users/orion/documents/github/ece385/lab_7/lab_7.tmp/hdmi_text_controller_v1_0_project/hdmi_text_controller_v1_0_project.srcs/hdmi_tx_0/ip/hdmi_tx_0/hdmi_tx_0.vho' for reading
CRITICAL WARNING: [filemgmt 56-117] Could not open file '../../../../../../../../../../../users/orion/documents/github/ece385/lab_7/lab_7.tmp/hdmi_text_controller_v1_0_project/hdmi_text_controller_v1_0_project.srcs/hdmi_tx_0/ip/hdmi_tx_0/hdmi_tx_0.veo' for reading
CRITICAL WARNING: [filemgmt 56-117] Could not open file '../../../../../../../../../../../users/orion/documents/github/ece385/lab_7/lab_7.tmp/hdmi_text_controller_v1_0_project/hdmi_text_controller_v1_0_project.srcs/hdmi_tx_0/ip/hdmi_tx_0/hdl/encode.v' for reading
CRITICAL WARNING: [filemgmt 56-117] Could not open file '../../../../../../../../../../../users/orion/documents/github/ece385/lab_7/lab_7.tmp/hdmi_text_controller_v1_0_project/hdmi_text_controller_v1_0_project.srcs/hdmi_tx_0/ip/hdmi_tx_0/hdl/serdes_10_to_1.v' for reading
CRITICAL WARNING: [filemgmt 56-117] Could not open file '../../../../../../../../../../../users/orion/documents/github/ece385/lab_7/lab_7.tmp/hdmi_text_controller_v1_0_project/hdmi_text_controller_v1_0_project.srcs/hdmi_tx_0/ip/hdmi_tx_0/hdl/srldelay.v' for reading
CRITICAL WARNING: [filemgmt 56-117] Could not open file '../../../../../../../../../../../users/orion/documents/github/ece385/lab_7/lab_7.tmp/hdmi_text_controller_v1_0_project/hdmi_text_controller_v1_0_project.srcs/hdmi_tx_0/ip/hdmi_tx_0/hdl/hdmi_tx_v1_0.v' for reading
CRITICAL WARNING: [filemgmt 56-117] Could not open file '../../../../../../../../../../../users/orion/documents/github/ece385/lab_7/lab_7.tmp/hdmi_text_controller_v1_0_project/hdmi_text_controller_v1_0_project.srcs/hdmi_tx_0/ip/hdmi_tx_0/sim/hdmi_tx_0.v' for reading
CRITICAL WARNING: [filemgmt 56-117] Could not open file '../../../../../../../../../../../users/orion/documents/github/ece385/lab_7/lab_7.tmp/hdmi_text_controller_v1_0_project/hdmi_text_controller_v1_0_project.srcs/hdmi_tx_0/ip/hdmi_tx_0/synth/hdmi_tx_0.v' for reading
WARNING: [SIM-utils-52] IP component XML file does not exist: 'c:/users/orion/documents/github/ece385/lab_7/lab_7.tmp/hdmi_text_controller_v1_0_project/hdmi_text_controller_v1_0_project.sim/sim_1/behav/xsim/_tmp_ip_comp_/hdmi_tx_0/hdmi_tx_0.xml'
INFO: [USF-XSim-97] Finding global include files...
INFO: [USF-XSim-98] Fetching design files from 'sim_1'...
INFO: [USF-XSim-2] XSim::Compile design
INFO: [USF-XSim-61] Executing 'COMPILE and ANALYZE' step in 'c:/users/orion/documents/github/ece385/lab_7/lab_7.tmp/hdmi_text_controller_v1_0_project/hdmi_text_controller_v1_0_project.sim/sim_1/behav/xsim'
"xvlog --incr --relax -L uvm -prj hdmi_text_controller_tb_vlog.prj"
ERROR: [XSIM 43-4307] Invalid entry in the project file, expecting a file name but specified path '../../../../hdmi_text_controller_v1_0_project.gen/sources_1/ip/clk_wiz_0' represents a directory name.
ERROR: [XSIM 43-3217] hdmi_text_controller_tb_vlog.prj (line 3): Incorrect project file syntax. Correct syntax is one of: vhdl <worklib> <file>, verilog <worklib> <file> [<file> ...] [[-d <macro>] ...] [[-i <include>] ...], or NOSORT. Presence of NOSORT on a line of its own disables file order sorting.
INFO: [USF-XSim-69] 'compile' step finished in '2' seconds
INFO: [USF-XSim-99] Step results log file:'C:/Users/Orion/Documents/GitHub/ece385/lab_7/lab_7.tmp/hdmi_text_controller_v1_0_project/hdmi_text_controller_v1_0_project.sim/sim_1/behav/xsim/xvlog.log'
ERROR: [USF-XSim-62] 'compile' step failed with error(s). Please check the Tcl console output or 'C:/Users/Orion/Documents/GitHub/ece385/lab_7/lab_7.tmp/hdmi_text_controller_v1_0_project/hdmi_text_controller_v1_0_project.sim/sim_1/behav/xsim/xvlog.log' file for more information.
ERROR: [Vivado 12-4473] Detected error while running simulation. Please correct the issue and retry this operation.
ERROR: [Common 17-39] 'launch_simulation' failed due to earlier errors.
convert_ips [get_files  c:/users/orion/documents/github/ece385/lab_7/lab_7.tmp/hdmi_text_controller_v1_0_project/hdmi_text_controller_v1_0_project.srcs/hdmi_tx_0/ip/hdmi_tx_0/hdmi_tx_0.xci]
INFO: [filemgmt 56-105] Converting IP 'hdmi_tx_0' into non-core container format.
export_ip_user_files -of_objects  [get_files  c:/users/orion/documents/github/ece385/lab_7/lab_7.tmp/hdmi_text_controller_v1_0_project/hdmi_text_controller_v1_0_project.srcs/hdmi_tx_0/ip/hdmi_tx_0/hdmi_tx_0.xci] -sync -lib_map_path [list {modelsim=c:/users/orion/documents/github/ece385/lab_7/lab_7.tmp/hdmi_text_controller_v1_0_project/hdmi_text_controller_v1_0_project.cache/compile_simlib/modelsim} {questa=c:/users/orion/documents/github/ece385/lab_7/lab_7.tmp/hdmi_text_controller_v1_0_project/hdmi_text_controller_v1_0_project.cache/compile_simlib/questa} {riviera=c:/users/orion/documents/github/ece385/lab_7/lab_7.tmp/hdmi_text_controller_v1_0_project/hdmi_text_controller_v1_0_project.cache/compile_simlib/riviera} {activehdl=c:/users/orion/documents/github/ece385/lab_7/lab_7.tmp/hdmi_text_controller_v1_0_project/hdmi_text_controller_v1_0_project.cache/compile_simlib/activehdl}] -force -quiet
launch_simulation
Command: launch_simulation 
INFO: [Vivado 12-12493] Simulation top is 'hdmi_text_controller_tb'
WARNING: [Vivado 12-13340] Unable to auto find GCC executables from simulator install path! (path not set)
WARNING: [Vivado 12-13277] Compiled library path does not exist: ''
INFO: [Vivado 12-5698] Checking validity of IPs in the design for the 'XSim' simulator...
INFO: [Vivado 12-5682] Launching behavioral simulation in 'c:/users/orion/documents/github/ece385/lab_7/lab_7.tmp/hdmi_text_controller_v1_0_project/hdmi_text_controller_v1_0_project.sim/sim_1/behav/xsim'
INFO: [Vivado 12-13660] Precompiled IP simulation library mode is enabled (default). The design IP libraries will be referenced from the compiled library path. Please note that if the precompiled version of the library is not found from the path or the IP is in locked state, then the library source files for these IPs will be compiled locally as part of the compile order.
INFO: [Vivado 12-4795] Using compiled simulation libraries for IPs
INFO: [SIM-utils-51] Simulation object is 'sim_1'
INFO: [SIM-utils-72] Using boost library from 'C:/Xilinx/Vivado/2022.2/tps/boost_1_72_0'
INFO: [USF-XSim-7] Finding pre-compiled libraries...
INFO: [USF-XSim-11] File 'C:/Xilinx/Vivado/2022.2/data/xsim/xsim.ini' copied to run dir:'c:/users/orion/documents/github/ece385/lab_7/lab_7.tmp/hdmi_text_controller_v1_0_project/hdmi_text_controller_v1_0_project.sim/sim_1/behav/xsim'
INFO: [SIM-utils-54] Inspecting design source files for 'hdmi_text_controller_tb' in fileset 'sim_1'...
INFO: [USF-XSim-97] Finding global include files...
INFO: [USF-XSim-98] Fetching design files from 'sim_1'...
INFO: [USF-XSim-2] XSim::Compile design
INFO: [USF-XSim-61] Executing 'COMPILE and ANALYZE' step in 'c:/users/orion/documents/github/ece385/lab_7/lab_7.tmp/hdmi_text_controller_v1_0_project/hdmi_text_controller_v1_0_project.sim/sim_1/behav/xsim'
"xvlog --incr --relax -L uvm -prj hdmi_text_controller_tb_vlog.prj"
ERROR: [XSIM 43-4307] Invalid entry in the project file, expecting a file name but specified path '../../../../hdmi_text_controller_v1_0_project.gen/sources_1/ip/clk_wiz_0' represents a directory name.
ERROR: [XSIM 43-3217] hdmi_text_controller_tb_vlog.prj (line 3): Incorrect project file syntax. Correct syntax is one of: vhdl <worklib> <file>, verilog <worklib> <file> [<file> ...] [[-d <macro>] ...] [[-i <include>] ...], or NOSORT. Presence of NOSORT on a line of its own disables file order sorting.
INFO: [USF-XSim-69] 'compile' step finished in '3' seconds
INFO: [USF-XSim-99] Step results log file:'C:/Users/Orion/Documents/GitHub/ece385/lab_7/lab_7.tmp/hdmi_text_controller_v1_0_project/hdmi_text_controller_v1_0_project.sim/sim_1/behav/xsim/xvlog.log'
ERROR: [USF-XSim-62] 'compile' step failed with error(s). Please check the Tcl console output or 'C:/Users/Orion/Documents/GitHub/ece385/lab_7/lab_7.tmp/hdmi_text_controller_v1_0_project/hdmi_text_controller_v1_0_project.sim/sim_1/behav/xsim/xvlog.log' file for more information.
ERROR: [Vivado 12-4473] Detected error while running simulation. Please correct the issue and retry this operation.
ERROR: [Common 17-39] 'launch_simulation' failed due to earlier errors.
WARNING: [filemgmt 20-1445] Cannot import file 'c:/users/orion/documents/github/ece385/lab_7/lab_7.tmp/hdmi_text_controller_v1_0_project/hdmi_text_controller_v1_0_project.srcs/sources_1/ip/clk_wiz_0/clk_wiz_0.xci' on top of itself. Importing a file from the imported source directory can cause this problem.
add_files -copy_to c:/Users/Orion/Documents/GitHub/ece385/lab_7/ip_repo/hdmi_text_controller_1_0/src c:/users/orion/documents/github/ece385/lab_7/lab_7.tmp/hdmi_text_controller_v1_0_project/hdmi_text_controller_v1_0_project.srcs/sources_1/ip/clk_wiz_0/clk_wiz_0.xci
CRITICAL WARNING: [Vivado 12-1462] The source file is already part of the fileset 'sources_1'. Requested source 'c:/users/orion/documents/github/ece385/lab_7/lab_7.tmp/hdmi_text_controller_v1_0_project/hdmi_text_controller_v1_0_project.srcs/sources_1/ip/clk_wiz_0/clk_wiz_0.xci' will not be added.
export_ip_user_files -of_objects  [get_files  c:/users/orion/documents/github/ece385/lab_7/lab_7.tmp/hdmi_text_controller_v1_0_project/hdmi_text_controller_v1_0_project.srcs/sources_1/ip/clk_wiz_0/clk_wiz_0.xci] -lib_map_path [list {modelsim=c:/users/orion/documents/github/ece385/lab_7/lab_7.tmp/hdmi_text_controller_v1_0_project/hdmi_text_controller_v1_0_project.cache/compile_simlib/modelsim} {questa=c:/users/orion/documents/github/ece385/lab_7/lab_7.tmp/hdmi_text_controller_v1_0_project/hdmi_text_controller_v1_0_project.cache/compile_simlib/questa} {riviera=c:/users/orion/documents/github/ece385/lab_7/lab_7.tmp/hdmi_text_controller_v1_0_project/hdmi_text_controller_v1_0_project.cache/compile_simlib/riviera} {activehdl=c:/users/orion/documents/github/ece385/lab_7/lab_7.tmp/hdmi_text_controller_v1_0_project/hdmi_text_controller_v1_0_project.cache/compile_simlib/activehdl}] -force -quiet
launch_simulation
Command: launch_simulation 
INFO: [Vivado 12-12493] Simulation top is 'hdmi_text_controller_tb'
WARNING: [Vivado 12-13340] Unable to auto find GCC executables from simulator install path! (path not set)
WARNING: [Vivado 12-13277] Compiled library path does not exist: ''
INFO: [Vivado 12-5698] Checking validity of IPs in the design for the 'XSim' simulator...
INFO: [Vivado 12-5682] Launching behavioral simulation in 'c:/users/orion/documents/github/ece385/lab_7/lab_7.tmp/hdmi_text_controller_v1_0_project/hdmi_text_controller_v1_0_project.sim/sim_1/behav/xsim'
INFO: [Vivado 12-13660] Precompiled IP simulation library mode is enabled (default). The design IP libraries will be referenced from the compiled library path. Please note that if the precompiled version of the library is not found from the path or the IP is in locked state, then the library source files for these IPs will be compiled locally as part of the compile order.
INFO: [Vivado 12-4795] Using compiled simulation libraries for IPs
INFO: [SIM-utils-51] Simulation object is 'sim_1'
INFO: [SIM-utils-72] Using boost library from 'C:/Xilinx/Vivado/2022.2/tps/boost_1_72_0'
INFO: [USF-XSim-7] Finding pre-compiled libraries...
INFO: [USF-XSim-11] File 'C:/Xilinx/Vivado/2022.2/data/xsim/xsim.ini' copied to run dir:'c:/users/orion/documents/github/ece385/lab_7/lab_7.tmp/hdmi_text_controller_v1_0_project/hdmi_text_controller_v1_0_project.sim/sim_1/behav/xsim'
INFO: [SIM-utils-54] Inspecting design source files for 'hdmi_text_controller_tb' in fileset 'sim_1'...
INFO: [USF-XSim-97] Finding global include files...
INFO: [USF-XSim-98] Fetching design files from 'sim_1'...
INFO: [USF-XSim-2] XSim::Compile design
INFO: [USF-XSim-61] Executing 'COMPILE and ANALYZE' step in 'c:/users/orion/documents/github/ece385/lab_7/lab_7.tmp/hdmi_text_controller_v1_0_project/hdmi_text_controller_v1_0_project.sim/sim_1/behav/xsim'
"xvlog --incr --relax -L uvm -prj hdmi_text_controller_tb_vlog.prj"
ERROR: [XSIM 43-4307] Invalid entry in the project file, expecting a file name but specified path '../../../../hdmi_text_controller_v1_0_project.gen/sources_1/ip/clk_wiz_0' represents a directory name.
ERROR: [XSIM 43-3217] hdmi_text_controller_tb_vlog.prj (line 3): Incorrect project file syntax. Correct syntax is one of: vhdl <worklib> <file>, verilog <worklib> <file> [<file> ...] [[-d <macro>] ...] [[-i <include>] ...], or NOSORT. Presence of NOSORT on a line of its own disables file order sorting.
INFO: [USF-XSim-69] 'compile' step finished in '3' seconds
INFO: [USF-XSim-99] Step results log file:'C:/Users/Orion/Documents/GitHub/ece385/lab_7/lab_7.tmp/hdmi_text_controller_v1_0_project/hdmi_text_controller_v1_0_project.sim/sim_1/behav/xsim/xvlog.log'
ERROR: [USF-XSim-62] 'compile' step failed with error(s). Please check the Tcl console output or 'C:/Users/Orion/Documents/GitHub/ece385/lab_7/lab_7.tmp/hdmi_text_controller_v1_0_project/hdmi_text_controller_v1_0_project.sim/sim_1/behav/xsim/xvlog.log' file for more information.
ERROR: [Vivado 12-4473] Detected error while running simulation. Please correct the issue and retry this operation.
ERROR: [Common 17-39] 'launch_simulation' failed due to earlier errors.
convert_ips [get_files  c:/users/orion/documents/github/ece385/lab_7/lab_7.tmp/hdmi_text_controller_v1_0_project/hdmi_text_controller_v1_0_project.srcs/sources_1/ip/clk_wiz_0/clk_wiz_0.xci]
INFO: [filemgmt 56-106] Converting IP 'clk_wiz_0' into core container format.
INFO: [filemgmt 56-101] Creating core container 'c:/users/orion/documents/github/ece385/lab_7/lab_7.tmp/hdmi_text_controller_v1_0_project/hdmi_text_controller_v1_0_project.srcs/sources_1/ip/clk_wiz_0.xcix' for IP 'clk_wiz_0'
export_ip_user_files -of_objects  [get_files  c:/users/orion/documents/github/ece385/lab_7/lab_7.tmp/hdmi_text_controller_v1_0_project/hdmi_text_controller_v1_0_project.srcs/sources_1/ip/clk_wiz_0/clk_wiz_0.xci] -sync -lib_map_path [list {modelsim=c:/users/orion/documents/github/ece385/lab_7/lab_7.tmp/hdmi_text_controller_v1_0_project/hdmi_text_controller_v1_0_project.cache/compile_simlib/modelsim} {questa=c:/users/orion/documents/github/ece385/lab_7/lab_7.tmp/hdmi_text_controller_v1_0_project/hdmi_text_controller_v1_0_project.cache/compile_simlib/questa} {riviera=c:/users/orion/documents/github/ece385/lab_7/lab_7.tmp/hdmi_text_controller_v1_0_project/hdmi_text_controller_v1_0_project.cache/compile_simlib/riviera} {activehdl=c:/users/orion/documents/github/ece385/lab_7/lab_7.tmp/hdmi_text_controller_v1_0_project/hdmi_text_controller_v1_0_project.cache/compile_simlib/activehdl}] -force -quiet
ipx::merge_project_changes files [ipx::current_core]
ERROR: [IP_Flow 19-4964] clk_wiz_0 has core container option enabled. This is not supported for packaging. Please disable this option.
ERROR: [Common 17-39] 'ipx::merge_project_changes' failed due to earlier errors.
INFO: [filemgmt 56-101] Creating core container 'c:/Users/Orion/Documents/GitHub/ece385/lab_7/ip_repo/hdmi_text_controller_1_0/hdmi_text_controller_0_2.xcix' for IP 'hdmi_text_controller_0'
ipx::merge_project_changes files [ipx::current_core]
ERROR: [IP_Flow 19-4964] clk_wiz_0 has core container option enabled. This is not supported for packaging. Please disable this option.
ERROR: [Common 17-39] 'ipx::merge_project_changes' failed due to earlier errors.
INFO: [filemgmt 56-101] Creating core container 'c:/Users/Orion/Documents/GitHub/ece385/lab_7/ip_repo/hdmi_text_controller_1_0/hdmi_text_controller_0_3.xcix' for IP 'hdmi_text_controller_0'
convert_ips [get_files  c:/users/orion/documents/github/ece385/lab_7/lab_7.tmp/hdmi_text_controller_v1_0_project/hdmi_text_controller_v1_0_project.srcs/hdmi_tx_0/ip/hdmi_tx_0/hdmi_tx_0.xci]
INFO: [filemgmt 56-106] Converting IP 'hdmi_tx_0' into core container format.
INFO: [filemgmt 56-101] Creating core container 'c:/users/orion/documents/github/ece385/lab_7/lab_7.tmp/hdmi_text_controller_v1_0_project/hdmi_text_controller_v1_0_project.srcs/hdmi_tx_0/ip/hdmi_tx_0.xcix' for IP 'hdmi_tx_0'
export_ip_user_files -of_objects  [get_files  c:/users/orion/documents/github/ece385/lab_7/lab_7.tmp/hdmi_text_controller_v1_0_project/hdmi_text_controller_v1_0_project.srcs/hdmi_tx_0/ip/hdmi_tx_0/hdmi_tx_0.xci] -sync -lib_map_path [list {modelsim=c:/users/orion/documents/github/ece385/lab_7/lab_7.tmp/hdmi_text_controller_v1_0_project/hdmi_text_controller_v1_0_project.cache/compile_simlib/modelsim} {questa=c:/users/orion/documents/github/ece385/lab_7/lab_7.tmp/hdmi_text_controller_v1_0_project/hdmi_text_controller_v1_0_project.cache/compile_simlib/questa} {riviera=c:/users/orion/documents/github/ece385/lab_7/lab_7.tmp/hdmi_text_controller_v1_0_project/hdmi_text_controller_v1_0_project.cache/compile_simlib/riviera} {activehdl=c:/users/orion/documents/github/ece385/lab_7/lab_7.tmp/hdmi_text_controller_v1_0_project/hdmi_text_controller_v1_0_project.cache/compile_simlib/activehdl}] -force -quiet
ipx::merge_project_changes files [ipx::current_core]
ERROR: [IP_Flow 19-4964] hdmi_tx_0 has core container option enabled. This is not supported for packaging. Please disable this option.
ERROR: [Common 17-39] 'ipx::merge_project_changes' failed due to earlier errors.
INFO: [filemgmt 56-101] Creating core container 'c:/Users/Orion/Documents/GitHub/ece385/lab_7/ip_repo/hdmi_text_controller_1_0/hdmi_text_controller_0_4.xcix' for IP 'hdmi_text_controller_0'
launch_simulation
Command: launch_simulation 
INFO: [Vivado 12-12493] Simulation top is 'hdmi_text_controller_tb'
WARNING: [Vivado 12-13340] Unable to auto find GCC executables from simulator install path! (path not set)
WARNING: [Vivado 12-13277] Compiled library path does not exist: ''
INFO: [Vivado 12-5698] Checking validity of IPs in the design for the 'XSim' simulator...
INFO: [Vivado 12-5682] Launching behavioral simulation in 'c:/users/orion/documents/github/ece385/lab_7/lab_7.tmp/hdmi_text_controller_v1_0_project/hdmi_text_controller_v1_0_project.sim/sim_1/behav/xsim'
INFO: [Vivado 12-13660] Precompiled IP simulation library mode is enabled (default). The design IP libraries will be referenced from the compiled library path. Please note that if the precompiled version of the library is not found from the path or the IP is in locked state, then the library source files for these IPs will be compiled locally as part of the compile order.
INFO: [Vivado 12-4795] Using compiled simulation libraries for IPs
INFO: [SIM-utils-51] Simulation object is 'sim_1'
INFO: [SIM-utils-72] Using boost library from 'C:/Xilinx/Vivado/2022.2/tps/boost_1_72_0'
INFO: [USF-XSim-7] Finding pre-compiled libraries...
INFO: [USF-XSim-11] File 'C:/Xilinx/Vivado/2022.2/data/xsim/xsim.ini' copied to run dir:'c:/users/orion/documents/github/ece385/lab_7/lab_7.tmp/hdmi_text_controller_v1_0_project/hdmi_text_controller_v1_0_project.sim/sim_1/behav/xsim'
INFO: [SIM-utils-54] Inspecting design source files for 'hdmi_text_controller_tb' in fileset 'sim_1'...
INFO: [USF-XSim-97] Finding global include files...
INFO: [USF-XSim-98] Fetching design files from 'sim_1'...
INFO: [USF-XSim-2] XSim::Compile design
INFO: [USF-XSim-61] Executing 'COMPILE and ANALYZE' step in 'c:/users/orion/documents/github/ece385/lab_7/lab_7.tmp/hdmi_text_controller_v1_0_project/hdmi_text_controller_v1_0_project.sim/sim_1/behav/xsim'
"xvlog --incr --relax -L uvm -prj hdmi_text_controller_tb_vlog.prj"
ERROR: [XSIM 43-4316] Can not find file: ../../../../hdmi_text_controller_v1_0_project.srcs/sources_1/ip/clk_wiz_0
INFO: [USF-XSim-69] 'compile' step finished in '3' seconds
INFO: [USF-XSim-99] Step results log file:'C:/Users/Orion/Documents/GitHub/ece385/lab_7/lab_7.tmp/hdmi_text_controller_v1_0_project/hdmi_text_controller_v1_0_project.sim/sim_1/behav/xsim/xvlog.log'
ERROR: [USF-XSim-62] 'compile' step failed with error(s). Please check the Tcl console output or 'C:/Users/Orion/Documents/GitHub/ece385/lab_7/lab_7.tmp/hdmi_text_controller_v1_0_project/hdmi_text_controller_v1_0_project.sim/sim_1/behav/xsim/xvlog.log' file for more information.
ERROR: [Vivado 12-4473] Detected error while running simulation. Please correct the issue and retry this operation.
launch_simulation: Time (s): cpu = 00:00:01 ; elapsed = 00:00:05 . Memory (MB): peak = 1840.031 ; gain = 0.000
ERROR: [Common 17-39] 'launch_simulation' failed due to earlier errors.
add_files -copy_to c:/Users/Orion/Documents/GitHub/ece385/lab_7/ip_repo/hdmi_text_controller_1_0/src c:/users/orion/documents/github/ece385/lab_7/lab_7.tmp/hdmi_text_controller_v1_0_project/hdmi_text_controller_v1_0_project.srcs/sources_1/ip/clk_wiz_0/clk_wiz_0.xci
CRITICAL WARNING: [Vivado 12-1462] The source file is already part of the fileset 'sources_1'. Requested source 'c:/users/orion/documents/github/ece385/lab_7/lab_7.tmp/hdmi_text_controller_v1_0_project/hdmi_text_controller_v1_0_project.srcs/sources_1/ip/clk_wiz_0/clk_wiz_0.xci' will not be added.
export_ip_user_files -of_objects  [get_files  c:/users/orion/documents/github/ece385/lab_7/lab_7.tmp/hdmi_text_controller_v1_0_project/hdmi_text_controller_v1_0_project.srcs/sources_1/ip/clk_wiz_0/clk_wiz_0.xci] -lib_map_path [list {modelsim=c:/users/orion/documents/github/ece385/lab_7/lab_7.tmp/hdmi_text_controller_v1_0_project/hdmi_text_controller_v1_0_project.cache/compile_simlib/modelsim} {questa=c:/users/orion/documents/github/ece385/lab_7/lab_7.tmp/hdmi_text_controller_v1_0_project/hdmi_text_controller_v1_0_project.cache/compile_simlib/questa} {riviera=c:/users/orion/documents/github/ece385/lab_7/lab_7.tmp/hdmi_text_controller_v1_0_project/hdmi_text_controller_v1_0_project.cache/compile_simlib/riviera} {activehdl=c:/users/orion/documents/github/ece385/lab_7/lab_7.tmp/hdmi_text_controller_v1_0_project/hdmi_text_controller_v1_0_project.cache/compile_simlib/activehdl}] -force -quiet
reset_property IMPORTED_FROM [get_files c:/users/orion/documents/github/ece385/lab_7/lab_7.tmp/hdmi_text_controller_v1_0_project/hdmi_text_controller_v1_0_project.srcs/sources_1/ip/clk_wiz_0/clk_wiz_0.xci]
ERROR: [Common 17-107] Cannot change read-only property 'IMPORTED_FROM'.
Resolution: Please refer to Vivado Properties Reference Guide (UG912) for more information on setting properties.
reset_target all [get_files  c:/users/orion/documents/github/ece385/lab_7/lab_7.tmp/hdmi_text_controller_v1_0_project/hdmi_text_controller_v1_0_project.srcs/sources_1/ip/clk_wiz_0/clk_wiz_0.xci]
export_ip_user_files -of_objects  [get_files  c:/users/orion/documents/github/ece385/lab_7/lab_7.tmp/hdmi_text_controller_v1_0_project/hdmi_text_controller_v1_0_project.srcs/sources_1/ip/clk_wiz_0/clk_wiz_0.xci] -sync -no_script -force -quiet
add_files -copy_to c:/Users/Orion/Documents/GitHub/ece385/lab_7/ip_repo/hdmi_text_controller_1_0/src c:/users/orion/documents/github/ece385/lab_7/lab_7.tmp/hdmi_text_controller_v1_0_project/hdmi_text_controller_v1_0_project.srcs/sources_1/ip/clk_wiz_0/clk_wiz_0.xci
CRITICAL WARNING: [Vivado 12-1462] The source file is already part of the fileset 'sources_1'. Requested source 'c:/users/orion/documents/github/ece385/lab_7/lab_7.tmp/hdmi_text_controller_v1_0_project/hdmi_text_controller_v1_0_project.srcs/sources_1/ip/clk_wiz_0/clk_wiz_0.xci' will not be added.
export_ip_user_files -of_objects  [get_files  c:/users/orion/documents/github/ece385/lab_7/lab_7.tmp/hdmi_text_controller_v1_0_project/hdmi_text_controller_v1_0_project.srcs/sources_1/ip/clk_wiz_0/clk_wiz_0.xci] -lib_map_path [list {modelsim=c:/users/orion/documents/github/ece385/lab_7/lab_7.tmp/hdmi_text_controller_v1_0_project/hdmi_text_controller_v1_0_project.cache/compile_simlib/modelsim} {questa=c:/users/orion/documents/github/ece385/lab_7/lab_7.tmp/hdmi_text_controller_v1_0_project/hdmi_text_controller_v1_0_project.cache/compile_simlib/questa} {riviera=c:/users/orion/documents/github/ece385/lab_7/lab_7.tmp/hdmi_text_controller_v1_0_project/hdmi_text_controller_v1_0_project.cache/compile_simlib/riviera} {activehdl=c:/users/orion/documents/github/ece385/lab_7/lab_7.tmp/hdmi_text_controller_v1_0_project/hdmi_text_controller_v1_0_project.cache/compile_simlib/activehdl}] -force -quiet
convert_ips [get_files  c:/users/orion/documents/github/ece385/lab_7/lab_7.tmp/hdmi_text_controller_v1_0_project/hdmi_text_controller_v1_0_project.srcs/sources_1/ip/clk_wiz_0/clk_wiz_0.xci]
INFO: [filemgmt 56-105] Converting IP 'clk_wiz_0' into non-core container format.
export_ip_user_files -of_objects  [get_files  c:/users/orion/documents/github/ece385/lab_7/lab_7.tmp/hdmi_text_controller_v1_0_project/hdmi_text_controller_v1_0_project.srcs/sources_1/ip/clk_wiz_0/clk_wiz_0.xci] -sync -lib_map_path [list {modelsim=c:/users/orion/documents/github/ece385/lab_7/lab_7.tmp/hdmi_text_controller_v1_0_project/hdmi_text_controller_v1_0_project.cache/compile_simlib/modelsim} {questa=c:/users/orion/documents/github/ece385/lab_7/lab_7.tmp/hdmi_text_controller_v1_0_project/hdmi_text_controller_v1_0_project.cache/compile_simlib/questa} {riviera=c:/users/orion/documents/github/ece385/lab_7/lab_7.tmp/hdmi_text_controller_v1_0_project/hdmi_text_controller_v1_0_project.cache/compile_simlib/riviera} {activehdl=c:/users/orion/documents/github/ece385/lab_7/lab_7.tmp/hdmi_text_controller_v1_0_project/hdmi_text_controller_v1_0_project.cache/compile_simlib/activehdl}] -force -quiet
generate_target all [get_files c:/users/orion/documents/github/ece385/lab_7/lab_7.tmp/hdmi_text_controller_v1_0_project/hdmi_text_controller_v1_0_project.srcs/sources_1/ip/clk_wiz_0/clk_wiz_0.xci]
INFO: [IP_Flow 19-1686] Generating 'Instantiation Template' target for IP 'clk_wiz_0'...
INFO: [IP_Flow 19-1686] Generating 'Synthesis' target for IP 'clk_wiz_0'...
INFO: [IP_Flow 19-1686] Generating 'Simulation' target for IP 'clk_wiz_0'...
INFO: [IP_Flow 19-1686] Generating 'Implementation' target for IP 'clk_wiz_0'...
INFO: [IP_Flow 19-1686] Generating 'Change Log' target for IP 'clk_wiz_0'...
export_ip_user_files -of_objects [get_files c:/users/orion/documents/github/ece385/lab_7/lab_7.tmp/hdmi_text_controller_v1_0_project/hdmi_text_controller_v1_0_project.srcs/sources_1/ip/clk_wiz_0/clk_wiz_0.xci] -no_script -sync -force -quiet
export_simulation -of_objects [get_files c:/users/orion/documents/github/ece385/lab_7/lab_7.tmp/hdmi_text_controller_v1_0_project/hdmi_text_controller_v1_0_project.srcs/sources_1/ip/clk_wiz_0/clk_wiz_0.xci] -directory c:/users/orion/documents/github/ece385/lab_7/lab_7.tmp/hdmi_text_controller_v1_0_project/hdmi_text_controller_v1_0_project.ip_user_files/sim_scripts -ip_user_files_dir c:/users/orion/documents/github/ece385/lab_7/lab_7.tmp/hdmi_text_controller_v1_0_project/hdmi_text_controller_v1_0_project.ip_user_files -ipstatic_source_dir c:/users/orion/documents/github/ece385/lab_7/lab_7.tmp/hdmi_text_controller_v1_0_project/hdmi_text_controller_v1_0_project.ip_user_files/ipstatic -lib_map_path [list {modelsim=c:/users/orion/documents/github/ece385/lab_7/lab_7.tmp/hdmi_text_controller_v1_0_project/hdmi_text_controller_v1_0_project.cache/compile_simlib/modelsim} {questa=c:/users/orion/documents/github/ece385/lab_7/lab_7.tmp/hdmi_text_controller_v1_0_project/hdmi_text_controller_v1_0_project.cache/compile_simlib/questa} {riviera=c:/users/orion/documents/github/ece385/lab_7/lab_7.tmp/hdmi_text_controller_v1_0_project/hdmi_text_controller_v1_0_project.cache/compile_simlib/riviera} {activehdl=c:/users/orion/documents/github/ece385/lab_7/lab_7.tmp/hdmi_text_controller_v1_0_project/hdmi_text_controller_v1_0_project.cache/compile_simlib/activehdl}] -use_ip_compiled_libs -force -quiet
create_fileset -blockset clk_wiz_0
set_property top clk_wiz_0 [get_fileset clk_wiz_0]
move_files -fileset [get_fileset clk_wiz_0] [get_files -of_objects [get_fileset sources_1] c:/users/orion/documents/github/ece385/lab_7/lab_7.tmp/hdmi_text_controller_v1_0_project/hdmi_text_controller_v1_0_project.srcs/sources_1/ip/clk_wiz_0/clk_wiz_0.xci]
launch_run clk_wiz_0_synth_1
INFO: [IP_Flow 19-6924] IPCACHE: Running cache check for IP inst: clk_wiz_0
INFO: [IP_Flow 19-6922] IPCACHE: Exporting cached entry 9c8a526aac14b868 to dir: c:/users/orion/documents/github/ece385/lab_7/lab_7.tmp/hdmi_text_controller_v1_0_project/hdmi_text_controller_v1_0_project.gen/sources_1/ip/clk_wiz_0
INFO: [IP_Flow 19-6928] IPCACHE: copied cached file c:/users/orion/documents/github/ece385/lab_7/lab_7.tmp/hdmi_text_controller_v1_0_project/hdmi_text_controller_v1_0_project.cache/ip/2022.2/9/c/9c8a526aac14b868/clk_wiz_0.dcp to c:/users/orion/documents/github/ece385/lab_7/lab_7.tmp/hdmi_text_controller_v1_0_project/hdmi_text_controller_v1_0_project.gen/sources_1/ip/clk_wiz_0/clk_wiz_0.dcp.
INFO: [IP_Flow 19-6926] IPCACHE: added file to list for BOM: c:/users/orion/documents/github/ece385/lab_7/lab_7.tmp/hdmi_text_controller_v1_0_project/hdmi_text_controller_v1_0_project.gen/sources_1/ip/clk_wiz_0/clk_wiz_0.dcp
INFO: [IP_Flow 19-6928] IPCACHE: copied cached file c:/users/orion/documents/github/ece385/lab_7/lab_7.tmp/hdmi_text_controller_v1_0_project/hdmi_text_controller_v1_0_project.cache/ip/2022.2/9/c/9c8a526aac14b868/clk_wiz_0_sim_netlist.v to c:/users/orion/documents/github/ece385/lab_7/lab_7.tmp/hdmi_text_controller_v1_0_project/hdmi_text_controller_v1_0_project.gen/sources_1/ip/clk_wiz_0/clk_wiz_0_sim_netlist.v.
INFO: [IP_Flow 19-6926] IPCACHE: added file to list for BOM: c:/users/orion/documents/github/ece385/lab_7/lab_7.tmp/hdmi_text_controller_v1_0_project/hdmi_text_controller_v1_0_project.gen/sources_1/ip/clk_wiz_0/clk_wiz_0_sim_netlist.v
INFO: [IP_Flow 19-6928] IPCACHE: copied cached file c:/users/orion/documents/github/ece385/lab_7/lab_7.tmp/hdmi_text_controller_v1_0_project/hdmi_text_controller_v1_0_project.cache/ip/2022.2/9/c/9c8a526aac14b868/clk_wiz_0_sim_netlist.vhdl to c:/users/orion/documents/github/ece385/lab_7/lab_7.tmp/hdmi_text_controller_v1_0_project/hdmi_text_controller_v1_0_project.gen/sources_1/ip/clk_wiz_0/clk_wiz_0_sim_netlist.vhdl.
INFO: [IP_Flow 19-6926] IPCACHE: added file to list for BOM: c:/users/orion/documents/github/ece385/lab_7/lab_7.tmp/hdmi_text_controller_v1_0_project/hdmi_text_controller_v1_0_project.gen/sources_1/ip/clk_wiz_0/clk_wiz_0_sim_netlist.vhdl
INFO: [IP_Flow 19-6928] IPCACHE: copied cached file c:/users/orion/documents/github/ece385/lab_7/lab_7.tmp/hdmi_text_controller_v1_0_project/hdmi_text_controller_v1_0_project.cache/ip/2022.2/9/c/9c8a526aac14b868/clk_wiz_0_stub.v to c:/users/orion/documents/github/ece385/lab_7/lab_7.tmp/hdmi_text_controller_v1_0_project/hdmi_text_controller_v1_0_project.gen/sources_1/ip/clk_wiz_0/clk_wiz_0_stub.v.
INFO: [IP_Flow 19-6926] IPCACHE: added file to list for BOM: c:/users/orion/documents/github/ece385/lab_7/lab_7.tmp/hdmi_text_controller_v1_0_project/hdmi_text_controller_v1_0_project.gen/sources_1/ip/clk_wiz_0/clk_wiz_0_stub.v
INFO: [IP_Flow 19-6928] IPCACHE: copied cached file c:/users/orion/documents/github/ece385/lab_7/lab_7.tmp/hdmi_text_controller_v1_0_project/hdmi_text_controller_v1_0_project.cache/ip/2022.2/9/c/9c8a526aac14b868/clk_wiz_0_stub.vhdl to c:/users/orion/documents/github/ece385/lab_7/lab_7.tmp/hdmi_text_controller_v1_0_project/hdmi_text_controller_v1_0_project.gen/sources_1/ip/clk_wiz_0/clk_wiz_0_stub.vhdl.
INFO: [IP_Flow 19-6926] IPCACHE: added file to list for BOM: c:/users/orion/documents/github/ece385/lab_7/lab_7.tmp/hdmi_text_controller_v1_0_project/hdmi_text_controller_v1_0_project.gen/sources_1/ip/clk_wiz_0/clk_wiz_0_stub.vhdl
INFO: [IP_Flow 19-4993] Using cached IP synthesis design for IP clk_wiz_0, cache-ID = 9c8a526aac14b868; cache size = 0.464 MB.
INFO: [Vivado 12-4149] The synthesis checkpoint for IP 'c:/users/orion/documents/github/ece385/lab_7/lab_7.tmp/hdmi_text_controller_v1_0_project/hdmi_text_controller_v1_0_project.srcs/sources_1/ip/clk_wiz_0/clk_wiz_0.xci' is already up-to-date
[Tue Oct 29 22:41:05 2024] Launched clk_wiz_0_synth_1...
Run output will be captured here: c:/users/orion/documents/github/ece385/lab_7/lab_7.tmp/hdmi_text_controller_v1_0_project/hdmi_text_controller_v1_0_project.runs/clk_wiz_0_synth_1/runme.log
wait_on_run clk_wiz_0_synth_1

[Tue Oct 29 22:41:05 2024] Waiting for clk_wiz_0_synth_1 to finish...
[Tue Oct 29 22:41:10 2024] Waiting for clk_wiz_0_synth_1 to finish...
[Tue Oct 29 22:41:15 2024] Waiting for clk_wiz_0_synth_1 to finish...
[Tue Oct 29 22:41:20 2024] Waiting for clk_wiz_0_synth_1 to finish...

*** Running vivado
    with args -log clk_wiz_0.vds -m64 -product Vivado -mode batch -messageDb vivado.pb -notrace -source clk_wiz_0.tcl



****** Vivado v2022.2 (64-bit)
  **** SW Build 3671981 on Fri Oct 14 05:00:03 MDT 2022
  **** IP Build 3669848 on Fri Oct 14 08:30:02 MDT 2022
    ** Copyright 1986-2022 Xilinx, Inc. All Rights Reserved.

source clk_wiz_0.tcl -notrace
create_project: Time (s): cpu = 00:00:03 ; elapsed = 00:00:06 . Memory (MB): peak = 381.930 ; gain = 59.047
INFO: [IP_Flow 19-234] Refreshing IP repositories
INFO: [IP_Flow 19-1700] Loaded user IP repository 'c:/Users/Orion/Documents/GitHub/ece385/lab_7/ip_repo/hdmi_text_controller_1_0'.
INFO: [IP_Flow 19-1700] Loaded user IP repository 'c:/Users/Orion/Documents/GitHub/ece385/lab_7/hdmi_tx_1.0'.
INFO: [IP_Flow 19-2313] Loaded Vivado IP repository 'C:/Xilinx/Vivado/2022.2/data/ip'.
WARNING: [IP_Flow 19-4995] The host OS only allows 260 characters in a normal path. The IP cache path is more than 80 characters. If you experience issues with IP caching, please consider changing the IP cache to a location with a shorter path. Alternately consider using the OS subst command to map part of the path to a drive letter. 
Current IP cache path is c:/users/orion/documents/github/ece385/lab_7/lab_7.tmp/hdmi_text_controller_v1_0_project/hdmi_text_controller_v1_0_project.cache/ip 
INFO: [IP_Flow 19-6924] IPCACHE: Running cache check for IP inst: clk_wiz_0
INFO: [IP_Flow 19-6922] IPCACHE: Exporting cached entry 9c8a526aac14b868 to dir: c:/users/orion/documents/github/ece385/lab_7/lab_7.tmp/hdmi_text_controller_v1_0_project/hdmi_text_controller_v1_0_project.runs/clk_wiz_0_synth_1
INFO: [IP_Flow 19-6928] IPCACHE: copied cached file c:/users/orion/documents/github/ece385/lab_7/lab_7.tmp/hdmi_text_controller_v1_0_project/hdmi_text_controller_v1_0_project.cache/ip/2022.2/9/c/9c8a526aac14b868/clk_wiz_0.dcp to c:/users/orion/documents/github/ece385/lab_7/lab_7.tmp/hdmi_text_controller_v1_0_project/hdmi_text_controller_v1_0_project.runs/clk_wiz_0_synth_1/clk_wiz_0.dcp.
INFO: [IP_Flow 19-6928] IPCACHE: copied cached file c:/users/orion/documents/github/ece385/lab_7/lab_7.tmp/hdmi_text_controller_v1_0_project/hdmi_text_controller_v1_0_project.cache/ip/2022.2/9/c/9c8a526aac14b868/clk_wiz_0_sim_netlist.v to c:/users/orion/documents/github/ece385/lab_7/lab_7.tmp/hdmi_text_controller_v1_0_project/hdmi_text_controller_v1_0_project.runs/clk_wiz_0_synth_1/clk_wiz_0_sim_netlist.v.
INFO: [IP_Flow 19-6928] IPCACHE: copied cached file c:/users/orion/documents/github/ece385/lab_7/lab_7.tmp/hdmi_text_controller_v1_0_project/hdmi_text_controller_v1_0_project.cache/ip/2022.2/9/c/9c8a526aac14b868/clk_wiz_0_sim_netlist.vhdl to c:/users/orion/documents/github/ece385/lab_7/lab_7.tmp/hdmi_text_controller_v1_0_project/hdmi_text_controller_v1_0_project.runs/clk_wiz_0_synth_1/clk_wiz_0_sim_netlist.vhdl.
INFO: [IP_Flow 19-6928] IPCACHE: copied cached file c:/users/orion/documents/github/ece385/lab_7/lab_7.tmp/hdmi_text_controller_v1_0_project/hdmi_text_controller_v1_0_project.cache/ip/2022.2/9/c/9c8a526aac14b868/clk_wiz_0_stub.v to c:/users/orion/documents/github/ece385/lab_7/lab_7.tmp/hdmi_text_controller_v1_0_project/hdmi_text_controller_v1_0_project.runs/clk_wiz_0_synth_1/clk_wiz_0_stub.v.
INFO: [IP_Flow 19-6928] IPCACHE: copied cached file c:/users/orion/documents/github/ece385/lab_7/lab_7.tmp/hdmi_text_controller_v1_0_project/hdmi_text_controller_v1_0_project.cache/ip/2022.2/9/c/9c8a526aac14b868/clk_wiz_0_stub.vhdl to c:/users/orion/documents/github/ece385/lab_7/lab_7.tmp/hdmi_text_controller_v1_0_project/hdmi_text_controller_v1_0_project.runs/clk_wiz_0_synth_1/clk_wiz_0_stub.vhdl.
INFO: [IP_Flow 19-4838] Using cached IP synthesis design for IP clk_wiz_0, cache-ID = 9c8a526aac14b868.
INFO: [Common 17-206] Exiting Vivado at Tue Oct 29 22:41:21 2024...
[Tue Oct 29 22:41:25 2024] clk_wiz_0_synth_1 finished
wait_on_runs: Time (s): cpu = 00:00:02 ; elapsed = 00:00:20 . Memory (MB): peak = 1945.980 ; gain = 91.262
launch_simulation
Command: launch_simulation 
INFO: [Vivado 12-12493] Simulation top is 'hdmi_text_controller_tb'
WARNING: [Vivado 12-13340] Unable to auto find GCC executables from simulator install path! (path not set)
WARNING: [Vivado 12-13277] Compiled library path does not exist: ''
INFO: [Vivado 12-5698] Checking validity of IPs in the design for the 'XSim' simulator...
INFO: [Vivado 12-5682] Launching behavioral simulation in 'c:/users/orion/documents/github/ece385/lab_7/lab_7.tmp/hdmi_text_controller_v1_0_project/hdmi_text_controller_v1_0_project.sim/sim_1/behav/xsim'
INFO: [Vivado 12-4795] Using compiled simulation libraries for IPs
INFO: [SIM-utils-51] Simulation object is 'sim_1'
INFO: [SIM-utils-72] Using boost library from 'C:/Xilinx/Vivado/2022.2/tps/boost_1_72_0'
INFO: [USF-XSim-7] Finding pre-compiled libraries...
INFO: [USF-XSim-11] File 'C:/Xilinx/Vivado/2022.2/data/xsim/xsim.ini' copied to run dir:'c:/users/orion/documents/github/ece385/lab_7/lab_7.tmp/hdmi_text_controller_v1_0_project/hdmi_text_controller_v1_0_project.sim/sim_1/behav/xsim'
INFO: [SIM-utils-54] Inspecting design source files for 'hdmi_text_controller_tb' in fileset 'sim_1'...
INFO: [USF-XSim-97] Finding global include files...
INFO: [USF-XSim-98] Fetching design files from 'sim_1'...
INFO: [USF-XSim-2] XSim::Compile design
INFO: [USF-XSim-61] Executing 'COMPILE and ANALYZE' step in 'c:/users/orion/documents/github/ece385/lab_7/lab_7.tmp/hdmi_text_controller_v1_0_project/hdmi_text_controller_v1_0_project.sim/sim_1/behav/xsim'
"xvlog --incr --relax -L uvm -prj hdmi_text_controller_tb_vlog.prj"
ERROR: [XSIM 43-4307] Invalid entry in the project file, expecting a file name but specified path '../../../../hdmi_text_controller_v1_0_project.gen/sources_1/ip/clk_wiz_0' represents a directory name.
ERROR: [XSIM 43-3217] hdmi_text_controller_tb_vlog.prj (line 3): Incorrect project file syntax. Correct syntax is one of: vhdl <worklib> <file>, verilog <worklib> <file> [<file> ...] [[-d <macro>] ...] [[-i <include>] ...], or NOSORT. Presence of NOSORT on a line of its own disables file order sorting.
INFO: [USF-XSim-69] 'compile' step finished in '3' seconds
INFO: [USF-XSim-99] Step results log file:'C:/Users/Orion/Documents/GitHub/ece385/lab_7/lab_7.tmp/hdmi_text_controller_v1_0_project/hdmi_text_controller_v1_0_project.sim/sim_1/behav/xsim/xvlog.log'
ERROR: [USF-XSim-62] 'compile' step failed with error(s). Please check the Tcl console output or 'C:/Users/Orion/Documents/GitHub/ece385/lab_7/lab_7.tmp/hdmi_text_controller_v1_0_project/hdmi_text_controller_v1_0_project.sim/sim_1/behav/xsim/xvlog.log' file for more information.
ERROR: [Vivado 12-4473] Detected error while running simulation. Please correct the issue and retry this operation.
launch_simulation: Time (s): cpu = 00:00:01 ; elapsed = 00:00:06 . Memory (MB): peak = 1945.980 ; gain = 0.000
ERROR: [Common 17-39] 'launch_simulation' failed due to earlier errors.
convert_ips [get_files  c:/users/orion/documents/github/ece385/lab_7/lab_7.tmp/hdmi_text_controller_v1_0_project/hdmi_text_controller_v1_0_project.srcs/sources_1/ip/clk_wiz_0/clk_wiz_0.xci]
INFO: [filemgmt 56-106] Converting IP 'clk_wiz_0' into core container format.
INFO: [filemgmt 56-101] Creating core container 'c:/users/orion/documents/github/ece385/lab_7/lab_7.tmp/hdmi_text_controller_v1_0_project/hdmi_text_controller_v1_0_project.srcs/sources_1/ip/clk_wiz_0.xcix' for IP 'clk_wiz_0'
export_ip_user_files -of_objects  [get_files  c:/users/orion/documents/github/ece385/lab_7/lab_7.tmp/hdmi_text_controller_v1_0_project/hdmi_text_controller_v1_0_project.srcs/sources_1/ip/clk_wiz_0/clk_wiz_0.xci] -sync -lib_map_path [list {modelsim=c:/users/orion/documents/github/ece385/lab_7/lab_7.tmp/hdmi_text_controller_v1_0_project/hdmi_text_controller_v1_0_project.cache/compile_simlib/modelsim} {questa=c:/users/orion/documents/github/ece385/lab_7/lab_7.tmp/hdmi_text_controller_v1_0_project/hdmi_text_controller_v1_0_project.cache/compile_simlib/questa} {riviera=c:/users/orion/documents/github/ece385/lab_7/lab_7.tmp/hdmi_text_controller_v1_0_project/hdmi_text_controller_v1_0_project.cache/compile_simlib/riviera} {activehdl=c:/users/orion/documents/github/ece385/lab_7/lab_7.tmp/hdmi_text_controller_v1_0_project/hdmi_text_controller_v1_0_project.cache/compile_simlib/activehdl}] -force -quiet
launch_simulation
Command: launch_simulation 
INFO: [Vivado 12-12493] Simulation top is 'hdmi_text_controller_tb'
WARNING: [Vivado 12-13340] Unable to auto find GCC executables from simulator install path! (path not set)
WARNING: [Vivado 12-13277] Compiled library path does not exist: ''
INFO: [Vivado 12-5698] Checking validity of IPs in the design for the 'XSim' simulator...
INFO: [Vivado 12-5682] Launching behavioral simulation in 'c:/users/orion/documents/github/ece385/lab_7/lab_7.tmp/hdmi_text_controller_v1_0_project/hdmi_text_controller_v1_0_project.sim/sim_1/behav/xsim'
INFO: [Vivado 12-4795] Using compiled simulation libraries for IPs
INFO: [SIM-utils-51] Simulation object is 'sim_1'
INFO: [SIM-utils-72] Using boost library from 'C:/Xilinx/Vivado/2022.2/tps/boost_1_72_0'
INFO: [USF-XSim-7] Finding pre-compiled libraries...
INFO: [USF-XSim-11] File 'C:/Xilinx/Vivado/2022.2/data/xsim/xsim.ini' copied to run dir:'c:/users/orion/documents/github/ece385/lab_7/lab_7.tmp/hdmi_text_controller_v1_0_project/hdmi_text_controller_v1_0_project.sim/sim_1/behav/xsim'
INFO: [SIM-utils-54] Inspecting design source files for 'hdmi_text_controller_tb' in fileset 'sim_1'...
INFO: [USF-XSim-97] Finding global include files...
INFO: [USF-XSim-98] Fetching design files from 'sim_1'...
INFO: [USF-XSim-2] XSim::Compile design
INFO: [USF-XSim-61] Executing 'COMPILE and ANALYZE' step in 'c:/users/orion/documents/github/ece385/lab_7/lab_7.tmp/hdmi_text_controller_v1_0_project/hdmi_text_controller_v1_0_project.sim/sim_1/behav/xsim'
"xvlog --incr --relax -L uvm -prj hdmi_text_controller_tb_vlog.prj"
ERROR: [XSIM 43-4316] Can not find file: ../../../../hdmi_text_controller_v1_0_project.srcs/sources_1/ip/clk_wiz_0
INFO: [USF-XSim-69] 'compile' step finished in '3' seconds
INFO: [USF-XSim-99] Step results log file:'C:/Users/Orion/Documents/GitHub/ece385/lab_7/lab_7.tmp/hdmi_text_controller_v1_0_project/hdmi_text_controller_v1_0_project.sim/sim_1/behav/xsim/xvlog.log'
ERROR: [USF-XSim-62] 'compile' step failed with error(s). Please check the Tcl console output or 'C:/Users/Orion/Documents/GitHub/ece385/lab_7/lab_7.tmp/hdmi_text_controller_v1_0_project/hdmi_text_controller_v1_0_project.sim/sim_1/behav/xsim/xvlog.log' file for more information.
ERROR: [Vivado 12-4473] Detected error while running simulation. Please correct the issue and retry this operation.
launch_simulation: Time (s): cpu = 00:00:00 ; elapsed = 00:00:06 . Memory (MB): peak = 1945.980 ; gain = 0.000
ERROR: [Common 17-39] 'launch_simulation' failed due to earlier errors.
report_ip_status -name ip_status 
ipx::merge_project_changes files [ipx::current_core]
ERROR: [IP_Flow 19-4964] hdmi_tx_0 has core container option enabled. This is not supported for packaging. Please disable this option.
ERROR: [Common 17-39] 'ipx::merge_project_changes' failed due to earlier errors.
INFO: [filemgmt 56-101] Creating core container 'c:/Users/Orion/Documents/GitHub/ece385/lab_7/ip_repo/hdmi_text_controller_1_0/hdmi_text_controller_0_5.xcix' for IP 'hdmi_text_controller_0'
ipx::add_file C:/Users/Orion/Documents/GitHub/ece385/lab_7/ip_repo/hdmi_text_controller_1_0/src/clk_wiz_0.xcix [ipx::get_file_groups xilinx_verilogbehavioralsimulation -of_objects [ipx::current_core]]
set_property type unknown [ipx::get_files src/clk_wiz_0.xcix -of_objects [ipx::get_file_groups xilinx_verilogbehavioralsimulation -of_objects [ipx::current_core]]]
ipx::add_file C:/Users/Orion/Documents/GitHub/ece385/lab_7/ip_repo/hdmi_text_controller_1_0/src/hdmi_tx_0.xcix [ipx::get_file_groups xilinx_verilogbehavioralsimulation -of_objects [ipx::current_core]]
set_property type unknown [ipx::get_files src/hdmi_tx_0.xcix -of_objects [ipx::get_file_groups xilinx_verilogbehavioralsimulation -of_objects [ipx::current_core]]]
ipx::add_file C:/Users/Orion/Documents/GitHub/ece385/lab_7/ip_repo/hdmi_text_controller_1_0/src/Color_Mapper.sv [ipx::get_file_groups xilinx_verilogbehavioralsimulation -of_objects [ipx::current_core]]
set_property type systemVerilogSource [ipx::get_files src/Color_Mapper.sv -of_objects [ipx::get_file_groups xilinx_verilogbehavioralsimulation -of_objects [ipx::current_core]]]
set_property library_name xil_defaultlib [ipx::get_files src/Color_Mapper.sv -of_objects [ipx::get_file_groups xilinx_verilogbehavioralsimulation -of_objects [ipx::current_core]]]
ipx::add_file C:/Users/Orion/Documents/GitHub/ece385/lab_7/ip_repo/hdmi_text_controller_1_0/src/hdmi_text_controller_v1_0_tb.sv [ipx::get_file_groups xilinx_verilogbehavioralsimulation -of_objects [ipx::current_core]]
set_property type systemVerilogSource [ipx::get_files src/hdmi_text_controller_v1_0_tb.sv -of_objects [ipx::get_file_groups xilinx_verilogbehavioralsimulation -of_objects [ipx::current_core]]]
set_property library_name xil_defaultlib [ipx::get_files src/hdmi_text_controller_v1_0_tb.sv -of_objects [ipx::get_file_groups xilinx_verilogbehavioralsimulation -of_objects [ipx::current_core]]]
ipx::add_file C:/Users/Orion/Documents/GitHub/ece385/lab_7/ip_repo/hdmi_text_controller_1_0/src/VGA_controller.sv [ipx::get_file_groups xilinx_verilogbehavioralsimulation -of_objects [ipx::current_core]]
set_property type systemVerilogSource [ipx::get_files src/VGA_controller.sv -of_objects [ipx::get_file_groups xilinx_verilogbehavioralsimulation -of_objects [ipx::current_core]]]
set_property library_name xil_defaultlib [ipx::get_files src/VGA_controller.sv -of_objects [ipx::get_file_groups xilinx_verilogbehavioralsimulation -of_objects [ipx::current_core]]]
ipx::merge_project_changes files [ipx::current_core]
ERROR: [IP_Flow 19-4964] hdmi_tx_0 has core container option enabled. This is not supported for packaging. Please disable this option.
ERROR: [Common 17-39] 'ipx::merge_project_changes' failed due to earlier errors.
INFO: [filemgmt 56-101] Creating core container 'c:/Users/Orion/Documents/GitHub/ece385/lab_7/ip_repo/hdmi_text_controller_1_0/hdmi_text_controller_0_6.xcix' for IP 'hdmi_text_controller_0'
ipx::add_file C:/Users/Orion/Documents/GitHub/ece385/lab_7/ip_repo/hdmi_text_controller_1_0/src/Color_Mapper.sv [ipx::get_file_groups xilinx_verilogsynthesis -of_objects [ipx::current_core]]
set_property type systemVerilogSource [ipx::get_files src/Color_Mapper.sv -of_objects [ipx::get_file_groups xilinx_verilogsynthesis -of_objects [ipx::current_core]]]
set_property library_name xil_defaultlib [ipx::get_files src/Color_Mapper.sv -of_objects [ipx::get_file_groups xilinx_verilogsynthesis -of_objects [ipx::current_core]]]
ipx::add_file C:/Users/Orion/Documents/GitHub/ece385/lab_7/ip_repo/hdmi_text_controller_1_0/src/VGA_controller.sv [ipx::get_file_groups xilinx_verilogsynthesis -of_objects [ipx::current_core]]
set_property type systemVerilogSource [ipx::get_files src/VGA_controller.sv -of_objects [ipx::get_file_groups xilinx_verilogsynthesis -of_objects [ipx::current_core]]]
set_property library_name xil_defaultlib [ipx::get_files src/VGA_controller.sv -of_objects [ipx::get_file_groups xilinx_verilogsynthesis -of_objects [ipx::current_core]]]
ipx::merge_project_changes files [ipx::current_core]
ERROR: [IP_Flow 19-4964] hdmi_tx_0 has core container option enabled. This is not supported for packaging. Please disable this option.
ERROR: [Common 17-39] 'ipx::merge_project_changes' failed due to earlier errors.
INFO: [filemgmt 56-101] Creating core container 'c:/Users/Orion/Documents/GitHub/ece385/lab_7/ip_repo/hdmi_text_controller_1_0/hdmi_text_controller_0_7.xcix' for IP 'hdmi_text_controller_0'
launch_simulation
Command: launch_simulation 
INFO: [Vivado 12-12493] Simulation top is 'hdmi_text_controller_tb'
WARNING: [Vivado 12-13340] Unable to auto find GCC executables from simulator install path! (path not set)
WARNING: [Vivado 12-13277] Compiled library path does not exist: ''
INFO: [Vivado 12-5698] Checking validity of IPs in the design for the 'XSim' simulator...
INFO: [Vivado 12-5682] Launching behavioral simulation in 'c:/users/orion/documents/github/ece385/lab_7/lab_7.tmp/hdmi_text_controller_v1_0_project/hdmi_text_controller_v1_0_project.sim/sim_1/behav/xsim'
INFO: [Vivado 12-4795] Using compiled simulation libraries for IPs
INFO: [SIM-utils-51] Simulation object is 'sim_1'
INFO: [SIM-utils-72] Using boost library from 'C:/Xilinx/Vivado/2022.2/tps/boost_1_72_0'
INFO: [USF-XSim-7] Finding pre-compiled libraries...
INFO: [USF-XSim-11] File 'C:/Xilinx/Vivado/2022.2/data/xsim/xsim.ini' copied to run dir:'c:/users/orion/documents/github/ece385/lab_7/lab_7.tmp/hdmi_text_controller_v1_0_project/hdmi_text_controller_v1_0_project.sim/sim_1/behav/xsim'
INFO: [SIM-utils-54] Inspecting design source files for 'hdmi_text_controller_tb' in fileset 'sim_1'...
INFO: [USF-XSim-97] Finding global include files...
INFO: [USF-XSim-98] Fetching design files from 'sim_1'...
INFO: [USF-XSim-2] XSim::Compile design
INFO: [USF-XSim-61] Executing 'COMPILE and ANALYZE' step in 'c:/users/orion/documents/github/ece385/lab_7/lab_7.tmp/hdmi_text_controller_v1_0_project/hdmi_text_controller_v1_0_project.sim/sim_1/behav/xsim'
"xvlog --incr --relax -L uvm -prj hdmi_text_controller_tb_vlog.prj"
ERROR: [XSIM 43-4316] Can not find file: ../../../../hdmi_text_controller_v1_0_project.srcs/sources_1/ip/clk_wiz_0
INFO: [USF-XSim-69] 'compile' step finished in '3' seconds
INFO: [USF-XSim-99] Step results log file:'C:/Users/Orion/Documents/GitHub/ece385/lab_7/lab_7.tmp/hdmi_text_controller_v1_0_project/hdmi_text_controller_v1_0_project.sim/sim_1/behav/xsim/xvlog.log'
ERROR: [USF-XSim-62] 'compile' step failed with error(s). Please check the Tcl console output or 'C:/Users/Orion/Documents/GitHub/ece385/lab_7/lab_7.tmp/hdmi_text_controller_v1_0_project/hdmi_text_controller_v1_0_project.sim/sim_1/behav/xsim/xvlog.log' file for more information.
ERROR: [Vivado 12-4473] Detected error while running simulation. Please correct the issue and retry this operation.
launch_simulation: Time (s): cpu = 00:00:02 ; elapsed = 00:00:06 . Memory (MB): peak = 1945.980 ; gain = 0.000
ERROR: [Common 17-39] 'launch_simulation' failed due to earlier errors.
launch_simulation
Command: launch_simulation 
INFO: [Vivado 12-12493] Simulation top is 'hdmi_text_controller_tb'
WARNING: [Vivado 12-13340] Unable to auto find GCC executables from simulator install path! (path not set)
WARNING: [Vivado 12-13277] Compiled library path does not exist: ''
INFO: [Vivado 12-5698] Checking validity of IPs in the design for the 'XSim' simulator...
INFO: [Vivado 12-5682] Launching behavioral simulation in 'c:/users/orion/documents/github/ece385/lab_7/lab_7.tmp/hdmi_text_controller_v1_0_project/hdmi_text_controller_v1_0_project.sim/sim_1/behav/xsim'
INFO: [Vivado 12-4795] Using compiled simulation libraries for IPs
INFO: [SIM-utils-51] Simulation object is 'sim_1'
INFO: [SIM-utils-72] Using boost library from 'C:/Xilinx/Vivado/2022.2/tps/boost_1_72_0'
INFO: [USF-XSim-7] Finding pre-compiled libraries...
INFO: [USF-XSim-11] File 'C:/Xilinx/Vivado/2022.2/data/xsim/xsim.ini' copied to run dir:'c:/users/orion/documents/github/ece385/lab_7/lab_7.tmp/hdmi_text_controller_v1_0_project/hdmi_text_controller_v1_0_project.sim/sim_1/behav/xsim'
INFO: [SIM-utils-54] Inspecting design source files for 'hdmi_text_controller_tb' in fileset 'sim_1'...
WARNING: [SIM-utils-65] Failed to find the IP component XML file for 'clk_wiz_0' from IP_OUTPUT_DIR property! (file does not exist:'c:/users/orion/documents/github/ece385/lab_7/lab_7.tmp/hdmi_text_controller_v1_0_project/hdmi_text_controller_v1_0_project.srcs/sources_1/ip/clk_wiz_0/clk_wiz_0.xml')
WARNING: [SIM-utils-52] IP component XML file does not exist: 'c:/users/orion/documents/github/ece385/lab_7/lab_7.tmp/hdmi_text_controller_v1_0_project/hdmi_text_controller_v1_0_project.sim/sim_1/behav/xsim/_tmp_ip_comp_/clk_wiz_0/clk_wiz_0.xml'
INFO: [USF-XSim-97] Finding global include files...
INFO: [USF-XSim-98] Fetching design files from 'sim_1'...
INFO: [USF-XSim-2] XSim::Compile design
INFO: [USF-XSim-61] Executing 'COMPILE and ANALYZE' step in 'c:/users/orion/documents/github/ece385/lab_7/lab_7.tmp/hdmi_text_controller_v1_0_project/hdmi_text_controller_v1_0_project.sim/sim_1/behav/xsim'
"xvlog --incr --relax -L uvm -prj hdmi_text_controller_tb_vlog.prj"
ERROR: [XSIM 43-4307] Invalid entry in the project file, expecting a file name but specified path '../../../../hdmi_text_controller_v1_0_project.srcs/sources_1/ip/clk_wiz_0' represents a directory name.
ERROR: [XSIM 43-3217] hdmi_text_controller_tb_vlog.prj (line 3): Incorrect project file syntax. Correct syntax is one of: vhdl <worklib> <file>, verilog <worklib> <file> [<file> ...] [[-d <macro>] ...] [[-i <include>] ...], or NOSORT. Presence of NOSORT on a line of its own disables file order sorting.
INFO: [USF-XSim-69] 'compile' step finished in '3' seconds
INFO: [USF-XSim-99] Step results log file:'C:/Users/Orion/Documents/GitHub/ece385/lab_7/lab_7.tmp/hdmi_text_controller_v1_0_project/hdmi_text_controller_v1_0_project.sim/sim_1/behav/xsim/xvlog.log'
ERROR: [USF-XSim-62] 'compile' step failed with error(s). Please check the Tcl console output or 'C:/Users/Orion/Documents/GitHub/ece385/lab_7/lab_7.tmp/hdmi_text_controller_v1_0_project/hdmi_text_controller_v1_0_project.sim/sim_1/behav/xsim/xvlog.log' file for more information.
ERROR: [Vivado 12-4473] Detected error while running simulation. Please correct the issue and retry this operation.
launch_simulation: Time (s): cpu = 00:00:01 ; elapsed = 00:00:05 . Memory (MB): peak = 1945.980 ; gain = 0.000
ERROR: [Common 17-39] 'launch_simulation' failed due to earlier errors.
set_property core_revision 4 [ipx::current_core]
ipx::update_source_project_archive -component [ipx::current_core]
ipx::create_xgui_files [ipx::current_core]
ipx::update_checksums [ipx::current_core]
ipx::check_integrity [ipx::current_core]
WARNING: [IP_Flow 19-5661] Bus Interface 'hdmi_clk_n' does not have any bus interfaces associated with it.
WARNING: [IP_Flow 19-4751] Bus Interface 'hdmi_clk_n': FREQ_HZ bus parameter is missing for output clock interface.
WARNING: [IP_Flow 19-5661] Bus Interface 'hdmi_clk_p' does not have any bus interfaces associated with it.
WARNING: [IP_Flow 19-4751] Bus Interface 'hdmi_clk_p': FREQ_HZ bus parameter is missing for output clock interface.
WARNING: [IP_Flow 19-3158] Bus Interface 'AXI': FREQ_HZ bus parameter missing from AXI interface when interface is not associated to a clock.
WARNING: [IP_Flow 19-1965] Bus Interface 'HDMI': A port map to the required logical port "DDC_SCL_I" of the bus abstraction "xilinx.com:interface:hdmi_rtl:2.0" is missing.
WARNING: [IP_Flow 19-1965] Bus Interface 'HDMI': A port map to the required logical port "DDC_SCL_O" of the bus abstraction "xilinx.com:interface:hdmi_rtl:2.0" is missing.
WARNING: [IP_Flow 19-1965] Bus Interface 'HDMI': A port map to the required logical port "DDC_SCL_T" of the bus abstraction "xilinx.com:interface:hdmi_rtl:2.0" is missing.
WARNING: [IP_Flow 19-1965] Bus Interface 'HDMI': A port map to the required logical port "DDC_SDA_I" of the bus abstraction "xilinx.com:interface:hdmi_rtl:2.0" is missing.
WARNING: [IP_Flow 19-1965] Bus Interface 'HDMI': A port map to the required logical port "DDC_SDA_O" of the bus abstraction "xilinx.com:interface:hdmi_rtl:2.0" is missing.
WARNING: [IP_Flow 19-1965] Bus Interface 'HDMI': A port map to the required logical port "DDC_SDA_T" of the bus abstraction "xilinx.com:interface:hdmi_rtl:2.0" is missing.
WARNING: [IP_Flow 19-1965] Bus Interface 'HDMI': A port map to the required logical port "CABLE_CONNECT" of the bus abstraction "xilinx.com:interface:hdmi_rtl:2.0" is missing.
WARNING: [IP_Flow 19-1965] Bus Interface 'HDMI': A port map to the required logical port "HPD" of the bus abstraction "xilinx.com:interface:hdmi_rtl:2.0" is missing.
WARNING: [IP_Flow 19-1980] The memory map 'S00_AXI' is not referenced by any bus interface.
WARNING: [IP_Flow 19-991] Unrecognized or unsupported file 'src/clk_wiz_0.xcix' found in file group 'Verilog Simulation'.
Resolution: Remove the file from the specified file group.
WARNING: [IP_Flow 19-991] Unrecognized or unsupported file 'src/hdmi_tx_0.xcix' found in file group 'Verilog Simulation'.
Resolution: Remove the file from the specified file group.
INFO: [IP_Flow 19-2181] Payment Required is not set for this core.
INFO: [IP_Flow 19-2187] The Product Guide file is missing.
INFO: [Ipptcl 7-1486] check_integrity: Integrity check passed.
ipx::save_core [ipx::current_core]
INFO: [filemgmt 56-101] Creating core container 'c:/Users/Orion/Documents/GitHub/ece385/lab_7/ip_repo/hdmi_text_controller_1_0/hdmi_text_controller_0_7.xcix' for IP 'hdmi_text_controller_0'
ipx::move_temp_component_back -component [ipx::current_core]
close_project -delete
update_ip_catalog -rebuild -repo_path c:/Users/Orion/Documents/GitHub/ece385/lab_7/ip_repo/hdmi_text_controller_1_0
INFO: [IP_Flow 19-725] Reloaded user IP repository 'c:/Users/Orion/Documents/GitHub/ece385/lab_7/ip_repo/hdmi_text_controller_1_0'
open_bd_design {C:/Users/Orion/Documents/GitHub/ece385/lab_7/lab_7.srcs/sources_1/bd/mb_block/mb_block_i.bd}
open_bd_design {C:/Users/Orion/Documents/GitHub/ece385/lab_7/lab_7.srcs/sources_1/bd/mb_block/mb_block_i.bd}
ipx::edit_ip_in_project -upgrade true -name hdmi_text_controller_v1_0_project -directory C:/Users/Orion/Documents/GitHub/ece385/lab_7/lab_7.tmp/hdmi_text_controller_v1_0_project c:/Users/Orion/Documents/GitHub/ece385/lab_7/ip_repo/hdmi_text_controller_1_0/component.xml
INFO: [ProjectBase 1-489] The host OS only allows 260 characters in a normal path. The project is stored in a path with more than 80 characters. If you experience issues with IP, Block Designs, or files not being found, please consider moving the project to a location with a shorter path. Alternately consider using the OS subst command to map part of the path to a drive letter.
Current project path is 'c:/users/orion/documents/github/ece385/lab_7/lab_7.tmp/hdmi_text_controller_v1_0_project'
INFO: [IP_Flow 19-234] Refreshing IP repositories
INFO: [IP_Flow 19-1704] No user IP repositories specified
INFO: [IP_Flow 19-2313] Loaded Vivado IP repository 'C:/Xilinx/Vivado/2022.2/data/ip'.
WARNING: [Board 49-26] cannot add Board Part xilinx.com:k26c:part0:1.2 available at C:/Xilinx/Vivado/2022.2/data/xhub/boards/XilinxBoardStore/boards/Xilinx/k26c/1.2/board.xml as part xck26-sfvc784-2lv-c specified in board_part file is either invalid or not available
WARNING: [Board 49-26] cannot add Board Part xilinx.com:k26c:part0:1.3 available at C:/Xilinx/Vivado/2022.2/data/xhub/boards/XilinxBoardStore/boards/Xilinx/k26c/1.3/board.xml as part xck26-sfvc784-2lv-c specified in board_part file is either invalid or not available
WARNING: [Board 49-26] cannot add Board Part xilinx.com:k26c:part0:1.4 available at C:/Xilinx/Vivado/2022.2/data/xhub/boards/XilinxBoardStore/boards/Xilinx/k26c/1.4/board.xml as part xck26-sfvc784-2lv-c specified in board_part file is either invalid or not available
WARNING: [Board 49-26] cannot add Board Part xilinx.com:k26i:part0:1.2 available at C:/Xilinx/Vivado/2022.2/data/xhub/boards/XilinxBoardStore/boards/Xilinx/k26i/1.2/board.xml as part xck26-sfvc784-2lvi-i specified in board_part file is either invalid or not available
WARNING: [Board 49-26] cannot add Board Part xilinx.com:k26i:part0:1.3 available at C:/Xilinx/Vivado/2022.2/data/xhub/boards/XilinxBoardStore/boards/Xilinx/k26i/1.3/board.xml as part xck26-sfvc784-2lvi-i specified in board_part file is either invalid or not available
WARNING: [Board 49-26] cannot add Board Part xilinx.com:k26i:part0:1.4 available at C:/Xilinx/Vivado/2022.2/data/xhub/boards/XilinxBoardStore/boards/Xilinx/k26i/1.4/board.xml as part xck26-sfvc784-2lvi-i specified in board_part file is either invalid or not available
WARNING: [Board 49-26] cannot add Board Part xilinx.com:kcu105:part0:1.6 available at C:/Xilinx/Vivado/2022.2/data/xhub/boards/XilinxBoardStore/boards/Xilinx/kcu105/1.6/board.xml as part xcku040-ffva1156-2-e specified in board_part file is either invalid or not available
WARNING: [Board 49-26] cannot add Board Part xilinx.com:kcu105:part0:1.7 available at C:/Xilinx/Vivado/2022.2/data/xhub/boards/XilinxBoardStore/boards/Xilinx/kcu105/1.7/board.xml as part xcku040-ffva1156-2-e specified in board_part file is either invalid or not available
WARNING: [Board 49-26] cannot add Board Part xilinx.com:kcu116:part0:1.4 available at C:/Xilinx/Vivado/2022.2/data/xhub/boards/XilinxBoardStore/boards/Xilinx/kcu116/1.4/board.xml as part xcku5p-ffvb676-2-e specified in board_part file is either invalid or not available
WARNING: [Board 49-26] cannot add Board Part xilinx.com:kcu116:part0:1.5 available at C:/Xilinx/Vivado/2022.2/data/xhub/boards/XilinxBoardStore/boards/Xilinx/kcu116/1.5/board.xml as part xcku5p-ffvb676-2-e specified in board_part file is either invalid or not available
WARNING: [Board 49-26] cannot add Board Part xilinx.com:kcu1500:part0:1.2 available at C:/Xilinx/Vivado/2022.2/data/xhub/boards/XilinxBoardStore/boards/Xilinx/kcu1500/1.2/board.xml as part xcku115-flvb2104-2-e specified in board_part file is either invalid or not available
WARNING: [Board 49-26] cannot add Board Part xilinx.com:kr260_som:part0:1.0 available at C:/Xilinx/Vivado/2022.2/data/xhub/boards/XilinxBoardStore/boards/Xilinx/kr260_som/1.0/board.xml as part xck26-sfvc784-2lv-c specified in board_part file is either invalid or not available
WARNING: [Board 49-26] cannot add Board Part xilinx.com:kr260_som:part0:1.1 available at C:/Xilinx/Vivado/2022.2/data/xhub/boards/XilinxBoardStore/boards/Xilinx/kr260_som/1.1/board.xml as part xck26-sfvc784-2lv-c specified in board_part file is either invalid or not available
WARNING: [Board 49-26] cannot add Board Part xilinx.com:kv260_som:part0:1.2 available at C:/Xilinx/Vivado/2022.2/data/xhub/boards/XilinxBoardStore/boards/Xilinx/kv260_som/1.2/board.xml as part xck26-sfvc784-2lv-c specified in board_part file is either invalid or not available
WARNING: [Board 49-26] cannot add Board Part xilinx.com:kv260_som:part0:1.3 available at C:/Xilinx/Vivado/2022.2/data/xhub/boards/XilinxBoardStore/boards/Xilinx/kv260_som/1.3/board.xml as part xck26-sfvc784-2lv-c specified in board_part file is either invalid or not available
WARNING: [Board 49-26] cannot add Board Part xilinx.com:kv260_som:part0:1.4 available at C:/Xilinx/Vivado/2022.2/data/xhub/boards/XilinxBoardStore/boards/Xilinx/kv260_som/1.4/board.xml as part xck26-sfvc784-2lv-c specified in board_part file is either invalid or not available
WARNING: [Board 49-26] cannot add Board Part xilinx.com:vck190:part0:2.2 available at C:/Xilinx/Vivado/2022.2/data/xhub/boards/XilinxBoardStore/boards/Xilinx/vck190/production/2.2/board.xml as part xcvc1902-vsva2197-2mp-e-s specified in board_part file is either invalid or not available
WARNING: [Board 49-26] cannot add Board Part xilinx.com:vck190:part0:3.0 available at C:/Xilinx/Vivado/2022.2/data/xhub/boards/XilinxBoardStore/boards/Xilinx/vck190/production/3.0/board.xml as part xcvc1902-vsva2197-2mp-e-s specified in board_part file is either invalid or not available
WARNING: [Board 49-26] cannot add Board Part xilinx.com:vck190:part0:3.1 available at C:/Xilinx/Vivado/2022.2/data/xhub/boards/XilinxBoardStore/boards/Xilinx/vck190/production/3.1/board.xml as part xcvc1902-vsva2197-2mp-e-s specified in board_part file is either invalid or not available
WARNING: [Board 49-26] cannot add Board Part xilinx.com:vck190_newl:part0:1.0 available at C:/Xilinx/Vivado/2022.2/data/xhub/boards/XilinxBoardStore/boards/Xilinx/vck190_newl/production/1.0/board.xml as part xcvc1902-vsva2197-2mp-e-s specified in board_part file is either invalid or not available
WARNING: [Board 49-26] cannot add Board Part xilinx.com:vcu108:part0:1.6 available at C:/Xilinx/Vivado/2022.2/data/xhub/boards/XilinxBoardStore/boards/Xilinx/vcu108/1.6/board.xml as part xcvu095-ffva2104-2-e specified in board_part file is either invalid or not available
WARNING: [Board 49-26] cannot add Board Part xilinx.com:vcu108:part0:1.7 available at C:/Xilinx/Vivado/2022.2/data/xhub/boards/XilinxBoardStore/boards/Xilinx/vcu108/1.7/board.xml as part xcvu095-ffva2104-2-e specified in board_part file is either invalid or not available
WARNING: [Board 49-26] cannot add Board Part xilinx.com:vcu110:part0:1.4 available at C:/Xilinx/Vivado/2022.2/data/xhub/boards/XilinxBoardStore/boards/Xilinx/vcu110/1.4/board.xml as part xcvu190-flgc2104-2-e specified in board_part file is either invalid or not available
WARNING: [Board 49-26] cannot add Board Part xilinx.com:vcu118:part0:2.0 available at C:/Xilinx/Vivado/2022.2/data/xhub/boards/XilinxBoardStore/boards/Xilinx/vcu118/2.0/board.xml as part xcvu9p-flga2104-2l-e specified in board_part file is either invalid or not available
WARNING: [Board 49-26] cannot add Board Part xilinx.com:vcu118:part0:2.3 available at C:/Xilinx/Vivado/2022.2/data/xhub/boards/XilinxBoardStore/boards/Xilinx/vcu118/2.3/board.xml as part xcvu9p-flga2104-2l-e specified in board_part file is either invalid or not available
WARNING: [Board 49-26] cannot add Board Part xilinx.com:vcu118:part0:2.4 available at C:/Xilinx/Vivado/2022.2/data/xhub/boards/XilinxBoardStore/boards/Xilinx/vcu118/2.4/board.xml as part xcvu9p-flga2104-2l-e specified in board_part file is either invalid or not available
WARNING: [Board 49-26] cannot add Board Part xilinx.com:vcu128:part0:1.0 available at C:/Xilinx/Vivado/2022.2/data/xhub/boards/XilinxBoardStore/boards/Xilinx/vcu128/production/1.0/board.xml as part xcvu37p-fsvh2892-2l-e specified in board_part file is either invalid or not available
WARNING: [Board 49-26] cannot add Board Part xilinx.com:vcu129:part0:1.0 available at C:/Xilinx/Vivado/2022.2/data/xhub/boards/XilinxBoardStore/boards/Xilinx/vcu129/production/1.0/board.xml as part xcvu29p-fsga2577-2l-e specified in board_part file is either invalid or not available
WARNING: [Board 49-26] cannot add Board Part xilinx.com:vcu1525:part0:1.3 available at C:/Xilinx/Vivado/2022.2/data/xhub/boards/XilinxBoardStore/boards/Xilinx/vcu1525/1.3/board.xml as part xcvu9p-fsgd2104-2l-e specified in board_part file is either invalid or not available
WARNING: [Board 49-26] cannot add Board Part xilinx.com:vek280_es:part0:1.0 available at C:/Xilinx/Vivado/2022.2/data/xhub/boards/XilinxBoardStore/boards/Xilinx/vek280/es/1.0/board.xml as part xcve2802-vsvh1760-2lp-e-s-es1 specified in board_part file is either invalid or not available
WARNING: [Board 49-26] cannot add Board Part xilinx.com:vermeo_t1_mpsoc:part0:1.0 available at C:/Xilinx/Vivado/2022.2/data/xhub/boards/XilinxBoardStore/boards/Xilinx/vermeo_t1_mpsoc/1.0/board.xml as part xczu19eg-ffvd1760-2l-e specified in board_part file is either invalid or not available
WARNING: [Board 49-26] cannot add Board Part xilinx.com:vermeo_t1_rfsoc:part0:1.0 available at C:/Xilinx/Vivado/2022.2/data/xhub/boards/XilinxBoardStore/boards/Xilinx/vermeo_t1_rfsoc/1.0/board.xml as part xczu21dr-ffvd1156-2l-e specified in board_part file is either invalid or not available
WARNING: [Board 49-26] cannot add Board Part xilinx.com:vhk158_es:part0:1.0 available at C:/Xilinx/Vivado/2022.2/data/xhub/boards/XilinxBoardStore/boards/Xilinx/vhk158/es/1.0/board.xml as part xcvh1582-vsva3697-2mp-e-s-es1 specified in board_part file is either invalid or not available
WARNING: [Board 49-26] cannot add Board Part xilinx.com:vmk180:part0:2.2 available at C:/Xilinx/Vivado/2022.2/data/xhub/boards/XilinxBoardStore/boards/Xilinx/vmk180/production/2.2/board.xml as part xcvm1802-vsva2197-2mp-e-s specified in board_part file is either invalid or not available
WARNING: [Board 49-26] cannot add Board Part xilinx.com:vmk180:part0:3.0 available at C:/Xilinx/Vivado/2022.2/data/xhub/boards/XilinxBoardStore/boards/Xilinx/vmk180/production/3.0/board.xml as part xcvm1802-vsva2197-2mp-e-s specified in board_part file is either invalid or not available
WARNING: [Board 49-26] cannot add Board Part xilinx.com:vmk180:part0:3.1 available at C:/Xilinx/Vivado/2022.2/data/xhub/boards/XilinxBoardStore/boards/Xilinx/vmk180/production/3.1/board.xml as part xcvm1802-vsva2197-2mp-e-s specified in board_part file is either invalid or not available
WARNING: [Board 49-26] cannot add Board Part xilinx.com:vmk180_newl:part0:1.0 available at C:/Xilinx/Vivado/2022.2/data/xhub/boards/XilinxBoardStore/boards/Xilinx/vmk180_newl/production/1.0/board.xml as part xcvm1802-vsva2197-2mp-e-s specified in board_part file is either invalid or not available
WARNING: [Board 49-26] cannot add Board Part xilinx.com:vpk120:part0:1.0 available at C:/Xilinx/Vivado/2022.2/data/xhub/boards/XilinxBoardStore/boards/Xilinx/vpk120/production/1.0/board.xml as part xcvp1202-vsva2785-2mp-e-s specified in board_part file is either invalid or not available
WARNING: [Board 49-26] cannot add Board Part xilinx.com:vpk120_es:part0:1.2 available at C:/Xilinx/Vivado/2022.2/data/xhub/boards/XilinxBoardStore/boards/Xilinx/vpk120/es/1.2/board.xml as part xcvp1202-vsva2785-2mp-e-s-es1 specified in board_part file is either invalid or not available
WARNING: [Board 49-26] cannot add Board Part xilinx.com:vpk120_es_revb:part0:1.0 available at C:/Xilinx/Vivado/2022.2/data/xhub/boards/XilinxBoardStore/boards/Xilinx/vpk120_revb/es/1.0/board.xml as part xcvp1202-vsva2785-2mp-e-s-es1 specified in board_part file is either invalid or not available
WARNING: [Board 49-26] cannot add Board Part xilinx.com:vpk180_es:part0:1.0 available at C:/Xilinx/Vivado/2022.2/data/xhub/boards/XilinxBoardStore/boards/Xilinx/vpk180/es/1.0/board.xml as part xcvp1802-lsvc4072-2mp-e-s-es1 specified in board_part file is either invalid or not available
WARNING: [Board 49-26] cannot add Board Part xilinx.com:zc702:part0:1.4 available at C:/Xilinx/Vivado/2022.2/data/xhub/boards/XilinxBoardStore/boards/Xilinx/zc702/1.4/board.xml as part xc7z020clg484-1 specified in board_part file is either invalid or not available
WARNING: [Board 49-26] cannot add Board Part xilinx.com:zc706:part0:1.4 available at C:/Xilinx/Vivado/2022.2/data/xhub/boards/XilinxBoardStore/boards/Xilinx/zc706/1.4/board.xml as part xc7z045ffg900-2 specified in board_part file is either invalid or not available
WARNING: [Board 49-26] cannot add Board Part xilinx.com:zcu102:part0:3.3 available at C:/Xilinx/Vivado/2022.2/data/xhub/boards/XilinxBoardStore/boards/Xilinx/zcu102/3.3/board.xml as part xczu9eg-ffvb1156-2-e specified in board_part file is either invalid or not available
WARNING: [Board 49-26] cannot add Board Part xilinx.com:zcu102:part0:3.4 available at C:/Xilinx/Vivado/2022.2/data/xhub/boards/XilinxBoardStore/boards/Xilinx/zcu102/3.4/board.xml as part xczu9eg-ffvb1156-2-e specified in board_part file is either invalid or not available
WARNING: [Board 49-26] cannot add Board Part xilinx.com:zcu104:part0:1.1 available at C:/Xilinx/Vivado/2022.2/data/xhub/boards/XilinxBoardStore/boards/Xilinx/zcu104/1.1/board.xml as part xczu7ev-ffvc1156-2-e specified in board_part file is either invalid or not available
WARNING: [Board 49-26] cannot add Board Part xilinx.com:zcu106:part0:2.4 available at C:/Xilinx/Vivado/2022.2/data/xhub/boards/XilinxBoardStore/boards/Xilinx/zcu106/2.4/board.xml as part xczu7ev-ffvc1156-2-e specified in board_part file is either invalid or not available
WARNING: [Board 49-26] cannot add Board Part xilinx.com:zcu106:part0:2.5 available at C:/Xilinx/Vivado/2022.2/data/xhub/boards/XilinxBoardStore/boards/Xilinx/zcu106/2.5/board.xml as part xczu7ev-ffvc1156-2-e specified in board_part file is either invalid or not available
WARNING: [Board 49-26] cannot add Board Part xilinx.com:zcu106:part0:2.6 available at C:/Xilinx/Vivado/2022.2/data/xhub/boards/XilinxBoardStore/boards/Xilinx/zcu106/2.6/board.xml as part xczu7ev-ffvc1156-2-e specified in board_part file is either invalid or not available
WARNING: [Board 49-26] cannot add Board Part xilinx.com:zcu111:part0:1.2 available at C:/Xilinx/Vivado/2022.2/data/xhub/boards/XilinxBoardStore/boards/Xilinx/zcu111/1.2/board.xml as part xczu28dr-ffvg1517-2-e specified in board_part file is either invalid or not available
WARNING: [Board 49-26] cannot add Board Part xilinx.com:zcu111:part0:1.3 available at C:/Xilinx/Vivado/2022.2/data/xhub/boards/XilinxBoardStore/boards/Xilinx/zcu111/1.3/board.xml as part xczu28dr-ffvg1517-2-e specified in board_part file is either invalid or not available
WARNING: [Board 49-26] cannot add Board Part xilinx.com:zcu111:part0:1.4 available at C:/Xilinx/Vivado/2022.2/data/xhub/boards/XilinxBoardStore/boards/Xilinx/zcu111/1.4/board.xml as part xczu28dr-ffvg1517-2-e specified in board_part file is either invalid or not available
WARNING: [Board 49-26] cannot add Board Part xilinx.com:zcu1275:part0:1.0 available at C:/Xilinx/Vivado/2022.2/data/xhub/boards/XilinxBoardStore/boards/Xilinx/zcu1275/1.0/board.xml as part xczu29dr-ffvf1760-2-e specified in board_part file is either invalid or not available
WARNING: [Board 49-26] cannot add Board Part xilinx.com:zcu1285:part0:1.0 available at C:/Xilinx/Vivado/2022.2/data/xhub/boards/XilinxBoardStore/boards/Xilinx/zcu1285/1.0/board.xml as part xczu39dr-ffvf1760-2-i specified in board_part file is either invalid or not available
WARNING: [Board 49-26] cannot add Board Part xilinx.com:zcu208:part0:2.0 available at C:/Xilinx/Vivado/2022.2/data/xhub/boards/XilinxBoardStore/boards/Xilinx/zcu208/production/2.0/board.xml as part xczu48dr-fsvg1517-2-e specified in board_part file is either invalid or not available
WARNING: [Board 49-26] cannot add Board Part xilinx.com:zcu208ld:part0:2.0 available at C:/Xilinx/Vivado/2022.2/data/xhub/boards/XilinxBoardStore/boards/Xilinx/zcu208ld/production/2.0/board.xml as part xczu58dr-fsvg1517-2-i specified in board_part file is either invalid or not available
WARNING: [Board 49-26] cannot add Board Part xilinx.com:zcu216:part0:2.0 available at C:/Xilinx/Vivado/2022.2/data/xhub/boards/XilinxBoardStore/boards/Xilinx/zcu216/production/2.0/board.xml as part xczu49dr-ffvf1760-2-e specified in board_part file is either invalid or not available
WARNING: [Board 49-26] cannot add Board Part xilinx.com:zcu216ld:part0:2.0 available at C:/Xilinx/Vivado/2022.2/data/xhub/boards/XilinxBoardStore/boards/Xilinx/zcu216ld/production/2.0/board.xml as part xczu59dr-ffvf1760-2-i specified in board_part file is either invalid or not available
WARNING: [Board 49-26] cannot add Board Part xilinx.com:zcu670:part0:2.0 available at C:/Xilinx/Vivado/2022.2/data/xhub/boards/XilinxBoardStore/boards/Xilinx/zcu670/2.0/board.xml as part xczu67dr-fsve1156-2-i specified in board_part file is either invalid or not available
WARNING: [Board 49-26] cannot add Board Part xilinx.com:zcu670ld:part0:1.0 available at C:/Xilinx/Vivado/2022.2/data/xhub/boards/XilinxBoardStore/boards/Xilinx/zcu670ld/1.0/board.xml as part xczu57dr-fsve1156-2-i specified in board_part file is either invalid or not available
create_project: Time (s): cpu = 00:00:04 ; elapsed = 00:00:06 . Memory (MB): peak = 1960.320 ; gain = 0.000
INFO: [IP_Flow 19-234] Refreshing IP repositories
INFO: [IP_Flow 19-1700] Loaded user IP repository 'c:/Users/Orion/Documents/GitHub/ece385/lab_7/ip_repo/hdmi_text_controller_1_0'.
INFO: [IP_Flow 19-1700] Loaded user IP repository 'c:/Users/Orion/Documents/GitHub/ece385/lab_7/hdmi_tx_1.0'.
INFO: [IP_Flow 19-795] Syncing license key meta-data
ipx::edit_ip_in_project: Time (s): cpu = 00:00:05 ; elapsed = 00:00:08 . Memory (MB): peak = 1960.320 ; gain = 0.000
update_compile_order -fileset sources_1
set_property core_revision 5 [ipx::current_core]
ipx::update_source_project_archive -component [ipx::current_core]
ipx::create_xgui_files [ipx::current_core]
ipx::update_checksums [ipx::current_core]
ipx::check_integrity [ipx::current_core]
WARNING: [IP_Flow 19-5661] Bus Interface 'hdmi_clk_n' does not have any bus interfaces associated with it.
WARNING: [IP_Flow 19-4751] Bus Interface 'hdmi_clk_n': FREQ_HZ bus parameter is missing for output clock interface.
WARNING: [IP_Flow 19-5661] Bus Interface 'hdmi_clk_p' does not have any bus interfaces associated with it.
WARNING: [IP_Flow 19-4751] Bus Interface 'hdmi_clk_p': FREQ_HZ bus parameter is missing for output clock interface.
WARNING: [IP_Flow 19-3158] Bus Interface 'AXI': FREQ_HZ bus parameter missing from AXI interface when interface is not associated to a clock.
WARNING: [IP_Flow 19-1965] Bus Interface 'HDMI': A port map to the required logical port "DDC_SCL_I" of the bus abstraction "xilinx.com:interface:hdmi_rtl:2.0" is missing.
WARNING: [IP_Flow 19-1965] Bus Interface 'HDMI': A port map to the required logical port "DDC_SCL_O" of the bus abstraction "xilinx.com:interface:hdmi_rtl:2.0" is missing.
WARNING: [IP_Flow 19-1965] Bus Interface 'HDMI': A port map to the required logical port "DDC_SCL_T" of the bus abstraction "xilinx.com:interface:hdmi_rtl:2.0" is missing.
WARNING: [IP_Flow 19-1965] Bus Interface 'HDMI': A port map to the required logical port "DDC_SDA_I" of the bus abstraction "xilinx.com:interface:hdmi_rtl:2.0" is missing.
WARNING: [IP_Flow 19-1965] Bus Interface 'HDMI': A port map to the required logical port "DDC_SDA_O" of the bus abstraction "xilinx.com:interface:hdmi_rtl:2.0" is missing.
WARNING: [IP_Flow 19-1965] Bus Interface 'HDMI': A port map to the required logical port "DDC_SDA_T" of the bus abstraction "xilinx.com:interface:hdmi_rtl:2.0" is missing.
WARNING: [IP_Flow 19-1965] Bus Interface 'HDMI': A port map to the required logical port "CABLE_CONNECT" of the bus abstraction "xilinx.com:interface:hdmi_rtl:2.0" is missing.
WARNING: [IP_Flow 19-1965] Bus Interface 'HDMI': A port map to the required logical port "HPD" of the bus abstraction "xilinx.com:interface:hdmi_rtl:2.0" is missing.
WARNING: [IP_Flow 19-1980] The memory map 'S00_AXI' is not referenced by any bus interface.
WARNING: [IP_Flow 19-991] Unrecognized or unsupported file 'src/clk_wiz_0.xcix' found in file group 'Verilog Simulation'.
Resolution: Remove the file from the specified file group.
WARNING: [IP_Flow 19-991] Unrecognized or unsupported file 'src/hdmi_tx_0.xcix' found in file group 'Verilog Simulation'.
Resolution: Remove the file from the specified file group.
INFO: [IP_Flow 19-2181] Payment Required is not set for this core.
INFO: [IP_Flow 19-2187] The Product Guide file is missing.
INFO: [Ipptcl 7-1486] check_integrity: Integrity check passed.
ipx::save_core [ipx::current_core]
launch_simulation
Command: launch_simulation 
INFO: [Vivado 12-12493] Simulation top is 'hdmi_text_controller_tb'
WARNING: [Vivado 12-13340] Unable to auto find GCC executables from simulator install path! (path not set)
WARNING: [Vivado 12-13277] Compiled library path does not exist: ''
INFO: [Vivado 12-5698] Checking validity of IPs in the design for the 'XSim' simulator...
INFO: [Vivado 12-5682] Launching behavioral simulation in 'c:/users/orion/documents/github/ece385/lab_7/lab_7.tmp/hdmi_text_controller_v1_0_project/hdmi_text_controller_v1_0_project.sim/sim_1/behav/xsim'
INFO: [Vivado 12-13660] Precompiled IP simulation library mode is enabled (default). The design IP libraries will be referenced from the compiled library path. Please note that if the precompiled version of the library is not found from the path or the IP is in locked state, then the library source files for these IPs will be compiled locally as part of the compile order.
INFO: [Vivado 12-4795] Using compiled simulation libraries for IPs
INFO: [SIM-utils-51] Simulation object is 'sim_1'
INFO: [SIM-utils-72] Using boost library from 'C:/Xilinx/Vivado/2022.2/tps/boost_1_72_0'
INFO: [USF-XSim-7] Finding pre-compiled libraries...
INFO: [USF-XSim-11] File 'C:/Xilinx/Vivado/2022.2/data/xsim/xsim.ini' copied to run dir:'c:/users/orion/documents/github/ece385/lab_7/lab_7.tmp/hdmi_text_controller_v1_0_project/hdmi_text_controller_v1_0_project.sim/sim_1/behav/xsim'
INFO: [SIM-utils-54] Inspecting design source files for 'hdmi_text_controller_tb' in fileset 'sim_1'...
INFO: [USF-XSim-97] Finding global include files...
INFO: [USF-XSim-98] Fetching design files from 'sim_1'...
INFO: [USF-XSim-2] XSim::Compile design
INFO: [USF-XSim-61] Executing 'COMPILE and ANALYZE' step in 'c:/users/orion/documents/github/ece385/lab_7/lab_7.tmp/hdmi_text_controller_v1_0_project/hdmi_text_controller_v1_0_project.sim/sim_1/behav/xsim'
"xvlog --incr --relax -L uvm -prj hdmi_text_controller_tb_vlog.prj"
ERROR: [XSIM 43-4316] Can not find file: ../../../../../../ip_repo/hdmi_text_controller_1_0/src/clk_wiz_0
INFO: [USF-XSim-69] 'compile' step finished in '3' seconds
INFO: [USF-XSim-99] Step results log file:'C:/Users/Orion/Documents/GitHub/ece385/lab_7/lab_7.tmp/hdmi_text_controller_v1_0_project/hdmi_text_controller_v1_0_project.sim/sim_1/behav/xsim/xvlog.log'
ERROR: [USF-XSim-62] 'compile' step failed with error(s). Please check the Tcl console output or 'C:/Users/Orion/Documents/GitHub/ece385/lab_7/lab_7.tmp/hdmi_text_controller_v1_0_project/hdmi_text_controller_v1_0_project.sim/sim_1/behav/xsim/xvlog.log' file for more information.
ERROR: [Vivado 12-4473] Detected error while running simulation. Please correct the issue and retry this operation.
launch_simulation: Time (s): cpu = 00:00:00 ; elapsed = 00:00:06 . Memory (MB): peak = 1960.320 ; gain = 0.000
ERROR: [Common 17-39] 'launch_simulation' failed due to earlier errors.
set_property library xil_defaultlib [get_files]
launch_simulation
Command: launch_simulation 
INFO: [Vivado 12-12493] Simulation top is 'hdmi_text_controller_tb'
WARNING: [Vivado 12-13340] Unable to auto find GCC executables from simulator install path! (path not set)
WARNING: [Vivado 12-13277] Compiled library path does not exist: ''
INFO: [Vivado 12-5698] Checking validity of IPs in the design for the 'XSim' simulator...
INFO: [Vivado 12-5682] Launching behavioral simulation in 'c:/users/orion/documents/github/ece385/lab_7/lab_7.tmp/hdmi_text_controller_v1_0_project/hdmi_text_controller_v1_0_project.sim/sim_1/behav/xsim'
INFO: [Vivado 12-13660] Precompiled IP simulation library mode is enabled (default). The design IP libraries will be referenced from the compiled library path. Please note that if the precompiled version of the library is not found from the path or the IP is in locked state, then the library source files for these IPs will be compiled locally as part of the compile order.
INFO: [Vivado 12-4795] Using compiled simulation libraries for IPs
INFO: [SIM-utils-51] Simulation object is 'sim_1'
INFO: [SIM-utils-72] Using boost library from 'C:/Xilinx/Vivado/2022.2/tps/boost_1_72_0'
INFO: [USF-XSim-7] Finding pre-compiled libraries...
INFO: [USF-XSim-11] File 'C:/Xilinx/Vivado/2022.2/data/xsim/xsim.ini' copied to run dir:'c:/users/orion/documents/github/ece385/lab_7/lab_7.tmp/hdmi_text_controller_v1_0_project/hdmi_text_controller_v1_0_project.sim/sim_1/behav/xsim'
INFO: [SIM-utils-54] Inspecting design source files for 'hdmi_text_controller_tb' in fileset 'sim_1'...
INFO: [USF-XSim-97] Finding global include files...
INFO: [USF-XSim-98] Fetching design files from 'sim_1'...
INFO: [USF-XSim-2] XSim::Compile design
INFO: [USF-XSim-61] Executing 'COMPILE and ANALYZE' step in 'c:/users/orion/documents/github/ece385/lab_7/lab_7.tmp/hdmi_text_controller_v1_0_project/hdmi_text_controller_v1_0_project.sim/sim_1/behav/xsim'
"xvlog --incr --relax -L uvm -prj hdmi_text_controller_tb_vlog.prj"
INFO: [VRFC 10-2263] Analyzing Verilog file "c:/Users/Orion/Documents/GitHub/ece385/lab_7/lab_7.tmp/hdmi_text_controller_v1_0_project/hdmi_text_controller_v1_0_project.ip_user_files/ip/hdmi_tx_0/hdl/encode.v" into library xil_defaultlib
INFO: [VRFC 10-311] analyzing module encode
INFO: [VRFC 10-2263] Analyzing Verilog file "c:/Users/Orion/Documents/GitHub/ece385/lab_7/lab_7.tmp/hdmi_text_controller_v1_0_project/hdmi_text_controller_v1_0_project.ip_user_files/ip/hdmi_tx_0/hdl/serdes_10_to_1.v" into library xil_defaultlib
INFO: [VRFC 10-311] analyzing module serdes_10_to_1
INFO: [VRFC 10-2263] Analyzing Verilog file "c:/Users/Orion/Documents/GitHub/ece385/lab_7/lab_7.tmp/hdmi_text_controller_v1_0_project/hdmi_text_controller_v1_0_project.ip_user_files/ip/hdmi_tx_0/hdl/srldelay.v" into library xil_defaultlib
INFO: [VRFC 10-311] analyzing module srldelay
INFO: [VRFC 10-2263] Analyzing Verilog file "c:/Users/Orion/Documents/GitHub/ece385/lab_7/lab_7.tmp/hdmi_text_controller_v1_0_project/hdmi_text_controller_v1_0_project.ip_user_files/ip/hdmi_tx_0/hdl/hdmi_tx_v1_0.v" into library xil_defaultlib
INFO: [VRFC 10-311] analyzing module hdmi_tx_v1_0
INFO: [VRFC 10-2263] Analyzing Verilog file "c:/Users/Orion/Documents/GitHub/ece385/lab_7/lab_7.tmp/hdmi_text_controller_v1_0_project/hdmi_text_controller_v1_0_project.ip_user_files/ip/hdmi_tx_0/sim/hdmi_tx_0.v" into library xil_defaultlib
INFO: [VRFC 10-311] analyzing module hdmi_tx_0
INFO: [VRFC 10-2263] Analyzing Verilog file "c:/Users/Orion/Documents/GitHub/ece385/lab_7/lab_7.tmp/hdmi_text_controller_v1_0_project/hdmi_text_controller_v1_0_project.ip_user_files/ip/clk_wiz_0/clk_wiz_0_clk_wiz.v" into library xil_defaultlib
INFO: [VRFC 10-311] analyzing module clk_wiz_0_clk_wiz
INFO: [VRFC 10-2263] Analyzing Verilog file "c:/Users/Orion/Documents/GitHub/ece385/lab_7/lab_7.tmp/hdmi_text_controller_v1_0_project/hdmi_text_controller_v1_0_project.ip_user_files/ip/clk_wiz_0/clk_wiz_0.v" into library xil_defaultlib
INFO: [VRFC 10-311] analyzing module clk_wiz_0
INFO: [VRFC 10-2263] Analyzing SystemVerilog file "c:/Users/Orion/Documents/GitHub/ece385/lab_7/ip_repo/hdmi_text_controller_1_0/src/Color_Mapper.sv" into library xil_defaultlib
INFO: [VRFC 10-311] analyzing module color_mapper
INFO: [VRFC 10-2263] Analyzing SystemVerilog file "c:/Users/Orion/Documents/GitHub/ece385/lab_7/ip_repo/hdmi_text_controller_1_0/src/VGA_controller.sv" into library xil_defaultlib
INFO: [VRFC 10-311] analyzing module vga_controller
INFO: [VRFC 10-2263] Analyzing SystemVerilog file "c:/Users/Orion/Documents/GitHub/ece385/lab_7/ip_repo/hdmi_text_controller_1_0/src/hdmi_text_controller_v1_0.sv" into library xil_defaultlib
INFO: [VRFC 10-311] analyzing module hdmi_text_controller_v1_0
INFO: [VRFC 10-2263] Analyzing SystemVerilog file "c:/Users/Orion/Documents/GitHub/ece385/lab_7/ip_repo/hdmi_text_controller_1_0/src/hdmi_text_controller_v1_0_AXI.sv" into library xil_defaultlib
INFO: [VRFC 10-311] analyzing module hdmi_text_controller_v1_0_AXI
INFO: [VRFC 10-2263] Analyzing SystemVerilog file "c:/Users/Orion/Documents/GitHub/ece385/lab_7/ip_repo/hdmi_text_controller_1_0/src/hdmi_text_controller_v1_0_tb.sv" into library xil_defaultlib
INFO: [VRFC 10-311] analyzing module hdmi_text_controller_tb
INFO: [VRFC 10-2263] Analyzing Verilog file "c:/Users/Orion/Documents/GitHub/ece385/lab_7/lab_7.tmp/hdmi_text_controller_v1_0_project/hdmi_text_controller_v1_0_project.sim/sim_1/behav/xsim/glbl.v" into library xil_defaultlib
INFO: [VRFC 10-311] analyzing module glbl
INFO: [USF-XSim-69] 'compile' step finished in '3' seconds
INFO: [USF-XSim-3] XSim::Elaborate design
INFO: [USF-XSim-61] Executing 'ELABORATE' step in 'c:/users/orion/documents/github/ece385/lab_7/lab_7.tmp/hdmi_text_controller_v1_0_project/hdmi_text_controller_v1_0_project.sim/sim_1/behav/xsim'
"xelab --incr --debug typical --relax --mt 2 -L xil_defaultlib -L uvm -L unisims_ver -L unimacro_ver -L secureip -L xpm --snapshot hdmi_text_controller_tb_behav xil_defaultlib.hdmi_text_controller_tb xil_defaultlib.glbl -log elaborate.log"
Vivado Simulator v2022.2
Copyright 1986-1999, 2001-2022 Xilinx, Inc. All Rights Reserved.
Running: C:/Xilinx/Vivado/2022.2/bin/unwrapped/win64.o/xelab.exe --incr --debug typical --relax --mt 2 -L xil_defaultlib -L uvm -L unisims_ver -L unimacro_ver -L secureip -L xpm --snapshot hdmi_text_controller_tb_behav xil_defaultlib.hdmi_text_controller_tb xil_defaultlib.glbl -log elaborate.log 
Using 2 slave threads.
Starting static elaboration
Pass Through NonSizing Optimizer
WARNING: [VRFC 10-3091] actual bit length 32 differs from formal bit length 16 for port 'axi_awaddr' [c:/Users/Orion/Documents/GitHub/ece385/lab_7/ip_repo/hdmi_text_controller_1_0/src/hdmi_text_controller_v1_0_tb.sv:74]
WARNING: [VRFC 10-3091] actual bit length 32 differs from formal bit length 16 for port 'axi_araddr' [c:/Users/Orion/Documents/GitHub/ece385/lab_7/ip_repo/hdmi_text_controller_1_0/src/hdmi_text_controller_v1_0_tb.sv:88]
Completed static elaboration
Starting simulation data flow analysis
WARNING: [XSIM 43-4099] "c:/Users/Orion/Documents/GitHub/ece385/lab_7/ip_repo/hdmi_text_controller_1_0/src/VGA_controller.sv" Line 26. Module vga_controller doesn't have a timescale but at least one module in design has a timescale.
WARNING: [XSIM 43-4099] "c:/Users/Orion/Documents/GitHub/ece385/lab_7/ip_repo/hdmi_text_controller_1_0/src/Color_Mapper.sv" Line 17. Module color_mapper doesn't have a timescale but at least one module in design has a timescale.
WARNING: [XSIM 43-4099] "c:/Users/Orion/Documents/GitHub/ece385/lab_7/ip_repo/hdmi_text_controller_1_0/src/VGA_controller.sv" Line 26. Module vga_controller doesn't have a timescale but at least one module in design has a timescale.
WARNING: [XSIM 43-4099] "c:/Users/Orion/Documents/GitHub/ece385/lab_7/ip_repo/hdmi_text_controller_1_0/src/Color_Mapper.sv" Line 17. Module color_mapper doesn't have a timescale but at least one module in design has a timescale.
Completed simulation data flow analysis
Time Resolution for simulation is 1ps
Compiling module xil_defaultlib.hdmi_text_controller_v1_0_AXI(C_...
Compiling module unisims_ver.IBUF
Compiling module unisims_ver.MMCME2_ADV(CLKFBOUT_MULT_F=10.0,...
Compiling module unisims_ver.BUFG
Compiling module xil_defaultlib.clk_wiz_0_clk_wiz
Compiling module xil_defaultlib.clk_wiz_0
Compiling module xil_defaultlib.vga_controller
Compiling module unisims_ver.SRL16E_default
Compiling module xil_defaultlib.srldelay(WIDTH=40,TAPS=4'b1010)
Compiling module xil_defaultlib.encode_default
Compiling module xil_defaultlib.encode(CHANNEL="GREEN")
Compiling module xil_defaultlib.encode(CHANNEL="RED")
Compiling module unisims_ver.OSERDESE2(DATA_RATE_TQ="SDR",DAT...
Compiling module unisims_ver.OSERDESE2(DATA_RATE_TQ="SDR",DAT...
Compiling module xil_defaultlib.serdes_10_to_1
Compiling module unisims_ver.OBUFDS(IOSTANDARD="TMDS_33")
Compiling module xil_defaultlib.hdmi_tx_v1_0(C_RED_WIDTH=4,C_GRE...
Compiling module xil_defaultlib.hdmi_tx_0
Compiling module xil_defaultlib.color_mapper
Compiling module xil_defaultlib.hdmi_text_controller_v1_0(C_AXI_...
Compiling module xil_defaultlib.hdmi_text_controller_tb
Compiling module xil_defaultlib.glbl
Built simulation snapshot hdmi_text_controller_tb_behav
run_program: Time (s): cpu = 00:00:00 ; elapsed = 00:00:14 . Memory (MB): peak = 1960.320 ; gain = 0.000
INFO: [USF-XSim-69] 'elaborate' step finished in '14' seconds
INFO: [USF-XSim-4] XSim::Simulate design
INFO: [USF-XSim-61] Executing 'SIMULATE' step in 'c:/users/orion/documents/github/ece385/lab_7/lab_7.tmp/hdmi_text_controller_v1_0_project/hdmi_text_controller_v1_0_project.sim/sim_1/behav/xsim'
INFO: [USF-XSim-98] *** Running xsim
   with args "hdmi_text_controller_tb_behav -key {Behavioral:sim_1:Functional:hdmi_text_controller_tb} -tclbatch {hdmi_text_controller_tb.tcl} -log {simulate.log}"
INFO: [USF-XSim-8] Loading simulator feature
Time resolution is 1 ps
source hdmi_text_controller_tb.tcl
# set curr_wave [current_wave_config]
# if { [string length $curr_wave] == 0 } {
#   if { [llength [get_objects]] > 0} {
#     add_wave /
#     set_property needs_save false [current_wave_config]
#   } else {
#      send_msg_id Add_Wave-1 WARNING "No top level signals found. Simulator will start without a wave window. If you want to open a wave window go to 'File->New Waveform Configuration' or type 'create_wave_config' in the TCL console."
#   }
# }
WARNING: [Wavedata 42-489] Can't add object "/hdmi_text_controller_tb/bitmap" to the wave window because it has 10080000 bits, which exceeds the display limit of 65536 bits.  To change the display limit, use the command "set_property display_limit <new limit> [current_wave_config]".
# run 1000ns
xsim: Time (s): cpu = 00:00:06 ; elapsed = 00:00:06 . Memory (MB): peak = 2057.016 ; gain = 96.695
INFO: [USF-XSim-96] XSim completed. Design snapshot 'hdmi_text_controller_tb_behav' loaded.
INFO: [USF-XSim-97] XSim simulation ran for 1000ns
launch_simulation: Time (s): cpu = 00:00:08 ; elapsed = 00:00:26 . Memory (MB): peak = 2057.016 ; gain = 96.695
set_property -name {xsim.simulate.runtime} -value {all} -objects [get_filesets sim_1]
set_property dataflow_viewer_settings "min_width=16"   [current_fileset]
WARNING: [filemgmt 56-199] Attempt to get parsing info during refresh. "On-the-fly" syntax checking information may be incorrect. [C:\Users\Orion\Documents\GitHub\ece385\lab_7\lab_7.srcs\sim_1\imports\lab_7_1_provided_fa24\hdmi_text_controller_v1_0_tb.sv:]
WARNING: [filemgmt 56-199] Attempt to get parsing info during refresh. "On-the-fly" syntax checking information may be incorrect. [C:\Users\Orion\Documents\GitHub\ece385\lab_7\lab_7.srcs\sources_1\imports\lab_7_1_provided_fa24\mb_usb_hdmi_top.sv:]
WARNING: [filemgmt 56-199] Attempt to get parsing info during refresh. "On-the-fly" syntax checking information may be incorrect. [C:\Users\Orion\Documents\GitHub\ece385\lab_7\lab_7.gen\sources_1\bd\mb_block_i\hdl\mb_block_i_wrapper.v:]
WARNING: [filemgmt 56-199] Attempt to get parsing info during refresh. "On-the-fly" syntax checking information may be incorrect. [c:\Users\Orion\Documents\GitHub\ece385\lab_7\ip_repo\hdmi_text_controller_1_0\src\hdmi_text_controller_v1_0_tb.sv:]
WARNING: [filemgmt 56-199] Attempt to get parsing info during refresh. "On-the-fly" syntax checking information may be incorrect. [c:\Users\Orion\Documents\GitHub\ece385\lab_7\ip_repo\hdmi_text_controller_1_0\src\hdmi_text_controller_v1_0.sv:]
ERROR: [Common 17-180] Spawn failed: No error
WARNING: [filemgmt 56-199] Attempt to get parsing info during refresh. "On-the-fly" syntax checking information may be incorrect. [C:\Users\Orion\Documents\GitHub\ece385\lab_7\lab_7.srcs\sim_1\imports\lab_7_1_provided_fa24\hdmi_text_controller_v1_0_tb.sv:]
WARNING: [filemgmt 56-199] Attempt to get parsing info during refresh. "On-the-fly" syntax checking information may be incorrect. [C:\Users\Orion\Documents\GitHub\ece385\lab_7\lab_7.srcs\sources_1\imports\lab_7_1_provided_fa24\mb_usb_hdmi_top.sv:]
WARNING: [filemgmt 56-199] Attempt to get parsing info during refresh. "On-the-fly" syntax checking information may be incorrect. [C:\Users\Orion\Documents\GitHub\ece385\lab_7\lab_7.gen\sources_1\bd\mb_block_i\hdl\mb_block_i_wrapper.v:]
ERROR: [Common 17-180] Spawn failed: No error
close_sim
INFO: [Simtcl 6-16] Simulation closed
launch_simulation
Command: launch_simulation 
INFO: [Vivado 12-12493] Simulation top is 'hdmi_text_controller_tb'
WARNING: [Vivado 12-13340] Unable to auto find GCC executables from simulator install path! (path not set)
WARNING: [Vivado 12-13277] Compiled library path does not exist: ''
INFO: [Vivado 12-5698] Checking validity of IPs in the design for the 'XSim' simulator...
INFO: [Vivado 12-5682] Launching behavioral simulation in 'c:/users/orion/documents/github/ece385/lab_7/lab_7.tmp/hdmi_text_controller_v1_0_project/hdmi_text_controller_v1_0_project.sim/sim_1/behav/xsim'
INFO: [Vivado 12-13660] Precompiled IP simulation library mode is enabled (default). The design IP libraries will be referenced from the compiled library path. Please note that if the precompiled version of the library is not found from the path or the IP is in locked state, then the library source files for these IPs will be compiled locally as part of the compile order.
INFO: [Vivado 12-4795] Using compiled simulation libraries for IPs
INFO: [SIM-utils-51] Simulation object is 'sim_1'
INFO: [SIM-utils-72] Using boost library from 'C:/Xilinx/Vivado/2022.2/tps/boost_1_72_0'
INFO: [USF-XSim-7] Finding pre-compiled libraries...
INFO: [USF-XSim-11] File 'C:/Xilinx/Vivado/2022.2/data/xsim/xsim.ini' copied to run dir:'c:/users/orion/documents/github/ece385/lab_7/lab_7.tmp/hdmi_text_controller_v1_0_project/hdmi_text_controller_v1_0_project.sim/sim_1/behav/xsim'
INFO: [SIM-utils-54] Inspecting design source files for 'hdmi_text_controller_tb' in fileset 'sim_1'...
INFO: [USF-XSim-97] Finding global include files...
INFO: [USF-XSim-98] Fetching design files from 'sim_1'...
INFO: [USF-XSim-2] XSim::Compile design
INFO: [USF-XSim-61] Executing 'COMPILE and ANALYZE' step in 'c:/users/orion/documents/github/ece385/lab_7/lab_7.tmp/hdmi_text_controller_v1_0_project/hdmi_text_controller_v1_0_project.sim/sim_1/behav/xsim'
"xvlog --incr --relax -L uvm -prj hdmi_text_controller_tb_vlog.prj"
INFO: [VRFC 10-2263] Analyzing SystemVerilog file "c:/Users/Orion/Documents/GitHub/ece385/lab_7/ip_repo/hdmi_text_controller_1_0/src/Color_Mapper.sv" into library xil_defaultlib
INFO: [VRFC 10-311] analyzing module color_mapper
INFO: [VRFC 10-2263] Analyzing SystemVerilog file "c:/Users/Orion/Documents/GitHub/ece385/lab_7/ip_repo/hdmi_text_controller_1_0/src/VGA_controller.sv" into library xil_defaultlib
INFO: [VRFC 10-311] analyzing module vga_controller
INFO: [VRFC 10-2263] Analyzing SystemVerilog file "c:/Users/Orion/Documents/GitHub/ece385/lab_7/ip_repo/hdmi_text_controller_1_0/src/hdmi_text_controller_v1_0.sv" into library xil_defaultlib
INFO: [VRFC 10-311] analyzing module hdmi_text_controller_v1_0
INFO: [VRFC 10-2263] Analyzing SystemVerilog file "c:/Users/Orion/Documents/GitHub/ece385/lab_7/ip_repo/hdmi_text_controller_1_0/src/hdmi_text_controller_v1_0_AXI.sv" into library xil_defaultlib
INFO: [VRFC 10-311] analyzing module hdmi_text_controller_v1_0_AXI
INFO: [VRFC 10-2263] Analyzing SystemVerilog file "c:/Users/Orion/Documents/GitHub/ece385/lab_7/ip_repo/hdmi_text_controller_1_0/src/hdmi_text_controller_v1_0_tb.sv" into library xil_defaultlib
INFO: [VRFC 10-311] analyzing module hdmi_text_controller_tb
INFO: [USF-XSim-69] 'compile' step finished in '3' seconds
INFO: [USF-XSim-3] XSim::Elaborate design
INFO: [USF-XSim-61] Executing 'ELABORATE' step in 'c:/users/orion/documents/github/ece385/lab_7/lab_7.tmp/hdmi_text_controller_v1_0_project/hdmi_text_controller_v1_0_project.sim/sim_1/behav/xsim'
"xelab --incr --debug typical --relax --mt 2 -L xil_defaultlib -L uvm -L unisims_ver -L unimacro_ver -L secureip -L xpm --snapshot hdmi_text_controller_tb_behav xil_defaultlib.hdmi_text_controller_tb xil_defaultlib.glbl -log elaborate.log"
Vivado Simulator v2022.2
Copyright 1986-1999, 2001-2022 Xilinx, Inc. All Rights Reserved.
Running: C:/Xilinx/Vivado/2022.2/bin/unwrapped/win64.o/xelab.exe --incr --debug typical --relax --mt 2 -L xil_defaultlib -L uvm -L unisims_ver -L unimacro_ver -L secureip -L xpm --snapshot hdmi_text_controller_tb_behav xil_defaultlib.hdmi_text_controller_tb xil_defaultlib.glbl -log elaborate.log 
Using 2 slave threads.
Starting static elaboration
Pass Through NonSizing Optimizer
WARNING: [VRFC 10-3091] actual bit length 32 differs from formal bit length 16 for port 'axi_awaddr' [c:/Users/Orion/Documents/GitHub/ece385/lab_7/ip_repo/hdmi_text_controller_1_0/src/hdmi_text_controller_v1_0_tb.sv:74]
WARNING: [VRFC 10-3091] actual bit length 32 differs from formal bit length 16 for port 'axi_araddr' [c:/Users/Orion/Documents/GitHub/ece385/lab_7/ip_repo/hdmi_text_controller_1_0/src/hdmi_text_controller_v1_0_tb.sv:88]
Completed static elaboration
Starting simulation data flow analysis
WARNING: [XSIM 43-4099] "c:/Users/Orion/Documents/GitHub/ece385/lab_7/ip_repo/hdmi_text_controller_1_0/src/VGA_controller.sv" Line 26. Module vga_controller doesn't have a timescale but at least one module in design has a timescale.
WARNING: [XSIM 43-4099] "c:/Users/Orion/Documents/GitHub/ece385/lab_7/ip_repo/hdmi_text_controller_1_0/src/Color_Mapper.sv" Line 17. Module color_mapper doesn't have a timescale but at least one module in design has a timescale.
WARNING: [XSIM 43-4099] "c:/Users/Orion/Documents/GitHub/ece385/lab_7/ip_repo/hdmi_text_controller_1_0/src/VGA_controller.sv" Line 26. Module vga_controller doesn't have a timescale but at least one module in design has a timescale.
WARNING: [XSIM 43-4099] "c:/Users/Orion/Documents/GitHub/ece385/lab_7/ip_repo/hdmi_text_controller_1_0/src/Color_Mapper.sv" Line 17. Module color_mapper doesn't have a timescale but at least one module in design has a timescale.
Completed simulation data flow analysis
Time Resolution for simulation is 1ps
Compiling module xil_defaultlib.hdmi_text_controller_v1_0_AXI(C_...
Compiling module unisims_ver.IBUF
Compiling module unisims_ver.MMCME2_ADV(CLKFBOUT_MULT_F=10.0,...
Compiling module unisims_ver.BUFG
Compiling module xil_defaultlib.clk_wiz_0_clk_wiz
Compiling module xil_defaultlib.clk_wiz_0
Compiling module xil_defaultlib.vga_controller
Compiling module unisims_ver.SRL16E_default
Compiling module xil_defaultlib.srldelay(WIDTH=40,TAPS=4'b1010)
Compiling module xil_defaultlib.encode_default
Compiling module xil_defaultlib.encode(CHANNEL="GREEN")
Compiling module xil_defaultlib.encode(CHANNEL="RED")
Compiling module unisims_ver.OSERDESE2(DATA_RATE_TQ="SDR",DAT...
Compiling module unisims_ver.OSERDESE2(DATA_RATE_TQ="SDR",DAT...
Compiling module xil_defaultlib.serdes_10_to_1
Compiling module unisims_ver.OBUFDS(IOSTANDARD="TMDS_33")
Compiling module xil_defaultlib.hdmi_tx_v1_0(C_RED_WIDTH=4,C_GRE...
Compiling module xil_defaultlib.hdmi_tx_0
Compiling module xil_defaultlib.color_mapper
Compiling module xil_defaultlib.hdmi_text_controller_v1_0(C_AXI_...
Compiling module xil_defaultlib.hdmi_text_controller_tb
Compiling module xil_defaultlib.glbl
Built simulation snapshot hdmi_text_controller_tb_behav
run_program: Time (s): cpu = 00:00:00 ; elapsed = 00:00:14 . Memory (MB): peak = 2060.410 ; gain = 0.000
INFO: [USF-XSim-69] 'elaborate' step finished in '14' seconds
INFO: [USF-XSim-4] XSim::Simulate design
INFO: [USF-XSim-61] Executing 'SIMULATE' step in 'c:/users/orion/documents/github/ece385/lab_7/lab_7.tmp/hdmi_text_controller_v1_0_project/hdmi_text_controller_v1_0_project.sim/sim_1/behav/xsim'
INFO: [USF-XSim-98] *** Running xsim
   with args "hdmi_text_controller_tb_behav -key {Behavioral:sim_1:Functional:hdmi_text_controller_tb} -tclbatch {hdmi_text_controller_tb.tcl} -log {simulate.log}"
INFO: [USF-XSim-8] Loading simulator feature
Time resolution is 1 ps
source hdmi_text_controller_tb.tcl
# set curr_wave [current_wave_config]
# if { [string length $curr_wave] == 0 } {
#   if { [llength [get_objects]] > 0} {
#     add_wave /
#     set_property needs_save false [current_wave_config]
#   } else {
#      send_msg_id Add_Wave-1 WARNING "No top level signals found. Simulator will start without a wave window. If you want to open a wave window go to 'File->New Waveform Configuration' or type 'create_wave_config' in the TCL console."
#   }
# }
WARNING: [Wavedata 42-489] Can't add object "/hdmi_text_controller_tb/bitmap" to the wave window because it has 10080000 bits, which exceeds the display limit of 65536 bits.  To change the display limit, use the command "set_property display_limit <new limit> [current_wave_config]".
# run all
Info: Read back of control register: 001f6000
Time: 192360 ns  Iteration: 0  Process: /hdmi_text_controller_tb/Initial258_905  Scope: hdmi_text_controller_tb.TEST_VECTORS  File: c:/Users/Orion/Documents/GitHub/ece385/lab_7/ip_repo/hdmi_text_controller_1_0/src/hdmi_text_controller_v1_0_tb.sv Line: 284
Saving bitmap 'lab7_1_sim.bmp'.
$finish called at time : 15648350 ns : File "c:/Users/Orion/Documents/GitHub/ece385/lab_7/ip_repo/hdmi_text_controller_1_0/src/hdmi_text_controller_v1_0_tb.sv" Line 293
run: Time (s): cpu = 00:21:02 ; elapsed = 00:22:59 . Memory (MB): peak = 2097.738 ; gain = 2.680
xsim: Time (s): cpu = 00:21:06 ; elapsed = 00:23:02 . Memory (MB): peak = 2097.738 ; gain = 37.328
INFO: [USF-XSim-96] XSim completed. Design snapshot 'hdmi_text_controller_tb_behav' loaded.
INFO: [USF-XSim-97] XSim simulation ran for all
launch_simulation: Time (s): cpu = 00:21:08 ; elapsed = 00:23:22 . Memory (MB): peak = 2097.738 ; gain = 37.328
current_project lab_7
set_property core_revision 6 [ipx::current_core]
ipx::update_source_project_archive -component [ipx::current_core]
ipx::create_xgui_files [ipx::current_core]
ipx::update_checksums [ipx::current_core]
ipx::check_integrity [ipx::current_core]
WARNING: [IP_Flow 19-5661] Bus Interface 'hdmi_clk_n' does not have any bus interfaces associated with it.
WARNING: [IP_Flow 19-4751] Bus Interface 'hdmi_clk_n': FREQ_HZ bus parameter is missing for output clock interface.
WARNING: [IP_Flow 19-5661] Bus Interface 'hdmi_clk_p' does not have any bus interfaces associated with it.
WARNING: [IP_Flow 19-4751] Bus Interface 'hdmi_clk_p': FREQ_HZ bus parameter is missing for output clock interface.
WARNING: [IP_Flow 19-3158] Bus Interface 'AXI': FREQ_HZ bus parameter missing from AXI interface when interface is not associated to a clock.
WARNING: [IP_Flow 19-1965] Bus Interface 'HDMI': A port map to the required logical port "DDC_SCL_I" of the bus abstraction "xilinx.com:interface:hdmi_rtl:2.0" is missing.
WARNING: [IP_Flow 19-1965] Bus Interface 'HDMI': A port map to the required logical port "DDC_SCL_O" of the bus abstraction "xilinx.com:interface:hdmi_rtl:2.0" is missing.
WARNING: [IP_Flow 19-1965] Bus Interface 'HDMI': A port map to the required logical port "DDC_SCL_T" of the bus abstraction "xilinx.com:interface:hdmi_rtl:2.0" is missing.
WARNING: [IP_Flow 19-1965] Bus Interface 'HDMI': A port map to the required logical port "DDC_SDA_I" of the bus abstraction "xilinx.com:interface:hdmi_rtl:2.0" is missing.
WARNING: [IP_Flow 19-1965] Bus Interface 'HDMI': A port map to the required logical port "DDC_SDA_O" of the bus abstraction "xilinx.com:interface:hdmi_rtl:2.0" is missing.
WARNING: [IP_Flow 19-1965] Bus Interface 'HDMI': A port map to the required logical port "DDC_SDA_T" of the bus abstraction "xilinx.com:interface:hdmi_rtl:2.0" is missing.
WARNING: [IP_Flow 19-1965] Bus Interface 'HDMI': A port map to the required logical port "CABLE_CONNECT" of the bus abstraction "xilinx.com:interface:hdmi_rtl:2.0" is missing.
WARNING: [IP_Flow 19-1965] Bus Interface 'HDMI': A port map to the required logical port "HPD" of the bus abstraction "xilinx.com:interface:hdmi_rtl:2.0" is missing.
WARNING: [IP_Flow 19-1980] The memory map 'S00_AXI' is not referenced by any bus interface.
WARNING: [IP_Flow 19-991] Unrecognized or unsupported file 'src/clk_wiz_0.xcix' found in file group 'Verilog Simulation'.
Resolution: Remove the file from the specified file group.
WARNING: [IP_Flow 19-991] Unrecognized or unsupported file 'src/hdmi_tx_0.xcix' found in file group 'Verilog Simulation'.
Resolution: Remove the file from the specified file group.
INFO: [IP_Flow 19-2181] Payment Required is not set for this core.
INFO: [IP_Flow 19-2187] The Product Guide file is missing.
INFO: [Ipptcl 7-1486] check_integrity: Integrity check passed.
ipx::save_core [ipx::current_core]
current_project hdmi_text_controller_v1_0_project
ipx::move_temp_component_back -component [ipx::current_core]
close_project -delete
ERROR: [Project 1-161] Failed to remove the directory 'c:/users/orion/documents/github/ece385/lab_7/lab_7.tmp/hdmi_text_controller_v1_0_project/hdmi_text_controller_v1_0_project.sim'. The directory might be in use by some other process.
open_bd_design {C:/Users/Orion/Documents/GitHub/ece385/lab_7/lab_7.srcs/sources_1/bd/mb_block/mb_block_i.bd}
reset_run synth_1
WARNING: [Vivado 12-1017] Problems encountered:
1. Failed to delete one or more files in run directory C:/Users/Orion/Documents/GitHub/ece385/lab_7/lab_7.runs/synth_1

launch_runs synth_1 -jobs 6
[Tue Oct 29 23:31:10 2024] Launched synth_1...
Run output will be captured here: C:/Users/Orion/Documents/GitHub/ece385/lab_7/lab_7.runs/synth_1/runme.log
close_bd_design [get_bd_designs mb_block_i]
Wrote  : <C:/Users/Orion/Documents/GitHub/ece385/lab_7/lab_7.srcs/sources_1/bd/mb_block/ui/bd_913d8e4d.ui> 
close_bd_design: Time (s): cpu = 00:00:20 ; elapsed = 00:00:08 . Memory (MB): peak = 2102.648 ; gain = 0.000
open_run synth_1 -name synth_1
Design is defaulting to impl run constrset: constrs_1
Design is defaulting to synth run part: xc7s50csga324-1
INFO: [Device 21-403] Loading part xc7s50csga324-1
INFO: [Project 1-454] Reading design checkpoint 'c:/Users/Orion/Documents/GitHub/ece385/lab_7/lab_7.gen/sources_1/bd/mb_block_i/ip/mb_block_i_axi_uartlite_0_0/mb_block_i_axi_uartlite_0_0.dcp' for cell 'mb_block/axi_uartlite_0'
INFO: [Project 1-454] Reading design checkpoint 'c:/Users/Orion/Documents/GitHub/ece385/lab_7/lab_7.gen/sources_1/bd/mb_block_i/ip/mb_block_i_clk_wiz_1_0/mb_block_i_clk_wiz_1_0.dcp' for cell 'mb_block/clk_wiz_1'
INFO: [Project 1-454] Reading design checkpoint 'c:/Users/Orion/Documents/GitHub/ece385/lab_7/lab_7.srcs/sources_1/bd/mb_block/ip/mb_block_i_hdmi_text_controller_0_0/mb_block_i_hdmi_text_controller_0_0.dcp' for cell 'mb_block/hdmi_text_controller_0'
INFO: [Project 1-454] Reading design checkpoint 'c:/Users/Orion/Documents/GitHub/ece385/lab_7/lab_7.gen/sources_1/bd/mb_block_i/ip/mb_block_i_mdm_1_0/mb_block_i_mdm_1_0.dcp' for cell 'mb_block/mdm_1'
INFO: [Project 1-454] Reading design checkpoint 'c:/Users/Orion/Documents/GitHub/ece385/lab_7/lab_7.gen/sources_1/bd/mb_block_i/ip/mb_block_i_microblaze_0_0/mb_block_i_microblaze_0_0.dcp' for cell 'mb_block/microblaze_0'
INFO: [Project 1-454] Reading design checkpoint 'c:/Users/Orion/Documents/GitHub/ece385/lab_7/lab_7.gen/sources_1/bd/mb_block_i/ip/mb_block_i_microblaze_0_axi_intc_0/mb_block_i_microblaze_0_axi_intc_0.dcp' for cell 'mb_block/microblaze_0_axi_intc'
INFO: [Project 1-454] Reading design checkpoint 'c:/Users/Orion/Documents/GitHub/ece385/lab_7/lab_7.gen/sources_1/bd/mb_block_i/ip/mb_block_i_rst_clk_wiz_1_100M_0/mb_block_i_rst_clk_wiz_1_100M_0.dcp' for cell 'mb_block/rst_clk_wiz_1_100M'
INFO: [Project 1-454] Reading design checkpoint 'c:/Users/Orion/Documents/GitHub/ece385/lab_7/lab_7.gen/sources_1/bd/mb_block_i/ip/mb_block_i_xbar_0/mb_block_i_xbar_0.dcp' for cell 'mb_block/microblaze_0_axi_periph/xbar'
INFO: [Project 1-454] Reading design checkpoint 'c:/Users/Orion/Documents/GitHub/ece385/lab_7/lab_7.gen/sources_1/bd/mb_block_i/ip/mb_block_i_dlmb_bram_if_cntlr_0/mb_block_i_dlmb_bram_if_cntlr_0.dcp' for cell 'mb_block/microblaze_0_local_memory/dlmb_bram_if_cntlr'
INFO: [Project 1-454] Reading design checkpoint 'c:/Users/Orion/Documents/GitHub/ece385/lab_7/lab_7.gen/sources_1/bd/mb_block_i/ip/mb_block_i_dlmb_v10_0/mb_block_i_dlmb_v10_0.dcp' for cell 'mb_block/microblaze_0_local_memory/dlmb_v10'
INFO: [Project 1-454] Reading design checkpoint 'c:/Users/Orion/Documents/GitHub/ece385/lab_7/lab_7.gen/sources_1/bd/mb_block_i/ip/mb_block_i_ilmb_bram_if_cntlr_0/mb_block_i_ilmb_bram_if_cntlr_0.dcp' for cell 'mb_block/microblaze_0_local_memory/ilmb_bram_if_cntlr'
INFO: [Project 1-454] Reading design checkpoint 'c:/Users/Orion/Documents/GitHub/ece385/lab_7/lab_7.gen/sources_1/bd/mb_block_i/ip/mb_block_i_ilmb_v10_0/mb_block_i_ilmb_v10_0.dcp' for cell 'mb_block/microblaze_0_local_memory/ilmb_v10'
INFO: [Project 1-454] Reading design checkpoint 'c:/Users/Orion/Documents/GitHub/ece385/lab_7/lab_7.gen/sources_1/bd/mb_block_i/ip/mb_block_i_lmb_bram_0/mb_block_i_lmb_bram_0.dcp' for cell 'mb_block/microblaze_0_local_memory/lmb_bram'
Netlist sorting complete. Time (s): cpu = 00:00:01 ; elapsed = 00:00:01 . Memory (MB): peak = 2393.965 ; gain = 0.000
INFO: [Netlist 29-17] Analyzing 4097 Unisim elements for replacement
INFO: [Netlist 29-28] Unisim Transformation completed in 1 CPU seconds
WARNING: [Netlist 29-43] Netlist 'mb_usb_hdmi_top' is not ideal for floorplanning, since the cellview 'mb_block_i_hdmi_text_controller_0_0_hdmi_text_controller_v1_0_AXI' defined in file 'mb_block_i_hdmi_text_controller_0_0.edf' contains large number of primitives.  Please consider enabling hierarchy in synthesis if you want to do floorplanning.
INFO: [Project 1-479] Netlist was created with Vivado 2022.2
INFO: [Project 1-570] Preparing netlist for logic optimization
WARNING: [Opt 31-32] Removing redundant IBUF since it is not being driven by a top-level port. mb_block/hdmi_text_controller_0/inst/clk_wiz/inst/clkin1_ibufg 
Resolution: The tool has removed redundant IBUF. To resolve this warning, check for redundant IBUF in the input design.
WARNING: [Constraints 18-550] Could not create 'IBUF_LOW_PWR' constraint because net 'mb_block/hdmi_text_controller_0/axi_aclk' is not directly connected to top level port. Synthesis is ignored for IBUF_LOW_PWR but preserved for implementation.
Parsing XDC File [c:/Users/Orion/Documents/GitHub/ece385/lab_7/lab_7.gen/sources_1/bd/mb_block_i/ip/mb_block_i_microblaze_0_0/mb_block_i_microblaze_0_0.xdc] for cell 'mb_block/microblaze_0/U0'
Finished Parsing XDC File [c:/Users/Orion/Documents/GitHub/ece385/lab_7/lab_7.gen/sources_1/bd/mb_block_i/ip/mb_block_i_microblaze_0_0/mb_block_i_microblaze_0_0.xdc] for cell 'mb_block/microblaze_0/U0'
Parsing XDC File [c:/Users/Orion/Documents/GitHub/ece385/lab_7/lab_7.gen/sources_1/bd/mb_block_i/ip/mb_block_i_microblaze_0_axi_intc_0/mb_block_i_microblaze_0_axi_intc_0.xdc] for cell 'mb_block/microblaze_0_axi_intc/U0'
Finished Parsing XDC File [c:/Users/Orion/Documents/GitHub/ece385/lab_7/lab_7.gen/sources_1/bd/mb_block_i/ip/mb_block_i_microblaze_0_axi_intc_0/mb_block_i_microblaze_0_axi_intc_0.xdc] for cell 'mb_block/microblaze_0_axi_intc/U0'
Parsing XDC File [c:/Users/Orion/Documents/GitHub/ece385/lab_7/lab_7.gen/sources_1/bd/mb_block_i/ip/mb_block_i_clk_wiz_1_0/mb_block_i_clk_wiz_1_0_board.xdc] for cell 'mb_block/clk_wiz_1/inst'
Finished Parsing XDC File [c:/Users/Orion/Documents/GitHub/ece385/lab_7/lab_7.gen/sources_1/bd/mb_block_i/ip/mb_block_i_clk_wiz_1_0/mb_block_i_clk_wiz_1_0_board.xdc] for cell 'mb_block/clk_wiz_1/inst'
Parsing XDC File [c:/Users/Orion/Documents/GitHub/ece385/lab_7/lab_7.gen/sources_1/bd/mb_block_i/ip/mb_block_i_clk_wiz_1_0/mb_block_i_clk_wiz_1_0.xdc] for cell 'mb_block/clk_wiz_1/inst'
INFO: [Timing 38-35] Done setting XDC timing constraints. [c:/Users/Orion/Documents/GitHub/ece385/lab_7/lab_7.gen/sources_1/bd/mb_block_i/ip/mb_block_i_clk_wiz_1_0/mb_block_i_clk_wiz_1_0.xdc:57]
INFO: [Timing 38-2] Deriving generated clocks [c:/Users/Orion/Documents/GitHub/ece385/lab_7/lab_7.gen/sources_1/bd/mb_block_i/ip/mb_block_i_clk_wiz_1_0/mb_block_i_clk_wiz_1_0.xdc:57]
Finished Parsing XDC File [c:/Users/Orion/Documents/GitHub/ece385/lab_7/lab_7.gen/sources_1/bd/mb_block_i/ip/mb_block_i_clk_wiz_1_0/mb_block_i_clk_wiz_1_0.xdc] for cell 'mb_block/clk_wiz_1/inst'
Parsing XDC File [c:/Users/Orion/Documents/GitHub/ece385/lab_7/lab_7.gen/sources_1/bd/mb_block_i/ip/mb_block_i_rst_clk_wiz_1_100M_0/mb_block_i_rst_clk_wiz_1_100M_0_board.xdc] for cell 'mb_block/rst_clk_wiz_1_100M/U0'
Finished Parsing XDC File [c:/Users/Orion/Documents/GitHub/ece385/lab_7/lab_7.gen/sources_1/bd/mb_block_i/ip/mb_block_i_rst_clk_wiz_1_100M_0/mb_block_i_rst_clk_wiz_1_100M_0_board.xdc] for cell 'mb_block/rst_clk_wiz_1_100M/U0'
Parsing XDC File [c:/Users/Orion/Documents/GitHub/ece385/lab_7/lab_7.gen/sources_1/bd/mb_block_i/ip/mb_block_i_rst_clk_wiz_1_100M_0/mb_block_i_rst_clk_wiz_1_100M_0.xdc] for cell 'mb_block/rst_clk_wiz_1_100M/U0'
Finished Parsing XDC File [c:/Users/Orion/Documents/GitHub/ece385/lab_7/lab_7.gen/sources_1/bd/mb_block_i/ip/mb_block_i_rst_clk_wiz_1_100M_0/mb_block_i_rst_clk_wiz_1_100M_0.xdc] for cell 'mb_block/rst_clk_wiz_1_100M/U0'
Parsing XDC File [c:/Users/Orion/Documents/GitHub/ece385/lab_7/lab_7.gen/sources_1/bd/mb_block_i/ip/mb_block_i_axi_uartlite_0_0/mb_block_i_axi_uartlite_0_0_board.xdc] for cell 'mb_block/axi_uartlite_0/U0'
Finished Parsing XDC File [c:/Users/Orion/Documents/GitHub/ece385/lab_7/lab_7.gen/sources_1/bd/mb_block_i/ip/mb_block_i_axi_uartlite_0_0/mb_block_i_axi_uartlite_0_0_board.xdc] for cell 'mb_block/axi_uartlite_0/U0'
Parsing XDC File [c:/Users/Orion/Documents/GitHub/ece385/lab_7/lab_7.gen/sources_1/bd/mb_block_i/ip/mb_block_i_axi_uartlite_0_0/mb_block_i_axi_uartlite_0_0.xdc] for cell 'mb_block/axi_uartlite_0/U0'
Finished Parsing XDC File [c:/Users/Orion/Documents/GitHub/ece385/lab_7/lab_7.gen/sources_1/bd/mb_block_i/ip/mb_block_i_axi_uartlite_0_0/mb_block_i_axi_uartlite_0_0.xdc] for cell 'mb_block/axi_uartlite_0/U0'
Parsing XDC File [c:/Users/Orion/Documents/GitHub/ece385/lab_7/lab_7.srcs/sources_1/bd/mb_block/ip/mb_block_i_hdmi_text_controller_0_0/src/clk_wiz_0/clk_wiz_0.xdc] for cell 'mb_block/hdmi_text_controller_0/inst/clk_wiz/inst'
INFO: [Timing 38-2] Deriving generated clocks [c:/Users/Orion/Documents/GitHub/ece385/lab_7/lab_7.srcs/sources_1/bd/mb_block/ip/mb_block_i_hdmi_text_controller_0_0/src/clk_wiz_0/clk_wiz_0.xdc:57]
Finished Parsing XDC File [c:/Users/Orion/Documents/GitHub/ece385/lab_7/lab_7.srcs/sources_1/bd/mb_block/ip/mb_block_i_hdmi_text_controller_0_0/src/clk_wiz_0/clk_wiz_0.xdc] for cell 'mb_block/hdmi_text_controller_0/inst/clk_wiz/inst'
Parsing XDC File [c:/Users/Orion/Documents/GitHub/ece385/lab_7/lab_7.gen/sources_1/ip/clk_wiz_0/clk_wiz_0_board.xdc] for cell 'mb_block/hdmi_text_controller_0/inst/clk_wiz/inst'
Finished Parsing XDC File [c:/Users/Orion/Documents/GitHub/ece385/lab_7/lab_7.gen/sources_1/ip/clk_wiz_0/clk_wiz_0_board.xdc] for cell 'mb_block/hdmi_text_controller_0/inst/clk_wiz/inst'
Parsing XDC File [c:/Users/Orion/Documents/GitHub/ece385/lab_7/lab_7.gen/sources_1/ip/clk_wiz_0/clk_wiz_0.xdc] for cell 'mb_block/hdmi_text_controller_0/inst/clk_wiz/inst'
Finished Parsing XDC File [c:/Users/Orion/Documents/GitHub/ece385/lab_7/lab_7.gen/sources_1/ip/clk_wiz_0/clk_wiz_0.xdc] for cell 'mb_block/hdmi_text_controller_0/inst/clk_wiz/inst'
Parsing XDC File [C:/Users/Orion/Documents/GitHub/ece385/lab_7/lab_7.srcs/constrs_1/imports/pin_assignment/mb_usb_hdmi_top.xdc]
CRITICAL WARNING: [Constraints 18-1055] Clock 'clk_100' completely overrides clock 'Clk', which is referenced by one or more other constraints. Any constraints that refer to the overridden clock will be ignored.
New: create_clock -period 10.000 -name clk_100 -waveform {0.000 5.000} [get_ports Clk], [C:/Users/Orion/Documents/GitHub/ece385/lab_7/lab_7.srcs/constrs_1/imports/pin_assignment/mb_usb_hdmi_top.xdc:1]
Previous: create_clock -period 10.000 [get_ports Clk], [c:/Users/Orion/Documents/GitHub/ece385/lab_7/lab_7.gen/sources_1/bd/mb_block_i/ip/mb_block_i_clk_wiz_1_0/mb_block_i_clk_wiz_1_0.xdc:56]
Resolution: Review the constraint files and remove the redundant clock definition(s). If the clock constraints are not saved in a file, you can first save the constraints to an XDC file and reload the design once the constraints have been corrected.
WARNING: [Vivado 12-584] No ports matched 'gpio_usb_int_tri_i[0]'. [C:/Users/Orion/Documents/GitHub/ece385/lab_7/lab_7.srcs/constrs_1/imports/pin_assignment/mb_usb_hdmi_top.xdc:12]
CRITICAL WARNING: [Common 17-55] 'set_property' expects at least one object. [C:/Users/Orion/Documents/GitHub/ece385/lab_7/lab_7.srcs/constrs_1/imports/pin_assignment/mb_usb_hdmi_top.xdc:12]
Resolution: If [get_<value>] was used to populate the object, check to make sure this command returns at least one valid object.
WARNING: [Vivado 12-584] No ports matched 'usb_spi_miso'. [C:/Users/Orion/Documents/GitHub/ece385/lab_7/lab_7.srcs/constrs_1/imports/pin_assignment/mb_usb_hdmi_top.xdc:13]
CRITICAL WARNING: [Common 17-55] 'set_property' expects at least one object. [C:/Users/Orion/Documents/GitHub/ece385/lab_7/lab_7.srcs/constrs_1/imports/pin_assignment/mb_usb_hdmi_top.xdc:13]
Resolution: If [get_<value>] was used to populate the object, check to make sure this command returns at least one valid object.
WARNING: [Vivado 12-584] No ports matched 'usb_spi_mosi'. [C:/Users/Orion/Documents/GitHub/ece385/lab_7/lab_7.srcs/constrs_1/imports/pin_assignment/mb_usb_hdmi_top.xdc:14]
CRITICAL WARNING: [Common 17-55] 'set_property' expects at least one object. [C:/Users/Orion/Documents/GitHub/ece385/lab_7/lab_7.srcs/constrs_1/imports/pin_assignment/mb_usb_hdmi_top.xdc:14]
Resolution: If [get_<value>] was used to populate the object, check to make sure this command returns at least one valid object.
WARNING: [Vivado 12-584] No ports matched 'usb_spi_sclk'. [C:/Users/Orion/Documents/GitHub/ece385/lab_7/lab_7.srcs/constrs_1/imports/pin_assignment/mb_usb_hdmi_top.xdc:15]
CRITICAL WARNING: [Common 17-55] 'set_property' expects at least one object. [C:/Users/Orion/Documents/GitHub/ece385/lab_7/lab_7.srcs/constrs_1/imports/pin_assignment/mb_usb_hdmi_top.xdc:15]
Resolution: If [get_<value>] was used to populate the object, check to make sure this command returns at least one valid object.
WARNING: [Vivado 12-584] No ports matched 'gpio_usb_int_tri_i[0]'. [C:/Users/Orion/Documents/GitHub/ece385/lab_7/lab_7.srcs/constrs_1/imports/pin_assignment/mb_usb_hdmi_top.xdc:16]
CRITICAL WARNING: [Common 17-55] 'set_property' expects at least one object. [C:/Users/Orion/Documents/GitHub/ece385/lab_7/lab_7.srcs/constrs_1/imports/pin_assignment/mb_usb_hdmi_top.xdc:16]
Resolution: If [get_<value>] was used to populate the object, check to make sure this command returns at least one valid object.
WARNING: [Vivado 12-584] No ports matched 'usb_spi_sclk'. [C:/Users/Orion/Documents/GitHub/ece385/lab_7/lab_7.srcs/constrs_1/imports/pin_assignment/mb_usb_hdmi_top.xdc:17]
CRITICAL WARNING: [Common 17-55] 'set_property' expects at least one object. [C:/Users/Orion/Documents/GitHub/ece385/lab_7/lab_7.srcs/constrs_1/imports/pin_assignment/mb_usb_hdmi_top.xdc:17]
Resolution: If [get_<value>] was used to populate the object, check to make sure this command returns at least one valid object.
WARNING: [Vivado 12-584] No ports matched 'usb_spi_mosi'. [C:/Users/Orion/Documents/GitHub/ece385/lab_7/lab_7.srcs/constrs_1/imports/pin_assignment/mb_usb_hdmi_top.xdc:18]
CRITICAL WARNING: [Common 17-55] 'set_property' expects at least one object. [C:/Users/Orion/Documents/GitHub/ece385/lab_7/lab_7.srcs/constrs_1/imports/pin_assignment/mb_usb_hdmi_top.xdc:18]
Resolution: If [get_<value>] was used to populate the object, check to make sure this command returns at least one valid object.
WARNING: [Vivado 12-584] No ports matched 'usb_spi_miso'. [C:/Users/Orion/Documents/GitHub/ece385/lab_7/lab_7.srcs/constrs_1/imports/pin_assignment/mb_usb_hdmi_top.xdc:19]
CRITICAL WARNING: [Common 17-55] 'set_property' expects at least one object. [C:/Users/Orion/Documents/GitHub/ece385/lab_7/lab_7.srcs/constrs_1/imports/pin_assignment/mb_usb_hdmi_top.xdc:19]
Resolution: If [get_<value>] was used to populate the object, check to make sure this command returns at least one valid object.
WARNING: [Vivado 12-584] No ports matched 'gpio_usb_rst_tri_o'. [C:/Users/Orion/Documents/GitHub/ece385/lab_7/lab_7.srcs/constrs_1/imports/pin_assignment/mb_usb_hdmi_top.xdc:21]
CRITICAL WARNING: [Common 17-55] 'set_property' expects at least one object. [C:/Users/Orion/Documents/GitHub/ece385/lab_7/lab_7.srcs/constrs_1/imports/pin_assignment/mb_usb_hdmi_top.xdc:21]
Resolution: If [get_<value>] was used to populate the object, check to make sure this command returns at least one valid object.
WARNING: [Vivado 12-584] No ports matched 'gpio_usb_rst_tri_o'. [C:/Users/Orion/Documents/GitHub/ece385/lab_7/lab_7.srcs/constrs_1/imports/pin_assignment/mb_usb_hdmi_top.xdc:22]
CRITICAL WARNING: [Common 17-55] 'set_property' expects at least one object. [C:/Users/Orion/Documents/GitHub/ece385/lab_7/lab_7.srcs/constrs_1/imports/pin_assignment/mb_usb_hdmi_top.xdc:22]
Resolution: If [get_<value>] was used to populate the object, check to make sure this command returns at least one valid object.
WARNING: [Vivado 12-584] No ports matched 'usb_spi_ss'. [C:/Users/Orion/Documents/GitHub/ece385/lab_7/lab_7.srcs/constrs_1/imports/pin_assignment/mb_usb_hdmi_top.xdc:23]
CRITICAL WARNING: [Common 17-55] 'set_property' expects at least one object. [C:/Users/Orion/Documents/GitHub/ece385/lab_7/lab_7.srcs/constrs_1/imports/pin_assignment/mb_usb_hdmi_top.xdc:23]
Resolution: If [get_<value>] was used to populate the object, check to make sure this command returns at least one valid object.
WARNING: [Vivado 12-584] No ports matched 'usb_spi_ss'. [C:/Users/Orion/Documents/GitHub/ece385/lab_7/lab_7.srcs/constrs_1/imports/pin_assignment/mb_usb_hdmi_top.xdc:24]
CRITICAL WARNING: [Common 17-55] 'set_property' expects at least one object. [C:/Users/Orion/Documents/GitHub/ece385/lab_7/lab_7.srcs/constrs_1/imports/pin_assignment/mb_usb_hdmi_top.xdc:24]
Resolution: If [get_<value>] was used to populate the object, check to make sure this command returns at least one valid object.
WARNING: [Vivado 12-584] No ports matched 'hex_gridA[3]'. [C:/Users/Orion/Documents/GitHub/ece385/lab_7/lab_7.srcs/constrs_1/imports/pin_assignment/mb_usb_hdmi_top.xdc:27]
CRITICAL WARNING: [Common 17-55] 'set_property' expects at least one object. [C:/Users/Orion/Documents/GitHub/ece385/lab_7/lab_7.srcs/constrs_1/imports/pin_assignment/mb_usb_hdmi_top.xdc:27]
Resolution: If [get_<value>] was used to populate the object, check to make sure this command returns at least one valid object.
WARNING: [Vivado 12-584] No ports matched 'hex_gridA[2]'. [C:/Users/Orion/Documents/GitHub/ece385/lab_7/lab_7.srcs/constrs_1/imports/pin_assignment/mb_usb_hdmi_top.xdc:28]
CRITICAL WARNING: [Common 17-55] 'set_property' expects at least one object. [C:/Users/Orion/Documents/GitHub/ece385/lab_7/lab_7.srcs/constrs_1/imports/pin_assignment/mb_usb_hdmi_top.xdc:28]
Resolution: If [get_<value>] was used to populate the object, check to make sure this command returns at least one valid object.
WARNING: [Vivado 12-584] No ports matched 'hex_gridA[1]'. [C:/Users/Orion/Documents/GitHub/ece385/lab_7/lab_7.srcs/constrs_1/imports/pin_assignment/mb_usb_hdmi_top.xdc:29]
CRITICAL WARNING: [Common 17-55] 'set_property' expects at least one object. [C:/Users/Orion/Documents/GitHub/ece385/lab_7/lab_7.srcs/constrs_1/imports/pin_assignment/mb_usb_hdmi_top.xdc:29]
Resolution: If [get_<value>] was used to populate the object, check to make sure this command returns at least one valid object.
WARNING: [Vivado 12-584] No ports matched 'hex_gridA[0]'. [C:/Users/Orion/Documents/GitHub/ece385/lab_7/lab_7.srcs/constrs_1/imports/pin_assignment/mb_usb_hdmi_top.xdc:30]
CRITICAL WARNING: [Common 17-55] 'set_property' expects at least one object. [C:/Users/Orion/Documents/GitHub/ece385/lab_7/lab_7.srcs/constrs_1/imports/pin_assignment/mb_usb_hdmi_top.xdc:30]
Resolution: If [get_<value>] was used to populate the object, check to make sure this command returns at least one valid object.
WARNING: [Vivado 12-584] No ports matched 'hex_gridB[3]'. [C:/Users/Orion/Documents/GitHub/ece385/lab_7/lab_7.srcs/constrs_1/imports/pin_assignment/mb_usb_hdmi_top.xdc:31]
CRITICAL WARNING: [Common 17-55] 'set_property' expects at least one object. [C:/Users/Orion/Documents/GitHub/ece385/lab_7/lab_7.srcs/constrs_1/imports/pin_assignment/mb_usb_hdmi_top.xdc:31]
Resolution: If [get_<value>] was used to populate the object, check to make sure this command returns at least one valid object.
WARNING: [Vivado 12-584] No ports matched 'hex_gridB[2]'. [C:/Users/Orion/Documents/GitHub/ece385/lab_7/lab_7.srcs/constrs_1/imports/pin_assignment/mb_usb_hdmi_top.xdc:32]
CRITICAL WARNING: [Common 17-55] 'set_property' expects at least one object. [C:/Users/Orion/Documents/GitHub/ece385/lab_7/lab_7.srcs/constrs_1/imports/pin_assignment/mb_usb_hdmi_top.xdc:32]
Resolution: If [get_<value>] was used to populate the object, check to make sure this command returns at least one valid object.
WARNING: [Vivado 12-584] No ports matched 'hex_gridB[1]'. [C:/Users/Orion/Documents/GitHub/ece385/lab_7/lab_7.srcs/constrs_1/imports/pin_assignment/mb_usb_hdmi_top.xdc:33]
CRITICAL WARNING: [Common 17-55] 'set_property' expects at least one object. [C:/Users/Orion/Documents/GitHub/ece385/lab_7/lab_7.srcs/constrs_1/imports/pin_assignment/mb_usb_hdmi_top.xdc:33]
Resolution: If [get_<value>] was used to populate the object, check to make sure this command returns at least one valid object.
WARNING: [Vivado 12-584] No ports matched 'hex_gridB[0]'. [C:/Users/Orion/Documents/GitHub/ece385/lab_7/lab_7.srcs/constrs_1/imports/pin_assignment/mb_usb_hdmi_top.xdc:34]
CRITICAL WARNING: [Common 17-55] 'set_property' expects at least one object. [C:/Users/Orion/Documents/GitHub/ece385/lab_7/lab_7.srcs/constrs_1/imports/pin_assignment/mb_usb_hdmi_top.xdc:34]
Resolution: If [get_<value>] was used to populate the object, check to make sure this command returns at least one valid object.
WARNING: [Vivado 12-584] No ports matched 'hex_segA[7]'. [C:/Users/Orion/Documents/GitHub/ece385/lab_7/lab_7.srcs/constrs_1/imports/pin_assignment/mb_usb_hdmi_top.xdc:35]
CRITICAL WARNING: [Common 17-55] 'set_property' expects at least one object. [C:/Users/Orion/Documents/GitHub/ece385/lab_7/lab_7.srcs/constrs_1/imports/pin_assignment/mb_usb_hdmi_top.xdc:35]
Resolution: If [get_<value>] was used to populate the object, check to make sure this command returns at least one valid object.
WARNING: [Vivado 12-584] No ports matched 'hex_segA[6]'. [C:/Users/Orion/Documents/GitHub/ece385/lab_7/lab_7.srcs/constrs_1/imports/pin_assignment/mb_usb_hdmi_top.xdc:36]
CRITICAL WARNING: [Common 17-55] 'set_property' expects at least one object. [C:/Users/Orion/Documents/GitHub/ece385/lab_7/lab_7.srcs/constrs_1/imports/pin_assignment/mb_usb_hdmi_top.xdc:36]
Resolution: If [get_<value>] was used to populate the object, check to make sure this command returns at least one valid object.
WARNING: [Vivado 12-584] No ports matched 'hex_segA[5]'. [C:/Users/Orion/Documents/GitHub/ece385/lab_7/lab_7.srcs/constrs_1/imports/pin_assignment/mb_usb_hdmi_top.xdc:37]
CRITICAL WARNING: [Common 17-55] 'set_property' expects at least one object. [C:/Users/Orion/Documents/GitHub/ece385/lab_7/lab_7.srcs/constrs_1/imports/pin_assignment/mb_usb_hdmi_top.xdc:37]
Resolution: If [get_<value>] was used to populate the object, check to make sure this command returns at least one valid object.
WARNING: [Vivado 12-584] No ports matched 'hex_segA[4]'. [C:/Users/Orion/Documents/GitHub/ece385/lab_7/lab_7.srcs/constrs_1/imports/pin_assignment/mb_usb_hdmi_top.xdc:38]
CRITICAL WARNING: [Common 17-55] 'set_property' expects at least one object. [C:/Users/Orion/Documents/GitHub/ece385/lab_7/lab_7.srcs/constrs_1/imports/pin_assignment/mb_usb_hdmi_top.xdc:38]
Resolution: If [get_<value>] was used to populate the object, check to make sure this command returns at least one valid object.
WARNING: [Vivado 12-584] No ports matched 'hex_segA[3]'. [C:/Users/Orion/Documents/GitHub/ece385/lab_7/lab_7.srcs/constrs_1/imports/pin_assignment/mb_usb_hdmi_top.xdc:39]
CRITICAL WARNING: [Common 17-55] 'set_property' expects at least one object. [C:/Users/Orion/Documents/GitHub/ece385/lab_7/lab_7.srcs/constrs_1/imports/pin_assignment/mb_usb_hdmi_top.xdc:39]
Resolution: If [get_<value>] was used to populate the object, check to make sure this command returns at least one valid object.
WARNING: [Vivado 12-584] No ports matched 'hex_segA[2]'. [C:/Users/Orion/Documents/GitHub/ece385/lab_7/lab_7.srcs/constrs_1/imports/pin_assignment/mb_usb_hdmi_top.xdc:40]
CRITICAL WARNING: [Common 17-55] 'set_property' expects at least one object. [C:/Users/Orion/Documents/GitHub/ece385/lab_7/lab_7.srcs/constrs_1/imports/pin_assignment/mb_usb_hdmi_top.xdc:40]
Resolution: If [get_<value>] was used to populate the object, check to make sure this command returns at least one valid object.
WARNING: [Vivado 12-584] No ports matched 'hex_segA[1]'. [C:/Users/Orion/Documents/GitHub/ece385/lab_7/lab_7.srcs/constrs_1/imports/pin_assignment/mb_usb_hdmi_top.xdc:41]
CRITICAL WARNING: [Common 17-55] 'set_property' expects at least one object. [C:/Users/Orion/Documents/GitHub/ece385/lab_7/lab_7.srcs/constrs_1/imports/pin_assignment/mb_usb_hdmi_top.xdc:41]
Resolution: If [get_<value>] was used to populate the object, check to make sure this command returns at least one valid object.
WARNING: [Vivado 12-584] No ports matched 'hex_segA[0]'. [C:/Users/Orion/Documents/GitHub/ece385/lab_7/lab_7.srcs/constrs_1/imports/pin_assignment/mb_usb_hdmi_top.xdc:42]
CRITICAL WARNING: [Common 17-55] 'set_property' expects at least one object. [C:/Users/Orion/Documents/GitHub/ece385/lab_7/lab_7.srcs/constrs_1/imports/pin_assignment/mb_usb_hdmi_top.xdc:42]
Resolution: If [get_<value>] was used to populate the object, check to make sure this command returns at least one valid object.
WARNING: [Vivado 12-584] No ports matched 'hex_segB[7]'. [C:/Users/Orion/Documents/GitHub/ece385/lab_7/lab_7.srcs/constrs_1/imports/pin_assignment/mb_usb_hdmi_top.xdc:43]
CRITICAL WARNING: [Common 17-55] 'set_property' expects at least one object. [C:/Users/Orion/Documents/GitHub/ece385/lab_7/lab_7.srcs/constrs_1/imports/pin_assignment/mb_usb_hdmi_top.xdc:43]
Resolution: If [get_<value>] was used to populate the object, check to make sure this command returns at least one valid object.
WARNING: [Vivado 12-584] No ports matched 'hex_segB[6]'. [C:/Users/Orion/Documents/GitHub/ece385/lab_7/lab_7.srcs/constrs_1/imports/pin_assignment/mb_usb_hdmi_top.xdc:44]
CRITICAL WARNING: [Common 17-55] 'set_property' expects at least one object. [C:/Users/Orion/Documents/GitHub/ece385/lab_7/lab_7.srcs/constrs_1/imports/pin_assignment/mb_usb_hdmi_top.xdc:44]
Resolution: If [get_<value>] was used to populate the object, check to make sure this command returns at least one valid object.
WARNING: [Vivado 12-584] No ports matched 'hex_segB[5]'. [C:/Users/Orion/Documents/GitHub/ece385/lab_7/lab_7.srcs/constrs_1/imports/pin_assignment/mb_usb_hdmi_top.xdc:45]
CRITICAL WARNING: [Common 17-55] 'set_property' expects at least one object. [C:/Users/Orion/Documents/GitHub/ece385/lab_7/lab_7.srcs/constrs_1/imports/pin_assignment/mb_usb_hdmi_top.xdc:45]
Resolution: If [get_<value>] was used to populate the object, check to make sure this command returns at least one valid object.
WARNING: [Vivado 12-584] No ports matched 'hex_segB[4]'. [C:/Users/Orion/Documents/GitHub/ece385/lab_7/lab_7.srcs/constrs_1/imports/pin_assignment/mb_usb_hdmi_top.xdc:46]
CRITICAL WARNING: [Common 17-55] 'set_property' expects at least one object. [C:/Users/Orion/Documents/GitHub/ece385/lab_7/lab_7.srcs/constrs_1/imports/pin_assignment/mb_usb_hdmi_top.xdc:46]
Resolution: If [get_<value>] was used to populate the object, check to make sure this command returns at least one valid object.
WARNING: [Vivado 12-584] No ports matched 'hex_segB[3]'. [C:/Users/Orion/Documents/GitHub/ece385/lab_7/lab_7.srcs/constrs_1/imports/pin_assignment/mb_usb_hdmi_top.xdc:47]
CRITICAL WARNING: [Common 17-55] 'set_property' expects at least one object. [C:/Users/Orion/Documents/GitHub/ece385/lab_7/lab_7.srcs/constrs_1/imports/pin_assignment/mb_usb_hdmi_top.xdc:47]
Resolution: If [get_<value>] was used to populate the object, check to make sure this command returns at least one valid object.
WARNING: [Vivado 12-584] No ports matched 'hex_segB[2]'. [C:/Users/Orion/Documents/GitHub/ece385/lab_7/lab_7.srcs/constrs_1/imports/pin_assignment/mb_usb_hdmi_top.xdc:48]
CRITICAL WARNING: [Common 17-55] 'set_property' expects at least one object. [C:/Users/Orion/Documents/GitHub/ece385/lab_7/lab_7.srcs/constrs_1/imports/pin_assignment/mb_usb_hdmi_top.xdc:48]
Resolution: If [get_<value>] was used to populate the object, check to make sure this command returns at least one valid object.
WARNING: [Vivado 12-584] No ports matched 'hex_segB[1]'. [C:/Users/Orion/Documents/GitHub/ece385/lab_7/lab_7.srcs/constrs_1/imports/pin_assignment/mb_usb_hdmi_top.xdc:49]
CRITICAL WARNING: [Common 17-55] 'set_property' expects at least one object. [C:/Users/Orion/Documents/GitHub/ece385/lab_7/lab_7.srcs/constrs_1/imports/pin_assignment/mb_usb_hdmi_top.xdc:49]
Resolution: If [get_<value>] was used to populate the object, check to make sure this command returns at least one valid object.
WARNING: [Vivado 12-584] No ports matched 'hex_segB[0]'. [C:/Users/Orion/Documents/GitHub/ece385/lab_7/lab_7.srcs/constrs_1/imports/pin_assignment/mb_usb_hdmi_top.xdc:50]
CRITICAL WARNING: [Common 17-55] 'set_property' expects at least one object. [C:/Users/Orion/Documents/GitHub/ece385/lab_7/lab_7.srcs/constrs_1/imports/pin_assignment/mb_usb_hdmi_top.xdc:50]
Resolution: If [get_<value>] was used to populate the object, check to make sure this command returns at least one valid object.
WARNING: [Vivado 12-584] No ports matched 'hex_gridA[0]'. [C:/Users/Orion/Documents/GitHub/ece385/lab_7/lab_7.srcs/constrs_1/imports/pin_assignment/mb_usb_hdmi_top.xdc:51]
CRITICAL WARNING: [Common 17-55] 'set_property' expects at least one object. [C:/Users/Orion/Documents/GitHub/ece385/lab_7/lab_7.srcs/constrs_1/imports/pin_assignment/mb_usb_hdmi_top.xdc:51]
Resolution: If [get_<value>] was used to populate the object, check to make sure this command returns at least one valid object.
WARNING: [Vivado 12-584] No ports matched 'hex_gridA[1]'. [C:/Users/Orion/Documents/GitHub/ece385/lab_7/lab_7.srcs/constrs_1/imports/pin_assignment/mb_usb_hdmi_top.xdc:52]
CRITICAL WARNING: [Common 17-55] 'set_property' expects at least one object. [C:/Users/Orion/Documents/GitHub/ece385/lab_7/lab_7.srcs/constrs_1/imports/pin_assignment/mb_usb_hdmi_top.xdc:52]
Resolution: If [get_<value>] was used to populate the object, check to make sure this command returns at least one valid object.
WARNING: [Vivado 12-584] No ports matched 'hex_gridA[2]'. [C:/Users/Orion/Documents/GitHub/ece385/lab_7/lab_7.srcs/constrs_1/imports/pin_assignment/mb_usb_hdmi_top.xdc:53]
CRITICAL WARNING: [Common 17-55] 'set_property' expects at least one object. [C:/Users/Orion/Documents/GitHub/ece385/lab_7/lab_7.srcs/constrs_1/imports/pin_assignment/mb_usb_hdmi_top.xdc:53]
Resolution: If [get_<value>] was used to populate the object, check to make sure this command returns at least one valid object.
WARNING: [Vivado 12-584] No ports matched 'hex_gridA[3]'. [C:/Users/Orion/Documents/GitHub/ece385/lab_7/lab_7.srcs/constrs_1/imports/pin_assignment/mb_usb_hdmi_top.xdc:54]
CRITICAL WARNING: [Common 17-55] 'set_property' expects at least one object. [C:/Users/Orion/Documents/GitHub/ece385/lab_7/lab_7.srcs/constrs_1/imports/pin_assignment/mb_usb_hdmi_top.xdc:54]
Resolution: If [get_<value>] was used to populate the object, check to make sure this command returns at least one valid object.
WARNING: [Vivado 12-584] No ports matched 'hex_segA[0]'. [C:/Users/Orion/Documents/GitHub/ece385/lab_7/lab_7.srcs/constrs_1/imports/pin_assignment/mb_usb_hdmi_top.xdc:55]
CRITICAL WARNING: [Common 17-55] 'set_property' expects at least one object. [C:/Users/Orion/Documents/GitHub/ece385/lab_7/lab_7.srcs/constrs_1/imports/pin_assignment/mb_usb_hdmi_top.xdc:55]
Resolution: If [get_<value>] was used to populate the object, check to make sure this command returns at least one valid object.
WARNING: [Vivado 12-584] No ports matched 'hex_segA[1]'. [C:/Users/Orion/Documents/GitHub/ece385/lab_7/lab_7.srcs/constrs_1/imports/pin_assignment/mb_usb_hdmi_top.xdc:56]
CRITICAL WARNING: [Common 17-55] 'set_property' expects at least one object. [C:/Users/Orion/Documents/GitHub/ece385/lab_7/lab_7.srcs/constrs_1/imports/pin_assignment/mb_usb_hdmi_top.xdc:56]
Resolution: If [get_<value>] was used to populate the object, check to make sure this command returns at least one valid object.
WARNING: [Vivado 12-584] No ports matched 'hex_segA[2]'. [C:/Users/Orion/Documents/GitHub/ece385/lab_7/lab_7.srcs/constrs_1/imports/pin_assignment/mb_usb_hdmi_top.xdc:57]
CRITICAL WARNING: [Common 17-55] 'set_property' expects at least one object. [C:/Users/Orion/Documents/GitHub/ece385/lab_7/lab_7.srcs/constrs_1/imports/pin_assignment/mb_usb_hdmi_top.xdc:57]
Resolution: If [get_<value>] was used to populate the object, check to make sure this command returns at least one valid object.
WARNING: [Vivado 12-584] No ports matched 'hex_segA[3]'. [C:/Users/Orion/Documents/GitHub/ece385/lab_7/lab_7.srcs/constrs_1/imports/pin_assignment/mb_usb_hdmi_top.xdc:58]
CRITICAL WARNING: [Common 17-55] 'set_property' expects at least one object. [C:/Users/Orion/Documents/GitHub/ece385/lab_7/lab_7.srcs/constrs_1/imports/pin_assignment/mb_usb_hdmi_top.xdc:58]
Resolution: If [get_<value>] was used to populate the object, check to make sure this command returns at least one valid object.
WARNING: [Vivado 12-584] No ports matched 'hex_segA[4]'. [C:/Users/Orion/Documents/GitHub/ece385/lab_7/lab_7.srcs/constrs_1/imports/pin_assignment/mb_usb_hdmi_top.xdc:59]
CRITICAL WARNING: [Common 17-55] 'set_property' expects at least one object. [C:/Users/Orion/Documents/GitHub/ece385/lab_7/lab_7.srcs/constrs_1/imports/pin_assignment/mb_usb_hdmi_top.xdc:59]
Resolution: If [get_<value>] was used to populate the object, check to make sure this command returns at least one valid object.
WARNING: [Vivado 12-584] No ports matched 'hex_segA[5]'. [C:/Users/Orion/Documents/GitHub/ece385/lab_7/lab_7.srcs/constrs_1/imports/pin_assignment/mb_usb_hdmi_top.xdc:60]
CRITICAL WARNING: [Common 17-55] 'set_property' expects at least one object. [C:/Users/Orion/Documents/GitHub/ece385/lab_7/lab_7.srcs/constrs_1/imports/pin_assignment/mb_usb_hdmi_top.xdc:60]
Resolution: If [get_<value>] was used to populate the object, check to make sure this command returns at least one valid object.
WARNING: [Vivado 12-584] No ports matched 'hex_segA[6]'. [C:/Users/Orion/Documents/GitHub/ece385/lab_7/lab_7.srcs/constrs_1/imports/pin_assignment/mb_usb_hdmi_top.xdc:61]
CRITICAL WARNING: [Common 17-55] 'set_property' expects at least one object. [C:/Users/Orion/Documents/GitHub/ece385/lab_7/lab_7.srcs/constrs_1/imports/pin_assignment/mb_usb_hdmi_top.xdc:61]
Resolution: If [get_<value>] was used to populate the object, check to make sure this command returns at least one valid object.
WARNING: [Vivado 12-584] No ports matched 'hex_segA[7]'. [C:/Users/Orion/Documents/GitHub/ece385/lab_7/lab_7.srcs/constrs_1/imports/pin_assignment/mb_usb_hdmi_top.xdc:62]
CRITICAL WARNING: [Common 17-55] 'set_property' expects at least one object. [C:/Users/Orion/Documents/GitHub/ece385/lab_7/lab_7.srcs/constrs_1/imports/pin_assignment/mb_usb_hdmi_top.xdc:62]
Resolution: If [get_<value>] was used to populate the object, check to make sure this command returns at least one valid object.
WARNING: [Vivado 12-584] No ports matched 'hex_segB[0]'. [C:/Users/Orion/Documents/GitHub/ece385/lab_7/lab_7.srcs/constrs_1/imports/pin_assignment/mb_usb_hdmi_top.xdc:63]
CRITICAL WARNING: [Common 17-55] 'set_property' expects at least one object. [C:/Users/Orion/Documents/GitHub/ece385/lab_7/lab_7.srcs/constrs_1/imports/pin_assignment/mb_usb_hdmi_top.xdc:63]
Resolution: If [get_<value>] was used to populate the object, check to make sure this command returns at least one valid object.
WARNING: [Vivado 12-584] No ports matched 'hex_segB[1]'. [C:/Users/Orion/Documents/GitHub/ece385/lab_7/lab_7.srcs/constrs_1/imports/pin_assignment/mb_usb_hdmi_top.xdc:64]
CRITICAL WARNING: [Common 17-55] 'set_property' expects at least one object. [C:/Users/Orion/Documents/GitHub/ece385/lab_7/lab_7.srcs/constrs_1/imports/pin_assignment/mb_usb_hdmi_top.xdc:64]
Resolution: If [get_<value>] was used to populate the object, check to make sure this command returns at least one valid object.
WARNING: [Vivado 12-584] No ports matched 'hex_segB[2]'. [C:/Users/Orion/Documents/GitHub/ece385/lab_7/lab_7.srcs/constrs_1/imports/pin_assignment/mb_usb_hdmi_top.xdc:65]
CRITICAL WARNING: [Common 17-55] 'set_property' expects at least one object. [C:/Users/Orion/Documents/GitHub/ece385/lab_7/lab_7.srcs/constrs_1/imports/pin_assignment/mb_usb_hdmi_top.xdc:65]
Resolution: If [get_<value>] was used to populate the object, check to make sure this command returns at least one valid object.
WARNING: [Vivado 12-584] No ports matched 'hex_segB[3]'. [C:/Users/Orion/Documents/GitHub/ece385/lab_7/lab_7.srcs/constrs_1/imports/pin_assignment/mb_usb_hdmi_top.xdc:66]
CRITICAL WARNING: [Common 17-55] 'set_property' expects at least one object. [C:/Users/Orion/Documents/GitHub/ece385/lab_7/lab_7.srcs/constrs_1/imports/pin_assignment/mb_usb_hdmi_top.xdc:66]
Resolution: If [get_<value>] was used to populate the object, check to make sure this command returns at least one valid object.
WARNING: [Vivado 12-584] No ports matched 'hex_segB[4]'. [C:/Users/Orion/Documents/GitHub/ece385/lab_7/lab_7.srcs/constrs_1/imports/pin_assignment/mb_usb_hdmi_top.xdc:67]
CRITICAL WARNING: [Common 17-55] 'set_property' expects at least one object. [C:/Users/Orion/Documents/GitHub/ece385/lab_7/lab_7.srcs/constrs_1/imports/pin_assignment/mb_usb_hdmi_top.xdc:67]
Resolution: If [get_<value>] was used to populate the object, check to make sure this command returns at least one valid object.
WARNING: [Vivado 12-584] No ports matched 'hex_segB[5]'. [C:/Users/Orion/Documents/GitHub/ece385/lab_7/lab_7.srcs/constrs_1/imports/pin_assignment/mb_usb_hdmi_top.xdc:68]
CRITICAL WARNING: [Common 17-55] 'set_property' expects at least one object. [C:/Users/Orion/Documents/GitHub/ece385/lab_7/lab_7.srcs/constrs_1/imports/pin_assignment/mb_usb_hdmi_top.xdc:68]
Resolution: If [get_<value>] was used to populate the object, check to make sure this command returns at least one valid object.
WARNING: [Vivado 12-584] No ports matched 'hex_segB[6]'. [C:/Users/Orion/Documents/GitHub/ece385/lab_7/lab_7.srcs/constrs_1/imports/pin_assignment/mb_usb_hdmi_top.xdc:69]
CRITICAL WARNING: [Common 17-55] 'set_property' expects at least one object. [C:/Users/Orion/Documents/GitHub/ece385/lab_7/lab_7.srcs/constrs_1/imports/pin_assignment/mb_usb_hdmi_top.xdc:69]
Resolution: If [get_<value>] was used to populate the object, check to make sure this command returns at least one valid object.
WARNING: [Vivado 12-584] No ports matched 'hex_segB[7]'. [C:/Users/Orion/Documents/GitHub/ece385/lab_7/lab_7.srcs/constrs_1/imports/pin_assignment/mb_usb_hdmi_top.xdc:70]
CRITICAL WARNING: [Common 17-55] 'set_property' expects at least one object. [C:/Users/Orion/Documents/GitHub/ece385/lab_7/lab_7.srcs/constrs_1/imports/pin_assignment/mb_usb_hdmi_top.xdc:70]
Resolution: If [get_<value>] was used to populate the object, check to make sure this command returns at least one valid object.
WARNING: [Vivado 12-584] No ports matched 'hex_gridB[0]'. [C:/Users/Orion/Documents/GitHub/ece385/lab_7/lab_7.srcs/constrs_1/imports/pin_assignment/mb_usb_hdmi_top.xdc:71]
CRITICAL WARNING: [Common 17-55] 'set_property' expects at least one object. [C:/Users/Orion/Documents/GitHub/ece385/lab_7/lab_7.srcs/constrs_1/imports/pin_assignment/mb_usb_hdmi_top.xdc:71]
Resolution: If [get_<value>] was used to populate the object, check to make sure this command returns at least one valid object.
WARNING: [Vivado 12-584] No ports matched 'hex_gridB[1]'. [C:/Users/Orion/Documents/GitHub/ece385/lab_7/lab_7.srcs/constrs_1/imports/pin_assignment/mb_usb_hdmi_top.xdc:72]
CRITICAL WARNING: [Common 17-55] 'set_property' expects at least one object. [C:/Users/Orion/Documents/GitHub/ece385/lab_7/lab_7.srcs/constrs_1/imports/pin_assignment/mb_usb_hdmi_top.xdc:72]
Resolution: If [get_<value>] was used to populate the object, check to make sure this command returns at least one valid object.
WARNING: [Vivado 12-584] No ports matched 'hex_gridB[2]'. [C:/Users/Orion/Documents/GitHub/ece385/lab_7/lab_7.srcs/constrs_1/imports/pin_assignment/mb_usb_hdmi_top.xdc:73]
CRITICAL WARNING: [Common 17-55] 'set_property' expects at least one object. [C:/Users/Orion/Documents/GitHub/ece385/lab_7/lab_7.srcs/constrs_1/imports/pin_assignment/mb_usb_hdmi_top.xdc:73]
Resolution: If [get_<value>] was used to populate the object, check to make sure this command returns at least one valid object.
WARNING: [Vivado 12-584] No ports matched 'hex_gridB[3]'. [C:/Users/Orion/Documents/GitHub/ece385/lab_7/lab_7.srcs/constrs_1/imports/pin_assignment/mb_usb_hdmi_top.xdc:74]
CRITICAL WARNING: [Common 17-55] 'set_property' expects at least one object. [C:/Users/Orion/Documents/GitHub/ece385/lab_7/lab_7.srcs/constrs_1/imports/pin_assignment/mb_usb_hdmi_top.xdc:74]
Resolution: If [get_<value>] was used to populate the object, check to make sure this command returns at least one valid object.
Finished Parsing XDC File [C:/Users/Orion/Documents/GitHub/ece385/lab_7/lab_7.srcs/constrs_1/imports/pin_assignment/mb_usb_hdmi_top.xdc]
Parsing XDC File [c:/Users/Orion/Documents/GitHub/ece385/lab_7/lab_7.gen/sources_1/bd/mb_block_i/ip/mb_block_i_microblaze_0_axi_intc_0/mb_block_i_microblaze_0_axi_intc_0_clocks.xdc] for cell 'mb_block/microblaze_0_axi_intc/U0'
Finished Parsing XDC File [c:/Users/Orion/Documents/GitHub/ece385/lab_7/lab_7.gen/sources_1/bd/mb_block_i/ip/mb_block_i_microblaze_0_axi_intc_0/mb_block_i_microblaze_0_axi_intc_0_clocks.xdc] for cell 'mb_block/microblaze_0_axi_intc/U0'
Parsing XDC File [c:/Users/Orion/Documents/GitHub/ece385/lab_7/lab_7.gen/sources_1/bd/mb_block_i/ip/mb_block_i_mdm_1_0/mb_block_i_mdm_1_0.xdc] for cell 'mb_block/mdm_1/U0'
INFO: [Timing 38-2] Deriving generated clocks [c:/Users/Orion/Documents/GitHub/ece385/lab_7/lab_7.gen/sources_1/bd/mb_block_i/ip/mb_block_i_mdm_1_0/mb_block_i_mdm_1_0.xdc:50]
Finished Parsing XDC File [c:/Users/Orion/Documents/GitHub/ece385/lab_7/lab_7.gen/sources_1/bd/mb_block_i/ip/mb_block_i_mdm_1_0/mb_block_i_mdm_1_0.xdc] for cell 'mb_block/mdm_1/U0'
Parsing XDC File [c:/Users/Orion/Documents/GitHub/ece385/lab_7/lab_7.gen/sources_1/ip/clk_wiz_0/clk_wiz_0_late.xdc] for cell 'mb_block/hdmi_text_controller_0/inst/clk_wiz/inst'
Finished Parsing XDC File [c:/Users/Orion/Documents/GitHub/ece385/lab_7/lab_7.gen/sources_1/ip/clk_wiz_0/clk_wiz_0_late.xdc] for cell 'mb_block/hdmi_text_controller_0/inst/clk_wiz/inst'
INFO: [Opt 31-138] Pushed 0 inverter(s) to 0 load pin(s).
Generating merged BMM file for the design top 'mb_usb_hdmi_top'...
INFO: [Memdata 28-144] Successfully populated the BRAM INIT strings from the following elf files: c:/Users/Orion/Documents/GitHub/ece385/lab_7/lab_7.gen/sources_1/bd/mb_block_i/ip/mb_block_i_microblaze_0_0/data/mb_bootloop_le.elf 
Netlist sorting complete. Time (s): cpu = 00:00:01 ; elapsed = 00:00:00.022 . Memory (MB): peak = 3009.914 ; gain = 0.000
INFO: [Project 1-111] Unisim Transformation Summary:
  A total of 241 instances were transformed.
  LUT6_2 => LUT6_2 (LUT5, LUT6): 145 instances
  RAM16X1D => RAM32X1D (RAMD32(x2)): 32 instances
  RAM32X1D => RAM32X1D (RAMD32(x2)): 64 instances

open_run: Time (s): cpu = 00:01:41 ; elapsed = 00:01:13 . Memory (MB): peak = 3019.555 ; gain = 916.906
exit
INFO: xsimkernel Simulation Memory Usage: 84256 KB (Peak: 84256 KB), Simulation CPU Usage: 1063280 ms
INFO: [Common 17-206] Exiting Vivado at Tue Oct 29 23:37:30 2024...
