#-----------------------------------------------------------
# Vivado v2022.2 (64-bit)
# SW Build 3671981 on Fri Oct 14 05:00:03 MDT 2022
# IP Build 3669848 on Fri Oct 14 08:30:02 MDT 2022
# Start of session at: Tue Oct 29 17:49:55 2024
# Process ID: 24904
# Current directory: C:/Users/Orion/Documents/GitHub/ece385/lab_7
# Command line: vivado.exe -gui_launcher_event rodinguilauncherevent30044 C:\Users\Orion\Documents\GitHub\ece385\lab_7\lab_7.xpr
# Log file: C:/Users/Orion/Documents/GitHub/ece385/lab_7/vivado.log
# Journal file: C:/Users/Orion/Documents/GitHub/ece385/lab_7\vivado.jou
# Running On: DESKTOP-SK26SJD, OS: Windows, CPU Frequency: 2096 MHz, CPU Physical cores: 12, Host memory: 16473 MB
#-----------------------------------------------------------
start_gui
open_project C:/Users/Orion/Documents/GitHub/ece385/lab_7/lab_7.xpr
WARNING: [Board 49-26] cannot add Board Part xilinx.com:k26c:part0:1.2 available at C:/Xilinx/Vivado/2022.2/data/xhub/boards/XilinxBoardStore/boards/Xilinx/k26c/1.2/board.xml as part xck26-sfvc784-2lv-c specified in board_part file is either invalid or not available
WARNING: [Board 49-26] cannot add Board Part xilinx.com:k26c:part0:1.3 available at C:/Xilinx/Vivado/2022.2/data/xhub/boards/XilinxBoardStore/boards/Xilinx/k26c/1.3/board.xml as part xck26-sfvc784-2lv-c specified in board_part file is either invalid or not available
WARNING: [Board 49-26] cannot add Board Part xilinx.com:k26c:part0:1.4 available at C:/Xilinx/Vivado/2022.2/data/xhub/boards/XilinxBoardStore/boards/Xilinx/k26c/1.4/board.xml as part xck26-sfvc784-2lv-c specified in board_part file is either invalid or not available
WARNING: [Board 49-26] cannot add Board Part xilinx.com:k26i:part0:1.2 available at C:/Xilinx/Vivado/2022.2/data/xhub/boards/XilinxBoardStore/boards/Xilinx/k26i/1.2/board.xml as part xck26-sfvc784-2lvi-i specified in board_part file is either invalid or not available
WARNING: [Board 49-26] cannot add Board Part xilinx.com:k26i:part0:1.3 available at C:/Xilinx/Vivado/2022.2/data/xhub/boards/XilinxBoardStore/boards/Xilinx/k26i/1.3/board.xml as part xck26-sfvc784-2lvi-i specified in board_part file is either invalid or not available
WARNING: [Board 49-26] cannot add Board Part xilinx.com:k26i:part0:1.4 available at C:/Xilinx/Vivado/2022.2/data/xhub/boards/XilinxBoardStore/boards/Xilinx/k26i/1.4/board.xml as part xck26-sfvc784-2lvi-i specified in board_part file is either invalid or not available
WARNING: [Board 49-26] cannot add Board Part xilinx.com:kcu105:part0:1.6 available at C:/Xilinx/Vivado/2022.2/data/xhub/boards/XilinxBoardStore/boards/Xilinx/kcu105/1.6/board.xml as part xcku040-ffva1156-2-e specified in board_part file is either invalid or not available
WARNING: [Board 49-26] cannot add Board Part xilinx.com:kcu105:part0:1.7 available at C:/Xilinx/Vivado/2022.2/data/xhub/boards/XilinxBoardStore/boards/Xilinx/kcu105/1.7/board.xml as part xcku040-ffva1156-2-e specified in board_part file is either invalid or not available
WARNING: [Board 49-26] cannot add Board Part xilinx.com:kcu116:part0:1.4 available at C:/Xilinx/Vivado/2022.2/data/xhub/boards/XilinxBoardStore/boards/Xilinx/kcu116/1.4/board.xml as part xcku5p-ffvb676-2-e specified in board_part file is either invalid or not available
WARNING: [Board 49-26] cannot add Board Part xilinx.com:kcu116:part0:1.5 available at C:/Xilinx/Vivado/2022.2/data/xhub/boards/XilinxBoardStore/boards/Xilinx/kcu116/1.5/board.xml as part xcku5p-ffvb676-2-e specified in board_part file is either invalid or not available
WARNING: [Board 49-26] cannot add Board Part xilinx.com:kcu1500:part0:1.2 available at C:/Xilinx/Vivado/2022.2/data/xhub/boards/XilinxBoardStore/boards/Xilinx/kcu1500/1.2/board.xml as part xcku115-flvb2104-2-e specified in board_part file is either invalid or not available
WARNING: [Board 49-26] cannot add Board Part xilinx.com:kr260_som:part0:1.0 available at C:/Xilinx/Vivado/2022.2/data/xhub/boards/XilinxBoardStore/boards/Xilinx/kr260_som/1.0/board.xml as part xck26-sfvc784-2lv-c specified in board_part file is either invalid or not available
WARNING: [Board 49-26] cannot add Board Part xilinx.com:kr260_som:part0:1.1 available at C:/Xilinx/Vivado/2022.2/data/xhub/boards/XilinxBoardStore/boards/Xilinx/kr260_som/1.1/board.xml as part xck26-sfvc784-2lv-c specified in board_part file is either invalid or not available
WARNING: [Board 49-26] cannot add Board Part xilinx.com:kv260_som:part0:1.2 available at C:/Xilinx/Vivado/2022.2/data/xhub/boards/XilinxBoardStore/boards/Xilinx/kv260_som/1.2/board.xml as part xck26-sfvc784-2lv-c specified in board_part file is either invalid or not available
WARNING: [Board 49-26] cannot add Board Part xilinx.com:kv260_som:part0:1.3 available at C:/Xilinx/Vivado/2022.2/data/xhub/boards/XilinxBoardStore/boards/Xilinx/kv260_som/1.3/board.xml as part xck26-sfvc784-2lv-c specified in board_part file is either invalid or not available
WARNING: [Board 49-26] cannot add Board Part xilinx.com:kv260_som:part0:1.4 available at C:/Xilinx/Vivado/2022.2/data/xhub/boards/XilinxBoardStore/boards/Xilinx/kv260_som/1.4/board.xml as part xck26-sfvc784-2lv-c specified in board_part file is either invalid or not available
WARNING: [Board 49-26] cannot add Board Part xilinx.com:vck190:part0:2.2 available at C:/Xilinx/Vivado/2022.2/data/xhub/boards/XilinxBoardStore/boards/Xilinx/vck190/production/2.2/board.xml as part xcvc1902-vsva2197-2mp-e-s specified in board_part file is either invalid or not available
WARNING: [Board 49-26] cannot add Board Part xilinx.com:vck190:part0:3.0 available at C:/Xilinx/Vivado/2022.2/data/xhub/boards/XilinxBoardStore/boards/Xilinx/vck190/production/3.0/board.xml as part xcvc1902-vsva2197-2mp-e-s specified in board_part file is either invalid or not available
WARNING: [Board 49-26] cannot add Board Part xilinx.com:vck190:part0:3.1 available at C:/Xilinx/Vivado/2022.2/data/xhub/boards/XilinxBoardStore/boards/Xilinx/vck190/production/3.1/board.xml as part xcvc1902-vsva2197-2mp-e-s specified in board_part file is either invalid or not available
WARNING: [Board 49-26] cannot add Board Part xilinx.com:vck190_newl:part0:1.0 available at C:/Xilinx/Vivado/2022.2/data/xhub/boards/XilinxBoardStore/boards/Xilinx/vck190_newl/production/1.0/board.xml as part xcvc1902-vsva2197-2mp-e-s specified in board_part file is either invalid or not available
WARNING: [Board 49-26] cannot add Board Part xilinx.com:vcu108:part0:1.6 available at C:/Xilinx/Vivado/2022.2/data/xhub/boards/XilinxBoardStore/boards/Xilinx/vcu108/1.6/board.xml as part xcvu095-ffva2104-2-e specified in board_part file is either invalid or not available
WARNING: [Board 49-26] cannot add Board Part xilinx.com:vcu108:part0:1.7 available at C:/Xilinx/Vivado/2022.2/data/xhub/boards/XilinxBoardStore/boards/Xilinx/vcu108/1.7/board.xml as part xcvu095-ffva2104-2-e specified in board_part file is either invalid or not available
WARNING: [Board 49-26] cannot add Board Part xilinx.com:vcu110:part0:1.4 available at C:/Xilinx/Vivado/2022.2/data/xhub/boards/XilinxBoardStore/boards/Xilinx/vcu110/1.4/board.xml as part xcvu190-flgc2104-2-e specified in board_part file is either invalid or not available
WARNING: [Board 49-26] cannot add Board Part xilinx.com:vcu118:part0:2.0 available at C:/Xilinx/Vivado/2022.2/data/xhub/boards/XilinxBoardStore/boards/Xilinx/vcu118/2.0/board.xml as part xcvu9p-flga2104-2l-e specified in board_part file is either invalid or not available
WARNING: [Board 49-26] cannot add Board Part xilinx.com:vcu118:part0:2.3 available at C:/Xilinx/Vivado/2022.2/data/xhub/boards/XilinxBoardStore/boards/Xilinx/vcu118/2.3/board.xml as part xcvu9p-flga2104-2l-e specified in board_part file is either invalid or not available
WARNING: [Board 49-26] cannot add Board Part xilinx.com:vcu118:part0:2.4 available at C:/Xilinx/Vivado/2022.2/data/xhub/boards/XilinxBoardStore/boards/Xilinx/vcu118/2.4/board.xml as part xcvu9p-flga2104-2l-e specified in board_part file is either invalid or not available
WARNING: [Board 49-26] cannot add Board Part xilinx.com:vcu128:part0:1.0 available at C:/Xilinx/Vivado/2022.2/data/xhub/boards/XilinxBoardStore/boards/Xilinx/vcu128/production/1.0/board.xml as part xcvu37p-fsvh2892-2l-e specified in board_part file is either invalid or not available
WARNING: [Board 49-26] cannot add Board Part xilinx.com:vcu129:part0:1.0 available at C:/Xilinx/Vivado/2022.2/data/xhub/boards/XilinxBoardStore/boards/Xilinx/vcu129/production/1.0/board.xml as part xcvu29p-fsga2577-2l-e specified in board_part file is either invalid or not available
WARNING: [Board 49-26] cannot add Board Part xilinx.com:vcu1525:part0:1.3 available at C:/Xilinx/Vivado/2022.2/data/xhub/boards/XilinxBoardStore/boards/Xilinx/vcu1525/1.3/board.xml as part xcvu9p-fsgd2104-2l-e specified in board_part file is either invalid or not available
WARNING: [Board 49-26] cannot add Board Part xilinx.com:vek280_es:part0:1.0 available at C:/Xilinx/Vivado/2022.2/data/xhub/boards/XilinxBoardStore/boards/Xilinx/vek280/es/1.0/board.xml as part xcve2802-vsvh1760-2lp-e-s-es1 specified in board_part file is either invalid or not available
WARNING: [Board 49-26] cannot add Board Part xilinx.com:vermeo_t1_mpsoc:part0:1.0 available at C:/Xilinx/Vivado/2022.2/data/xhub/boards/XilinxBoardStore/boards/Xilinx/vermeo_t1_mpsoc/1.0/board.xml as part xczu19eg-ffvd1760-2l-e specified in board_part file is either invalid or not available
WARNING: [Board 49-26] cannot add Board Part xilinx.com:vermeo_t1_rfsoc:part0:1.0 available at C:/Xilinx/Vivado/2022.2/data/xhub/boards/XilinxBoardStore/boards/Xilinx/vermeo_t1_rfsoc/1.0/board.xml as part xczu21dr-ffvd1156-2l-e specified in board_part file is either invalid or not available
WARNING: [Board 49-26] cannot add Board Part xilinx.com:vhk158_es:part0:1.0 available at C:/Xilinx/Vivado/2022.2/data/xhub/boards/XilinxBoardStore/boards/Xilinx/vhk158/es/1.0/board.xml as part xcvh1582-vsva3697-2mp-e-s-es1 specified in board_part file is either invalid or not available
WARNING: [Board 49-26] cannot add Board Part xilinx.com:vmk180:part0:2.2 available at C:/Xilinx/Vivado/2022.2/data/xhub/boards/XilinxBoardStore/boards/Xilinx/vmk180/production/2.2/board.xml as part xcvm1802-vsva2197-2mp-e-s specified in board_part file is either invalid or not available
WARNING: [Board 49-26] cannot add Board Part xilinx.com:vmk180:part0:3.0 available at C:/Xilinx/Vivado/2022.2/data/xhub/boards/XilinxBoardStore/boards/Xilinx/vmk180/production/3.0/board.xml as part xcvm1802-vsva2197-2mp-e-s specified in board_part file is either invalid or not available
WARNING: [Board 49-26] cannot add Board Part xilinx.com:vmk180:part0:3.1 available at C:/Xilinx/Vivado/2022.2/data/xhub/boards/XilinxBoardStore/boards/Xilinx/vmk180/production/3.1/board.xml as part xcvm1802-vsva2197-2mp-e-s specified in board_part file is either invalid or not available
WARNING: [Board 49-26] cannot add Board Part xilinx.com:vmk180_newl:part0:1.0 available at C:/Xilinx/Vivado/2022.2/data/xhub/boards/XilinxBoardStore/boards/Xilinx/vmk180_newl/production/1.0/board.xml as part xcvm1802-vsva2197-2mp-e-s specified in board_part file is either invalid or not available
WARNING: [Board 49-26] cannot add Board Part xilinx.com:vpk120:part0:1.0 available at C:/Xilinx/Vivado/2022.2/data/xhub/boards/XilinxBoardStore/boards/Xilinx/vpk120/production/1.0/board.xml as part xcvp1202-vsva2785-2mp-e-s specified in board_part file is either invalid or not available
WARNING: [Board 49-26] cannot add Board Part xilinx.com:vpk120_es:part0:1.2 available at C:/Xilinx/Vivado/2022.2/data/xhub/boards/XilinxBoardStore/boards/Xilinx/vpk120/es/1.2/board.xml as part xcvp1202-vsva2785-2mp-e-s-es1 specified in board_part file is either invalid or not available
WARNING: [Board 49-26] cannot add Board Part xilinx.com:vpk120_es_revb:part0:1.0 available at C:/Xilinx/Vivado/2022.2/data/xhub/boards/XilinxBoardStore/boards/Xilinx/vpk120_revb/es/1.0/board.xml as part xcvp1202-vsva2785-2mp-e-s-es1 specified in board_part file is either invalid or not available
WARNING: [Board 49-26] cannot add Board Part xilinx.com:vpk180_es:part0:1.0 available at C:/Xilinx/Vivado/2022.2/data/xhub/boards/XilinxBoardStore/boards/Xilinx/vpk180/es/1.0/board.xml as part xcvp1802-lsvc4072-2mp-e-s-es1 specified in board_part file is either invalid or not available
WARNING: [Board 49-26] cannot add Board Part xilinx.com:zc702:part0:1.4 available at C:/Xilinx/Vivado/2022.2/data/xhub/boards/XilinxBoardStore/boards/Xilinx/zc702/1.4/board.xml as part xc7z020clg484-1 specified in board_part file is either invalid or not available
WARNING: [Board 49-26] cannot add Board Part xilinx.com:zc706:part0:1.4 available at C:/Xilinx/Vivado/2022.2/data/xhub/boards/XilinxBoardStore/boards/Xilinx/zc706/1.4/board.xml as part xc7z045ffg900-2 specified in board_part file is either invalid or not available
WARNING: [Board 49-26] cannot add Board Part xilinx.com:zcu102:part0:3.3 available at C:/Xilinx/Vivado/2022.2/data/xhub/boards/XilinxBoardStore/boards/Xilinx/zcu102/3.3/board.xml as part xczu9eg-ffvb1156-2-e specified in board_part file is either invalid or not available
WARNING: [Board 49-26] cannot add Board Part xilinx.com:zcu102:part0:3.4 available at C:/Xilinx/Vivado/2022.2/data/xhub/boards/XilinxBoardStore/boards/Xilinx/zcu102/3.4/board.xml as part xczu9eg-ffvb1156-2-e specified in board_part file is either invalid or not available
WARNING: [Board 49-26] cannot add Board Part xilinx.com:zcu104:part0:1.1 available at C:/Xilinx/Vivado/2022.2/data/xhub/boards/XilinxBoardStore/boards/Xilinx/zcu104/1.1/board.xml as part xczu7ev-ffvc1156-2-e specified in board_part file is either invalid or not available
WARNING: [Board 49-26] cannot add Board Part xilinx.com:zcu106:part0:2.4 available at C:/Xilinx/Vivado/2022.2/data/xhub/boards/XilinxBoardStore/boards/Xilinx/zcu106/2.4/board.xml as part xczu7ev-ffvc1156-2-e specified in board_part file is either invalid or not available
WARNING: [Board 49-26] cannot add Board Part xilinx.com:zcu106:part0:2.5 available at C:/Xilinx/Vivado/2022.2/data/xhub/boards/XilinxBoardStore/boards/Xilinx/zcu106/2.5/board.xml as part xczu7ev-ffvc1156-2-e specified in board_part file is either invalid or not available
WARNING: [Board 49-26] cannot add Board Part xilinx.com:zcu106:part0:2.6 available at C:/Xilinx/Vivado/2022.2/data/xhub/boards/XilinxBoardStore/boards/Xilinx/zcu106/2.6/board.xml as part xczu7ev-ffvc1156-2-e specified in board_part file is either invalid or not available
WARNING: [Board 49-26] cannot add Board Part xilinx.com:zcu111:part0:1.2 available at C:/Xilinx/Vivado/2022.2/data/xhub/boards/XilinxBoardStore/boards/Xilinx/zcu111/1.2/board.xml as part xczu28dr-ffvg1517-2-e specified in board_part file is either invalid or not available
WARNING: [Board 49-26] cannot add Board Part xilinx.com:zcu111:part0:1.3 available at C:/Xilinx/Vivado/2022.2/data/xhub/boards/XilinxBoardStore/boards/Xilinx/zcu111/1.3/board.xml as part xczu28dr-ffvg1517-2-e specified in board_part file is either invalid or not available
WARNING: [Board 49-26] cannot add Board Part xilinx.com:zcu111:part0:1.4 available at C:/Xilinx/Vivado/2022.2/data/xhub/boards/XilinxBoardStore/boards/Xilinx/zcu111/1.4/board.xml as part xczu28dr-ffvg1517-2-e specified in board_part file is either invalid or not available
WARNING: [Board 49-26] cannot add Board Part xilinx.com:zcu1275:part0:1.0 available at C:/Xilinx/Vivado/2022.2/data/xhub/boards/XilinxBoardStore/boards/Xilinx/zcu1275/1.0/board.xml as part xczu29dr-ffvf1760-2-e specified in board_part file is either invalid or not available
WARNING: [Board 49-26] cannot add Board Part xilinx.com:zcu1285:part0:1.0 available at C:/Xilinx/Vivado/2022.2/data/xhub/boards/XilinxBoardStore/boards/Xilinx/zcu1285/1.0/board.xml as part xczu39dr-ffvf1760-2-i specified in board_part file is either invalid or not available
WARNING: [Board 49-26] cannot add Board Part xilinx.com:zcu208:part0:2.0 available at C:/Xilinx/Vivado/2022.2/data/xhub/boards/XilinxBoardStore/boards/Xilinx/zcu208/production/2.0/board.xml as part xczu48dr-fsvg1517-2-e specified in board_part file is either invalid or not available
WARNING: [Board 49-26] cannot add Board Part xilinx.com:zcu208ld:part0:2.0 available at C:/Xilinx/Vivado/2022.2/data/xhub/boards/XilinxBoardStore/boards/Xilinx/zcu208ld/production/2.0/board.xml as part xczu58dr-fsvg1517-2-i specified in board_part file is either invalid or not available
WARNING: [Board 49-26] cannot add Board Part xilinx.com:zcu216:part0:2.0 available at C:/Xilinx/Vivado/2022.2/data/xhub/boards/XilinxBoardStore/boards/Xilinx/zcu216/production/2.0/board.xml as part xczu49dr-ffvf1760-2-e specified in board_part file is either invalid or not available
WARNING: [Board 49-26] cannot add Board Part xilinx.com:zcu216ld:part0:2.0 available at C:/Xilinx/Vivado/2022.2/data/xhub/boards/XilinxBoardStore/boards/Xilinx/zcu216ld/production/2.0/board.xml as part xczu59dr-ffvf1760-2-i specified in board_part file is either invalid or not available
WARNING: [Board 49-26] cannot add Board Part xilinx.com:zcu670:part0:2.0 available at C:/Xilinx/Vivado/2022.2/data/xhub/boards/XilinxBoardStore/boards/Xilinx/zcu670/2.0/board.xml as part xczu67dr-fsve1156-2-i specified in board_part file is either invalid or not available
WARNING: [Board 49-26] cannot add Board Part xilinx.com:zcu670ld:part0:1.0 available at C:/Xilinx/Vivado/2022.2/data/xhub/boards/XilinxBoardStore/boards/Xilinx/zcu670ld/1.0/board.xml as part xczu57dr-fsve1156-2-i specified in board_part file is either invalid or not available
Scanning sources...
Finished scanning sources
INFO: [IP_Flow 19-234] Refreshing IP repositories
INFO: [IP_Flow 19-1700] Loaded user IP repository 'c:/Users/Orion/Documents/GitHub/ece385/lab_7/ip_repo/hdmi_text_controller_1_0'.
INFO: [IP_Flow 19-1700] Loaded user IP repository 'c:/Users/Orion/Documents/GitHub/ece385/lab_7/hdmi_tx_1.0'.
INFO: [IP_Flow 19-2313] Loaded Vivado IP repository 'C:/Xilinx/Vivado/2022.2/data/ip'.
open_project: Time (s): cpu = 00:00:16 ; elapsed = 00:00:15 . Memory (MB): peak = 1181.035 ; gain = 361.281
launch_simulation
Command: launch_simulation 
INFO: [Vivado 12-12493] Simulation top is 'hdmi_text_controller_tb'
WARNING: [Vivado 12-13340] Unable to auto find GCC executables from simulator install path! (path not set)
WARNING: [Vivado 12-13277] Compiled library path does not exist: ''
INFO: [Vivado 12-5698] Checking validity of IPs in the design for the 'XSim' simulator...
Generating merged BMM file for the design top 'hdmi_text_controller_tb'...
INFO: [Vivado 12-5682] Launching behavioral simulation in 'C:/Users/Orion/Documents/GitHub/ece385/lab_7/lab_7.sim/sim_1/behav/xsim'
INFO: [Vivado 12-13660] Precompiled IP simulation library mode is enabled (default). The design IP libraries will be referenced from the compiled library path. Please note that if the precompiled version of the library is not found from the path or the IP is in locked state, then the library source files for these IPs will be compiled locally as part of the compile order.
INFO: [Vivado 12-4795] Using compiled simulation libraries for IPs
INFO: [SIM-utils-51] Simulation object is 'sim_1'
INFO: [SIM-utils-72] Using boost library from 'C:/Xilinx/Vivado/2022.2/tps/boost_1_72_0'
INFO: [USF-XSim-7] Finding pre-compiled libraries...
INFO: [USF-XSim-11] File 'C:/Xilinx/Vivado/2022.2/data/xsim/xsim.ini' copied to run dir:'C:/Users/Orion/Documents/GitHub/ece385/lab_7/lab_7.sim/sim_1/behav/xsim'
INFO: [SIM-utils-50] Design contains embedded sources, generating MEM files for simulation...
Generating merged BMM file for the design top 'hdmi_text_controller_tb'...
Generating merged BMM file for the design top 'hdmi_text_controller_tb'...
INFO: [SIM-utils-54] Inspecting design source files for 'hdmi_text_controller_tb' in fileset 'sim_1'...
INFO: [USF-XSim-97] Finding global include files...
INFO: [USF-XSim-100] Fetching design files from 'sources_1'...(this may take a while)...
INFO: [USF-XSim-101] Fetching design files from 'sim_1'...
INFO: [USF-XSim-2] XSim::Compile design
INFO: [USF-XSim-61] Executing 'COMPILE and ANALYZE' step in 'C:/Users/Orion/Documents/GitHub/ece385/lab_7/lab_7.sim/sim_1/behav/xsim'
"xvlog --incr --relax -L uvm -prj hdmi_text_controller_tb_vlog.prj"
INFO: [Common 17-41] Interrupt caught. Command should exit soon.
run_program: Time (s): cpu = 00:00:03 ; elapsed = 00:01:34 . Memory (MB): peak = 1200.988 ; gain = 5.172
INFO: [Common 17-344] 'run_program' was cancelled
INFO: [Vivado 12-5357] 'compile' step aborted
launch_simulation: Time (s): cpu = 00:00:07 ; elapsed = 00:01:40 . Memory (MB): peak = 1200.988 ; gain = 10.727
INFO: [Common 17-344] 'launch_simulation' was cancelled
launch_simulation
Command: launch_simulation 
INFO: [Vivado 12-12493] Simulation top is 'hdmi_text_controller_tb'
WARNING: [Vivado 12-13340] Unable to auto find GCC executables from simulator install path! (path not set)
WARNING: [Vivado 12-13277] Compiled library path does not exist: ''
INFO: [Vivado 12-5698] Checking validity of IPs in the design for the 'XSim' simulator...
Generating merged BMM file for the design top 'hdmi_text_controller_tb'...
INFO: [Vivado 12-5682] Launching behavioral simulation in 'C:/Users/Orion/Documents/GitHub/ece385/lab_7/lab_7.sim/sim_1/behav/xsim'
INFO: [Vivado 12-13660] Precompiled IP simulation library mode is enabled (default). The design IP libraries will be referenced from the compiled library path. Please note that if the precompiled version of the library is not found from the path or the IP is in locked state, then the library source files for these IPs will be compiled locally as part of the compile order.
INFO: [Vivado 12-4795] Using compiled simulation libraries for IPs
INFO: [SIM-utils-51] Simulation object is 'sim_1'
INFO: [SIM-utils-72] Using boost library from 'C:/Xilinx/Vivado/2022.2/tps/boost_1_72_0'
INFO: [USF-XSim-7] Finding pre-compiled libraries...
INFO: [USF-XSim-11] File 'C:/Xilinx/Vivado/2022.2/data/xsim/xsim.ini' copied to run dir:'C:/Users/Orion/Documents/GitHub/ece385/lab_7/lab_7.sim/sim_1/behav/xsim'
INFO: [SIM-utils-50] Design contains embedded sources, generating MEM files for simulation...
Generating merged BMM file for the design top 'hdmi_text_controller_tb'...
Generating merged BMM file for the design top 'hdmi_text_controller_tb'...
INFO: [SIM-utils-54] Inspecting design source files for 'hdmi_text_controller_tb' in fileset 'sim_1'...
INFO: [USF-XSim-97] Finding global include files...
INFO: [USF-XSim-100] Fetching design files from 'sources_1'...(this may take a while)...
INFO: [USF-XSim-101] Fetching design files from 'sim_1'...
INFO: [USF-XSim-2] XSim::Compile design
INFO: [USF-XSim-61] Executing 'COMPILE and ANALYZE' step in 'C:/Users/Orion/Documents/GitHub/ece385/lab_7/lab_7.sim/sim_1/behav/xsim'
"xvlog --incr --relax -L uvm -prj hdmi_text_controller_tb_vlog.prj"
INFO: [VRFC 10-2263] Analyzing Verilog file "C:/Users/Orion/Documents/GitHub/ece385/lab_7/lab_7.gen/sources_1/ip/clk_wiz_0/clk_wiz_0_clk_wiz.v" into library xil_defaultlib
INFO: [VRFC 10-311] analyzing module clk_wiz_0_clk_wiz
INFO: [VRFC 10-2263] Analyzing Verilog file "C:/Users/Orion/Documents/GitHub/ece385/lab_7/lab_7.gen/sources_1/ip/clk_wiz_0/clk_wiz_0.v" into library xil_defaultlib
INFO: [VRFC 10-311] analyzing module clk_wiz_0
INFO: [VRFC 10-2263] Analyzing Verilog file "C:/Users/Orion/Documents/GitHub/ece385/lab_7/lab_7.gen/sources_1/ip/hdmi_tx_0_1/hdl/encode.v" into library xil_defaultlib
INFO: [VRFC 10-311] analyzing module encode
INFO: [VRFC 10-2263] Analyzing Verilog file "C:/Users/Orion/Documents/GitHub/ece385/lab_7/lab_7.gen/sources_1/ip/hdmi_tx_0_1/hdl/serdes_10_to_1.v" into library xil_defaultlib
INFO: [VRFC 10-311] analyzing module serdes_10_to_1
INFO: [VRFC 10-2263] Analyzing Verilog file "C:/Users/Orion/Documents/GitHub/ece385/lab_7/lab_7.gen/sources_1/ip/hdmi_tx_0_1/hdl/srldelay.v" into library xil_defaultlib
INFO: [VRFC 10-311] analyzing module srldelay
INFO: [VRFC 10-2263] Analyzing Verilog file "C:/Users/Orion/Documents/GitHub/ece385/lab_7/lab_7.gen/sources_1/ip/hdmi_tx_0_1/hdl/hdmi_tx_v1_0.v" into library xil_defaultlib
INFO: [VRFC 10-311] analyzing module hdmi_tx_v1_0
INFO: [VRFC 10-2263] Analyzing Verilog file "C:/Users/Orion/Documents/GitHub/ece385/lab_7/lab_7.gen/sources_1/ip/hdmi_tx_0_1/sim/hdmi_tx_0.v" into library xil_defaultlib
INFO: [VRFC 10-311] analyzing module hdmi_tx_0
INFO: [VRFC 10-2263] Analyzing Verilog file "C:/Users/Orion/Documents/GitHub/ece385/lab_7/lab_7.gen/sources_1/bd/mb_block_i/ip/mb_block_i_xbar_0/sim/mb_block_i_xbar_0.v" into library xil_defaultlib
INFO: [VRFC 10-311] analyzing module mb_block_i_xbar_0
INFO: [VRFC 10-2263] Analyzing Verilog file "C:/Users/Orion/Documents/GitHub/ece385/lab_7/lab_7.gen/sources_1/bd/mb_block_i/ip/mb_block_i_clk_wiz_1_0/mb_block_i_clk_wiz_1_0_clk_wiz.v" into library xil_defaultlib
INFO: [VRFC 10-311] analyzing module mb_block_i_clk_wiz_1_0_clk_wiz
INFO: [VRFC 10-2263] Analyzing Verilog file "C:/Users/Orion/Documents/GitHub/ece385/lab_7/lab_7.gen/sources_1/bd/mb_block_i/ip/mb_block_i_clk_wiz_1_0/mb_block_i_clk_wiz_1_0.v" into library xil_defaultlib
INFO: [VRFC 10-311] analyzing module mb_block_i_clk_wiz_1_0
INFO: [VRFC 10-2263] Analyzing Verilog file "C:/Users/Orion/Documents/GitHub/ece385/lab_7/lab_7.gen/sources_1/bd/mb_block_i/ip/mb_block_i_lmb_bram_0/sim/mb_block_i_lmb_bram_0.v" into library xil_defaultlib
INFO: [VRFC 10-311] analyzing module mb_block_i_lmb_bram_0
INFO: [VRFC 10-2263] Analyzing SystemVerilog file "C:/Users/Orion/Documents/GitHub/ece385/lab_7/lab_7.gen/sources_1/bd/mb_block/ipshared/96b3/src/hdmi_text_controller_v1_0_AXI.sv" into library xil_defaultlib
INFO: [VRFC 10-311] analyzing module hdmi_text_controller_v1_0_AXI
INFO: [VRFC 10-2263] Analyzing SystemVerilog file "C:/Users/Orion/Documents/GitHub/ece385/lab_7/lab_7.gen/sources_1/bd/mb_block/ipshared/96b3/src/hdmi_text_controller_v1_0.sv" into library xil_defaultlib
INFO: [VRFC 10-311] analyzing module hdmi_text_controller_v1_0
INFO: [VRFC 10-2263] Analyzing SystemVerilog file "C:/Users/Orion/Documents/GitHub/ece385/lab_7/lab_7.gen/sources_1/bd/mb_block_i/ip/mb_block_i_hdmi_text_controller_0_0/sim/mb_block_i_hdmi_text_controller_0_0.sv" into library xil_defaultlib
INFO: [VRFC 10-311] analyzing module mb_block_i_hdmi_text_controller_0_0
INFO: [VRFC 10-2263] Analyzing SystemVerilog file "C:/Users/Orion/Documents/GitHub/ece385/lab_7/lab_7.srcs/sources_1/imports/design_source/VGA_controller.sv" into library xil_defaultlib
INFO: [VRFC 10-311] analyzing module vga_controller
INFO: [VRFC 10-2263] Analyzing Verilog file "C:/Users/Orion/Documents/GitHub/ece385/lab_7/lab_7.gen/sources_1/bd/mb_block_i/sim/mb_block_i.v" into library xil_defaultlib
INFO: [VRFC 10-311] analyzing module m00_couplers_imp_1WLQTIN
INFO: [VRFC 10-311] analyzing module m01_couplers_imp_14JWRS9
INFO: [VRFC 10-311] analyzing module m02_couplers_imp_H2VMN7
INFO: [VRFC 10-311] analyzing module mb_block_i
INFO: [VRFC 10-311] analyzing module mb_block_i_microblaze_0_axi_periph_0
INFO: [VRFC 10-311] analyzing module microblaze_0_local_memory_imp_1HYYR51
INFO: [VRFC 10-311] analyzing module s00_couplers_imp_15CJT4E
INFO: [VRFC 10-2263] Analyzing Verilog file "C:/Users/Orion/Documents/GitHub/ece385/lab_7/lab_7.gen/sources_1/bd/mb_block_i/hdl/mb_block_i_wrapper.v" into library xil_defaultlib
INFO: [VRFC 10-311] analyzing module mb_block_i_wrapper
INFO: [VRFC 10-2263] Analyzing SystemVerilog file "C:/Users/Orion/Documents/GitHub/ece385/lab_7/lab_7.srcs/sources_1/imports/design_source/Color_Mapper.sv" into library xil_defaultlib
INFO: [VRFC 10-311] analyzing module color_mapper
INFO: [VRFC 10-2263] Analyzing SystemVerilog file "C:/Users/Orion/Documents/GitHub/ece385/lab_7/lab_7.srcs/sources_1/imports/design_source/ball.sv" into library xil_defaultlib
INFO: [VRFC 10-311] analyzing module ball
INFO: [VRFC 10-2263] Analyzing SystemVerilog file "C:/Users/Orion/Documents/GitHub/ece385/lab_7/lab_7.srcs/sources_1/imports/lab_7_1_provided_fa24/font_rom.sv" into library xil_defaultlib
INFO: [VRFC 10-311] analyzing module font_rom
INFO: [VRFC 10-2263] Analyzing SystemVerilog file "C:/Users/Orion/Documents/GitHub/ece385/lab_7/lab_7.srcs/sources_1/imports/lab_7_1_provided_fa24/hdmi_text_controller_v1_0.sv" into library xil_defaultlib
INFO: [VRFC 10-311] analyzing module hdmi_text_controller_v1_0
WARNING: [VRFC 10-3609] overwriting previous definition of module 'hdmi_text_controller_v1_0' [C:/Users/Orion/Documents/GitHub/ece385/lab_7/lab_7.srcs/sources_1/imports/lab_7_1_provided_fa24/hdmi_text_controller_v1_0.sv:10]
INFO: [VRFC 10-2263] Analyzing SystemVerilog file "C:/Users/Orion/Documents/GitHub/ece385/lab_7/lab_7.srcs/sources_1/imports/lab_7_1_provided_fa24/hdmi_text_controller_v1_0_AXI.sv" into library xil_defaultlib
INFO: [VRFC 10-311] analyzing module hdmi_text_controller_v1_0_AXI
WARNING: [VRFC 10-3609] overwriting previous definition of module 'hdmi_text_controller_v1_0_AXI' [C:/Users/Orion/Documents/GitHub/ece385/lab_7/lab_7.srcs/sources_1/imports/lab_7_1_provided_fa24/hdmi_text_controller_v1_0_AXI.sv:28]
INFO: [VRFC 10-2263] Analyzing SystemVerilog file "C:/Users/Orion/Documents/GitHub/ece385/lab_7/lab_7.srcs/sources_1/imports/design_source/hex_driver.sv" into library xil_defaultlib
INFO: [VRFC 10-311] analyzing module hex_driver
INFO: [VRFC 10-311] analyzing module nibble_to_hex
INFO: [VRFC 10-2263] Analyzing SystemVerilog file "C:/Users/Orion/Documents/GitHub/ece385/lab_7/lab_7.srcs/sources_1/imports/lab_7_1_provided_fa24/mb_usb_hdmi_top.sv" into library xil_defaultlib
INFO: [VRFC 10-311] analyzing module mb_usb_hdmi_top
INFO: [VRFC 10-2263] Analyzing SystemVerilog file "C:/Users/Orion/Documents/GitHub/ece385/lab_7/lab_7.srcs/sim_1/imports/lab_7_1_provided_fa24/hdmi_text_controller_v1_0_tb.sv" into library xil_defaultlib
INFO: [VRFC 10-311] analyzing module hdmi_text_controller_tb
INFO: [VRFC 10-2263] Analyzing Verilog file "C:/Users/Orion/Documents/GitHub/ece385/lab_7/lab_7.sim/sim_1/behav/xsim/glbl.v" into library xil_defaultlib
INFO: [VRFC 10-311] analyzing module glbl
"xvhdl --incr --relax -prj hdmi_text_controller_tb_vhdl.prj"
INFO: [VRFC 10-163] Analyzing VHDL file "C:/Users/Orion/Documents/GitHub/ece385/lab_7/lab_7.gen/sources_1/bd/mb_block_i/ip/mb_block_i_dlmb_bram_if_cntlr_0/sim/mb_block_i_dlmb_bram_if_cntlr_0.vhd" into library xil_defaultlib
INFO: [VRFC 10-3107] analyzing entity 'mb_block_i_dlmb_bram_if_cntlr_0'
INFO: [VRFC 10-163] Analyzing VHDL file "C:/Users/Orion/Documents/GitHub/ece385/lab_7/lab_7.gen/sources_1/bd/mb_block_i/ip/mb_block_i_axi_uartlite_0_0/sim/mb_block_i_axi_uartlite_0_0.vhd" into library xil_defaultlib
INFO: [VRFC 10-3107] analyzing entity 'mb_block_i_axi_uartlite_0_0'
INFO: [VRFC 10-163] Analyzing VHDL file "C:/Users/Orion/Documents/GitHub/ece385/lab_7/lab_7.gen/sources_1/bd/mb_block_i/ip/mb_block_i_microblaze_0_0/sim/mb_block_i_microblaze_0_0.vhd" into library xil_defaultlib
INFO: [VRFC 10-3107] analyzing entity 'mb_block_i_microblaze_0_0'
INFO: [VRFC 10-163] Analyzing VHDL file "C:/Users/Orion/Documents/GitHub/ece385/lab_7/lab_7.gen/sources_1/bd/mb_block_i/ip/mb_block_i_rst_clk_wiz_1_100M_0/sim/mb_block_i_rst_clk_wiz_1_100M_0.vhd" into library xil_defaultlib
INFO: [VRFC 10-3107] analyzing entity 'mb_block_i_rst_clk_wiz_1_100M_0'
INFO: [VRFC 10-163] Analyzing VHDL file "C:/Users/Orion/Documents/GitHub/ece385/lab_7/lab_7.gen/sources_1/bd/mb_block_i/ip/mb_block_i_mdm_1_0/sim/mb_block_i_mdm_1_0.vhd" into library xil_defaultlib
INFO: [VRFC 10-3107] analyzing entity 'mb_block_i_mdm_1_0'
INFO: [VRFC 10-163] Analyzing VHDL file "C:/Users/Orion/Documents/GitHub/ece385/lab_7/lab_7.gen/sources_1/bd/mb_block_i/ip/mb_block_i_ilmb_bram_if_cntlr_0/sim/mb_block_i_ilmb_bram_if_cntlr_0.vhd" into library xil_defaultlib
INFO: [VRFC 10-3107] analyzing entity 'mb_block_i_ilmb_bram_if_cntlr_0'
INFO: [VRFC 10-163] Analyzing VHDL file "C:/Users/Orion/Documents/GitHub/ece385/lab_7/lab_7.gen/sources_1/bd/mb_block_i/ip/mb_block_i_dlmb_v10_0/sim/mb_block_i_dlmb_v10_0.vhd" into library xil_defaultlib
INFO: [VRFC 10-3107] analyzing entity 'mb_block_i_dlmb_v10_0'
INFO: [VRFC 10-163] Analyzing VHDL file "C:/Users/Orion/Documents/GitHub/ece385/lab_7/lab_7.gen/sources_1/bd/mb_block_i/ip/mb_block_i_ilmb_v10_0/sim/mb_block_i_ilmb_v10_0.vhd" into library xil_defaultlib
INFO: [VRFC 10-3107] analyzing entity 'mb_block_i_ilmb_v10_0'
INFO: [VRFC 10-163] Analyzing VHDL file "C:/Users/Orion/Documents/GitHub/ece385/lab_7/lab_7.gen/sources_1/bd/mb_block_i/ip/mb_block_i_microblaze_0_axi_intc_0/sim/mb_block_i_microblaze_0_axi_intc_0.vhd" into library xil_defaultlib
INFO: [VRFC 10-3107] analyzing entity 'mb_block_i_microblaze_0_axi_intc_0'
run_program: Time (s): cpu = 00:00:04 ; elapsed = 00:00:10 . Memory (MB): peak = 1204.168 ; gain = 0.000
INFO: [USF-XSim-69] 'compile' step finished in '10' seconds
INFO: [USF-XSim-3] XSim::Elaborate design
INFO: [USF-XSim-61] Executing 'ELABORATE' step in 'C:/Users/Orion/Documents/GitHub/ece385/lab_7/lab_7.sim/sim_1/behav/xsim'
"xelab --incr --debug typical --relax --mt 2 -L xil_defaultlib -L lmb_bram_if_cntlr_v4_0_21 -L axi_lite_ipif_v3_0_4 -L lib_pkg_v1_0_2 -L lib_srl_fifo_v1_0_2 -L lib_cdc_v1_0_2 -L axi_uartlite_v2_0_31 -L generic_baseblocks_v2_1_0 -L axi_infrastructure_v1_1_0 -L axi_register_slice_v2_1_27 -L fifo_generator_v13_2_7 -L axi_data_fifo_v2_1_26 -L axi_crossbar_v2_1_28 -L microblaze_v11_0_10 -L proc_sys_reset_v5_0_13 -L mdm_v3_2_23 -L lmb_v10_v3_0_12 -L blk_mem_gen_v8_4_5 -L axi_intc_v4_1_17 -L uvm -L unisims_ver -L unimacro_ver -L secureip -L xpm --snapshot hdmi_text_controller_tb_behav xil_defaultlib.hdmi_text_controller_tb xil_defaultlib.glbl -log elaborate.log"
Vivado Simulator v2022.2
Copyright 1986-1999, 2001-2022 Xilinx, Inc. All Rights Reserved.
Running: C:/Xilinx/Vivado/2022.2/bin/unwrapped/win64.o/xelab.exe --incr --debug typical --relax --mt 2 -L xil_defaultlib -L lmb_bram_if_cntlr_v4_0_21 -L axi_lite_ipif_v3_0_4 -L lib_pkg_v1_0_2 -L lib_srl_fifo_v1_0_2 -L lib_cdc_v1_0_2 -L axi_uartlite_v2_0_31 -L generic_baseblocks_v2_1_0 -L axi_infrastructure_v1_1_0 -L axi_register_slice_v2_1_27 -L fifo_generator_v13_2_7 -L axi_data_fifo_v2_1_26 -L axi_crossbar_v2_1_28 -L microblaze_v11_0_10 -L proc_sys_reset_v5_0_13 -L mdm_v3_2_23 -L lmb_v10_v3_0_12 -L blk_mem_gen_v8_4_5 -L axi_intc_v4_1_17 -L uvm -L unisims_ver -L unimacro_ver -L secureip -L xpm --snapshot hdmi_text_controller_tb_behav xil_defaultlib.hdmi_text_controller_tb xil_defaultlib.glbl -log elaborate.log 
Using 2 slave threads.
Starting static elaboration
Pass Through NonSizing Optimizer
WARNING: [VRFC 10-3091] actual bit length 32 differs from formal bit length 16 for port 'axi_awaddr' [C:/Users/Orion/Documents/GitHub/ece385/lab_7/lab_7.srcs/sim_1/imports/lab_7_1_provided_fa24/hdmi_text_controller_v1_0_tb.sv:74]
WARNING: [VRFC 10-3091] actual bit length 32 differs from formal bit length 16 for port 'axi_araddr' [C:/Users/Orion/Documents/GitHub/ece385/lab_7/lab_7.srcs/sim_1/imports/lab_7_1_provided_fa24/hdmi_text_controller_v1_0_tb.sv:88]
Completed static elaboration
Starting simulation data flow analysis
WARNING: [XSIM 43-4099] "C:/Users/Orion/Documents/GitHub/ece385/lab_7/lab_7.srcs/sources_1/imports/design_source/Color_Mapper.sv" Line 17. Module color_mapper doesn't have a timescale but at least one module in design has a timescale.
WARNING: [XSIM 43-4099] "C:/Users/Orion/Documents/GitHub/ece385/lab_7/lab_7.srcs/sources_1/imports/design_source/Color_Mapper.sv" Line 17. Module color_mapper doesn't have a timescale but at least one module in design has a timescale.
Completed simulation data flow analysis
Time Resolution for simulation is 1ps
Compiling module xil_defaultlib.hdmi_text_controller_v1_0_AXI(C_...
Compiling module unisims_ver.IBUF
Compiling module unisims_ver.MMCME2_ADV(CLKFBOUT_MULT_F=10.0,...
Compiling module unisims_ver.BUFG
Compiling module xil_defaultlib.clk_wiz_0_clk_wiz
Compiling module xil_defaultlib.clk_wiz_0
Compiling module xil_defaultlib.vga_controller
Compiling module unisims_ver.SRL16E_default
Compiling module xil_defaultlib.srldelay(WIDTH=40,TAPS=4'b1010)
Compiling module xil_defaultlib.encode_default
Compiling module xil_defaultlib.encode(CHANNEL="GREEN")
Compiling module xil_defaultlib.encode(CHANNEL="RED")
Compiling module unisims_ver.OSERDESE2(DATA_RATE_TQ="SDR",DAT...
Compiling module unisims_ver.OSERDESE2(DATA_RATE_TQ="SDR",DAT...
Compiling module xil_defaultlib.serdes_10_to_1
Compiling module unisims_ver.OBUFDS(IOSTANDARD="TMDS_33")
Compiling module xil_defaultlib.hdmi_tx_v1_0(C_RED_WIDTH=4,C_GRE...
Compiling module xil_defaultlib.hdmi_tx_0
Compiling module xil_defaultlib.color_mapper
Compiling module xil_defaultlib.hdmi_text_controller_v1_0(C_AXI_...
Compiling module xil_defaultlib.hdmi_text_controller_tb
Compiling module xil_defaultlib.glbl
Built simulation snapshot hdmi_text_controller_tb_behav
run_program: Time (s): cpu = 00:00:04 ; elapsed = 00:00:16 . Memory (MB): peak = 1229.066 ; gain = 24.898
INFO: [USF-XSim-69] 'elaborate' step finished in '16' seconds
INFO: [USF-XSim-4] XSim::Simulate design
INFO: [USF-XSim-61] Executing 'SIMULATE' step in 'C:/Users/Orion/Documents/GitHub/ece385/lab_7/lab_7.sim/sim_1/behav/xsim'
INFO: [USF-XSim-98] *** Running xsim
   with args "hdmi_text_controller_tb_behav -key {Behavioral:sim_1:Functional:hdmi_text_controller_tb} -tclbatch {hdmi_text_controller_tb.tcl} -protoinst "protoinst_files/mb_block_i.protoinst" -log {simulate.log}"
INFO: [USF-XSim-8] Loading simulator feature
INFO: [Wavedata 42-565] Reading protoinst file protoinst_files/mb_block_i.protoinst
WARNING: [Wavedata 42-558] Couldn't load one or more protocol instances from protoinst file protoinst_files/mb_block_i.protoinst for the following reason(s):
There are no instances of module "mb_block_i" in the design.

Time resolution is 1 ps
source hdmi_text_controller_tb.tcl
# set curr_wave [current_wave_config]
# if { [string length $curr_wave] == 0 } {
#   if { [llength [get_objects]] > 0} {
#     add_wave /
#     set_property needs_save false [current_wave_config]
#   } else {
#      send_msg_id Add_Wave-1 WARNING "No top level signals found. Simulator will start without a wave window. If you want to open a wave window go to 'File->New Waveform Configuration' or type 'create_wave_config' in the TCL console."
#   }
# }
WARNING: [Wavedata 42-489] Can't add object "/hdmi_text_controller_tb/bitmap" to the wave window because it has 10080000 bits, which exceeds the display limit of 65536 bits.  To change the display limit, use the command "set_property display_limit <new limit> [current_wave_config]".
# run all
Error: AXI readback mismatch at address 00000000. Expected: 00000000. Actual:00000200.
Time: 96360 ns  Iteration: 0  Process: /hdmi_text_controller_tb/Initial258_901  Scope: hdmi_text_controller_tb.TEST_VECTORS.axi_read_assert  File: C:/Users/Orion/Documents/GitHub/ece385/lab_7/lab_7.srcs/sim_1/imports/lab_7_1_provided_fa24/hdmi_text_controller_v1_0_tb.sv Line: 280
Error: AXI readback mismatch at address 00000001. Expected: 00000001. Actual:00000201.
Time: 96520 ns  Iteration: 0  Process: /hdmi_text_controller_tb/Initial258_901  Scope: hdmi_text_controller_tb.TEST_VECTORS.axi_read_assert  File: C:/Users/Orion/Documents/GitHub/ece385/lab_7/lab_7.srcs/sim_1/imports/lab_7_1_provided_fa24/hdmi_text_controller_v1_0_tb.sv Line: 280
Error: AXI readback mismatch at address 00000002. Expected: 00000002. Actual:00000202.
Time: 96680 ns  Iteration: 0  Process: /hdmi_text_controller_tb/Initial258_901  Scope: hdmi_text_controller_tb.TEST_VECTORS.axi_read_assert  File: C:/Users/Orion/Documents/GitHub/ece385/lab_7/lab_7.srcs/sim_1/imports/lab_7_1_provided_fa24/hdmi_text_controller_v1_0_tb.sv Line: 280
Error: AXI readback mismatch at address 00000003. Expected: 00000003. Actual:00000203.
Time: 96840 ns  Iteration: 0  Process: /hdmi_text_controller_tb/Initial258_901  Scope: hdmi_text_controller_tb.TEST_VECTORS.axi_read_assert  File: C:/Users/Orion/Documents/GitHub/ece385/lab_7/lab_7.srcs/sim_1/imports/lab_7_1_provided_fa24/hdmi_text_controller_v1_0_tb.sv Line: 280
Error: AXI readback mismatch at address 00000004. Expected: 00000004. Actual:00000204.
Time: 97 us  Iteration: 0  Process: /hdmi_text_controller_tb/Initial258_901  Scope: hdmi_text_controller_tb.TEST_VECTORS.axi_read_assert  File: C:/Users/Orion/Documents/GitHub/ece385/lab_7/lab_7.srcs/sim_1/imports/lab_7_1_provided_fa24/hdmi_text_controller_v1_0_tb.sv Line: 280
Error: AXI readback mismatch at address 00000005. Expected: 00000005. Actual:00000205.
Time: 97160 ns  Iteration: 0  Process: /hdmi_text_controller_tb/Initial258_901  Scope: hdmi_text_controller_tb.TEST_VECTORS.axi_read_assert  File: C:/Users/Orion/Documents/GitHub/ece385/lab_7/lab_7.srcs/sim_1/imports/lab_7_1_provided_fa24/hdmi_text_controller_v1_0_tb.sv Line: 280
Error: AXI readback mismatch at address 00000006. Expected: 00000006. Actual:00000206.
Time: 97320 ns  Iteration: 0  Process: /hdmi_text_controller_tb/Initial258_901  Scope: hdmi_text_controller_tb.TEST_VECTORS.axi_read_assert  File: C:/Users/Orion/Documents/GitHub/ece385/lab_7/lab_7.srcs/sim_1/imports/lab_7_1_provided_fa24/hdmi_text_controller_v1_0_tb.sv Line: 280
Error: AXI readback mismatch at address 00000007. Expected: 00000007. Actual:00000207.
Time: 97480 ns  Iteration: 0  Process: /hdmi_text_controller_tb/Initial258_901  Scope: hdmi_text_controller_tb.TEST_VECTORS.axi_read_assert  File: C:/Users/Orion/Documents/GitHub/ece385/lab_7/lab_7.srcs/sim_1/imports/lab_7_1_provided_fa24/hdmi_text_controller_v1_0_tb.sv Line: 280
Error: AXI readback mismatch at address 00000008. Expected: 00000008. Actual:00000208.
Time: 97640 ns  Iteration: 0  Process: /hdmi_text_controller_tb/Initial258_901  Scope: hdmi_text_controller_tb.TEST_VECTORS.axi_read_assert  File: C:/Users/Orion/Documents/GitHub/ece385/lab_7/lab_7.srcs/sim_1/imports/lab_7_1_provided_fa24/hdmi_text_controller_v1_0_tb.sv Line: 280
Error: AXI readback mismatch at address 00000009. Expected: 00000009. Actual:00000209.
Time: 97800 ns  Iteration: 0  Process: /hdmi_text_controller_tb/Initial258_901  Scope: hdmi_text_controller_tb.TEST_VECTORS.axi_read_assert  File: C:/Users/Orion/Documents/GitHub/ece385/lab_7/lab_7.srcs/sim_1/imports/lab_7_1_provided_fa24/hdmi_text_controller_v1_0_tb.sv Line: 280
Error: AXI readback mismatch at address 0000000a. Expected: 0000000a. Actual:0000020a.
Time: 97960 ns  Iteration: 0  Process: /hdmi_text_controller_tb/Initial258_901  Scope: hdmi_text_controller_tb.TEST_VECTORS.axi_read_assert  File: C:/Users/Orion/Documents/GitHub/ece385/lab_7/lab_7.srcs/sim_1/imports/lab_7_1_provided_fa24/hdmi_text_controller_v1_0_tb.sv Line: 280
Error: AXI readback mismatch at address 0000000b. Expected: 0000000b. Actual:0000020b.
Time: 98120 ns  Iteration: 0  Process: /hdmi_text_controller_tb/Initial258_901  Scope: hdmi_text_controller_tb.TEST_VECTORS.axi_read_assert  File: C:/Users/Orion/Documents/GitHub/ece385/lab_7/lab_7.srcs/sim_1/imports/lab_7_1_provided_fa24/hdmi_text_controller_v1_0_tb.sv Line: 280
Error: AXI readback mismatch at address 0000000c. Expected: 0000000c. Actual:0000020c.
Time: 98280 ns  Iteration: 0  Process: /hdmi_text_controller_tb/Initial258_901  Scope: hdmi_text_controller_tb.TEST_VECTORS.axi_read_assert  File: C:/Users/Orion/Documents/GitHub/ece385/lab_7/lab_7.srcs/sim_1/imports/lab_7_1_provided_fa24/hdmi_text_controller_v1_0_tb.sv Line: 280
Error: AXI readback mismatch at address 0000000d. Expected: 0000000d. Actual:0000020d.
Time: 98440 ns  Iteration: 0  Process: /hdmi_text_controller_tb/Initial258_901  Scope: hdmi_text_controller_tb.TEST_VECTORS.axi_read_assert  File: C:/Users/Orion/Documents/GitHub/ece385/lab_7/lab_7.srcs/sim_1/imports/lab_7_1_provided_fa24/hdmi_text_controller_v1_0_tb.sv Line: 280
Error: AXI readback mismatch at address 0000000e. Expected: 0000000e. Actual:0000020e.
Time: 98600 ns  Iteration: 0  Process: /hdmi_text_controller_tb/Initial258_901  Scope: hdmi_text_controller_tb.TEST_VECTORS.axi_read_assert  File: C:/Users/Orion/Documents/GitHub/ece385/lab_7/lab_7.srcs/sim_1/imports/lab_7_1_provided_fa24/hdmi_text_controller_v1_0_tb.sv Line: 280
Error: AXI readback mismatch at address 0000000f. Expected: 0000000f. Actual:0000020f.
Time: 98760 ns  Iteration: 0  Process: /hdmi_text_controller_tb/Initial258_901  Scope: hdmi_text_controller_tb.TEST_VECTORS.axi_read_assert  File: C:/Users/Orion/Documents/GitHub/ece385/lab_7/lab_7.srcs/sim_1/imports/lab_7_1_provided_fa24/hdmi_text_controller_v1_0_tb.sv Line: 280
Error: AXI readback mismatch at address 00000010. Expected: 00000010. Actual:00000210.
Time: 98920 ns  Iteration: 0  Process: /hdmi_text_controller_tb/Initial258_901  Scope: hdmi_text_controller_tb.TEST_VECTORS.axi_read_assert  File: C:/Users/Orion/Documents/GitHub/ece385/lab_7/lab_7.srcs/sim_1/imports/lab_7_1_provided_fa24/hdmi_text_controller_v1_0_tb.sv Line: 280
Error: AXI readback mismatch at address 00000011. Expected: 00000011. Actual:00000211.
Time: 99080 ns  Iteration: 0  Process: /hdmi_text_controller_tb/Initial258_901  Scope: hdmi_text_controller_tb.TEST_VECTORS.axi_read_assert  File: C:/Users/Orion/Documents/GitHub/ece385/lab_7/lab_7.srcs/sim_1/imports/lab_7_1_provided_fa24/hdmi_text_controller_v1_0_tb.sv Line: 280
Error: AXI readback mismatch at address 00000012. Expected: 00000012. Actual:00000212.
Time: 99240 ns  Iteration: 0  Process: /hdmi_text_controller_tb/Initial258_901  Scope: hdmi_text_controller_tb.TEST_VECTORS.axi_read_assert  File: C:/Users/Orion/Documents/GitHub/ece385/lab_7/lab_7.srcs/sim_1/imports/lab_7_1_provided_fa24/hdmi_text_controller_v1_0_tb.sv Line: 280
Error: AXI readback mismatch at address 00000013. Expected: 00000013. Actual:00000213.
Time: 99400 ns  Iteration: 0  Process: /hdmi_text_controller_tb/Initial258_901  Scope: hdmi_text_controller_tb.TEST_VECTORS.axi_read_assert  File: C:/Users/Orion/Documents/GitHub/ece385/lab_7/lab_7.srcs/sim_1/imports/lab_7_1_provided_fa24/hdmi_text_controller_v1_0_tb.sv Line: 280
Error: AXI readback mismatch at address 00000014. Expected: 00000014. Actual:00000214.
Time: 99560 ns  Iteration: 0  Process: /hdmi_text_controller_tb/Initial258_901  Scope: hdmi_text_controller_tb.TEST_VECTORS.axi_read_assert  File: C:/Users/Orion/Documents/GitHub/ece385/lab_7/lab_7.srcs/sim_1/imports/lab_7_1_provided_fa24/hdmi_text_controller_v1_0_tb.sv Line: 280
Error: AXI readback mismatch at address 00000015. Expected: 00000015. Actual:00000215.
Time: 99720 ns  Iteration: 0  Process: /hdmi_text_controller_tb/Initial258_901  Scope: hdmi_text_controller_tb.TEST_VECTORS.axi_read_assert  File: C:/Users/Orion/Documents/GitHub/ece385/lab_7/lab_7.srcs/sim_1/imports/lab_7_1_provided_fa24/hdmi_text_controller_v1_0_tb.sv Line: 280
Error: AXI readback mismatch at address 00000016. Expected: 00000016. Actual:00000216.
Time: 99880 ns  Iteration: 0  Process: /hdmi_text_controller_tb/Initial258_901  Scope: hdmi_text_controller_tb.TEST_VECTORS.axi_read_assert  File: C:/Users/Orion/Documents/GitHub/ece385/lab_7/lab_7.srcs/sim_1/imports/lab_7_1_provided_fa24/hdmi_text_controller_v1_0_tb.sv Line: 280
Error: AXI readback mismatch at address 00000017. Expected: 00000017. Actual:00000217.
Time: 100040 ns  Iteration: 0  Process: /hdmi_text_controller_tb/Initial258_901  Scope: hdmi_text_controller_tb.TEST_VECTORS.axi_read_assert  File: C:/Users/Orion/Documents/GitHub/ece385/lab_7/lab_7.srcs/sim_1/imports/lab_7_1_provided_fa24/hdmi_text_controller_v1_0_tb.sv Line: 280
Error: AXI readback mismatch at address 00000018. Expected: 00000018. Actual:00000218.
Time: 100200 ns  Iteration: 0  Process: /hdmi_text_controller_tb/Initial258_901  Scope: hdmi_text_controller_tb.TEST_VECTORS.axi_read_assert  File: C:/Users/Orion/Documents/GitHub/ece385/lab_7/lab_7.srcs/sim_1/imports/lab_7_1_provided_fa24/hdmi_text_controller_v1_0_tb.sv Line: 280
Error: AXI readback mismatch at address 00000019. Expected: 00000019. Actual:00000219.
Time: 100360 ns  Iteration: 0  Process: /hdmi_text_controller_tb/Initial258_901  Scope: hdmi_text_controller_tb.TEST_VECTORS.axi_read_assert  File: C:/Users/Orion/Documents/GitHub/ece385/lab_7/lab_7.srcs/sim_1/imports/lab_7_1_provided_fa24/hdmi_text_controller_v1_0_tb.sv Line: 280
Error: AXI readback mismatch at address 0000001a. Expected: 0000001a. Actual:0000021a.
Time: 100520 ns  Iteration: 0  Process: /hdmi_text_controller_tb/Initial258_901  Scope: hdmi_text_controller_tb.TEST_VECTORS.axi_read_assert  File: C:/Users/Orion/Documents/GitHub/ece385/lab_7/lab_7.srcs/sim_1/imports/lab_7_1_provided_fa24/hdmi_text_controller_v1_0_tb.sv Line: 280
Error: AXI readback mismatch at address 0000001b. Expected: 0000001b. Actual:0000021b.
Time: 100680 ns  Iteration: 0  Process: /hdmi_text_controller_tb/Initial258_901  Scope: hdmi_text_controller_tb.TEST_VECTORS.axi_read_assert  File: C:/Users/Orion/Documents/GitHub/ece385/lab_7/lab_7.srcs/sim_1/imports/lab_7_1_provided_fa24/hdmi_text_controller_v1_0_tb.sv Line: 280
Error: AXI readback mismatch at address 0000001c. Expected: 0000001c. Actual:0000021c.
Time: 100840 ns  Iteration: 0  Process: /hdmi_text_controller_tb/Initial258_901  Scope: hdmi_text_controller_tb.TEST_VECTORS.axi_read_assert  File: C:/Users/Orion/Documents/GitHub/ece385/lab_7/lab_7.srcs/sim_1/imports/lab_7_1_provided_fa24/hdmi_text_controller_v1_0_tb.sv Line: 280
Error: AXI readback mismatch at address 0000001d. Expected: 0000001d. Actual:0000021d.
Time: 101 us  Iteration: 0  Process: /hdmi_text_controller_tb/Initial258_901  Scope: hdmi_text_controller_tb.TEST_VECTORS.axi_read_assert  File: C:/Users/Orion/Documents/GitHub/ece385/lab_7/lab_7.srcs/sim_1/imports/lab_7_1_provided_fa24/hdmi_text_controller_v1_0_tb.sv Line: 280
Error: AXI readback mismatch at address 0000001e. Expected: 0000001e. Actual:0000021e.
Time: 101160 ns  Iteration: 0  Process: /hdmi_text_controller_tb/Initial258_901  Scope: hdmi_text_controller_tb.TEST_VECTORS.axi_read_assert  File: C:/Users/Orion/Documents/GitHub/ece385/lab_7/lab_7.srcs/sim_1/imports/lab_7_1_provided_fa24/hdmi_text_controller_v1_0_tb.sv Line: 280
Error: AXI readback mismatch at address 0000001f. Expected: 0000001f. Actual:0000021f.
Time: 101320 ns  Iteration: 0  Process: /hdmi_text_controller_tb/Initial258_901  Scope: hdmi_text_controller_tb.TEST_VECTORS.axi_read_assert  File: C:/Users/Orion/Documents/GitHub/ece385/lab_7/lab_7.srcs/sim_1/imports/lab_7_1_provided_fa24/hdmi_text_controller_v1_0_tb.sv Line: 280
Error: AXI readback mismatch at address 00000020. Expected: 00000020. Actual:00000220.
Time: 101480 ns  Iteration: 0  Process: /hdmi_text_controller_tb/Initial258_901  Scope: hdmi_text_controller_tb.TEST_VECTORS.axi_read_assert  File: C:/Users/Orion/Documents/GitHub/ece385/lab_7/lab_7.srcs/sim_1/imports/lab_7_1_provided_fa24/hdmi_text_controller_v1_0_tb.sv Line: 280
Error: AXI readback mismatch at address 00000021. Expected: 00000021. Actual:00000221.
Time: 101640 ns  Iteration: 0  Process: /hdmi_text_controller_tb/Initial258_901  Scope: hdmi_text_controller_tb.TEST_VECTORS.axi_read_assert  File: C:/Users/Orion/Documents/GitHub/ece385/lab_7/lab_7.srcs/sim_1/imports/lab_7_1_provided_fa24/hdmi_text_controller_v1_0_tb.sv Line: 280
Error: AXI readback mismatch at address 00000022. Expected: 00000022. Actual:00000222.
Time: 101800 ns  Iteration: 0  Process: /hdmi_text_controller_tb/Initial258_901  Scope: hdmi_text_controller_tb.TEST_VECTORS.axi_read_assert  File: C:/Users/Orion/Documents/GitHub/ece385/lab_7/lab_7.srcs/sim_1/imports/lab_7_1_provided_fa24/hdmi_text_controller_v1_0_tb.sv Line: 280
Error: AXI readback mismatch at address 00000023. Expected: 00000023. Actual:00000223.
Time: 101960 ns  Iteration: 0  Process: /hdmi_text_controller_tb/Initial258_901  Scope: hdmi_text_controller_tb.TEST_VECTORS.axi_read_assert  File: C:/Users/Orion/Documents/GitHub/ece385/lab_7/lab_7.srcs/sim_1/imports/lab_7_1_provided_fa24/hdmi_text_controller_v1_0_tb.sv Line: 280
Error: AXI readback mismatch at address 00000024. Expected: 00000024. Actual:00000224.
Time: 102120 ns  Iteration: 0  Process: /hdmi_text_controller_tb/Initial258_901  Scope: hdmi_text_controller_tb.TEST_VECTORS.axi_read_assert  File: C:/Users/Orion/Documents/GitHub/ece385/lab_7/lab_7.srcs/sim_1/imports/lab_7_1_provided_fa24/hdmi_text_controller_v1_0_tb.sv Line: 280
Error: AXI readback mismatch at address 00000025. Expected: 00000025. Actual:00000225.
Time: 102280 ns  Iteration: 0  Process: /hdmi_text_controller_tb/Initial258_901  Scope: hdmi_text_controller_tb.TEST_VECTORS.axi_read_assert  File: C:/Users/Orion/Documents/GitHub/ece385/lab_7/lab_7.srcs/sim_1/imports/lab_7_1_provided_fa24/hdmi_text_controller_v1_0_tb.sv Line: 280
Error: AXI readback mismatch at address 00000026. Expected: 00000026. Actual:00000226.
Time: 102440 ns  Iteration: 0  Process: /hdmi_text_controller_tb/Initial258_901  Scope: hdmi_text_controller_tb.TEST_VECTORS.axi_read_assert  File: C:/Users/Orion/Documents/GitHub/ece385/lab_7/lab_7.srcs/sim_1/imports/lab_7_1_provided_fa24/hdmi_text_controller_v1_0_tb.sv Line: 280
Error: AXI readback mismatch at address 00000027. Expected: 00000027. Actual:00000227.
Time: 102600 ns  Iteration: 0  Process: /hdmi_text_controller_tb/Initial258_901  Scope: hdmi_text_controller_tb.TEST_VECTORS.axi_read_assert  File: C:/Users/Orion/Documents/GitHub/ece385/lab_7/lab_7.srcs/sim_1/imports/lab_7_1_provided_fa24/hdmi_text_controller_v1_0_tb.sv Line: 280
Error: AXI readback mismatch at address 00000028. Expected: 00000028. Actual:00000228.
Time: 102760 ns  Iteration: 0  Process: /hdmi_text_controller_tb/Initial258_901  Scope: hdmi_text_controller_tb.TEST_VECTORS.axi_read_assert  File: C:/Users/Orion/Documents/GitHub/ece385/lab_7/lab_7.srcs/sim_1/imports/lab_7_1_provided_fa24/hdmi_text_controller_v1_0_tb.sv Line: 280
Error: AXI readback mismatch at address 00000029. Expected: 00000029. Actual:00000229.
Time: 102920 ns  Iteration: 0  Process: /hdmi_text_controller_tb/Initial258_901  Scope: hdmi_text_controller_tb.TEST_VECTORS.axi_read_assert  File: C:/Users/Orion/Documents/GitHub/ece385/lab_7/lab_7.srcs/sim_1/imports/lab_7_1_provided_fa24/hdmi_text_controller_v1_0_tb.sv Line: 280
Error: AXI readback mismatch at address 0000002a. Expected: 0000002a. Actual:0000022a.
Time: 103080 ns  Iteration: 0  Process: /hdmi_text_controller_tb/Initial258_901  Scope: hdmi_text_controller_tb.TEST_VECTORS.axi_read_assert  File: C:/Users/Orion/Documents/GitHub/ece385/lab_7/lab_7.srcs/sim_1/imports/lab_7_1_provided_fa24/hdmi_text_controller_v1_0_tb.sv Line: 280
Error: AXI readback mismatch at address 0000002b. Expected: 0000002b. Actual:0000022b.
Time: 103240 ns  Iteration: 0  Process: /hdmi_text_controller_tb/Initial258_901  Scope: hdmi_text_controller_tb.TEST_VECTORS.axi_read_assert  File: C:/Users/Orion/Documents/GitHub/ece385/lab_7/lab_7.srcs/sim_1/imports/lab_7_1_provided_fa24/hdmi_text_controller_v1_0_tb.sv Line: 280
Error: AXI readback mismatch at address 0000002c. Expected: 0000002c. Actual:0000022c.
Time: 103400 ns  Iteration: 0  Process: /hdmi_text_controller_tb/Initial258_901  Scope: hdmi_text_controller_tb.TEST_VECTORS.axi_read_assert  File: C:/Users/Orion/Documents/GitHub/ece385/lab_7/lab_7.srcs/sim_1/imports/lab_7_1_provided_fa24/hdmi_text_controller_v1_0_tb.sv Line: 280
Error: AXI readback mismatch at address 0000002d. Expected: 0000002d. Actual:0000022d.
Time: 103560 ns  Iteration: 0  Process: /hdmi_text_controller_tb/Initial258_901  Scope: hdmi_text_controller_tb.TEST_VECTORS.axi_read_assert  File: C:/Users/Orion/Documents/GitHub/ece385/lab_7/lab_7.srcs/sim_1/imports/lab_7_1_provided_fa24/hdmi_text_controller_v1_0_tb.sv Line: 280
Error: AXI readback mismatch at address 0000002e. Expected: 0000002e. Actual:0000022e.
Time: 103720 ns  Iteration: 0  Process: /hdmi_text_controller_tb/Initial258_901  Scope: hdmi_text_controller_tb.TEST_VECTORS.axi_read_assert  File: C:/Users/Orion/Documents/GitHub/ece385/lab_7/lab_7.srcs/sim_1/imports/lab_7_1_provided_fa24/hdmi_text_controller_v1_0_tb.sv Line: 280
Error: AXI readback mismatch at address 0000002f. Expected: 0000002f. Actual:0000022f.
Time: 103880 ns  Iteration: 0  Process: /hdmi_text_controller_tb/Initial258_901  Scope: hdmi_text_controller_tb.TEST_VECTORS.axi_read_assert  File: C:/Users/Orion/Documents/GitHub/ece385/lab_7/lab_7.srcs/sim_1/imports/lab_7_1_provided_fa24/hdmi_text_controller_v1_0_tb.sv Line: 280
Error: AXI readback mismatch at address 00000030. Expected: 00000030. Actual:00000230.
Time: 104040 ns  Iteration: 0  Process: /hdmi_text_controller_tb/Initial258_901  Scope: hdmi_text_controller_tb.TEST_VECTORS.axi_read_assert  File: C:/Users/Orion/Documents/GitHub/ece385/lab_7/lab_7.srcs/sim_1/imports/lab_7_1_provided_fa24/hdmi_text_controller_v1_0_tb.sv Line: 280
Error: AXI readback mismatch at address 00000031. Expected: 00000031. Actual:00000231.
Time: 104200 ns  Iteration: 0  Process: /hdmi_text_controller_tb/Initial258_901  Scope: hdmi_text_controller_tb.TEST_VECTORS.axi_read_assert  File: C:/Users/Orion/Documents/GitHub/ece385/lab_7/lab_7.srcs/sim_1/imports/lab_7_1_provided_fa24/hdmi_text_controller_v1_0_tb.sv Line: 280
Error: AXI readback mismatch at address 00000032. Expected: 00000032. Actual:00000232.
Time: 104360 ns  Iteration: 0  Process: /hdmi_text_controller_tb/Initial258_901  Scope: hdmi_text_controller_tb.TEST_VECTORS.axi_read_assert  File: C:/Users/Orion/Documents/GitHub/ece385/lab_7/lab_7.srcs/sim_1/imports/lab_7_1_provided_fa24/hdmi_text_controller_v1_0_tb.sv Line: 280
Error: AXI readback mismatch at address 00000033. Expected: 00000033. Actual:00000233.
Time: 104520 ns  Iteration: 0  Process: /hdmi_text_controller_tb/Initial258_901  Scope: hdmi_text_controller_tb.TEST_VECTORS.axi_read_assert  File: C:/Users/Orion/Documents/GitHub/ece385/lab_7/lab_7.srcs/sim_1/imports/lab_7_1_provided_fa24/hdmi_text_controller_v1_0_tb.sv Line: 280
Error: AXI readback mismatch at address 00000034. Expected: 00000034. Actual:00000234.
Time: 104680 ns  Iteration: 0  Process: /hdmi_text_controller_tb/Initial258_901  Scope: hdmi_text_controller_tb.TEST_VECTORS.axi_read_assert  File: C:/Users/Orion/Documents/GitHub/ece385/lab_7/lab_7.srcs/sim_1/imports/lab_7_1_provided_fa24/hdmi_text_controller_v1_0_tb.sv Line: 280
Error: AXI readback mismatch at address 00000035. Expected: 00000035. Actual:00000235.
Time: 104840 ns  Iteration: 0  Process: /hdmi_text_controller_tb/Initial258_901  Scope: hdmi_text_controller_tb.TEST_VECTORS.axi_read_assert  File: C:/Users/Orion/Documents/GitHub/ece385/lab_7/lab_7.srcs/sim_1/imports/lab_7_1_provided_fa24/hdmi_text_controller_v1_0_tb.sv Line: 280
Error: AXI readback mismatch at address 00000036. Expected: 00000036. Actual:00000236.
Time: 105 us  Iteration: 0  Process: /hdmi_text_controller_tb/Initial258_901  Scope: hdmi_text_controller_tb.TEST_VECTORS.axi_read_assert  File: C:/Users/Orion/Documents/GitHub/ece385/lab_7/lab_7.srcs/sim_1/imports/lab_7_1_provided_fa24/hdmi_text_controller_v1_0_tb.sv Line: 280
Error: AXI readback mismatch at address 00000037. Expected: 00000037. Actual:00000237.
Time: 105160 ns  Iteration: 0  Process: /hdmi_text_controller_tb/Initial258_901  Scope: hdmi_text_controller_tb.TEST_VECTORS.axi_read_assert  File: C:/Users/Orion/Documents/GitHub/ece385/lab_7/lab_7.srcs/sim_1/imports/lab_7_1_provided_fa24/hdmi_text_controller_v1_0_tb.sv Line: 280
Error: AXI readback mismatch at address 00000038. Expected: 00000038. Actual:00000238.
Time: 105320 ns  Iteration: 0  Process: /hdmi_text_controller_tb/Initial258_901  Scope: hdmi_text_controller_tb.TEST_VECTORS.axi_read_assert  File: C:/Users/Orion/Documents/GitHub/ece385/lab_7/lab_7.srcs/sim_1/imports/lab_7_1_provided_fa24/hdmi_text_controller_v1_0_tb.sv Line: 280
Error: AXI readback mismatch at address 00000039. Expected: 00000039. Actual:00000239.
Time: 105480 ns  Iteration: 0  Process: /hdmi_text_controller_tb/Initial258_901  Scope: hdmi_text_controller_tb.TEST_VECTORS.axi_read_assert  File: C:/Users/Orion/Documents/GitHub/ece385/lab_7/lab_7.srcs/sim_1/imports/lab_7_1_provided_fa24/hdmi_text_controller_v1_0_tb.sv Line: 280
Error: AXI readback mismatch at address 0000003a. Expected: 0000003a. Actual:0000023a.
Time: 105640 ns  Iteration: 0  Process: /hdmi_text_controller_tb/Initial258_901  Scope: hdmi_text_controller_tb.TEST_VECTORS.axi_read_assert  File: C:/Users/Orion/Documents/GitHub/ece385/lab_7/lab_7.srcs/sim_1/imports/lab_7_1_provided_fa24/hdmi_text_controller_v1_0_tb.sv Line: 280
Error: AXI readback mismatch at address 0000003b. Expected: 0000003b. Actual:0000023b.
Time: 105800 ns  Iteration: 0  Process: /hdmi_text_controller_tb/Initial258_901  Scope: hdmi_text_controller_tb.TEST_VECTORS.axi_read_assert  File: C:/Users/Orion/Documents/GitHub/ece385/lab_7/lab_7.srcs/sim_1/imports/lab_7_1_provided_fa24/hdmi_text_controller_v1_0_tb.sv Line: 280
Error: AXI readback mismatch at address 0000003c. Expected: 0000003c. Actual:0000023c.
Time: 105960 ns  Iteration: 0  Process: /hdmi_text_controller_tb/Initial258_901  Scope: hdmi_text_controller_tb.TEST_VECTORS.axi_read_assert  File: C:/Users/Orion/Documents/GitHub/ece385/lab_7/lab_7.srcs/sim_1/imports/lab_7_1_provided_fa24/hdmi_text_controller_v1_0_tb.sv Line: 280
Error: AXI readback mismatch at address 0000003d. Expected: 0000003d. Actual:0000023d.
Time: 106120 ns  Iteration: 0  Process: /hdmi_text_controller_tb/Initial258_901  Scope: hdmi_text_controller_tb.TEST_VECTORS.axi_read_assert  File: C:/Users/Orion/Documents/GitHub/ece385/lab_7/lab_7.srcs/sim_1/imports/lab_7_1_provided_fa24/hdmi_text_controller_v1_0_tb.sv Line: 280
Error: AXI readback mismatch at address 0000003e. Expected: 0000003e. Actual:0000023e.
Time: 106280 ns  Iteration: 0  Process: /hdmi_text_controller_tb/Initial258_901  Scope: hdmi_text_controller_tb.TEST_VECTORS.axi_read_assert  File: C:/Users/Orion/Documents/GitHub/ece385/lab_7/lab_7.srcs/sim_1/imports/lab_7_1_provided_fa24/hdmi_text_controller_v1_0_tb.sv Line: 280
Error: AXI readback mismatch at address 0000003f. Expected: 0000003f. Actual:0000023f.
Time: 106440 ns  Iteration: 0  Process: /hdmi_text_controller_tb/Initial258_901  Scope: hdmi_text_controller_tb.TEST_VECTORS.axi_read_assert  File: C:/Users/Orion/Documents/GitHub/ece385/lab_7/lab_7.srcs/sim_1/imports/lab_7_1_provided_fa24/hdmi_text_controller_v1_0_tb.sv Line: 280
Error: AXI readback mismatch at address 00000040. Expected: 00000040. Actual:00000240.
Time: 106600 ns  Iteration: 0  Process: /hdmi_text_controller_tb/Initial258_901  Scope: hdmi_text_controller_tb.TEST_VECTORS.axi_read_assert  File: C:/Users/Orion/Documents/GitHub/ece385/lab_7/lab_7.srcs/sim_1/imports/lab_7_1_provided_fa24/hdmi_text_controller_v1_0_tb.sv Line: 280
Error: AXI readback mismatch at address 00000041. Expected: 00000041. Actual:00000241.
Time: 106760 ns  Iteration: 0  Process: /hdmi_text_controller_tb/Initial258_901  Scope: hdmi_text_controller_tb.TEST_VECTORS.axi_read_assert  File: C:/Users/Orion/Documents/GitHub/ece385/lab_7/lab_7.srcs/sim_1/imports/lab_7_1_provided_fa24/hdmi_text_controller_v1_0_tb.sv Line: 280
Error: AXI readback mismatch at address 00000042. Expected: 00000042. Actual:00000242.
Time: 106920 ns  Iteration: 0  Process: /hdmi_text_controller_tb/Initial258_901  Scope: hdmi_text_controller_tb.TEST_VECTORS.axi_read_assert  File: C:/Users/Orion/Documents/GitHub/ece385/lab_7/lab_7.srcs/sim_1/imports/lab_7_1_provided_fa24/hdmi_text_controller_v1_0_tb.sv Line: 280
Error: AXI readback mismatch at address 00000043. Expected: 00000043. Actual:00000243.
Time: 107080 ns  Iteration: 0  Process: /hdmi_text_controller_tb/Initial258_901  Scope: hdmi_text_controller_tb.TEST_VECTORS.axi_read_assert  File: C:/Users/Orion/Documents/GitHub/ece385/lab_7/lab_7.srcs/sim_1/imports/lab_7_1_provided_fa24/hdmi_text_controller_v1_0_tb.sv Line: 280
Error: AXI readback mismatch at address 00000044. Expected: 00000044. Actual:00000244.
Time: 107240 ns  Iteration: 0  Process: /hdmi_text_controller_tb/Initial258_901  Scope: hdmi_text_controller_tb.TEST_VECTORS.axi_read_assert  File: C:/Users/Orion/Documents/GitHub/ece385/lab_7/lab_7.srcs/sim_1/imports/lab_7_1_provided_fa24/hdmi_text_controller_v1_0_tb.sv Line: 280
Error: AXI readback mismatch at address 00000045. Expected: 00000045. Actual:00000245.
Time: 107400 ns  Iteration: 0  Process: /hdmi_text_controller_tb/Initial258_901  Scope: hdmi_text_controller_tb.TEST_VECTORS.axi_read_assert  File: C:/Users/Orion/Documents/GitHub/ece385/lab_7/lab_7.srcs/sim_1/imports/lab_7_1_provided_fa24/hdmi_text_controller_v1_0_tb.sv Line: 280
Error: AXI readback mismatch at address 00000046. Expected: 00000046. Actual:00000246.
Time: 107560 ns  Iteration: 0  Process: /hdmi_text_controller_tb/Initial258_901  Scope: hdmi_text_controller_tb.TEST_VECTORS.axi_read_assert  File: C:/Users/Orion/Documents/GitHub/ece385/lab_7/lab_7.srcs/sim_1/imports/lab_7_1_provided_fa24/hdmi_text_controller_v1_0_tb.sv Line: 280
Error: AXI readback mismatch at address 00000047. Expected: 00000047. Actual:00000247.
Time: 107720 ns  Iteration: 0  Process: /hdmi_text_controller_tb/Initial258_901  Scope: hdmi_text_controller_tb.TEST_VECTORS.axi_read_assert  File: C:/Users/Orion/Documents/GitHub/ece385/lab_7/lab_7.srcs/sim_1/imports/lab_7_1_provided_fa24/hdmi_text_controller_v1_0_tb.sv Line: 280
Error: AXI readback mismatch at address 00000048. Expected: 00000048. Actual:00000248.
Time: 107880 ns  Iteration: 0  Process: /hdmi_text_controller_tb/Initial258_901  Scope: hdmi_text_controller_tb.TEST_VECTORS.axi_read_assert  File: C:/Users/Orion/Documents/GitHub/ece385/lab_7/lab_7.srcs/sim_1/imports/lab_7_1_provided_fa24/hdmi_text_controller_v1_0_tb.sv Line: 280
Error: AXI readback mismatch at address 00000049. Expected: 00000049. Actual:00000249.
Time: 108040 ns  Iteration: 0  Process: /hdmi_text_controller_tb/Initial258_901  Scope: hdmi_text_controller_tb.TEST_VECTORS.axi_read_assert  File: C:/Users/Orion/Documents/GitHub/ece385/lab_7/lab_7.srcs/sim_1/imports/lab_7_1_provided_fa24/hdmi_text_controller_v1_0_tb.sv Line: 280
Error: AXI readback mismatch at address 0000004a. Expected: 0000004a. Actual:0000024a.
Time: 108200 ns  Iteration: 0  Process: /hdmi_text_controller_tb/Initial258_901  Scope: hdmi_text_controller_tb.TEST_VECTORS.axi_read_assert  File: C:/Users/Orion/Documents/GitHub/ece385/lab_7/lab_7.srcs/sim_1/imports/lab_7_1_provided_fa24/hdmi_text_controller_v1_0_tb.sv Line: 280
Error: AXI readback mismatch at address 0000004b. Expected: 0000004b. Actual:0000024b.
Time: 108360 ns  Iteration: 0  Process: /hdmi_text_controller_tb/Initial258_901  Scope: hdmi_text_controller_tb.TEST_VECTORS.axi_read_assert  File: C:/Users/Orion/Documents/GitHub/ece385/lab_7/lab_7.srcs/sim_1/imports/lab_7_1_provided_fa24/hdmi_text_controller_v1_0_tb.sv Line: 280
Error: AXI readback mismatch at address 0000004c. Expected: 0000004c. Actual:0000024c.
Time: 108520 ns  Iteration: 0  Process: /hdmi_text_controller_tb/Initial258_901  Scope: hdmi_text_controller_tb.TEST_VECTORS.axi_read_assert  File: C:/Users/Orion/Documents/GitHub/ece385/lab_7/lab_7.srcs/sim_1/imports/lab_7_1_provided_fa24/hdmi_text_controller_v1_0_tb.sv Line: 280
Error: AXI readback mismatch at address 0000004d. Expected: 0000004d. Actual:0000024d.
Time: 108680 ns  Iteration: 0  Process: /hdmi_text_controller_tb/Initial258_901  Scope: hdmi_text_controller_tb.TEST_VECTORS.axi_read_assert  File: C:/Users/Orion/Documents/GitHub/ece385/lab_7/lab_7.srcs/sim_1/imports/lab_7_1_provided_fa24/hdmi_text_controller_v1_0_tb.sv Line: 280
Error: AXI readback mismatch at address 0000004e. Expected: 0000004e. Actual:0000024e.
Time: 108840 ns  Iteration: 0  Process: /hdmi_text_controller_tb/Initial258_901  Scope: hdmi_text_controller_tb.TEST_VECTORS.axi_read_assert  File: C:/Users/Orion/Documents/GitHub/ece385/lab_7/lab_7.srcs/sim_1/imports/lab_7_1_provided_fa24/hdmi_text_controller_v1_0_tb.sv Line: 280
Error: AXI readback mismatch at address 0000004f. Expected: 0000004f. Actual:0000024f.
Time: 109 us  Iteration: 0  Process: /hdmi_text_controller_tb/Initial258_901  Scope: hdmi_text_controller_tb.TEST_VECTORS.axi_read_assert  File: C:/Users/Orion/Documents/GitHub/ece385/lab_7/lab_7.srcs/sim_1/imports/lab_7_1_provided_fa24/hdmi_text_controller_v1_0_tb.sv Line: 280
Error: AXI readback mismatch at address 00000050. Expected: 00000050. Actual:00000250.
Time: 109160 ns  Iteration: 0  Process: /hdmi_text_controller_tb/Initial258_901  Scope: hdmi_text_controller_tb.TEST_VECTORS.axi_read_assert  File: C:/Users/Orion/Documents/GitHub/ece385/lab_7/lab_7.srcs/sim_1/imports/lab_7_1_provided_fa24/hdmi_text_controller_v1_0_tb.sv Line: 280
Error: AXI readback mismatch at address 00000051. Expected: 00000051. Actual:00000251.
Time: 109320 ns  Iteration: 0  Process: /hdmi_text_controller_tb/Initial258_901  Scope: hdmi_text_controller_tb.TEST_VECTORS.axi_read_assert  File: C:/Users/Orion/Documents/GitHub/ece385/lab_7/lab_7.srcs/sim_1/imports/lab_7_1_provided_fa24/hdmi_text_controller_v1_0_tb.sv Line: 280
Error: AXI readback mismatch at address 00000052. Expected: 00000052. Actual:00000252.
Time: 109480 ns  Iteration: 0  Process: /hdmi_text_controller_tb/Initial258_901  Scope: hdmi_text_controller_tb.TEST_VECTORS.axi_read_assert  File: C:/Users/Orion/Documents/GitHub/ece385/lab_7/lab_7.srcs/sim_1/imports/lab_7_1_provided_fa24/hdmi_text_controller_v1_0_tb.sv Line: 280
Error: AXI readback mismatch at address 00000053. Expected: 00000053. Actual:00000253.
Time: 109640 ns  Iteration: 0  Process: /hdmi_text_controller_tb/Initial258_901  Scope: hdmi_text_controller_tb.TEST_VECTORS.axi_read_assert  File: C:/Users/Orion/Documents/GitHub/ece385/lab_7/lab_7.srcs/sim_1/imports/lab_7_1_provided_fa24/hdmi_text_controller_v1_0_tb.sv Line: 280
Error: AXI readback mismatch at address 00000054. Expected: 00000054. Actual:00000254.
Time: 109800 ns  Iteration: 0  Process: /hdmi_text_controller_tb/Initial258_901  Scope: hdmi_text_controller_tb.TEST_VECTORS.axi_read_assert  File: C:/Users/Orion/Documents/GitHub/ece385/lab_7/lab_7.srcs/sim_1/imports/lab_7_1_provided_fa24/hdmi_text_controller_v1_0_tb.sv Line: 280
Error: AXI readback mismatch at address 00000055. Expected: 00000055. Actual:00000255.
Time: 109960 ns  Iteration: 0  Process: /hdmi_text_controller_tb/Initial258_901  Scope: hdmi_text_controller_tb.TEST_VECTORS.axi_read_assert  File: C:/Users/Orion/Documents/GitHub/ece385/lab_7/lab_7.srcs/sim_1/imports/lab_7_1_provided_fa24/hdmi_text_controller_v1_0_tb.sv Line: 280
Error: AXI readback mismatch at address 00000056. Expected: 00000056. Actual:00000256.
Time: 110120 ns  Iteration: 0  Process: /hdmi_text_controller_tb/Initial258_901  Scope: hdmi_text_controller_tb.TEST_VECTORS.axi_read_assert  File: C:/Users/Orion/Documents/GitHub/ece385/lab_7/lab_7.srcs/sim_1/imports/lab_7_1_provided_fa24/hdmi_text_controller_v1_0_tb.sv Line: 280
Error: AXI readback mismatch at address 00000057. Expected: 00000057. Actual:00000257.
Time: 110280 ns  Iteration: 0  Process: /hdmi_text_controller_tb/Initial258_901  Scope: hdmi_text_controller_tb.TEST_VECTORS.axi_read_assert  File: C:/Users/Orion/Documents/GitHub/ece385/lab_7/lab_7.srcs/sim_1/imports/lab_7_1_provided_fa24/hdmi_text_controller_v1_0_tb.sv Line: 280
Error: AXI readback mismatch at address 00000058. Expected: 00000058. Actual:00000158.
Time: 110440 ns  Iteration: 0  Process: /hdmi_text_controller_tb/Initial258_901  Scope: hdmi_text_controller_tb.TEST_VECTORS.axi_read_assert  File: C:/Users/Orion/Documents/GitHub/ece385/lab_7/lab_7.srcs/sim_1/imports/lab_7_1_provided_fa24/hdmi_text_controller_v1_0_tb.sv Line: 280
Error: AXI readback mismatch at address 00000059. Expected: 00000059. Actual:00000159.
Time: 110600 ns  Iteration: 0  Process: /hdmi_text_controller_tb/Initial258_901  Scope: hdmi_text_controller_tb.TEST_VECTORS.axi_read_assert  File: C:/Users/Orion/Documents/GitHub/ece385/lab_7/lab_7.srcs/sim_1/imports/lab_7_1_provided_fa24/hdmi_text_controller_v1_0_tb.sv Line: 280
Error: AXI readback mismatch at address 0000005a. Expected: 0000005a. Actual:0000015a.
Time: 110760 ns  Iteration: 0  Process: /hdmi_text_controller_tb/Initial258_901  Scope: hdmi_text_controller_tb.TEST_VECTORS.axi_read_assert  File: C:/Users/Orion/Documents/GitHub/ece385/lab_7/lab_7.srcs/sim_1/imports/lab_7_1_provided_fa24/hdmi_text_controller_v1_0_tb.sv Line: 280
Error: AXI readback mismatch at address 0000005b. Expected: 0000005b. Actual:0000015b.
Time: 110920 ns  Iteration: 0  Process: /hdmi_text_controller_tb/Initial258_901  Scope: hdmi_text_controller_tb.TEST_VECTORS.axi_read_assert  File: C:/Users/Orion/Documents/GitHub/ece385/lab_7/lab_7.srcs/sim_1/imports/lab_7_1_provided_fa24/hdmi_text_controller_v1_0_tb.sv Line: 280
Error: AXI readback mismatch at address 0000005c. Expected: 0000005c. Actual:0000015c.
Time: 111080 ns  Iteration: 0  Process: /hdmi_text_controller_tb/Initial258_901  Scope: hdmi_text_controller_tb.TEST_VECTORS.axi_read_assert  File: C:/Users/Orion/Documents/GitHub/ece385/lab_7/lab_7.srcs/sim_1/imports/lab_7_1_provided_fa24/hdmi_text_controller_v1_0_tb.sv Line: 280
Error: AXI readback mismatch at address 0000005d. Expected: 0000005d. Actual:0000015d.
Time: 111240 ns  Iteration: 0  Process: /hdmi_text_controller_tb/Initial258_901  Scope: hdmi_text_controller_tb.TEST_VECTORS.axi_read_assert  File: C:/Users/Orion/Documents/GitHub/ece385/lab_7/lab_7.srcs/sim_1/imports/lab_7_1_provided_fa24/hdmi_text_controller_v1_0_tb.sv Line: 280
Error: AXI readback mismatch at address 0000005e. Expected: 0000005e. Actual:0000015e.
Time: 111400 ns  Iteration: 0  Process: /hdmi_text_controller_tb/Initial258_901  Scope: hdmi_text_controller_tb.TEST_VECTORS.axi_read_assert  File: C:/Users/Orion/Documents/GitHub/ece385/lab_7/lab_7.srcs/sim_1/imports/lab_7_1_provided_fa24/hdmi_text_controller_v1_0_tb.sv Line: 280
Error: AXI readback mismatch at address 0000005f. Expected: 0000005f. Actual:0000015f.
Time: 111560 ns  Iteration: 0  Process: /hdmi_text_controller_tb/Initial258_901  Scope: hdmi_text_controller_tb.TEST_VECTORS.axi_read_assert  File: C:/Users/Orion/Documents/GitHub/ece385/lab_7/lab_7.srcs/sim_1/imports/lab_7_1_provided_fa24/hdmi_text_controller_v1_0_tb.sv Line: 280
Error: AXI readback mismatch at address 00000060. Expected: 00000060. Actual:00000160.
Time: 111720 ns  Iteration: 0  Process: /hdmi_text_controller_tb/Initial258_901  Scope: hdmi_text_controller_tb.TEST_VECTORS.axi_read_assert  File: C:/Users/Orion/Documents/GitHub/ece385/lab_7/lab_7.srcs/sim_1/imports/lab_7_1_provided_fa24/hdmi_text_controller_v1_0_tb.sv Line: 280
Error: AXI readback mismatch at address 00000061. Expected: 00000061. Actual:00000161.
Time: 111880 ns  Iteration: 0  Process: /hdmi_text_controller_tb/Initial258_901  Scope: hdmi_text_controller_tb.TEST_VECTORS.axi_read_assert  File: C:/Users/Orion/Documents/GitHub/ece385/lab_7/lab_7.srcs/sim_1/imports/lab_7_1_provided_fa24/hdmi_text_controller_v1_0_tb.sv Line: 280
Error: AXI readback mismatch at address 00000062. Expected: 00000062. Actual:00000162.
Time: 112040 ns  Iteration: 0  Process: /hdmi_text_controller_tb/Initial258_901  Scope: hdmi_text_controller_tb.TEST_VECTORS.axi_read_assert  File: C:/Users/Orion/Documents/GitHub/ece385/lab_7/lab_7.srcs/sim_1/imports/lab_7_1_provided_fa24/hdmi_text_controller_v1_0_tb.sv Line: 280
Error: AXI readback mismatch at address 00000063. Expected: 00000063. Actual:00000163.
Time: 112200 ns  Iteration: 0  Process: /hdmi_text_controller_tb/Initial258_901  Scope: hdmi_text_controller_tb.TEST_VECTORS.axi_read_assert  File: C:/Users/Orion/Documents/GitHub/ece385/lab_7/lab_7.srcs/sim_1/imports/lab_7_1_provided_fa24/hdmi_text_controller_v1_0_tb.sv Line: 280
Error: AXI readback mismatch at address 00000064. Expected: 00000064. Actual:00000164.
Time: 112360 ns  Iteration: 0  Process: /hdmi_text_controller_tb/Initial258_901  Scope: hdmi_text_controller_tb.TEST_VECTORS.axi_read_assert  File: C:/Users/Orion/Documents/GitHub/ece385/lab_7/lab_7.srcs/sim_1/imports/lab_7_1_provided_fa24/hdmi_text_controller_v1_0_tb.sv Line: 280
Error: AXI readback mismatch at address 00000065. Expected: 00000065. Actual:00000165.
Time: 112520 ns  Iteration: 0  Process: /hdmi_text_controller_tb/Initial258_901  Scope: hdmi_text_controller_tb.TEST_VECTORS.axi_read_assert  File: C:/Users/Orion/Documents/GitHub/ece385/lab_7/lab_7.srcs/sim_1/imports/lab_7_1_provided_fa24/hdmi_text_controller_v1_0_tb.sv Line: 280
Error: AXI readback mismatch at address 00000066. Expected: 00000066. Actual:00000166.
Time: 112680 ns  Iteration: 0  Process: /hdmi_text_controller_tb/Initial258_901  Scope: hdmi_text_controller_tb.TEST_VECTORS.axi_read_assert  File: C:/Users/Orion/Documents/GitHub/ece385/lab_7/lab_7.srcs/sim_1/imports/lab_7_1_provided_fa24/hdmi_text_controller_v1_0_tb.sv Line: 280
Error: AXI readback mismatch at address 00000067. Expected: 00000067. Actual:00000167.
Time: 112840 ns  Iteration: 0  Process: /hdmi_text_controller_tb/Initial258_901  Scope: hdmi_text_controller_tb.TEST_VECTORS.axi_read_assert  File: C:/Users/Orion/Documents/GitHub/ece385/lab_7/lab_7.srcs/sim_1/imports/lab_7_1_provided_fa24/hdmi_text_controller_v1_0_tb.sv Line: 280
Error: AXI readback mismatch at address 00000068. Expected: 00000068. Actual:00000168.
Time: 113 us  Iteration: 0  Process: /hdmi_text_controller_tb/Initial258_901  Scope: hdmi_text_controller_tb.TEST_VECTORS.axi_read_assert  File: C:/Users/Orion/Documents/GitHub/ece385/lab_7/lab_7.srcs/sim_1/imports/lab_7_1_provided_fa24/hdmi_text_controller_v1_0_tb.sv Line: 280
Error: AXI readback mismatch at address 00000069. Expected: 00000069. Actual:00000169.
Time: 113160 ns  Iteration: 0  Process: /hdmi_text_controller_tb/Initial258_901  Scope: hdmi_text_controller_tb.TEST_VECTORS.axi_read_assert  File: C:/Users/Orion/Documents/GitHub/ece385/lab_7/lab_7.srcs/sim_1/imports/lab_7_1_provided_fa24/hdmi_text_controller_v1_0_tb.sv Line: 280
Error: AXI readback mismatch at address 0000006a. Expected: 0000006a. Actual:0000016a.
Time: 113320 ns  Iteration: 0  Process: /hdmi_text_controller_tb/Initial258_901  Scope: hdmi_text_controller_tb.TEST_VECTORS.axi_read_assert  File: C:/Users/Orion/Documents/GitHub/ece385/lab_7/lab_7.srcs/sim_1/imports/lab_7_1_provided_fa24/hdmi_text_controller_v1_0_tb.sv Line: 280
Error: AXI readback mismatch at address 0000006b. Expected: 0000006b. Actual:0000016b.
Time: 113480 ns  Iteration: 0  Process: /hdmi_text_controller_tb/Initial258_901  Scope: hdmi_text_controller_tb.TEST_VECTORS.axi_read_assert  File: C:/Users/Orion/Documents/GitHub/ece385/lab_7/lab_7.srcs/sim_1/imports/lab_7_1_provided_fa24/hdmi_text_controller_v1_0_tb.sv Line: 280
Error: AXI readback mismatch at address 0000006c. Expected: 0000006c. Actual:0000016c.
Time: 113640 ns  Iteration: 0  Process: /hdmi_text_controller_tb/Initial258_901  Scope: hdmi_text_controller_tb.TEST_VECTORS.axi_read_assert  File: C:/Users/Orion/Documents/GitHub/ece385/lab_7/lab_7.srcs/sim_1/imports/lab_7_1_provided_fa24/hdmi_text_controller_v1_0_tb.sv Line: 280
Error: AXI readback mismatch at address 0000006d. Expected: 0000006d. Actual:0000016d.
Time: 113800 ns  Iteration: 0  Process: /hdmi_text_controller_tb/Initial258_901  Scope: hdmi_text_controller_tb.TEST_VECTORS.axi_read_assert  File: C:/Users/Orion/Documents/GitHub/ece385/lab_7/lab_7.srcs/sim_1/imports/lab_7_1_provided_fa24/hdmi_text_controller_v1_0_tb.sv Line: 280
Error: AXI readback mismatch at address 0000006e. Expected: 0000006e. Actual:0000016e.
Time: 113960 ns  Iteration: 0  Process: /hdmi_text_controller_tb/Initial258_901  Scope: hdmi_text_controller_tb.TEST_VECTORS.axi_read_assert  File: C:/Users/Orion/Documents/GitHub/ece385/lab_7/lab_7.srcs/sim_1/imports/lab_7_1_provided_fa24/hdmi_text_controller_v1_0_tb.sv Line: 280
Error: AXI readback mismatch at address 0000006f. Expected: 0000006f. Actual:0000016f.
Time: 114120 ns  Iteration: 0  Process: /hdmi_text_controller_tb/Initial258_901  Scope: hdmi_text_controller_tb.TEST_VECTORS.axi_read_assert  File: C:/Users/Orion/Documents/GitHub/ece385/lab_7/lab_7.srcs/sim_1/imports/lab_7_1_provided_fa24/hdmi_text_controller_v1_0_tb.sv Line: 280
Error: AXI readback mismatch at address 00000070. Expected: 00000070. Actual:00000170.
Time: 114280 ns  Iteration: 0  Process: /hdmi_text_controller_tb/Initial258_901  Scope: hdmi_text_controller_tb.TEST_VECTORS.axi_read_assert  File: C:/Users/Orion/Documents/GitHub/ece385/lab_7/lab_7.srcs/sim_1/imports/lab_7_1_provided_fa24/hdmi_text_controller_v1_0_tb.sv Line: 280
Error: AXI readback mismatch at address 00000071. Expected: 00000071. Actual:00000171.
Time: 114440 ns  Iteration: 0  Process: /hdmi_text_controller_tb/Initial258_901  Scope: hdmi_text_controller_tb.TEST_VECTORS.axi_read_assert  File: C:/Users/Orion/Documents/GitHub/ece385/lab_7/lab_7.srcs/sim_1/imports/lab_7_1_provided_fa24/hdmi_text_controller_v1_0_tb.sv Line: 280
Error: AXI readback mismatch at address 00000072. Expected: 00000072. Actual:00000172.
Time: 114600 ns  Iteration: 0  Process: /hdmi_text_controller_tb/Initial258_901  Scope: hdmi_text_controller_tb.TEST_VECTORS.axi_read_assert  File: C:/Users/Orion/Documents/GitHub/ece385/lab_7/lab_7.srcs/sim_1/imports/lab_7_1_provided_fa24/hdmi_text_controller_v1_0_tb.sv Line: 280
Error: AXI readback mismatch at address 00000073. Expected: 00000073. Actual:00000173.
Time: 114760 ns  Iteration: 0  Process: /hdmi_text_controller_tb/Initial258_901  Scope: hdmi_text_controller_tb.TEST_VECTORS.axi_read_assert  File: C:/Users/Orion/Documents/GitHub/ece385/lab_7/lab_7.srcs/sim_1/imports/lab_7_1_provided_fa24/hdmi_text_controller_v1_0_tb.sv Line: 280
Error: AXI readback mismatch at address 00000074. Expected: 00000074. Actual:00000174.
Time: 114920 ns  Iteration: 0  Process: /hdmi_text_controller_tb/Initial258_901  Scope: hdmi_text_controller_tb.TEST_VECTORS.axi_read_assert  File: C:/Users/Orion/Documents/GitHub/ece385/lab_7/lab_7.srcs/sim_1/imports/lab_7_1_provided_fa24/hdmi_text_controller_v1_0_tb.sv Line: 280
Error: AXI readback mismatch at address 00000075. Expected: 00000075. Actual:00000175.
Time: 115080 ns  Iteration: 0  Process: /hdmi_text_controller_tb/Initial258_901  Scope: hdmi_text_controller_tb.TEST_VECTORS.axi_read_assert  File: C:/Users/Orion/Documents/GitHub/ece385/lab_7/lab_7.srcs/sim_1/imports/lab_7_1_provided_fa24/hdmi_text_controller_v1_0_tb.sv Line: 280
Error: AXI readback mismatch at address 00000076. Expected: 00000076. Actual:00000176.
Time: 115240 ns  Iteration: 0  Process: /hdmi_text_controller_tb/Initial258_901  Scope: hdmi_text_controller_tb.TEST_VECTORS.axi_read_assert  File: C:/Users/Orion/Documents/GitHub/ece385/lab_7/lab_7.srcs/sim_1/imports/lab_7_1_provided_fa24/hdmi_text_controller_v1_0_tb.sv Line: 280
Error: AXI readback mismatch at address 00000077. Expected: 00000077. Actual:00000177.
Time: 115400 ns  Iteration: 0  Process: /hdmi_text_controller_tb/Initial258_901  Scope: hdmi_text_controller_tb.TEST_VECTORS.axi_read_assert  File: C:/Users/Orion/Documents/GitHub/ece385/lab_7/lab_7.srcs/sim_1/imports/lab_7_1_provided_fa24/hdmi_text_controller_v1_0_tb.sv Line: 280
Error: AXI readback mismatch at address 00000078. Expected: 00000078. Actual:00000178.
Time: 115560 ns  Iteration: 0  Process: /hdmi_text_controller_tb/Initial258_901  Scope: hdmi_text_controller_tb.TEST_VECTORS.axi_read_assert  File: C:/Users/Orion/Documents/GitHub/ece385/lab_7/lab_7.srcs/sim_1/imports/lab_7_1_provided_fa24/hdmi_text_controller_v1_0_tb.sv Line: 280
Error: AXI readback mismatch at address 00000079. Expected: 00000079. Actual:00000179.
Time: 115720 ns  Iteration: 0  Process: /hdmi_text_controller_tb/Initial258_901  Scope: hdmi_text_controller_tb.TEST_VECTORS.axi_read_assert  File: C:/Users/Orion/Documents/GitHub/ece385/lab_7/lab_7.srcs/sim_1/imports/lab_7_1_provided_fa24/hdmi_text_controller_v1_0_tb.sv Line: 280
Error: AXI readback mismatch at address 0000007a. Expected: 0000007a. Actual:0000017a.
Time: 115880 ns  Iteration: 0  Process: /hdmi_text_controller_tb/Initial258_901  Scope: hdmi_text_controller_tb.TEST_VECTORS.axi_read_assert  File: C:/Users/Orion/Documents/GitHub/ece385/lab_7/lab_7.srcs/sim_1/imports/lab_7_1_provided_fa24/hdmi_text_controller_v1_0_tb.sv Line: 280
Error: AXI readback mismatch at address 0000007b. Expected: 0000007b. Actual:0000017b.
Time: 116040 ns  Iteration: 0  Process: /hdmi_text_controller_tb/Initial258_901  Scope: hdmi_text_controller_tb.TEST_VECTORS.axi_read_assert  File: C:/Users/Orion/Documents/GitHub/ece385/lab_7/lab_7.srcs/sim_1/imports/lab_7_1_provided_fa24/hdmi_text_controller_v1_0_tb.sv Line: 280
Error: AXI readback mismatch at address 0000007c. Expected: 0000007c. Actual:0000017c.
Time: 116200 ns  Iteration: 0  Process: /hdmi_text_controller_tb/Initial258_901  Scope: hdmi_text_controller_tb.TEST_VECTORS.axi_read_assert  File: C:/Users/Orion/Documents/GitHub/ece385/lab_7/lab_7.srcs/sim_1/imports/lab_7_1_provided_fa24/hdmi_text_controller_v1_0_tb.sv Line: 280
Error: AXI readback mismatch at address 0000007d. Expected: 0000007d. Actual:0000017d.
Time: 116360 ns  Iteration: 0  Process: /hdmi_text_controller_tb/Initial258_901  Scope: hdmi_text_controller_tb.TEST_VECTORS.axi_read_assert  File: C:/Users/Orion/Documents/GitHub/ece385/lab_7/lab_7.srcs/sim_1/imports/lab_7_1_provided_fa24/hdmi_text_controller_v1_0_tb.sv Line: 280
Error: AXI readback mismatch at address 0000007e. Expected: 0000007e. Actual:0000017e.
Time: 116520 ns  Iteration: 0  Process: /hdmi_text_controller_tb/Initial258_901  Scope: hdmi_text_controller_tb.TEST_VECTORS.axi_read_assert  File: C:/Users/Orion/Documents/GitHub/ece385/lab_7/lab_7.srcs/sim_1/imports/lab_7_1_provided_fa24/hdmi_text_controller_v1_0_tb.sv Line: 280
Error: AXI readback mismatch at address 0000007f. Expected: 0000007f. Actual:0000017f.
Time: 116680 ns  Iteration: 0  Process: /hdmi_text_controller_tb/Initial258_901  Scope: hdmi_text_controller_tb.TEST_VECTORS.axi_read_assert  File: C:/Users/Orion/Documents/GitHub/ece385/lab_7/lab_7.srcs/sim_1/imports/lab_7_1_provided_fa24/hdmi_text_controller_v1_0_tb.sv Line: 280
Error: AXI readback mismatch at address 00000080. Expected: 00000080. Actual:00000180.
Time: 116840 ns  Iteration: 0  Process: /hdmi_text_controller_tb/Initial258_901  Scope: hdmi_text_controller_tb.TEST_VECTORS.axi_read_assert  File: C:/Users/Orion/Documents/GitHub/ece385/lab_7/lab_7.srcs/sim_1/imports/lab_7_1_provided_fa24/hdmi_text_controller_v1_0_tb.sv Line: 280
Error: AXI readback mismatch at address 00000081. Expected: 00000081. Actual:00000181.
Time: 117 us  Iteration: 0  Process: /hdmi_text_controller_tb/Initial258_901  Scope: hdmi_text_controller_tb.TEST_VECTORS.axi_read_assert  File: C:/Users/Orion/Documents/GitHub/ece385/lab_7/lab_7.srcs/sim_1/imports/lab_7_1_provided_fa24/hdmi_text_controller_v1_0_tb.sv Line: 280
Error: AXI readback mismatch at address 00000082. Expected: 00000082. Actual:00000182.
Time: 117160 ns  Iteration: 0  Process: /hdmi_text_controller_tb/Initial258_901  Scope: hdmi_text_controller_tb.TEST_VECTORS.axi_read_assert  File: C:/Users/Orion/Documents/GitHub/ece385/lab_7/lab_7.srcs/sim_1/imports/lab_7_1_provided_fa24/hdmi_text_controller_v1_0_tb.sv Line: 280
Error: AXI readback mismatch at address 00000083. Expected: 00000083. Actual:00000183.
Time: 117320 ns  Iteration: 0  Process: /hdmi_text_controller_tb/Initial258_901  Scope: hdmi_text_controller_tb.TEST_VECTORS.axi_read_assert  File: C:/Users/Orion/Documents/GitHub/ece385/lab_7/lab_7.srcs/sim_1/imports/lab_7_1_provided_fa24/hdmi_text_controller_v1_0_tb.sv Line: 280
Error: AXI readback mismatch at address 00000084. Expected: 00000084. Actual:00000184.
Time: 117480 ns  Iteration: 0  Process: /hdmi_text_controller_tb/Initial258_901  Scope: hdmi_text_controller_tb.TEST_VECTORS.axi_read_assert  File: C:/Users/Orion/Documents/GitHub/ece385/lab_7/lab_7.srcs/sim_1/imports/lab_7_1_provided_fa24/hdmi_text_controller_v1_0_tb.sv Line: 280
Error: AXI readback mismatch at address 00000085. Expected: 00000085. Actual:00000185.
Time: 117640 ns  Iteration: 0  Process: /hdmi_text_controller_tb/Initial258_901  Scope: hdmi_text_controller_tb.TEST_VECTORS.axi_read_assert  File: C:/Users/Orion/Documents/GitHub/ece385/lab_7/lab_7.srcs/sim_1/imports/lab_7_1_provided_fa24/hdmi_text_controller_v1_0_tb.sv Line: 280
Error: AXI readback mismatch at address 00000086. Expected: 00000086. Actual:00000186.
Time: 117800 ns  Iteration: 0  Process: /hdmi_text_controller_tb/Initial258_901  Scope: hdmi_text_controller_tb.TEST_VECTORS.axi_read_assert  File: C:/Users/Orion/Documents/GitHub/ece385/lab_7/lab_7.srcs/sim_1/imports/lab_7_1_provided_fa24/hdmi_text_controller_v1_0_tb.sv Line: 280
Error: AXI readback mismatch at address 00000087. Expected: 00000087. Actual:00000187.
Time: 117960 ns  Iteration: 0  Process: /hdmi_text_controller_tb/Initial258_901  Scope: hdmi_text_controller_tb.TEST_VECTORS.axi_read_assert  File: C:/Users/Orion/Documents/GitHub/ece385/lab_7/lab_7.srcs/sim_1/imports/lab_7_1_provided_fa24/hdmi_text_controller_v1_0_tb.sv Line: 280
Error: AXI readback mismatch at address 00000088. Expected: 00000088. Actual:00000188.
Time: 118120 ns  Iteration: 0  Process: /hdmi_text_controller_tb/Initial258_901  Scope: hdmi_text_controller_tb.TEST_VECTORS.axi_read_assert  File: C:/Users/Orion/Documents/GitHub/ece385/lab_7/lab_7.srcs/sim_1/imports/lab_7_1_provided_fa24/hdmi_text_controller_v1_0_tb.sv Line: 280
Error: AXI readback mismatch at address 00000089. Expected: 00000089. Actual:00000189.
Time: 118280 ns  Iteration: 0  Process: /hdmi_text_controller_tb/Initial258_901  Scope: hdmi_text_controller_tb.TEST_VECTORS.axi_read_assert  File: C:/Users/Orion/Documents/GitHub/ece385/lab_7/lab_7.srcs/sim_1/imports/lab_7_1_provided_fa24/hdmi_text_controller_v1_0_tb.sv Line: 280
Error: AXI readback mismatch at address 0000008a. Expected: 0000008a. Actual:0000018a.
Time: 118440 ns  Iteration: 0  Process: /hdmi_text_controller_tb/Initial258_901  Scope: hdmi_text_controller_tb.TEST_VECTORS.axi_read_assert  File: C:/Users/Orion/Documents/GitHub/ece385/lab_7/lab_7.srcs/sim_1/imports/lab_7_1_provided_fa24/hdmi_text_controller_v1_0_tb.sv Line: 280
Error: AXI readback mismatch at address 0000008b. Expected: 0000008b. Actual:0000018b.
Time: 118600 ns  Iteration: 0  Process: /hdmi_text_controller_tb/Initial258_901  Scope: hdmi_text_controller_tb.TEST_VECTORS.axi_read_assert  File: C:/Users/Orion/Documents/GitHub/ece385/lab_7/lab_7.srcs/sim_1/imports/lab_7_1_provided_fa24/hdmi_text_controller_v1_0_tb.sv Line: 280
Error: AXI readback mismatch at address 0000008c. Expected: 0000008c. Actual:0000018c.
Time: 118760 ns  Iteration: 0  Process: /hdmi_text_controller_tb/Initial258_901  Scope: hdmi_text_controller_tb.TEST_VECTORS.axi_read_assert  File: C:/Users/Orion/Documents/GitHub/ece385/lab_7/lab_7.srcs/sim_1/imports/lab_7_1_provided_fa24/hdmi_text_controller_v1_0_tb.sv Line: 280
Error: AXI readback mismatch at address 0000008d. Expected: 0000008d. Actual:0000018d.
Time: 118920 ns  Iteration: 0  Process: /hdmi_text_controller_tb/Initial258_901  Scope: hdmi_text_controller_tb.TEST_VECTORS.axi_read_assert  File: C:/Users/Orion/Documents/GitHub/ece385/lab_7/lab_7.srcs/sim_1/imports/lab_7_1_provided_fa24/hdmi_text_controller_v1_0_tb.sv Line: 280
Error: AXI readback mismatch at address 0000008e. Expected: 0000008e. Actual:0000018e.
Time: 119080 ns  Iteration: 0  Process: /hdmi_text_controller_tb/Initial258_901  Scope: hdmi_text_controller_tb.TEST_VECTORS.axi_read_assert  File: C:/Users/Orion/Documents/GitHub/ece385/lab_7/lab_7.srcs/sim_1/imports/lab_7_1_provided_fa24/hdmi_text_controller_v1_0_tb.sv Line: 280
Error: AXI readback mismatch at address 0000008f. Expected: 0000008f. Actual:0000018f.
Time: 119240 ns  Iteration: 0  Process: /hdmi_text_controller_tb/Initial258_901  Scope: hdmi_text_controller_tb.TEST_VECTORS.axi_read_assert  File: C:/Users/Orion/Documents/GitHub/ece385/lab_7/lab_7.srcs/sim_1/imports/lab_7_1_provided_fa24/hdmi_text_controller_v1_0_tb.sv Line: 280
Error: AXI readback mismatch at address 00000090. Expected: 00000090. Actual:00000190.
Time: 119400 ns  Iteration: 0  Process: /hdmi_text_controller_tb/Initial258_901  Scope: hdmi_text_controller_tb.TEST_VECTORS.axi_read_assert  File: C:/Users/Orion/Documents/GitHub/ece385/lab_7/lab_7.srcs/sim_1/imports/lab_7_1_provided_fa24/hdmi_text_controller_v1_0_tb.sv Line: 280
Error: AXI readback mismatch at address 00000091. Expected: 00000091. Actual:00000191.
Time: 119560 ns  Iteration: 0  Process: /hdmi_text_controller_tb/Initial258_901  Scope: hdmi_text_controller_tb.TEST_VECTORS.axi_read_assert  File: C:/Users/Orion/Documents/GitHub/ece385/lab_7/lab_7.srcs/sim_1/imports/lab_7_1_provided_fa24/hdmi_text_controller_v1_0_tb.sv Line: 280
Error: AXI readback mismatch at address 00000092. Expected: 00000092. Actual:00000192.
Time: 119720 ns  Iteration: 0  Process: /hdmi_text_controller_tb/Initial258_901  Scope: hdmi_text_controller_tb.TEST_VECTORS.axi_read_assert  File: C:/Users/Orion/Documents/GitHub/ece385/lab_7/lab_7.srcs/sim_1/imports/lab_7_1_provided_fa24/hdmi_text_controller_v1_0_tb.sv Line: 280
Error: AXI readback mismatch at address 00000093. Expected: 00000093. Actual:00000193.
Time: 119880 ns  Iteration: 0  Process: /hdmi_text_controller_tb/Initial258_901  Scope: hdmi_text_controller_tb.TEST_VECTORS.axi_read_assert  File: C:/Users/Orion/Documents/GitHub/ece385/lab_7/lab_7.srcs/sim_1/imports/lab_7_1_provided_fa24/hdmi_text_controller_v1_0_tb.sv Line: 280
Error: AXI readback mismatch at address 00000094. Expected: 00000094. Actual:00000194.
Time: 120040 ns  Iteration: 0  Process: /hdmi_text_controller_tb/Initial258_901  Scope: hdmi_text_controller_tb.TEST_VECTORS.axi_read_assert  File: C:/Users/Orion/Documents/GitHub/ece385/lab_7/lab_7.srcs/sim_1/imports/lab_7_1_provided_fa24/hdmi_text_controller_v1_0_tb.sv Line: 280
Error: AXI readback mismatch at address 00000095. Expected: 00000095. Actual:00000195.
Time: 120200 ns  Iteration: 0  Process: /hdmi_text_controller_tb/Initial258_901  Scope: hdmi_text_controller_tb.TEST_VECTORS.axi_read_assert  File: C:/Users/Orion/Documents/GitHub/ece385/lab_7/lab_7.srcs/sim_1/imports/lab_7_1_provided_fa24/hdmi_text_controller_v1_0_tb.sv Line: 280
Error: AXI readback mismatch at address 00000096. Expected: 00000096. Actual:00000196.
Time: 120360 ns  Iteration: 0  Process: /hdmi_text_controller_tb/Initial258_901  Scope: hdmi_text_controller_tb.TEST_VECTORS.axi_read_assert  File: C:/Users/Orion/Documents/GitHub/ece385/lab_7/lab_7.srcs/sim_1/imports/lab_7_1_provided_fa24/hdmi_text_controller_v1_0_tb.sv Line: 280
Error: AXI readback mismatch at address 00000097. Expected: 00000097. Actual:00000197.
Time: 120520 ns  Iteration: 0  Process: /hdmi_text_controller_tb/Initial258_901  Scope: hdmi_text_controller_tb.TEST_VECTORS.axi_read_assert  File: C:/Users/Orion/Documents/GitHub/ece385/lab_7/lab_7.srcs/sim_1/imports/lab_7_1_provided_fa24/hdmi_text_controller_v1_0_tb.sv Line: 280
Error: AXI readback mismatch at address 00000098. Expected: 00000098. Actual:00000198.
Time: 120680 ns  Iteration: 0  Process: /hdmi_text_controller_tb/Initial258_901  Scope: hdmi_text_controller_tb.TEST_VECTORS.axi_read_assert  File: C:/Users/Orion/Documents/GitHub/ece385/lab_7/lab_7.srcs/sim_1/imports/lab_7_1_provided_fa24/hdmi_text_controller_v1_0_tb.sv Line: 280
Error: AXI readback mismatch at address 00000099. Expected: 00000099. Actual:00000199.
Time: 120840 ns  Iteration: 0  Process: /hdmi_text_controller_tb/Initial258_901  Scope: hdmi_text_controller_tb.TEST_VECTORS.axi_read_assert  File: C:/Users/Orion/Documents/GitHub/ece385/lab_7/lab_7.srcs/sim_1/imports/lab_7_1_provided_fa24/hdmi_text_controller_v1_0_tb.sv Line: 280
Error: AXI readback mismatch at address 0000009a. Expected: 0000009a. Actual:0000019a.
Time: 121 us  Iteration: 0  Process: /hdmi_text_controller_tb/Initial258_901  Scope: hdmi_text_controller_tb.TEST_VECTORS.axi_read_assert  File: C:/Users/Orion/Documents/GitHub/ece385/lab_7/lab_7.srcs/sim_1/imports/lab_7_1_provided_fa24/hdmi_text_controller_v1_0_tb.sv Line: 280
Error: AXI readback mismatch at address 0000009b. Expected: 0000009b. Actual:0000019b.
Time: 121160 ns  Iteration: 0  Process: /hdmi_text_controller_tb/Initial258_901  Scope: hdmi_text_controller_tb.TEST_VECTORS.axi_read_assert  File: C:/Users/Orion/Documents/GitHub/ece385/lab_7/lab_7.srcs/sim_1/imports/lab_7_1_provided_fa24/hdmi_text_controller_v1_0_tb.sv Line: 280
Error: AXI readback mismatch at address 0000009c. Expected: 0000009c. Actual:0000019c.
Time: 121320 ns  Iteration: 0  Process: /hdmi_text_controller_tb/Initial258_901  Scope: hdmi_text_controller_tb.TEST_VECTORS.axi_read_assert  File: C:/Users/Orion/Documents/GitHub/ece385/lab_7/lab_7.srcs/sim_1/imports/lab_7_1_provided_fa24/hdmi_text_controller_v1_0_tb.sv Line: 280
Error: AXI readback mismatch at address 0000009d. Expected: 0000009d. Actual:0000019d.
Time: 121480 ns  Iteration: 0  Process: /hdmi_text_controller_tb/Initial258_901  Scope: hdmi_text_controller_tb.TEST_VECTORS.axi_read_assert  File: C:/Users/Orion/Documents/GitHub/ece385/lab_7/lab_7.srcs/sim_1/imports/lab_7_1_provided_fa24/hdmi_text_controller_v1_0_tb.sv Line: 280
Error: AXI readback mismatch at address 0000009e. Expected: 0000009e. Actual:0000019e.
Time: 121640 ns  Iteration: 0  Process: /hdmi_text_controller_tb/Initial258_901  Scope: hdmi_text_controller_tb.TEST_VECTORS.axi_read_assert  File: C:/Users/Orion/Documents/GitHub/ece385/lab_7/lab_7.srcs/sim_1/imports/lab_7_1_provided_fa24/hdmi_text_controller_v1_0_tb.sv Line: 280
Error: AXI readback mismatch at address 0000009f. Expected: 0000009f. Actual:0000019f.
Time: 121800 ns  Iteration: 0  Process: /hdmi_text_controller_tb/Initial258_901  Scope: hdmi_text_controller_tb.TEST_VECTORS.axi_read_assert  File: C:/Users/Orion/Documents/GitHub/ece385/lab_7/lab_7.srcs/sim_1/imports/lab_7_1_provided_fa24/hdmi_text_controller_v1_0_tb.sv Line: 280
Error: AXI readback mismatch at address 000000a0. Expected: 000000a0. Actual:000001a0.
Time: 121960 ns  Iteration: 0  Process: /hdmi_text_controller_tb/Initial258_901  Scope: hdmi_text_controller_tb.TEST_VECTORS.axi_read_assert  File: C:/Users/Orion/Documents/GitHub/ece385/lab_7/lab_7.srcs/sim_1/imports/lab_7_1_provided_fa24/hdmi_text_controller_v1_0_tb.sv Line: 280
Error: AXI readback mismatch at address 000000a1. Expected: 000000a1. Actual:000001a1.
Time: 122120 ns  Iteration: 0  Process: /hdmi_text_controller_tb/Initial258_901  Scope: hdmi_text_controller_tb.TEST_VECTORS.axi_read_assert  File: C:/Users/Orion/Documents/GitHub/ece385/lab_7/lab_7.srcs/sim_1/imports/lab_7_1_provided_fa24/hdmi_text_controller_v1_0_tb.sv Line: 280
Error: AXI readback mismatch at address 000000a2. Expected: 000000a2. Actual:000001a2.
Time: 122280 ns  Iteration: 0  Process: /hdmi_text_controller_tb/Initial258_901  Scope: hdmi_text_controller_tb.TEST_VECTORS.axi_read_assert  File: C:/Users/Orion/Documents/GitHub/ece385/lab_7/lab_7.srcs/sim_1/imports/lab_7_1_provided_fa24/hdmi_text_controller_v1_0_tb.sv Line: 280
Error: AXI readback mismatch at address 000000a3. Expected: 000000a3. Actual:000001a3.
Time: 122440 ns  Iteration: 0  Process: /hdmi_text_controller_tb/Initial258_901  Scope: hdmi_text_controller_tb.TEST_VECTORS.axi_read_assert  File: C:/Users/Orion/Documents/GitHub/ece385/lab_7/lab_7.srcs/sim_1/imports/lab_7_1_provided_fa24/hdmi_text_controller_v1_0_tb.sv Line: 280
Error: AXI readback mismatch at address 000000a4. Expected: 000000a4. Actual:000001a4.
Time: 122600 ns  Iteration: 0  Process: /hdmi_text_controller_tb/Initial258_901  Scope: hdmi_text_controller_tb.TEST_VECTORS.axi_read_assert  File: C:/Users/Orion/Documents/GitHub/ece385/lab_7/lab_7.srcs/sim_1/imports/lab_7_1_provided_fa24/hdmi_text_controller_v1_0_tb.sv Line: 280
Error: AXI readback mismatch at address 000000a5. Expected: 000000a5. Actual:000001a5.
Time: 122760 ns  Iteration: 0  Process: /hdmi_text_controller_tb/Initial258_901  Scope: hdmi_text_controller_tb.TEST_VECTORS.axi_read_assert  File: C:/Users/Orion/Documents/GitHub/ece385/lab_7/lab_7.srcs/sim_1/imports/lab_7_1_provided_fa24/hdmi_text_controller_v1_0_tb.sv Line: 280
Error: AXI readback mismatch at address 000000a6. Expected: 000000a6. Actual:000001a6.
Time: 122920 ns  Iteration: 0  Process: /hdmi_text_controller_tb/Initial258_901  Scope: hdmi_text_controller_tb.TEST_VECTORS.axi_read_assert  File: C:/Users/Orion/Documents/GitHub/ece385/lab_7/lab_7.srcs/sim_1/imports/lab_7_1_provided_fa24/hdmi_text_controller_v1_0_tb.sv Line: 280
Error: AXI readback mismatch at address 000000a7. Expected: 000000a7. Actual:000001a7.
Time: 123080 ns  Iteration: 0  Process: /hdmi_text_controller_tb/Initial258_901  Scope: hdmi_text_controller_tb.TEST_VECTORS.axi_read_assert  File: C:/Users/Orion/Documents/GitHub/ece385/lab_7/lab_7.srcs/sim_1/imports/lab_7_1_provided_fa24/hdmi_text_controller_v1_0_tb.sv Line: 280
Error: AXI readback mismatch at address 000000a8. Expected: 000000a8. Actual:000001a8.
Time: 123240 ns  Iteration: 0  Process: /hdmi_text_controller_tb/Initial258_901  Scope: hdmi_text_controller_tb.TEST_VECTORS.axi_read_assert  File: C:/Users/Orion/Documents/GitHub/ece385/lab_7/lab_7.srcs/sim_1/imports/lab_7_1_provided_fa24/hdmi_text_controller_v1_0_tb.sv Line: 280
Error: AXI readback mismatch at address 000000a9. Expected: 000000a9. Actual:000001a9.
Time: 123400 ns  Iteration: 0  Process: /hdmi_text_controller_tb/Initial258_901  Scope: hdmi_text_controller_tb.TEST_VECTORS.axi_read_assert  File: C:/Users/Orion/Documents/GitHub/ece385/lab_7/lab_7.srcs/sim_1/imports/lab_7_1_provided_fa24/hdmi_text_controller_v1_0_tb.sv Line: 280
Error: AXI readback mismatch at address 000000aa. Expected: 000000aa. Actual:000001aa.
Time: 123560 ns  Iteration: 0  Process: /hdmi_text_controller_tb/Initial258_901  Scope: hdmi_text_controller_tb.TEST_VECTORS.axi_read_assert  File: C:/Users/Orion/Documents/GitHub/ece385/lab_7/lab_7.srcs/sim_1/imports/lab_7_1_provided_fa24/hdmi_text_controller_v1_0_tb.sv Line: 280
Error: AXI readback mismatch at address 000000ab. Expected: 000000ab. Actual:000001ab.
Time: 123720 ns  Iteration: 0  Process: /hdmi_text_controller_tb/Initial258_901  Scope: hdmi_text_controller_tb.TEST_VECTORS.axi_read_assert  File: C:/Users/Orion/Documents/GitHub/ece385/lab_7/lab_7.srcs/sim_1/imports/lab_7_1_provided_fa24/hdmi_text_controller_v1_0_tb.sv Line: 280
Error: AXI readback mismatch at address 000000ac. Expected: 000000ac. Actual:000001ac.
Time: 123880 ns  Iteration: 0  Process: /hdmi_text_controller_tb/Initial258_901  Scope: hdmi_text_controller_tb.TEST_VECTORS.axi_read_assert  File: C:/Users/Orion/Documents/GitHub/ece385/lab_7/lab_7.srcs/sim_1/imports/lab_7_1_provided_fa24/hdmi_text_controller_v1_0_tb.sv Line: 280
Error: AXI readback mismatch at address 000000ad. Expected: 000000ad. Actual:000001ad.
Time: 124040 ns  Iteration: 0  Process: /hdmi_text_controller_tb/Initial258_901  Scope: hdmi_text_controller_tb.TEST_VECTORS.axi_read_assert  File: C:/Users/Orion/Documents/GitHub/ece385/lab_7/lab_7.srcs/sim_1/imports/lab_7_1_provided_fa24/hdmi_text_controller_v1_0_tb.sv Line: 280
Error: AXI readback mismatch at address 000000ae. Expected: 000000ae. Actual:000001ae.
Time: 124200 ns  Iteration: 0  Process: /hdmi_text_controller_tb/Initial258_901  Scope: hdmi_text_controller_tb.TEST_VECTORS.axi_read_assert  File: C:/Users/Orion/Documents/GitHub/ece385/lab_7/lab_7.srcs/sim_1/imports/lab_7_1_provided_fa24/hdmi_text_controller_v1_0_tb.sv Line: 280
Error: AXI readback mismatch at address 000000af. Expected: 000000af. Actual:000001af.
Time: 124360 ns  Iteration: 0  Process: /hdmi_text_controller_tb/Initial258_901  Scope: hdmi_text_controller_tb.TEST_VECTORS.axi_read_assert  File: C:/Users/Orion/Documents/GitHub/ece385/lab_7/lab_7.srcs/sim_1/imports/lab_7_1_provided_fa24/hdmi_text_controller_v1_0_tb.sv Line: 280
Error: AXI readback mismatch at address 000000b0. Expected: 000000b0. Actual:000001b0.
Time: 124520 ns  Iteration: 0  Process: /hdmi_text_controller_tb/Initial258_901  Scope: hdmi_text_controller_tb.TEST_VECTORS.axi_read_assert  File: C:/Users/Orion/Documents/GitHub/ece385/lab_7/lab_7.srcs/sim_1/imports/lab_7_1_provided_fa24/hdmi_text_controller_v1_0_tb.sv Line: 280
Error: AXI readback mismatch at address 000000b1. Expected: 000000b1. Actual:000001b1.
Time: 124680 ns  Iteration: 0  Process: /hdmi_text_controller_tb/Initial258_901  Scope: hdmi_text_controller_tb.TEST_VECTORS.axi_read_assert  File: C:/Users/Orion/Documents/GitHub/ece385/lab_7/lab_7.srcs/sim_1/imports/lab_7_1_provided_fa24/hdmi_text_controller_v1_0_tb.sv Line: 280
Error: AXI readback mismatch at address 000000b2. Expected: 000000b2. Actual:000001b2.
Time: 124840 ns  Iteration: 0  Process: /hdmi_text_controller_tb/Initial258_901  Scope: hdmi_text_controller_tb.TEST_VECTORS.axi_read_assert  File: C:/Users/Orion/Documents/GitHub/ece385/lab_7/lab_7.srcs/sim_1/imports/lab_7_1_provided_fa24/hdmi_text_controller_v1_0_tb.sv Line: 280
Error: AXI readback mismatch at address 000000b3. Expected: 000000b3. Actual:000001b3.
Time: 125 us  Iteration: 0  Process: /hdmi_text_controller_tb/Initial258_901  Scope: hdmi_text_controller_tb.TEST_VECTORS.axi_read_assert  File: C:/Users/Orion/Documents/GitHub/ece385/lab_7/lab_7.srcs/sim_1/imports/lab_7_1_provided_fa24/hdmi_text_controller_v1_0_tb.sv Line: 280
Error: AXI readback mismatch at address 000000b4. Expected: 000000b4. Actual:000001b4.
Time: 125160 ns  Iteration: 0  Process: /hdmi_text_controller_tb/Initial258_901  Scope: hdmi_text_controller_tb.TEST_VECTORS.axi_read_assert  File: C:/Users/Orion/Documents/GitHub/ece385/lab_7/lab_7.srcs/sim_1/imports/lab_7_1_provided_fa24/hdmi_text_controller_v1_0_tb.sv Line: 280
Error: AXI readback mismatch at address 000000b5. Expected: 000000b5. Actual:000001b5.
Time: 125320 ns  Iteration: 0  Process: /hdmi_text_controller_tb/Initial258_901  Scope: hdmi_text_controller_tb.TEST_VECTORS.axi_read_assert  File: C:/Users/Orion/Documents/GitHub/ece385/lab_7/lab_7.srcs/sim_1/imports/lab_7_1_provided_fa24/hdmi_text_controller_v1_0_tb.sv Line: 280
Error: AXI readback mismatch at address 000000b6. Expected: 000000b6. Actual:000001b6.
Time: 125480 ns  Iteration: 0  Process: /hdmi_text_controller_tb/Initial258_901  Scope: hdmi_text_controller_tb.TEST_VECTORS.axi_read_assert  File: C:/Users/Orion/Documents/GitHub/ece385/lab_7/lab_7.srcs/sim_1/imports/lab_7_1_provided_fa24/hdmi_text_controller_v1_0_tb.sv Line: 280
Error: AXI readback mismatch at address 000000b7. Expected: 000000b7. Actual:000001b7.
Time: 125640 ns  Iteration: 0  Process: /hdmi_text_controller_tb/Initial258_901  Scope: hdmi_text_controller_tb.TEST_VECTORS.axi_read_assert  File: C:/Users/Orion/Documents/GitHub/ece385/lab_7/lab_7.srcs/sim_1/imports/lab_7_1_provided_fa24/hdmi_text_controller_v1_0_tb.sv Line: 280
Error: AXI readback mismatch at address 000000b8. Expected: 000000b8. Actual:000001b8.
Time: 125800 ns  Iteration: 0  Process: /hdmi_text_controller_tb/Initial258_901  Scope: hdmi_text_controller_tb.TEST_VECTORS.axi_read_assert  File: C:/Users/Orion/Documents/GitHub/ece385/lab_7/lab_7.srcs/sim_1/imports/lab_7_1_provided_fa24/hdmi_text_controller_v1_0_tb.sv Line: 280
Error: AXI readback mismatch at address 000000b9. Expected: 000000b9. Actual:000001b9.
Time: 125960 ns  Iteration: 0  Process: /hdmi_text_controller_tb/Initial258_901  Scope: hdmi_text_controller_tb.TEST_VECTORS.axi_read_assert  File: C:/Users/Orion/Documents/GitHub/ece385/lab_7/lab_7.srcs/sim_1/imports/lab_7_1_provided_fa24/hdmi_text_controller_v1_0_tb.sv Line: 280
Error: AXI readback mismatch at address 000000ba. Expected: 000000ba. Actual:000001ba.
Time: 126120 ns  Iteration: 0  Process: /hdmi_text_controller_tb/Initial258_901  Scope: hdmi_text_controller_tb.TEST_VECTORS.axi_read_assert  File: C:/Users/Orion/Documents/GitHub/ece385/lab_7/lab_7.srcs/sim_1/imports/lab_7_1_provided_fa24/hdmi_text_controller_v1_0_tb.sv Line: 280
Error: AXI readback mismatch at address 000000bb. Expected: 000000bb. Actual:000001bb.
Time: 126280 ns  Iteration: 0  Process: /hdmi_text_controller_tb/Initial258_901  Scope: hdmi_text_controller_tb.TEST_VECTORS.axi_read_assert  File: C:/Users/Orion/Documents/GitHub/ece385/lab_7/lab_7.srcs/sim_1/imports/lab_7_1_provided_fa24/hdmi_text_controller_v1_0_tb.sv Line: 280
Error: AXI readback mismatch at address 000000bc. Expected: 000000bc. Actual:000001bc.
Time: 126440 ns  Iteration: 0  Process: /hdmi_text_controller_tb/Initial258_901  Scope: hdmi_text_controller_tb.TEST_VECTORS.axi_read_assert  File: C:/Users/Orion/Documents/GitHub/ece385/lab_7/lab_7.srcs/sim_1/imports/lab_7_1_provided_fa24/hdmi_text_controller_v1_0_tb.sv Line: 280
Error: AXI readback mismatch at address 000000bd. Expected: 000000bd. Actual:000001bd.
Time: 126600 ns  Iteration: 0  Process: /hdmi_text_controller_tb/Initial258_901  Scope: hdmi_text_controller_tb.TEST_VECTORS.axi_read_assert  File: C:/Users/Orion/Documents/GitHub/ece385/lab_7/lab_7.srcs/sim_1/imports/lab_7_1_provided_fa24/hdmi_text_controller_v1_0_tb.sv Line: 280
Error: AXI readback mismatch at address 000000be. Expected: 000000be. Actual:000001be.
Time: 126760 ns  Iteration: 0  Process: /hdmi_text_controller_tb/Initial258_901  Scope: hdmi_text_controller_tb.TEST_VECTORS.axi_read_assert  File: C:/Users/Orion/Documents/GitHub/ece385/lab_7/lab_7.srcs/sim_1/imports/lab_7_1_provided_fa24/hdmi_text_controller_v1_0_tb.sv Line: 280
Error: AXI readback mismatch at address 000000bf. Expected: 000000bf. Actual:000001bf.
Time: 126920 ns  Iteration: 0  Process: /hdmi_text_controller_tb/Initial258_901  Scope: hdmi_text_controller_tb.TEST_VECTORS.axi_read_assert  File: C:/Users/Orion/Documents/GitHub/ece385/lab_7/lab_7.srcs/sim_1/imports/lab_7_1_provided_fa24/hdmi_text_controller_v1_0_tb.sv Line: 280
Error: AXI readback mismatch at address 000000c0. Expected: 000000c0. Actual:000001c0.
Time: 127080 ns  Iteration: 0  Process: /hdmi_text_controller_tb/Initial258_901  Scope: hdmi_text_controller_tb.TEST_VECTORS.axi_read_assert  File: C:/Users/Orion/Documents/GitHub/ece385/lab_7/lab_7.srcs/sim_1/imports/lab_7_1_provided_fa24/hdmi_text_controller_v1_0_tb.sv Line: 280
Error: AXI readback mismatch at address 000000c1. Expected: 000000c1. Actual:000001c1.
Time: 127240 ns  Iteration: 0  Process: /hdmi_text_controller_tb/Initial258_901  Scope: hdmi_text_controller_tb.TEST_VECTORS.axi_read_assert  File: C:/Users/Orion/Documents/GitHub/ece385/lab_7/lab_7.srcs/sim_1/imports/lab_7_1_provided_fa24/hdmi_text_controller_v1_0_tb.sv Line: 280
Error: AXI readback mismatch at address 000000c2. Expected: 000000c2. Actual:000001c2.
Time: 127400 ns  Iteration: 0  Process: /hdmi_text_controller_tb/Initial258_901  Scope: hdmi_text_controller_tb.TEST_VECTORS.axi_read_assert  File: C:/Users/Orion/Documents/GitHub/ece385/lab_7/lab_7.srcs/sim_1/imports/lab_7_1_provided_fa24/hdmi_text_controller_v1_0_tb.sv Line: 280
Error: AXI readback mismatch at address 000000c3. Expected: 000000c3. Actual:000001c3.
Time: 127560 ns  Iteration: 0  Process: /hdmi_text_controller_tb/Initial258_901  Scope: hdmi_text_controller_tb.TEST_VECTORS.axi_read_assert  File: C:/Users/Orion/Documents/GitHub/ece385/lab_7/lab_7.srcs/sim_1/imports/lab_7_1_provided_fa24/hdmi_text_controller_v1_0_tb.sv Line: 280
Error: AXI readback mismatch at address 000000c4. Expected: 000000c4. Actual:000001c4.
Time: 127720 ns  Iteration: 0  Process: /hdmi_text_controller_tb/Initial258_901  Scope: hdmi_text_controller_tb.TEST_VECTORS.axi_read_assert  File: C:/Users/Orion/Documents/GitHub/ece385/lab_7/lab_7.srcs/sim_1/imports/lab_7_1_provided_fa24/hdmi_text_controller_v1_0_tb.sv Line: 280
Error: AXI readback mismatch at address 000000c5. Expected: 000000c5. Actual:000001c5.
Time: 127880 ns  Iteration: 0  Process: /hdmi_text_controller_tb/Initial258_901  Scope: hdmi_text_controller_tb.TEST_VECTORS.axi_read_assert  File: C:/Users/Orion/Documents/GitHub/ece385/lab_7/lab_7.srcs/sim_1/imports/lab_7_1_provided_fa24/hdmi_text_controller_v1_0_tb.sv Line: 280
Error: AXI readback mismatch at address 000000c6. Expected: 000000c6. Actual:000001c6.
Time: 128040 ns  Iteration: 0  Process: /hdmi_text_controller_tb/Initial258_901  Scope: hdmi_text_controller_tb.TEST_VECTORS.axi_read_assert  File: C:/Users/Orion/Documents/GitHub/ece385/lab_7/lab_7.srcs/sim_1/imports/lab_7_1_provided_fa24/hdmi_text_controller_v1_0_tb.sv Line: 280
Error: AXI readback mismatch at address 000000c7. Expected: 000000c7. Actual:000001c7.
Time: 128200 ns  Iteration: 0  Process: /hdmi_text_controller_tb/Initial258_901  Scope: hdmi_text_controller_tb.TEST_VECTORS.axi_read_assert  File: C:/Users/Orion/Documents/GitHub/ece385/lab_7/lab_7.srcs/sim_1/imports/lab_7_1_provided_fa24/hdmi_text_controller_v1_0_tb.sv Line: 280
Error: AXI readback mismatch at address 000000c8. Expected: 000000c8. Actual:000001c8.
Time: 128360 ns  Iteration: 0  Process: /hdmi_text_controller_tb/Initial258_901  Scope: hdmi_text_controller_tb.TEST_VECTORS.axi_read_assert  File: C:/Users/Orion/Documents/GitHub/ece385/lab_7/lab_7.srcs/sim_1/imports/lab_7_1_provided_fa24/hdmi_text_controller_v1_0_tb.sv Line: 280
Error: AXI readback mismatch at address 000000c9. Expected: 000000c9. Actual:000001c9.
Time: 128520 ns  Iteration: 0  Process: /hdmi_text_controller_tb/Initial258_901  Scope: hdmi_text_controller_tb.TEST_VECTORS.axi_read_assert  File: C:/Users/Orion/Documents/GitHub/ece385/lab_7/lab_7.srcs/sim_1/imports/lab_7_1_provided_fa24/hdmi_text_controller_v1_0_tb.sv Line: 280
Error: AXI readback mismatch at address 000000ca. Expected: 000000ca. Actual:000001ca.
Time: 128680 ns  Iteration: 0  Process: /hdmi_text_controller_tb/Initial258_901  Scope: hdmi_text_controller_tb.TEST_VECTORS.axi_read_assert  File: C:/Users/Orion/Documents/GitHub/ece385/lab_7/lab_7.srcs/sim_1/imports/lab_7_1_provided_fa24/hdmi_text_controller_v1_0_tb.sv Line: 280
Error: AXI readback mismatch at address 000000cb. Expected: 000000cb. Actual:000001cb.
Time: 128840 ns  Iteration: 0  Process: /hdmi_text_controller_tb/Initial258_901  Scope: hdmi_text_controller_tb.TEST_VECTORS.axi_read_assert  File: C:/Users/Orion/Documents/GitHub/ece385/lab_7/lab_7.srcs/sim_1/imports/lab_7_1_provided_fa24/hdmi_text_controller_v1_0_tb.sv Line: 280
Error: AXI readback mismatch at address 000000cc. Expected: 000000cc. Actual:000001cc.
Time: 129 us  Iteration: 0  Process: /hdmi_text_controller_tb/Initial258_901  Scope: hdmi_text_controller_tb.TEST_VECTORS.axi_read_assert  File: C:/Users/Orion/Documents/GitHub/ece385/lab_7/lab_7.srcs/sim_1/imports/lab_7_1_provided_fa24/hdmi_text_controller_v1_0_tb.sv Line: 280
Error: AXI readback mismatch at address 000000cd. Expected: 000000cd. Actual:000001cd.
Time: 129160 ns  Iteration: 0  Process: /hdmi_text_controller_tb/Initial258_901  Scope: hdmi_text_controller_tb.TEST_VECTORS.axi_read_assert  File: C:/Users/Orion/Documents/GitHub/ece385/lab_7/lab_7.srcs/sim_1/imports/lab_7_1_provided_fa24/hdmi_text_controller_v1_0_tb.sv Line: 280
Error: AXI readback mismatch at address 000000ce. Expected: 000000ce. Actual:000001ce.
Time: 129320 ns  Iteration: 0  Process: /hdmi_text_controller_tb/Initial258_901  Scope: hdmi_text_controller_tb.TEST_VECTORS.axi_read_assert  File: C:/Users/Orion/Documents/GitHub/ece385/lab_7/lab_7.srcs/sim_1/imports/lab_7_1_provided_fa24/hdmi_text_controller_v1_0_tb.sv Line: 280
Error: AXI readback mismatch at address 000000cf. Expected: 000000cf. Actual:000001cf.
Time: 129480 ns  Iteration: 0  Process: /hdmi_text_controller_tb/Initial258_901  Scope: hdmi_text_controller_tb.TEST_VECTORS.axi_read_assert  File: C:/Users/Orion/Documents/GitHub/ece385/lab_7/lab_7.srcs/sim_1/imports/lab_7_1_provided_fa24/hdmi_text_controller_v1_0_tb.sv Line: 280
Error: AXI readback mismatch at address 000000d0. Expected: 000000d0. Actual:000001d0.
Time: 129640 ns  Iteration: 0  Process: /hdmi_text_controller_tb/Initial258_901  Scope: hdmi_text_controller_tb.TEST_VECTORS.axi_read_assert  File: C:/Users/Orion/Documents/GitHub/ece385/lab_7/lab_7.srcs/sim_1/imports/lab_7_1_provided_fa24/hdmi_text_controller_v1_0_tb.sv Line: 280
Error: AXI readback mismatch at address 000000d1. Expected: 000000d1. Actual:000001d1.
Time: 129800 ns  Iteration: 0  Process: /hdmi_text_controller_tb/Initial258_901  Scope: hdmi_text_controller_tb.TEST_VECTORS.axi_read_assert  File: C:/Users/Orion/Documents/GitHub/ece385/lab_7/lab_7.srcs/sim_1/imports/lab_7_1_provided_fa24/hdmi_text_controller_v1_0_tb.sv Line: 280
Error: AXI readback mismatch at address 000000d2. Expected: 000000d2. Actual:000001d2.
Time: 129960 ns  Iteration: 0  Process: /hdmi_text_controller_tb/Initial258_901  Scope: hdmi_text_controller_tb.TEST_VECTORS.axi_read_assert  File: C:/Users/Orion/Documents/GitHub/ece385/lab_7/lab_7.srcs/sim_1/imports/lab_7_1_provided_fa24/hdmi_text_controller_v1_0_tb.sv Line: 280
Error: AXI readback mismatch at address 000000d3. Expected: 000000d3. Actual:000001d3.
Time: 130120 ns  Iteration: 0  Process: /hdmi_text_controller_tb/Initial258_901  Scope: hdmi_text_controller_tb.TEST_VECTORS.axi_read_assert  File: C:/Users/Orion/Documents/GitHub/ece385/lab_7/lab_7.srcs/sim_1/imports/lab_7_1_provided_fa24/hdmi_text_controller_v1_0_tb.sv Line: 280
Error: AXI readback mismatch at address 000000d4. Expected: 000000d4. Actual:000001d4.
Time: 130280 ns  Iteration: 0  Process: /hdmi_text_controller_tb/Initial258_901  Scope: hdmi_text_controller_tb.TEST_VECTORS.axi_read_assert  File: C:/Users/Orion/Documents/GitHub/ece385/lab_7/lab_7.srcs/sim_1/imports/lab_7_1_provided_fa24/hdmi_text_controller_v1_0_tb.sv Line: 280
Error: AXI readback mismatch at address 000000d5. Expected: 000000d5. Actual:000001d5.
Time: 130440 ns  Iteration: 0  Process: /hdmi_text_controller_tb/Initial258_901  Scope: hdmi_text_controller_tb.TEST_VECTORS.axi_read_assert  File: C:/Users/Orion/Documents/GitHub/ece385/lab_7/lab_7.srcs/sim_1/imports/lab_7_1_provided_fa24/hdmi_text_controller_v1_0_tb.sv Line: 280
Error: AXI readback mismatch at address 000000d6. Expected: 000000d6. Actual:000001d6.
Time: 130600 ns  Iteration: 0  Process: /hdmi_text_controller_tb/Initial258_901  Scope: hdmi_text_controller_tb.TEST_VECTORS.axi_read_assert  File: C:/Users/Orion/Documents/GitHub/ece385/lab_7/lab_7.srcs/sim_1/imports/lab_7_1_provided_fa24/hdmi_text_controller_v1_0_tb.sv Line: 280
Error: AXI readback mismatch at address 000000d7. Expected: 000000d7. Actual:000001d7.
Time: 130760 ns  Iteration: 0  Process: /hdmi_text_controller_tb/Initial258_901  Scope: hdmi_text_controller_tb.TEST_VECTORS.axi_read_assert  File: C:/Users/Orion/Documents/GitHub/ece385/lab_7/lab_7.srcs/sim_1/imports/lab_7_1_provided_fa24/hdmi_text_controller_v1_0_tb.sv Line: 280
Error: AXI readback mismatch at address 000000d8. Expected: 000000d8. Actual:000001d8.
Time: 130920 ns  Iteration: 0  Process: /hdmi_text_controller_tb/Initial258_901  Scope: hdmi_text_controller_tb.TEST_VECTORS.axi_read_assert  File: C:/Users/Orion/Documents/GitHub/ece385/lab_7/lab_7.srcs/sim_1/imports/lab_7_1_provided_fa24/hdmi_text_controller_v1_0_tb.sv Line: 280
Error: AXI readback mismatch at address 000000d9. Expected: 000000d9. Actual:000001d9.
Time: 131080 ns  Iteration: 0  Process: /hdmi_text_controller_tb/Initial258_901  Scope: hdmi_text_controller_tb.TEST_VECTORS.axi_read_assert  File: C:/Users/Orion/Documents/GitHub/ece385/lab_7/lab_7.srcs/sim_1/imports/lab_7_1_provided_fa24/hdmi_text_controller_v1_0_tb.sv Line: 280
Error: AXI readback mismatch at address 000000da. Expected: 000000da. Actual:000001da.
Time: 131240 ns  Iteration: 0  Process: /hdmi_text_controller_tb/Initial258_901  Scope: hdmi_text_controller_tb.TEST_VECTORS.axi_read_assert  File: C:/Users/Orion/Documents/GitHub/ece385/lab_7/lab_7.srcs/sim_1/imports/lab_7_1_provided_fa24/hdmi_text_controller_v1_0_tb.sv Line: 280
Error: AXI readback mismatch at address 000000db. Expected: 000000db. Actual:000001db.
Time: 131400 ns  Iteration: 0  Process: /hdmi_text_controller_tb/Initial258_901  Scope: hdmi_text_controller_tb.TEST_VECTORS.axi_read_assert  File: C:/Users/Orion/Documents/GitHub/ece385/lab_7/lab_7.srcs/sim_1/imports/lab_7_1_provided_fa24/hdmi_text_controller_v1_0_tb.sv Line: 280
Error: AXI readback mismatch at address 000000dc. Expected: 000000dc. Actual:000001dc.
Time: 131560 ns  Iteration: 0  Process: /hdmi_text_controller_tb/Initial258_901  Scope: hdmi_text_controller_tb.TEST_VECTORS.axi_read_assert  File: C:/Users/Orion/Documents/GitHub/ece385/lab_7/lab_7.srcs/sim_1/imports/lab_7_1_provided_fa24/hdmi_text_controller_v1_0_tb.sv Line: 280
Error: AXI readback mismatch at address 000000dd. Expected: 000000dd. Actual:000001dd.
Time: 131720 ns  Iteration: 0  Process: /hdmi_text_controller_tb/Initial258_901  Scope: hdmi_text_controller_tb.TEST_VECTORS.axi_read_assert  File: C:/Users/Orion/Documents/GitHub/ece385/lab_7/lab_7.srcs/sim_1/imports/lab_7_1_provided_fa24/hdmi_text_controller_v1_0_tb.sv Line: 280
Error: AXI readback mismatch at address 000000de. Expected: 000000de. Actual:000001de.
Time: 131880 ns  Iteration: 0  Process: /hdmi_text_controller_tb/Initial258_901  Scope: hdmi_text_controller_tb.TEST_VECTORS.axi_read_assert  File: C:/Users/Orion/Documents/GitHub/ece385/lab_7/lab_7.srcs/sim_1/imports/lab_7_1_provided_fa24/hdmi_text_controller_v1_0_tb.sv Line: 280
Error: AXI readback mismatch at address 000000df. Expected: 000000df. Actual:000001df.
Time: 132040 ns  Iteration: 0  Process: /hdmi_text_controller_tb/Initial258_901  Scope: hdmi_text_controller_tb.TEST_VECTORS.axi_read_assert  File: C:/Users/Orion/Documents/GitHub/ece385/lab_7/lab_7.srcs/sim_1/imports/lab_7_1_provided_fa24/hdmi_text_controller_v1_0_tb.sv Line: 280
Error: AXI readback mismatch at address 000000e0. Expected: 000000e0. Actual:000001e0.
Time: 132200 ns  Iteration: 0  Process: /hdmi_text_controller_tb/Initial258_901  Scope: hdmi_text_controller_tb.TEST_VECTORS.axi_read_assert  File: C:/Users/Orion/Documents/GitHub/ece385/lab_7/lab_7.srcs/sim_1/imports/lab_7_1_provided_fa24/hdmi_text_controller_v1_0_tb.sv Line: 280
Error: AXI readback mismatch at address 000000e1. Expected: 000000e1. Actual:000001e1.
Time: 132360 ns  Iteration: 0  Process: /hdmi_text_controller_tb/Initial258_901  Scope: hdmi_text_controller_tb.TEST_VECTORS.axi_read_assert  File: C:/Users/Orion/Documents/GitHub/ece385/lab_7/lab_7.srcs/sim_1/imports/lab_7_1_provided_fa24/hdmi_text_controller_v1_0_tb.sv Line: 280
Error: AXI readback mismatch at address 000000e2. Expected: 000000e2. Actual:000001e2.
Time: 132520 ns  Iteration: 0  Process: /hdmi_text_controller_tb/Initial258_901  Scope: hdmi_text_controller_tb.TEST_VECTORS.axi_read_assert  File: C:/Users/Orion/Documents/GitHub/ece385/lab_7/lab_7.srcs/sim_1/imports/lab_7_1_provided_fa24/hdmi_text_controller_v1_0_tb.sv Line: 280
Error: AXI readback mismatch at address 000000e3. Expected: 000000e3. Actual:000001e3.
Time: 132680 ns  Iteration: 0  Process: /hdmi_text_controller_tb/Initial258_901  Scope: hdmi_text_controller_tb.TEST_VECTORS.axi_read_assert  File: C:/Users/Orion/Documents/GitHub/ece385/lab_7/lab_7.srcs/sim_1/imports/lab_7_1_provided_fa24/hdmi_text_controller_v1_0_tb.sv Line: 280
Error: AXI readback mismatch at address 000000e4. Expected: 000000e4. Actual:000001e4.
Time: 132840 ns  Iteration: 0  Process: /hdmi_text_controller_tb/Initial258_901  Scope: hdmi_text_controller_tb.TEST_VECTORS.axi_read_assert  File: C:/Users/Orion/Documents/GitHub/ece385/lab_7/lab_7.srcs/sim_1/imports/lab_7_1_provided_fa24/hdmi_text_controller_v1_0_tb.sv Line: 280
Error: AXI readback mismatch at address 000000e5. Expected: 000000e5. Actual:000001e5.
Time: 133 us  Iteration: 0  Process: /hdmi_text_controller_tb/Initial258_901  Scope: hdmi_text_controller_tb.TEST_VECTORS.axi_read_assert  File: C:/Users/Orion/Documents/GitHub/ece385/lab_7/lab_7.srcs/sim_1/imports/lab_7_1_provided_fa24/hdmi_text_controller_v1_0_tb.sv Line: 280
Error: AXI readback mismatch at address 000000e6. Expected: 000000e6. Actual:000001e6.
Time: 133160 ns  Iteration: 0  Process: /hdmi_text_controller_tb/Initial258_901  Scope: hdmi_text_controller_tb.TEST_VECTORS.axi_read_assert  File: C:/Users/Orion/Documents/GitHub/ece385/lab_7/lab_7.srcs/sim_1/imports/lab_7_1_provided_fa24/hdmi_text_controller_v1_0_tb.sv Line: 280
Error: AXI readback mismatch at address 000000e7. Expected: 000000e7. Actual:000001e7.
Time: 133320 ns  Iteration: 0  Process: /hdmi_text_controller_tb/Initial258_901  Scope: hdmi_text_controller_tb.TEST_VECTORS.axi_read_assert  File: C:/Users/Orion/Documents/GitHub/ece385/lab_7/lab_7.srcs/sim_1/imports/lab_7_1_provided_fa24/hdmi_text_controller_v1_0_tb.sv Line: 280
Error: AXI readback mismatch at address 000000e8. Expected: 000000e8. Actual:000001e8.
Time: 133480 ns  Iteration: 0  Process: /hdmi_text_controller_tb/Initial258_901  Scope: hdmi_text_controller_tb.TEST_VECTORS.axi_read_assert  File: C:/Users/Orion/Documents/GitHub/ece385/lab_7/lab_7.srcs/sim_1/imports/lab_7_1_provided_fa24/hdmi_text_controller_v1_0_tb.sv Line: 280
Error: AXI readback mismatch at address 000000e9. Expected: 000000e9. Actual:000001e9.
Time: 133640 ns  Iteration: 0  Process: /hdmi_text_controller_tb/Initial258_901  Scope: hdmi_text_controller_tb.TEST_VECTORS.axi_read_assert  File: C:/Users/Orion/Documents/GitHub/ece385/lab_7/lab_7.srcs/sim_1/imports/lab_7_1_provided_fa24/hdmi_text_controller_v1_0_tb.sv Line: 280
Error: AXI readback mismatch at address 000000ea. Expected: 000000ea. Actual:000001ea.
Time: 133800 ns  Iteration: 0  Process: /hdmi_text_controller_tb/Initial258_901  Scope: hdmi_text_controller_tb.TEST_VECTORS.axi_read_assert  File: C:/Users/Orion/Documents/GitHub/ece385/lab_7/lab_7.srcs/sim_1/imports/lab_7_1_provided_fa24/hdmi_text_controller_v1_0_tb.sv Line: 280
Error: AXI readback mismatch at address 000000eb. Expected: 000000eb. Actual:000001eb.
Time: 133960 ns  Iteration: 0  Process: /hdmi_text_controller_tb/Initial258_901  Scope: hdmi_text_controller_tb.TEST_VECTORS.axi_read_assert  File: C:/Users/Orion/Documents/GitHub/ece385/lab_7/lab_7.srcs/sim_1/imports/lab_7_1_provided_fa24/hdmi_text_controller_v1_0_tb.sv Line: 280
Error: AXI readback mismatch at address 000000ec. Expected: 000000ec. Actual:000001ec.
Time: 134120 ns  Iteration: 0  Process: /hdmi_text_controller_tb/Initial258_901  Scope: hdmi_text_controller_tb.TEST_VECTORS.axi_read_assert  File: C:/Users/Orion/Documents/GitHub/ece385/lab_7/lab_7.srcs/sim_1/imports/lab_7_1_provided_fa24/hdmi_text_controller_v1_0_tb.sv Line: 280
Error: AXI readback mismatch at address 000000ed. Expected: 000000ed. Actual:000001ed.
Time: 134280 ns  Iteration: 0  Process: /hdmi_text_controller_tb/Initial258_901  Scope: hdmi_text_controller_tb.TEST_VECTORS.axi_read_assert  File: C:/Users/Orion/Documents/GitHub/ece385/lab_7/lab_7.srcs/sim_1/imports/lab_7_1_provided_fa24/hdmi_text_controller_v1_0_tb.sv Line: 280
Error: AXI readback mismatch at address 000000ee. Expected: 000000ee. Actual:000001ee.
Time: 134440 ns  Iteration: 0  Process: /hdmi_text_controller_tb/Initial258_901  Scope: hdmi_text_controller_tb.TEST_VECTORS.axi_read_assert  File: C:/Users/Orion/Documents/GitHub/ece385/lab_7/lab_7.srcs/sim_1/imports/lab_7_1_provided_fa24/hdmi_text_controller_v1_0_tb.sv Line: 280
Error: AXI readback mismatch at address 000000ef. Expected: 000000ef. Actual:000001ef.
Time: 134600 ns  Iteration: 0  Process: /hdmi_text_controller_tb/Initial258_901  Scope: hdmi_text_controller_tb.TEST_VECTORS.axi_read_assert  File: C:/Users/Orion/Documents/GitHub/ece385/lab_7/lab_7.srcs/sim_1/imports/lab_7_1_provided_fa24/hdmi_text_controller_v1_0_tb.sv Line: 280
Error: AXI readback mismatch at address 000000f0. Expected: 000000f0. Actual:000001f0.
Time: 134760 ns  Iteration: 0  Process: /hdmi_text_controller_tb/Initial258_901  Scope: hdmi_text_controller_tb.TEST_VECTORS.axi_read_assert  File: C:/Users/Orion/Documents/GitHub/ece385/lab_7/lab_7.srcs/sim_1/imports/lab_7_1_provided_fa24/hdmi_text_controller_v1_0_tb.sv Line: 280
Error: AXI readback mismatch at address 000000f1. Expected: 000000f1. Actual:000001f1.
Time: 134920 ns  Iteration: 0  Process: /hdmi_text_controller_tb/Initial258_901  Scope: hdmi_text_controller_tb.TEST_VECTORS.axi_read_assert  File: C:/Users/Orion/Documents/GitHub/ece385/lab_7/lab_7.srcs/sim_1/imports/lab_7_1_provided_fa24/hdmi_text_controller_v1_0_tb.sv Line: 280
Error: AXI readback mismatch at address 000000f2. Expected: 000000f2. Actual:000001f2.
Time: 135080 ns  Iteration: 0  Process: /hdmi_text_controller_tb/Initial258_901  Scope: hdmi_text_controller_tb.TEST_VECTORS.axi_read_assert  File: C:/Users/Orion/Documents/GitHub/ece385/lab_7/lab_7.srcs/sim_1/imports/lab_7_1_provided_fa24/hdmi_text_controller_v1_0_tb.sv Line: 280
Error: AXI readback mismatch at address 000000f3. Expected: 000000f3. Actual:000001f3.
Time: 135240 ns  Iteration: 0  Process: /hdmi_text_controller_tb/Initial258_901  Scope: hdmi_text_controller_tb.TEST_VECTORS.axi_read_assert  File: C:/Users/Orion/Documents/GitHub/ece385/lab_7/lab_7.srcs/sim_1/imports/lab_7_1_provided_fa24/hdmi_text_controller_v1_0_tb.sv Line: 280
Error: AXI readback mismatch at address 000000f4. Expected: 000000f4. Actual:000001f4.
Time: 135400 ns  Iteration: 0  Process: /hdmi_text_controller_tb/Initial258_901  Scope: hdmi_text_controller_tb.TEST_VECTORS.axi_read_assert  File: C:/Users/Orion/Documents/GitHub/ece385/lab_7/lab_7.srcs/sim_1/imports/lab_7_1_provided_fa24/hdmi_text_controller_v1_0_tb.sv Line: 280
Error: AXI readback mismatch at address 000000f5. Expected: 000000f5. Actual:000001f5.
Time: 135560 ns  Iteration: 0  Process: /hdmi_text_controller_tb/Initial258_901  Scope: hdmi_text_controller_tb.TEST_VECTORS.axi_read_assert  File: C:/Users/Orion/Documents/GitHub/ece385/lab_7/lab_7.srcs/sim_1/imports/lab_7_1_provided_fa24/hdmi_text_controller_v1_0_tb.sv Line: 280
Error: AXI readback mismatch at address 000000f6. Expected: 000000f6. Actual:000001f6.
Time: 135720 ns  Iteration: 0  Process: /hdmi_text_controller_tb/Initial258_901  Scope: hdmi_text_controller_tb.TEST_VECTORS.axi_read_assert  File: C:/Users/Orion/Documents/GitHub/ece385/lab_7/lab_7.srcs/sim_1/imports/lab_7_1_provided_fa24/hdmi_text_controller_v1_0_tb.sv Line: 280
Error: AXI readback mismatch at address 000000f7. Expected: 000000f7. Actual:000001f7.
Time: 135880 ns  Iteration: 0  Process: /hdmi_text_controller_tb/Initial258_901  Scope: hdmi_text_controller_tb.TEST_VECTORS.axi_read_assert  File: C:/Users/Orion/Documents/GitHub/ece385/lab_7/lab_7.srcs/sim_1/imports/lab_7_1_provided_fa24/hdmi_text_controller_v1_0_tb.sv Line: 280
Error: AXI readback mismatch at address 000000f8. Expected: 000000f8. Actual:000001f8.
Time: 136040 ns  Iteration: 0  Process: /hdmi_text_controller_tb/Initial258_901  Scope: hdmi_text_controller_tb.TEST_VECTORS.axi_read_assert  File: C:/Users/Orion/Documents/GitHub/ece385/lab_7/lab_7.srcs/sim_1/imports/lab_7_1_provided_fa24/hdmi_text_controller_v1_0_tb.sv Line: 280
Error: AXI readback mismatch at address 000000f9. Expected: 000000f9. Actual:000001f9.
Time: 136200 ns  Iteration: 0  Process: /hdmi_text_controller_tb/Initial258_901  Scope: hdmi_text_controller_tb.TEST_VECTORS.axi_read_assert  File: C:/Users/Orion/Documents/GitHub/ece385/lab_7/lab_7.srcs/sim_1/imports/lab_7_1_provided_fa24/hdmi_text_controller_v1_0_tb.sv Line: 280
Error: AXI readback mismatch at address 000000fa. Expected: 000000fa. Actual:000001fa.
Time: 136360 ns  Iteration: 0  Process: /hdmi_text_controller_tb/Initial258_901  Scope: hdmi_text_controller_tb.TEST_VECTORS.axi_read_assert  File: C:/Users/Orion/Documents/GitHub/ece385/lab_7/lab_7.srcs/sim_1/imports/lab_7_1_provided_fa24/hdmi_text_controller_v1_0_tb.sv Line: 280
Error: AXI readback mismatch at address 000000fb. Expected: 000000fb. Actual:000001fb.
Time: 136520 ns  Iteration: 0  Process: /hdmi_text_controller_tb/Initial258_901  Scope: hdmi_text_controller_tb.TEST_VECTORS.axi_read_assert  File: C:/Users/Orion/Documents/GitHub/ece385/lab_7/lab_7.srcs/sim_1/imports/lab_7_1_provided_fa24/hdmi_text_controller_v1_0_tb.sv Line: 280
Error: AXI readback mismatch at address 000000fc. Expected: 000000fc. Actual:000001fc.
Time: 136680 ns  Iteration: 0  Process: /hdmi_text_controller_tb/Initial258_901  Scope: hdmi_text_controller_tb.TEST_VECTORS.axi_read_assert  File: C:/Users/Orion/Documents/GitHub/ece385/lab_7/lab_7.srcs/sim_1/imports/lab_7_1_provided_fa24/hdmi_text_controller_v1_0_tb.sv Line: 280
Error: AXI readback mismatch at address 000000fd. Expected: 000000fd. Actual:000001fd.
Time: 136840 ns  Iteration: 0  Process: /hdmi_text_controller_tb/Initial258_901  Scope: hdmi_text_controller_tb.TEST_VECTORS.axi_read_assert  File: C:/Users/Orion/Documents/GitHub/ece385/lab_7/lab_7.srcs/sim_1/imports/lab_7_1_provided_fa24/hdmi_text_controller_v1_0_tb.sv Line: 280
Error: AXI readback mismatch at address 000000fe. Expected: 000000fe. Actual:000001fe.
Time: 137 us  Iteration: 0  Process: /hdmi_text_controller_tb/Initial258_901  Scope: hdmi_text_controller_tb.TEST_VECTORS.axi_read_assert  File: C:/Users/Orion/Documents/GitHub/ece385/lab_7/lab_7.srcs/sim_1/imports/lab_7_1_provided_fa24/hdmi_text_controller_v1_0_tb.sv Line: 280
Error: AXI readback mismatch at address 000000ff. Expected: 000000ff. Actual:000001ff.
Time: 137160 ns  Iteration: 0  Process: /hdmi_text_controller_tb/Initial258_901  Scope: hdmi_text_controller_tb.TEST_VECTORS.axi_read_assert  File: C:/Users/Orion/Documents/GitHub/ece385/lab_7/lab_7.srcs/sim_1/imports/lab_7_1_provided_fa24/hdmi_text_controller_v1_0_tb.sv Line: 280
Error: AXI readback mismatch at address 00000100. Expected: 00000100. Actual:00000200.
Time: 137320 ns  Iteration: 0  Process: /hdmi_text_controller_tb/Initial258_901  Scope: hdmi_text_controller_tb.TEST_VECTORS.axi_read_assert  File: C:/Users/Orion/Documents/GitHub/ece385/lab_7/lab_7.srcs/sim_1/imports/lab_7_1_provided_fa24/hdmi_text_controller_v1_0_tb.sv Line: 280
Error: AXI readback mismatch at address 00000101. Expected: 00000101. Actual:00000201.
Time: 137480 ns  Iteration: 0  Process: /hdmi_text_controller_tb/Initial258_901  Scope: hdmi_text_controller_tb.TEST_VECTORS.axi_read_assert  File: C:/Users/Orion/Documents/GitHub/ece385/lab_7/lab_7.srcs/sim_1/imports/lab_7_1_provided_fa24/hdmi_text_controller_v1_0_tb.sv Line: 280
Error: AXI readback mismatch at address 00000102. Expected: 00000102. Actual:00000202.
Time: 137640 ns  Iteration: 0  Process: /hdmi_text_controller_tb/Initial258_901  Scope: hdmi_text_controller_tb.TEST_VECTORS.axi_read_assert  File: C:/Users/Orion/Documents/GitHub/ece385/lab_7/lab_7.srcs/sim_1/imports/lab_7_1_provided_fa24/hdmi_text_controller_v1_0_tb.sv Line: 280
Error: AXI readback mismatch at address 00000103. Expected: 00000103. Actual:00000203.
Time: 137800 ns  Iteration: 0  Process: /hdmi_text_controller_tb/Initial258_901  Scope: hdmi_text_controller_tb.TEST_VECTORS.axi_read_assert  File: C:/Users/Orion/Documents/GitHub/ece385/lab_7/lab_7.srcs/sim_1/imports/lab_7_1_provided_fa24/hdmi_text_controller_v1_0_tb.sv Line: 280
Error: AXI readback mismatch at address 00000104. Expected: 00000104. Actual:00000204.
Time: 137960 ns  Iteration: 0  Process: /hdmi_text_controller_tb/Initial258_901  Scope: hdmi_text_controller_tb.TEST_VECTORS.axi_read_assert  File: C:/Users/Orion/Documents/GitHub/ece385/lab_7/lab_7.srcs/sim_1/imports/lab_7_1_provided_fa24/hdmi_text_controller_v1_0_tb.sv Line: 280
Error: AXI readback mismatch at address 00000105. Expected: 00000105. Actual:00000205.
Time: 138120 ns  Iteration: 0  Process: /hdmi_text_controller_tb/Initial258_901  Scope: hdmi_text_controller_tb.TEST_VECTORS.axi_read_assert  File: C:/Users/Orion/Documents/GitHub/ece385/lab_7/lab_7.srcs/sim_1/imports/lab_7_1_provided_fa24/hdmi_text_controller_v1_0_tb.sv Line: 280
Error: AXI readback mismatch at address 00000106. Expected: 00000106. Actual:00000206.
Time: 138280 ns  Iteration: 0  Process: /hdmi_text_controller_tb/Initial258_901  Scope: hdmi_text_controller_tb.TEST_VECTORS.axi_read_assert  File: C:/Users/Orion/Documents/GitHub/ece385/lab_7/lab_7.srcs/sim_1/imports/lab_7_1_provided_fa24/hdmi_text_controller_v1_0_tb.sv Line: 280
Error: AXI readback mismatch at address 00000107. Expected: 00000107. Actual:00000207.
Time: 138440 ns  Iteration: 0  Process: /hdmi_text_controller_tb/Initial258_901  Scope: hdmi_text_controller_tb.TEST_VECTORS.axi_read_assert  File: C:/Users/Orion/Documents/GitHub/ece385/lab_7/lab_7.srcs/sim_1/imports/lab_7_1_provided_fa24/hdmi_text_controller_v1_0_tb.sv Line: 280
Error: AXI readback mismatch at address 00000108. Expected: 00000108. Actual:00000208.
Time: 138600 ns  Iteration: 0  Process: /hdmi_text_controller_tb/Initial258_901  Scope: hdmi_text_controller_tb.TEST_VECTORS.axi_read_assert  File: C:/Users/Orion/Documents/GitHub/ece385/lab_7/lab_7.srcs/sim_1/imports/lab_7_1_provided_fa24/hdmi_text_controller_v1_0_tb.sv Line: 280
Error: AXI readback mismatch at address 00000109. Expected: 00000109. Actual:00000209.
Time: 138760 ns  Iteration: 0  Process: /hdmi_text_controller_tb/Initial258_901  Scope: hdmi_text_controller_tb.TEST_VECTORS.axi_read_assert  File: C:/Users/Orion/Documents/GitHub/ece385/lab_7/lab_7.srcs/sim_1/imports/lab_7_1_provided_fa24/hdmi_text_controller_v1_0_tb.sv Line: 280
Error: AXI readback mismatch at address 0000010a. Expected: 0000010a. Actual:0000020a.
Time: 138920 ns  Iteration: 0  Process: /hdmi_text_controller_tb/Initial258_901  Scope: hdmi_text_controller_tb.TEST_VECTORS.axi_read_assert  File: C:/Users/Orion/Documents/GitHub/ece385/lab_7/lab_7.srcs/sim_1/imports/lab_7_1_provided_fa24/hdmi_text_controller_v1_0_tb.sv Line: 280
Error: AXI readback mismatch at address 0000010b. Expected: 0000010b. Actual:0000020b.
Time: 139080 ns  Iteration: 0  Process: /hdmi_text_controller_tb/Initial258_901  Scope: hdmi_text_controller_tb.TEST_VECTORS.axi_read_assert  File: C:/Users/Orion/Documents/GitHub/ece385/lab_7/lab_7.srcs/sim_1/imports/lab_7_1_provided_fa24/hdmi_text_controller_v1_0_tb.sv Line: 280
Error: AXI readback mismatch at address 0000010c. Expected: 0000010c. Actual:0000020c.
Time: 139240 ns  Iteration: 0  Process: /hdmi_text_controller_tb/Initial258_901  Scope: hdmi_text_controller_tb.TEST_VECTORS.axi_read_assert  File: C:/Users/Orion/Documents/GitHub/ece385/lab_7/lab_7.srcs/sim_1/imports/lab_7_1_provided_fa24/hdmi_text_controller_v1_0_tb.sv Line: 280
Error: AXI readback mismatch at address 0000010d. Expected: 0000010d. Actual:0000020d.
Time: 139400 ns  Iteration: 0  Process: /hdmi_text_controller_tb/Initial258_901  Scope: hdmi_text_controller_tb.TEST_VECTORS.axi_read_assert  File: C:/Users/Orion/Documents/GitHub/ece385/lab_7/lab_7.srcs/sim_1/imports/lab_7_1_provided_fa24/hdmi_text_controller_v1_0_tb.sv Line: 280
Error: AXI readback mismatch at address 0000010e. Expected: 0000010e. Actual:0000020e.
Time: 139560 ns  Iteration: 0  Process: /hdmi_text_controller_tb/Initial258_901  Scope: hdmi_text_controller_tb.TEST_VECTORS.axi_read_assert  File: C:/Users/Orion/Documents/GitHub/ece385/lab_7/lab_7.srcs/sim_1/imports/lab_7_1_provided_fa24/hdmi_text_controller_v1_0_tb.sv Line: 280
Error: AXI readback mismatch at address 0000010f. Expected: 0000010f. Actual:0000020f.
Time: 139720 ns  Iteration: 0  Process: /hdmi_text_controller_tb/Initial258_901  Scope: hdmi_text_controller_tb.TEST_VECTORS.axi_read_assert  File: C:/Users/Orion/Documents/GitHub/ece385/lab_7/lab_7.srcs/sim_1/imports/lab_7_1_provided_fa24/hdmi_text_controller_v1_0_tb.sv Line: 280
Error: AXI readback mismatch at address 00000110. Expected: 00000110. Actual:00000210.
Time: 139880 ns  Iteration: 0  Process: /hdmi_text_controller_tb/Initial258_901  Scope: hdmi_text_controller_tb.TEST_VECTORS.axi_read_assert  File: C:/Users/Orion/Documents/GitHub/ece385/lab_7/lab_7.srcs/sim_1/imports/lab_7_1_provided_fa24/hdmi_text_controller_v1_0_tb.sv Line: 280
Error: AXI readback mismatch at address 00000111. Expected: 00000111. Actual:00000211.
Time: 140040 ns  Iteration: 0  Process: /hdmi_text_controller_tb/Initial258_901  Scope: hdmi_text_controller_tb.TEST_VECTORS.axi_read_assert  File: C:/Users/Orion/Documents/GitHub/ece385/lab_7/lab_7.srcs/sim_1/imports/lab_7_1_provided_fa24/hdmi_text_controller_v1_0_tb.sv Line: 280
Error: AXI readback mismatch at address 00000112. Expected: 00000112. Actual:00000212.
Time: 140200 ns  Iteration: 0  Process: /hdmi_text_controller_tb/Initial258_901  Scope: hdmi_text_controller_tb.TEST_VECTORS.axi_read_assert  File: C:/Users/Orion/Documents/GitHub/ece385/lab_7/lab_7.srcs/sim_1/imports/lab_7_1_provided_fa24/hdmi_text_controller_v1_0_tb.sv Line: 280
Error: AXI readback mismatch at address 00000113. Expected: 00000113. Actual:00000213.
Time: 140360 ns  Iteration: 0  Process: /hdmi_text_controller_tb/Initial258_901  Scope: hdmi_text_controller_tb.TEST_VECTORS.axi_read_assert  File: C:/Users/Orion/Documents/GitHub/ece385/lab_7/lab_7.srcs/sim_1/imports/lab_7_1_provided_fa24/hdmi_text_controller_v1_0_tb.sv Line: 280
Error: AXI readback mismatch at address 00000114. Expected: 00000114. Actual:00000214.
Time: 140520 ns  Iteration: 0  Process: /hdmi_text_controller_tb/Initial258_901  Scope: hdmi_text_controller_tb.TEST_VECTORS.axi_read_assert  File: C:/Users/Orion/Documents/GitHub/ece385/lab_7/lab_7.srcs/sim_1/imports/lab_7_1_provided_fa24/hdmi_text_controller_v1_0_tb.sv Line: 280
Error: AXI readback mismatch at address 00000115. Expected: 00000115. Actual:00000215.
Time: 140680 ns  Iteration: 0  Process: /hdmi_text_controller_tb/Initial258_901  Scope: hdmi_text_controller_tb.TEST_VECTORS.axi_read_assert  File: C:/Users/Orion/Documents/GitHub/ece385/lab_7/lab_7.srcs/sim_1/imports/lab_7_1_provided_fa24/hdmi_text_controller_v1_0_tb.sv Line: 280
Error: AXI readback mismatch at address 00000116. Expected: 00000116. Actual:00000216.
Time: 140840 ns  Iteration: 0  Process: /hdmi_text_controller_tb/Initial258_901  Scope: hdmi_text_controller_tb.TEST_VECTORS.axi_read_assert  File: C:/Users/Orion/Documents/GitHub/ece385/lab_7/lab_7.srcs/sim_1/imports/lab_7_1_provided_fa24/hdmi_text_controller_v1_0_tb.sv Line: 280
Error: AXI readback mismatch at address 00000117. Expected: 00000117. Actual:00000217.
Time: 141 us  Iteration: 0  Process: /hdmi_text_controller_tb/Initial258_901  Scope: hdmi_text_controller_tb.TEST_VECTORS.axi_read_assert  File: C:/Users/Orion/Documents/GitHub/ece385/lab_7/lab_7.srcs/sim_1/imports/lab_7_1_provided_fa24/hdmi_text_controller_v1_0_tb.sv Line: 280
Error: AXI readback mismatch at address 00000118. Expected: 00000118. Actual:00000218.
Time: 141160 ns  Iteration: 0  Process: /hdmi_text_controller_tb/Initial258_901  Scope: hdmi_text_controller_tb.TEST_VECTORS.axi_read_assert  File: C:/Users/Orion/Documents/GitHub/ece385/lab_7/lab_7.srcs/sim_1/imports/lab_7_1_provided_fa24/hdmi_text_controller_v1_0_tb.sv Line: 280
Error: AXI readback mismatch at address 00000119. Expected: 00000119. Actual:00000219.
Time: 141320 ns  Iteration: 0  Process: /hdmi_text_controller_tb/Initial258_901  Scope: hdmi_text_controller_tb.TEST_VECTORS.axi_read_assert  File: C:/Users/Orion/Documents/GitHub/ece385/lab_7/lab_7.srcs/sim_1/imports/lab_7_1_provided_fa24/hdmi_text_controller_v1_0_tb.sv Line: 280
Error: AXI readback mismatch at address 0000011a. Expected: 0000011a. Actual:0000021a.
Time: 141480 ns  Iteration: 0  Process: /hdmi_text_controller_tb/Initial258_901  Scope: hdmi_text_controller_tb.TEST_VECTORS.axi_read_assert  File: C:/Users/Orion/Documents/GitHub/ece385/lab_7/lab_7.srcs/sim_1/imports/lab_7_1_provided_fa24/hdmi_text_controller_v1_0_tb.sv Line: 280
Error: AXI readback mismatch at address 0000011b. Expected: 0000011b. Actual:0000021b.
Time: 141640 ns  Iteration: 0  Process: /hdmi_text_controller_tb/Initial258_901  Scope: hdmi_text_controller_tb.TEST_VECTORS.axi_read_assert  File: C:/Users/Orion/Documents/GitHub/ece385/lab_7/lab_7.srcs/sim_1/imports/lab_7_1_provided_fa24/hdmi_text_controller_v1_0_tb.sv Line: 280
Error: AXI readback mismatch at address 0000011c. Expected: 0000011c. Actual:0000021c.
Time: 141800 ns  Iteration: 0  Process: /hdmi_text_controller_tb/Initial258_901  Scope: hdmi_text_controller_tb.TEST_VECTORS.axi_read_assert  File: C:/Users/Orion/Documents/GitHub/ece385/lab_7/lab_7.srcs/sim_1/imports/lab_7_1_provided_fa24/hdmi_text_controller_v1_0_tb.sv Line: 280
Error: AXI readback mismatch at address 0000011d. Expected: 0000011d. Actual:0000021d.
Time: 141960 ns  Iteration: 0  Process: /hdmi_text_controller_tb/Initial258_901  Scope: hdmi_text_controller_tb.TEST_VECTORS.axi_read_assert  File: C:/Users/Orion/Documents/GitHub/ece385/lab_7/lab_7.srcs/sim_1/imports/lab_7_1_provided_fa24/hdmi_text_controller_v1_0_tb.sv Line: 280
Error: AXI readback mismatch at address 0000011e. Expected: 0000011e. Actual:0000021e.
Time: 142120 ns  Iteration: 0  Process: /hdmi_text_controller_tb/Initial258_901  Scope: hdmi_text_controller_tb.TEST_VECTORS.axi_read_assert  File: C:/Users/Orion/Documents/GitHub/ece385/lab_7/lab_7.srcs/sim_1/imports/lab_7_1_provided_fa24/hdmi_text_controller_v1_0_tb.sv Line: 280
Error: AXI readback mismatch at address 0000011f. Expected: 0000011f. Actual:0000021f.
Time: 142280 ns  Iteration: 0  Process: /hdmi_text_controller_tb/Initial258_901  Scope: hdmi_text_controller_tb.TEST_VECTORS.axi_read_assert  File: C:/Users/Orion/Documents/GitHub/ece385/lab_7/lab_7.srcs/sim_1/imports/lab_7_1_provided_fa24/hdmi_text_controller_v1_0_tb.sv Line: 280
Error: AXI readback mismatch at address 00000120. Expected: 00000120. Actual:00000220.
Time: 142440 ns  Iteration: 0  Process: /hdmi_text_controller_tb/Initial258_901  Scope: hdmi_text_controller_tb.TEST_VECTORS.axi_read_assert  File: C:/Users/Orion/Documents/GitHub/ece385/lab_7/lab_7.srcs/sim_1/imports/lab_7_1_provided_fa24/hdmi_text_controller_v1_0_tb.sv Line: 280
Error: AXI readback mismatch at address 00000121. Expected: 00000121. Actual:00000221.
Time: 142600 ns  Iteration: 0  Process: /hdmi_text_controller_tb/Initial258_901  Scope: hdmi_text_controller_tb.TEST_VECTORS.axi_read_assert  File: C:/Users/Orion/Documents/GitHub/ece385/lab_7/lab_7.srcs/sim_1/imports/lab_7_1_provided_fa24/hdmi_text_controller_v1_0_tb.sv Line: 280
Error: AXI readback mismatch at address 00000122. Expected: 00000122. Actual:00000222.
Time: 142760 ns  Iteration: 0  Process: /hdmi_text_controller_tb/Initial258_901  Scope: hdmi_text_controller_tb.TEST_VECTORS.axi_read_assert  File: C:/Users/Orion/Documents/GitHub/ece385/lab_7/lab_7.srcs/sim_1/imports/lab_7_1_provided_fa24/hdmi_text_controller_v1_0_tb.sv Line: 280
Error: AXI readback mismatch at address 00000123. Expected: 00000123. Actual:00000223.
Time: 142920 ns  Iteration: 0  Process: /hdmi_text_controller_tb/Initial258_901  Scope: hdmi_text_controller_tb.TEST_VECTORS.axi_read_assert  File: C:/Users/Orion/Documents/GitHub/ece385/lab_7/lab_7.srcs/sim_1/imports/lab_7_1_provided_fa24/hdmi_text_controller_v1_0_tb.sv Line: 280
Error: AXI readback mismatch at address 00000124. Expected: 00000124. Actual:00000224.
Time: 143080 ns  Iteration: 0  Process: /hdmi_text_controller_tb/Initial258_901  Scope: hdmi_text_controller_tb.TEST_VECTORS.axi_read_assert  File: C:/Users/Orion/Documents/GitHub/ece385/lab_7/lab_7.srcs/sim_1/imports/lab_7_1_provided_fa24/hdmi_text_controller_v1_0_tb.sv Line: 280
Error: AXI readback mismatch at address 00000125. Expected: 00000125. Actual:00000225.
Time: 143240 ns  Iteration: 0  Process: /hdmi_text_controller_tb/Initial258_901  Scope: hdmi_text_controller_tb.TEST_VECTORS.axi_read_assert  File: C:/Users/Orion/Documents/GitHub/ece385/lab_7/lab_7.srcs/sim_1/imports/lab_7_1_provided_fa24/hdmi_text_controller_v1_0_tb.sv Line: 280
Error: AXI readback mismatch at address 00000126. Expected: 00000126. Actual:00000226.
Time: 143400 ns  Iteration: 0  Process: /hdmi_text_controller_tb/Initial258_901  Scope: hdmi_text_controller_tb.TEST_VECTORS.axi_read_assert  File: C:/Users/Orion/Documents/GitHub/ece385/lab_7/lab_7.srcs/sim_1/imports/lab_7_1_provided_fa24/hdmi_text_controller_v1_0_tb.sv Line: 280
Error: AXI readback mismatch at address 00000127. Expected: 00000127. Actual:00000227.
Time: 143560 ns  Iteration: 0  Process: /hdmi_text_controller_tb/Initial258_901  Scope: hdmi_text_controller_tb.TEST_VECTORS.axi_read_assert  File: C:/Users/Orion/Documents/GitHub/ece385/lab_7/lab_7.srcs/sim_1/imports/lab_7_1_provided_fa24/hdmi_text_controller_v1_0_tb.sv Line: 280
Error: AXI readback mismatch at address 00000128. Expected: 00000128. Actual:00000228.
Time: 143720 ns  Iteration: 0  Process: /hdmi_text_controller_tb/Initial258_901  Scope: hdmi_text_controller_tb.TEST_VECTORS.axi_read_assert  File: C:/Users/Orion/Documents/GitHub/ece385/lab_7/lab_7.srcs/sim_1/imports/lab_7_1_provided_fa24/hdmi_text_controller_v1_0_tb.sv Line: 280
Error: AXI readback mismatch at address 00000129. Expected: 00000129. Actual:00000229.
Time: 143880 ns  Iteration: 0  Process: /hdmi_text_controller_tb/Initial258_901  Scope: hdmi_text_controller_tb.TEST_VECTORS.axi_read_assert  File: C:/Users/Orion/Documents/GitHub/ece385/lab_7/lab_7.srcs/sim_1/imports/lab_7_1_provided_fa24/hdmi_text_controller_v1_0_tb.sv Line: 280
Error: AXI readback mismatch at address 0000012a. Expected: 0000012a. Actual:0000022a.
Time: 144040 ns  Iteration: 0  Process: /hdmi_text_controller_tb/Initial258_901  Scope: hdmi_text_controller_tb.TEST_VECTORS.axi_read_assert  File: C:/Users/Orion/Documents/GitHub/ece385/lab_7/lab_7.srcs/sim_1/imports/lab_7_1_provided_fa24/hdmi_text_controller_v1_0_tb.sv Line: 280
Error: AXI readback mismatch at address 0000012b. Expected: 0000012b. Actual:0000022b.
Time: 144200 ns  Iteration: 0  Process: /hdmi_text_controller_tb/Initial258_901  Scope: hdmi_text_controller_tb.TEST_VECTORS.axi_read_assert  File: C:/Users/Orion/Documents/GitHub/ece385/lab_7/lab_7.srcs/sim_1/imports/lab_7_1_provided_fa24/hdmi_text_controller_v1_0_tb.sv Line: 280
Error: AXI readback mismatch at address 0000012c. Expected: 0000012c. Actual:0000022c.
Time: 144360 ns  Iteration: 0  Process: /hdmi_text_controller_tb/Initial258_901  Scope: hdmi_text_controller_tb.TEST_VECTORS.axi_read_assert  File: C:/Users/Orion/Documents/GitHub/ece385/lab_7/lab_7.srcs/sim_1/imports/lab_7_1_provided_fa24/hdmi_text_controller_v1_0_tb.sv Line: 280
Error: AXI readback mismatch at address 0000012d. Expected: 0000012d. Actual:0000022d.
Time: 144520 ns  Iteration: 0  Process: /hdmi_text_controller_tb/Initial258_901  Scope: hdmi_text_controller_tb.TEST_VECTORS.axi_read_assert  File: C:/Users/Orion/Documents/GitHub/ece385/lab_7/lab_7.srcs/sim_1/imports/lab_7_1_provided_fa24/hdmi_text_controller_v1_0_tb.sv Line: 280
Error: AXI readback mismatch at address 0000012e. Expected: 0000012e. Actual:0000022e.
Time: 144680 ns  Iteration: 0  Process: /hdmi_text_controller_tb/Initial258_901  Scope: hdmi_text_controller_tb.TEST_VECTORS.axi_read_assert  File: C:/Users/Orion/Documents/GitHub/ece385/lab_7/lab_7.srcs/sim_1/imports/lab_7_1_provided_fa24/hdmi_text_controller_v1_0_tb.sv Line: 280
Error: AXI readback mismatch at address 0000012f. Expected: 0000012f. Actual:0000022f.
Time: 144840 ns  Iteration: 0  Process: /hdmi_text_controller_tb/Initial258_901  Scope: hdmi_text_controller_tb.TEST_VECTORS.axi_read_assert  File: C:/Users/Orion/Documents/GitHub/ece385/lab_7/lab_7.srcs/sim_1/imports/lab_7_1_provided_fa24/hdmi_text_controller_v1_0_tb.sv Line: 280
Error: AXI readback mismatch at address 00000130. Expected: 00000130. Actual:00000230.
Time: 145 us  Iteration: 0  Process: /hdmi_text_controller_tb/Initial258_901  Scope: hdmi_text_controller_tb.TEST_VECTORS.axi_read_assert  File: C:/Users/Orion/Documents/GitHub/ece385/lab_7/lab_7.srcs/sim_1/imports/lab_7_1_provided_fa24/hdmi_text_controller_v1_0_tb.sv Line: 280
Error: AXI readback mismatch at address 00000131. Expected: 00000131. Actual:00000231.
Time: 145160 ns  Iteration: 0  Process: /hdmi_text_controller_tb/Initial258_901  Scope: hdmi_text_controller_tb.TEST_VECTORS.axi_read_assert  File: C:/Users/Orion/Documents/GitHub/ece385/lab_7/lab_7.srcs/sim_1/imports/lab_7_1_provided_fa24/hdmi_text_controller_v1_0_tb.sv Line: 280
Error: AXI readback mismatch at address 00000132. Expected: 00000132. Actual:00000232.
Time: 145320 ns  Iteration: 0  Process: /hdmi_text_controller_tb/Initial258_901  Scope: hdmi_text_controller_tb.TEST_VECTORS.axi_read_assert  File: C:/Users/Orion/Documents/GitHub/ece385/lab_7/lab_7.srcs/sim_1/imports/lab_7_1_provided_fa24/hdmi_text_controller_v1_0_tb.sv Line: 280
Error: AXI readback mismatch at address 00000133. Expected: 00000133. Actual:00000233.
Time: 145480 ns  Iteration: 0  Process: /hdmi_text_controller_tb/Initial258_901  Scope: hdmi_text_controller_tb.TEST_VECTORS.axi_read_assert  File: C:/Users/Orion/Documents/GitHub/ece385/lab_7/lab_7.srcs/sim_1/imports/lab_7_1_provided_fa24/hdmi_text_controller_v1_0_tb.sv Line: 280
Error: AXI readback mismatch at address 00000134. Expected: 00000134. Actual:00000234.
Time: 145640 ns  Iteration: 0  Process: /hdmi_text_controller_tb/Initial258_901  Scope: hdmi_text_controller_tb.TEST_VECTORS.axi_read_assert  File: C:/Users/Orion/Documents/GitHub/ece385/lab_7/lab_7.srcs/sim_1/imports/lab_7_1_provided_fa24/hdmi_text_controller_v1_0_tb.sv Line: 280
Error: AXI readback mismatch at address 00000135. Expected: 00000135. Actual:00000235.
Time: 145800 ns  Iteration: 0  Process: /hdmi_text_controller_tb/Initial258_901  Scope: hdmi_text_controller_tb.TEST_VECTORS.axi_read_assert  File: C:/Users/Orion/Documents/GitHub/ece385/lab_7/lab_7.srcs/sim_1/imports/lab_7_1_provided_fa24/hdmi_text_controller_v1_0_tb.sv Line: 280
Error: AXI readback mismatch at address 00000136. Expected: 00000136. Actual:00000236.
Time: 145960 ns  Iteration: 0  Process: /hdmi_text_controller_tb/Initial258_901  Scope: hdmi_text_controller_tb.TEST_VECTORS.axi_read_assert  File: C:/Users/Orion/Documents/GitHub/ece385/lab_7/lab_7.srcs/sim_1/imports/lab_7_1_provided_fa24/hdmi_text_controller_v1_0_tb.sv Line: 280
Error: AXI readback mismatch at address 00000137. Expected: 00000137. Actual:00000237.
Time: 146120 ns  Iteration: 0  Process: /hdmi_text_controller_tb/Initial258_901  Scope: hdmi_text_controller_tb.TEST_VECTORS.axi_read_assert  File: C:/Users/Orion/Documents/GitHub/ece385/lab_7/lab_7.srcs/sim_1/imports/lab_7_1_provided_fa24/hdmi_text_controller_v1_0_tb.sv Line: 280
Error: AXI readback mismatch at address 00000138. Expected: 00000138. Actual:00000238.
Time: 146280 ns  Iteration: 0  Process: /hdmi_text_controller_tb/Initial258_901  Scope: hdmi_text_controller_tb.TEST_VECTORS.axi_read_assert  File: C:/Users/Orion/Documents/GitHub/ece385/lab_7/lab_7.srcs/sim_1/imports/lab_7_1_provided_fa24/hdmi_text_controller_v1_0_tb.sv Line: 280
Error: AXI readback mismatch at address 00000139. Expected: 00000139. Actual:00000239.
Time: 146440 ns  Iteration: 0  Process: /hdmi_text_controller_tb/Initial258_901  Scope: hdmi_text_controller_tb.TEST_VECTORS.axi_read_assert  File: C:/Users/Orion/Documents/GitHub/ece385/lab_7/lab_7.srcs/sim_1/imports/lab_7_1_provided_fa24/hdmi_text_controller_v1_0_tb.sv Line: 280
Error: AXI readback mismatch at address 0000013a. Expected: 0000013a. Actual:0000023a.
Time: 146600 ns  Iteration: 0  Process: /hdmi_text_controller_tb/Initial258_901  Scope: hdmi_text_controller_tb.TEST_VECTORS.axi_read_assert  File: C:/Users/Orion/Documents/GitHub/ece385/lab_7/lab_7.srcs/sim_1/imports/lab_7_1_provided_fa24/hdmi_text_controller_v1_0_tb.sv Line: 280
Error: AXI readback mismatch at address 0000013b. Expected: 0000013b. Actual:0000023b.
Time: 146760 ns  Iteration: 0  Process: /hdmi_text_controller_tb/Initial258_901  Scope: hdmi_text_controller_tb.TEST_VECTORS.axi_read_assert  File: C:/Users/Orion/Documents/GitHub/ece385/lab_7/lab_7.srcs/sim_1/imports/lab_7_1_provided_fa24/hdmi_text_controller_v1_0_tb.sv Line: 280
Error: AXI readback mismatch at address 0000013c. Expected: 0000013c. Actual:0000023c.
Time: 146920 ns  Iteration: 0  Process: /hdmi_text_controller_tb/Initial258_901  Scope: hdmi_text_controller_tb.TEST_VECTORS.axi_read_assert  File: C:/Users/Orion/Documents/GitHub/ece385/lab_7/lab_7.srcs/sim_1/imports/lab_7_1_provided_fa24/hdmi_text_controller_v1_0_tb.sv Line: 280
Error: AXI readback mismatch at address 0000013d. Expected: 0000013d. Actual:0000023d.
Time: 147080 ns  Iteration: 0  Process: /hdmi_text_controller_tb/Initial258_901  Scope: hdmi_text_controller_tb.TEST_VECTORS.axi_read_assert  File: C:/Users/Orion/Documents/GitHub/ece385/lab_7/lab_7.srcs/sim_1/imports/lab_7_1_provided_fa24/hdmi_text_controller_v1_0_tb.sv Line: 280
Error: AXI readback mismatch at address 0000013e. Expected: 0000013e. Actual:0000023e.
Time: 147240 ns  Iteration: 0  Process: /hdmi_text_controller_tb/Initial258_901  Scope: hdmi_text_controller_tb.TEST_VECTORS.axi_read_assert  File: C:/Users/Orion/Documents/GitHub/ece385/lab_7/lab_7.srcs/sim_1/imports/lab_7_1_provided_fa24/hdmi_text_controller_v1_0_tb.sv Line: 280
Error: AXI readback mismatch at address 0000013f. Expected: 0000013f. Actual:0000023f.
Time: 147400 ns  Iteration: 0  Process: /hdmi_text_controller_tb/Initial258_901  Scope: hdmi_text_controller_tb.TEST_VECTORS.axi_read_assert  File: C:/Users/Orion/Documents/GitHub/ece385/lab_7/lab_7.srcs/sim_1/imports/lab_7_1_provided_fa24/hdmi_text_controller_v1_0_tb.sv Line: 280
Error: AXI readback mismatch at address 00000140. Expected: 00000140. Actual:00000240.
Time: 147560 ns  Iteration: 0  Process: /hdmi_text_controller_tb/Initial258_901  Scope: hdmi_text_controller_tb.TEST_VECTORS.axi_read_assert  File: C:/Users/Orion/Documents/GitHub/ece385/lab_7/lab_7.srcs/sim_1/imports/lab_7_1_provided_fa24/hdmi_text_controller_v1_0_tb.sv Line: 280
Error: AXI readback mismatch at address 00000141. Expected: 00000141. Actual:00000241.
Time: 147720 ns  Iteration: 0  Process: /hdmi_text_controller_tb/Initial258_901  Scope: hdmi_text_controller_tb.TEST_VECTORS.axi_read_assert  File: C:/Users/Orion/Documents/GitHub/ece385/lab_7/lab_7.srcs/sim_1/imports/lab_7_1_provided_fa24/hdmi_text_controller_v1_0_tb.sv Line: 280
Error: AXI readback mismatch at address 00000142. Expected: 00000142. Actual:00000242.
Time: 147880 ns  Iteration: 0  Process: /hdmi_text_controller_tb/Initial258_901  Scope: hdmi_text_controller_tb.TEST_VECTORS.axi_read_assert  File: C:/Users/Orion/Documents/GitHub/ece385/lab_7/lab_7.srcs/sim_1/imports/lab_7_1_provided_fa24/hdmi_text_controller_v1_0_tb.sv Line: 280
Error: AXI readback mismatch at address 00000143. Expected: 00000143. Actual:00000243.
Time: 148040 ns  Iteration: 0  Process: /hdmi_text_controller_tb/Initial258_901  Scope: hdmi_text_controller_tb.TEST_VECTORS.axi_read_assert  File: C:/Users/Orion/Documents/GitHub/ece385/lab_7/lab_7.srcs/sim_1/imports/lab_7_1_provided_fa24/hdmi_text_controller_v1_0_tb.sv Line: 280
Error: AXI readback mismatch at address 00000144. Expected: 00000144. Actual:00000244.
Time: 148200 ns  Iteration: 0  Process: /hdmi_text_controller_tb/Initial258_901  Scope: hdmi_text_controller_tb.TEST_VECTORS.axi_read_assert  File: C:/Users/Orion/Documents/GitHub/ece385/lab_7/lab_7.srcs/sim_1/imports/lab_7_1_provided_fa24/hdmi_text_controller_v1_0_tb.sv Line: 280
Error: AXI readback mismatch at address 00000145. Expected: 00000145. Actual:00000245.
Time: 148360 ns  Iteration: 0  Process: /hdmi_text_controller_tb/Initial258_901  Scope: hdmi_text_controller_tb.TEST_VECTORS.axi_read_assert  File: C:/Users/Orion/Documents/GitHub/ece385/lab_7/lab_7.srcs/sim_1/imports/lab_7_1_provided_fa24/hdmi_text_controller_v1_0_tb.sv Line: 280
Error: AXI readback mismatch at address 00000146. Expected: 00000146. Actual:00000246.
Time: 148520 ns  Iteration: 0  Process: /hdmi_text_controller_tb/Initial258_901  Scope: hdmi_text_controller_tb.TEST_VECTORS.axi_read_assert  File: C:/Users/Orion/Documents/GitHub/ece385/lab_7/lab_7.srcs/sim_1/imports/lab_7_1_provided_fa24/hdmi_text_controller_v1_0_tb.sv Line: 280
Error: AXI readback mismatch at address 00000147. Expected: 00000147. Actual:00000247.
Time: 148680 ns  Iteration: 0  Process: /hdmi_text_controller_tb/Initial258_901  Scope: hdmi_text_controller_tb.TEST_VECTORS.axi_read_assert  File: C:/Users/Orion/Documents/GitHub/ece385/lab_7/lab_7.srcs/sim_1/imports/lab_7_1_provided_fa24/hdmi_text_controller_v1_0_tb.sv Line: 280
Error: AXI readback mismatch at address 00000148. Expected: 00000148. Actual:00000248.
Time: 148840 ns  Iteration: 0  Process: /hdmi_text_controller_tb/Initial258_901  Scope: hdmi_text_controller_tb.TEST_VECTORS.axi_read_assert  File: C:/Users/Orion/Documents/GitHub/ece385/lab_7/lab_7.srcs/sim_1/imports/lab_7_1_provided_fa24/hdmi_text_controller_v1_0_tb.sv Line: 280
Error: AXI readback mismatch at address 00000149. Expected: 00000149. Actual:00000249.
Time: 149 us  Iteration: 0  Process: /hdmi_text_controller_tb/Initial258_901  Scope: hdmi_text_controller_tb.TEST_VECTORS.axi_read_assert  File: C:/Users/Orion/Documents/GitHub/ece385/lab_7/lab_7.srcs/sim_1/imports/lab_7_1_provided_fa24/hdmi_text_controller_v1_0_tb.sv Line: 280
Error: AXI readback mismatch at address 0000014a. Expected: 0000014a. Actual:0000024a.
Time: 149160 ns  Iteration: 0  Process: /hdmi_text_controller_tb/Initial258_901  Scope: hdmi_text_controller_tb.TEST_VECTORS.axi_read_assert  File: C:/Users/Orion/Documents/GitHub/ece385/lab_7/lab_7.srcs/sim_1/imports/lab_7_1_provided_fa24/hdmi_text_controller_v1_0_tb.sv Line: 280
Error: AXI readback mismatch at address 0000014b. Expected: 0000014b. Actual:0000024b.
Time: 149320 ns  Iteration: 0  Process: /hdmi_text_controller_tb/Initial258_901  Scope: hdmi_text_controller_tb.TEST_VECTORS.axi_read_assert  File: C:/Users/Orion/Documents/GitHub/ece385/lab_7/lab_7.srcs/sim_1/imports/lab_7_1_provided_fa24/hdmi_text_controller_v1_0_tb.sv Line: 280
Error: AXI readback mismatch at address 0000014c. Expected: 0000014c. Actual:0000024c.
Time: 149480 ns  Iteration: 0  Process: /hdmi_text_controller_tb/Initial258_901  Scope: hdmi_text_controller_tb.TEST_VECTORS.axi_read_assert  File: C:/Users/Orion/Documents/GitHub/ece385/lab_7/lab_7.srcs/sim_1/imports/lab_7_1_provided_fa24/hdmi_text_controller_v1_0_tb.sv Line: 280
Error: AXI readback mismatch at address 0000014d. Expected: 0000014d. Actual:0000024d.
Time: 149640 ns  Iteration: 0  Process: /hdmi_text_controller_tb/Initial258_901  Scope: hdmi_text_controller_tb.TEST_VECTORS.axi_read_assert  File: C:/Users/Orion/Documents/GitHub/ece385/lab_7/lab_7.srcs/sim_1/imports/lab_7_1_provided_fa24/hdmi_text_controller_v1_0_tb.sv Line: 280
Error: AXI readback mismatch at address 0000014e. Expected: 0000014e. Actual:0000024e.
Time: 149800 ns  Iteration: 0  Process: /hdmi_text_controller_tb/Initial258_901  Scope: hdmi_text_controller_tb.TEST_VECTORS.axi_read_assert  File: C:/Users/Orion/Documents/GitHub/ece385/lab_7/lab_7.srcs/sim_1/imports/lab_7_1_provided_fa24/hdmi_text_controller_v1_0_tb.sv Line: 280
Error: AXI readback mismatch at address 0000014f. Expected: 0000014f. Actual:0000024f.
Time: 149960 ns  Iteration: 0  Process: /hdmi_text_controller_tb/Initial258_901  Scope: hdmi_text_controller_tb.TEST_VECTORS.axi_read_assert  File: C:/Users/Orion/Documents/GitHub/ece385/lab_7/lab_7.srcs/sim_1/imports/lab_7_1_provided_fa24/hdmi_text_controller_v1_0_tb.sv Line: 280
Error: AXI readback mismatch at address 00000150. Expected: 00000150. Actual:00000250.
Time: 150120 ns  Iteration: 0  Process: /hdmi_text_controller_tb/Initial258_901  Scope: hdmi_text_controller_tb.TEST_VECTORS.axi_read_assert  File: C:/Users/Orion/Documents/GitHub/ece385/lab_7/lab_7.srcs/sim_1/imports/lab_7_1_provided_fa24/hdmi_text_controller_v1_0_tb.sv Line: 280
Error: AXI readback mismatch at address 00000151. Expected: 00000151. Actual:00000251.
Time: 150280 ns  Iteration: 0  Process: /hdmi_text_controller_tb/Initial258_901  Scope: hdmi_text_controller_tb.TEST_VECTORS.axi_read_assert  File: C:/Users/Orion/Documents/GitHub/ece385/lab_7/lab_7.srcs/sim_1/imports/lab_7_1_provided_fa24/hdmi_text_controller_v1_0_tb.sv Line: 280
Error: AXI readback mismatch at address 00000152. Expected: 00000152. Actual:00000252.
Time: 150440 ns  Iteration: 0  Process: /hdmi_text_controller_tb/Initial258_901  Scope: hdmi_text_controller_tb.TEST_VECTORS.axi_read_assert  File: C:/Users/Orion/Documents/GitHub/ece385/lab_7/lab_7.srcs/sim_1/imports/lab_7_1_provided_fa24/hdmi_text_controller_v1_0_tb.sv Line: 280
Error: AXI readback mismatch at address 00000153. Expected: 00000153. Actual:00000253.
Time: 150600 ns  Iteration: 0  Process: /hdmi_text_controller_tb/Initial258_901  Scope: hdmi_text_controller_tb.TEST_VECTORS.axi_read_assert  File: C:/Users/Orion/Documents/GitHub/ece385/lab_7/lab_7.srcs/sim_1/imports/lab_7_1_provided_fa24/hdmi_text_controller_v1_0_tb.sv Line: 280
Error: AXI readback mismatch at address 00000154. Expected: 00000154. Actual:00000254.
Time: 150760 ns  Iteration: 0  Process: /hdmi_text_controller_tb/Initial258_901  Scope: hdmi_text_controller_tb.TEST_VECTORS.axi_read_assert  File: C:/Users/Orion/Documents/GitHub/ece385/lab_7/lab_7.srcs/sim_1/imports/lab_7_1_provided_fa24/hdmi_text_controller_v1_0_tb.sv Line: 280
Error: AXI readback mismatch at address 00000155. Expected: 00000155. Actual:00000255.
Time: 150920 ns  Iteration: 0  Process: /hdmi_text_controller_tb/Initial258_901  Scope: hdmi_text_controller_tb.TEST_VECTORS.axi_read_assert  File: C:/Users/Orion/Documents/GitHub/ece385/lab_7/lab_7.srcs/sim_1/imports/lab_7_1_provided_fa24/hdmi_text_controller_v1_0_tb.sv Line: 280
Error: AXI readback mismatch at address 00000156. Expected: 00000156. Actual:00000256.
Time: 151080 ns  Iteration: 0  Process: /hdmi_text_controller_tb/Initial258_901  Scope: hdmi_text_controller_tb.TEST_VECTORS.axi_read_assert  File: C:/Users/Orion/Documents/GitHub/ece385/lab_7/lab_7.srcs/sim_1/imports/lab_7_1_provided_fa24/hdmi_text_controller_v1_0_tb.sv Line: 280
Error: AXI readback mismatch at address 00000157. Expected: 00000157. Actual:00000257.
Time: 151240 ns  Iteration: 0  Process: /hdmi_text_controller_tb/Initial258_901  Scope: hdmi_text_controller_tb.TEST_VECTORS.axi_read_assert  File: C:/Users/Orion/Documents/GitHub/ece385/lab_7/lab_7.srcs/sim_1/imports/lab_7_1_provided_fa24/hdmi_text_controller_v1_0_tb.sv Line: 280
Info: Read back of control register: 00000158
Time: 192360 ns  Iteration: 0  Process: /hdmi_text_controller_tb/Initial258_901  Scope: hdmi_text_controller_tb.TEST_VECTORS  File: C:/Users/Orion/Documents/GitHub/ece385/lab_7/lab_7.srcs/sim_1/imports/lab_7_1_provided_fa24/hdmi_text_controller_v1_0_tb.sv Line: 284
$finish called at time : 192360 ns : File "C:/Users/Orion/Documents/GitHub/ece385/lab_7/lab_7.srcs/sim_1/imports/lab_7_1_provided_fa24/hdmi_text_controller_v1_0_tb.sv" Line 293
run: Time (s): cpu = 00:00:04 ; elapsed = 00:00:11 . Memory (MB): peak = 1257.852 ; gain = 0.000
xsim: Time (s): cpu = 00:00:10 ; elapsed = 00:00:18 . Memory (MB): peak = 1257.852 ; gain = 28.152
INFO: [USF-XSim-96] XSim completed. Design snapshot 'hdmi_text_controller_tb_behav' loaded.
INFO: [USF-XSim-97] XSim simulation ran for all
launch_simulation: Time (s): cpu = 00:00:24 ; elapsed = 00:00:51 . Memory (MB): peak = 1257.852 ; gain = 53.684
close_sim
INFO: [Simtcl 6-16] Simulation closed
launch_simulation
Command: launch_simulation 
INFO: [Vivado 12-12493] Simulation top is 'hdmi_text_controller_tb'
WARNING: [Vivado 12-13340] Unable to auto find GCC executables from simulator install path! (path not set)
WARNING: [Vivado 12-13277] Compiled library path does not exist: ''
INFO: [Vivado 12-5698] Checking validity of IPs in the design for the 'XSim' simulator...
Generating merged BMM file for the design top 'hdmi_text_controller_tb'...
INFO: [Vivado 12-5682] Launching behavioral simulation in 'C:/Users/Orion/Documents/GitHub/ece385/lab_7/lab_7.sim/sim_1/behav/xsim'
INFO: [Vivado 12-13660] Precompiled IP simulation library mode is enabled (default). The design IP libraries will be referenced from the compiled library path. Please note that if the precompiled version of the library is not found from the path or the IP is in locked state, then the library source files for these IPs will be compiled locally as part of the compile order.
INFO: [Vivado 12-4795] Using compiled simulation libraries for IPs
INFO: [SIM-utils-51] Simulation object is 'sim_1'
INFO: [SIM-utils-72] Using boost library from 'C:/Xilinx/Vivado/2022.2/tps/boost_1_72_0'
INFO: [USF-XSim-7] Finding pre-compiled libraries...
INFO: [USF-XSim-11] File 'C:/Xilinx/Vivado/2022.2/data/xsim/xsim.ini' copied to run dir:'C:/Users/Orion/Documents/GitHub/ece385/lab_7/lab_7.sim/sim_1/behav/xsim'
INFO: [SIM-utils-50] Design contains embedded sources, generating MEM files for simulation...
Generating merged BMM file for the design top 'hdmi_text_controller_tb'...
Generating merged BMM file for the design top 'hdmi_text_controller_tb'...
INFO: [SIM-utils-54] Inspecting design source files for 'hdmi_text_controller_tb' in fileset 'sim_1'...
INFO: [USF-XSim-97] Finding global include files...
INFO: [USF-XSim-100] Fetching design files from 'sources_1'...(this may take a while)...
INFO: [USF-XSim-101] Fetching design files from 'sim_1'...
INFO: [USF-XSim-2] XSim::Compile design
INFO: [USF-XSim-61] Executing 'COMPILE and ANALYZE' step in 'C:/Users/Orion/Documents/GitHub/ece385/lab_7/lab_7.sim/sim_1/behav/xsim'
"xvlog --incr --relax -L uvm -prj hdmi_text_controller_tb_vlog.prj"
INFO: [VRFC 10-2263] Analyzing SystemVerilog file "C:/Users/Orion/Documents/GitHub/ece385/lab_7/lab_7.srcs/sources_1/imports/design_source/Color_Mapper.sv" into library xil_defaultlib
INFO: [VRFC 10-311] analyzing module color_mapper
INFO: [VRFC 10-2263] Analyzing SystemVerilog file "C:/Users/Orion/Documents/GitHub/ece385/lab_7/lab_7.srcs/sources_1/imports/design_source/ball.sv" into library xil_defaultlib
INFO: [VRFC 10-311] analyzing module ball
INFO: [VRFC 10-2263] Analyzing SystemVerilog file "C:/Users/Orion/Documents/GitHub/ece385/lab_7/lab_7.srcs/sources_1/imports/lab_7_1_provided_fa24/font_rom.sv" into library xil_defaultlib
INFO: [VRFC 10-311] analyzing module font_rom
INFO: [VRFC 10-2263] Analyzing SystemVerilog file "C:/Users/Orion/Documents/GitHub/ece385/lab_7/lab_7.srcs/sources_1/imports/lab_7_1_provided_fa24/hdmi_text_controller_v1_0.sv" into library xil_defaultlib
INFO: [VRFC 10-311] analyzing module hdmi_text_controller_v1_0
INFO: [VRFC 10-2263] Analyzing SystemVerilog file "C:/Users/Orion/Documents/GitHub/ece385/lab_7/lab_7.srcs/sources_1/imports/lab_7_1_provided_fa24/hdmi_text_controller_v1_0_AXI.sv" into library xil_defaultlib
INFO: [VRFC 10-311] analyzing module hdmi_text_controller_v1_0_AXI
INFO: [VRFC 10-2263] Analyzing SystemVerilog file "C:/Users/Orion/Documents/GitHub/ece385/lab_7/lab_7.srcs/sources_1/imports/design_source/hex_driver.sv" into library xil_defaultlib
INFO: [VRFC 10-311] analyzing module hex_driver
INFO: [VRFC 10-311] analyzing module nibble_to_hex
INFO: [VRFC 10-2263] Analyzing SystemVerilog file "C:/Users/Orion/Documents/GitHub/ece385/lab_7/lab_7.srcs/sources_1/imports/lab_7_1_provided_fa24/mb_usb_hdmi_top.sv" into library xil_defaultlib
INFO: [VRFC 10-311] analyzing module mb_usb_hdmi_top
INFO: [VRFC 10-2263] Analyzing SystemVerilog file "C:/Users/Orion/Documents/GitHub/ece385/lab_7/lab_7.srcs/sim_1/imports/lab_7_1_provided_fa24/hdmi_text_controller_v1_0_tb.sv" into library xil_defaultlib
INFO: [VRFC 10-311] analyzing module hdmi_text_controller_tb
"xvhdl --incr --relax -prj hdmi_text_controller_tb_vhdl.prj"
run_program: Time (s): cpu = 00:00:00 ; elapsed = 00:00:05 . Memory (MB): peak = 1909.180 ; gain = 0.000
INFO: [USF-XSim-69] 'compile' step finished in '5' seconds
INFO: [USF-XSim-3] XSim::Elaborate design
INFO: [USF-XSim-61] Executing 'ELABORATE' step in 'C:/Users/Orion/Documents/GitHub/ece385/lab_7/lab_7.sim/sim_1/behav/xsim'
"xelab --incr --debug typical --relax --mt 2 -L xil_defaultlib -L lmb_bram_if_cntlr_v4_0_21 -L axi_lite_ipif_v3_0_4 -L lib_pkg_v1_0_2 -L lib_srl_fifo_v1_0_2 -L lib_cdc_v1_0_2 -L axi_uartlite_v2_0_31 -L generic_baseblocks_v2_1_0 -L axi_infrastructure_v1_1_0 -L axi_register_slice_v2_1_27 -L fifo_generator_v13_2_7 -L axi_data_fifo_v2_1_26 -L axi_crossbar_v2_1_28 -L microblaze_v11_0_10 -L proc_sys_reset_v5_0_13 -L mdm_v3_2_23 -L lmb_v10_v3_0_12 -L blk_mem_gen_v8_4_5 -L axi_intc_v4_1_17 -L uvm -L unisims_ver -L unimacro_ver -L secureip -L xpm --snapshot hdmi_text_controller_tb_behav xil_defaultlib.hdmi_text_controller_tb xil_defaultlib.glbl -log elaborate.log"
Vivado Simulator v2022.2
Copyright 1986-1999, 2001-2022 Xilinx, Inc. All Rights Reserved.
Running: C:/Xilinx/Vivado/2022.2/bin/unwrapped/win64.o/xelab.exe --incr --debug typical --relax --mt 2 -L xil_defaultlib -L lmb_bram_if_cntlr_v4_0_21 -L axi_lite_ipif_v3_0_4 -L lib_pkg_v1_0_2 -L lib_srl_fifo_v1_0_2 -L lib_cdc_v1_0_2 -L axi_uartlite_v2_0_31 -L generic_baseblocks_v2_1_0 -L axi_infrastructure_v1_1_0 -L axi_register_slice_v2_1_27 -L fifo_generator_v13_2_7 -L axi_data_fifo_v2_1_26 -L axi_crossbar_v2_1_28 -L microblaze_v11_0_10 -L proc_sys_reset_v5_0_13 -L mdm_v3_2_23 -L lmb_v10_v3_0_12 -L blk_mem_gen_v8_4_5 -L axi_intc_v4_1_17 -L uvm -L unisims_ver -L unimacro_ver -L secureip -L xpm --snapshot hdmi_text_controller_tb_behav xil_defaultlib.hdmi_text_controller_tb xil_defaultlib.glbl -log elaborate.log 
Using 2 slave threads.
Starting static elaboration
Pass Through NonSizing Optimizer
WARNING: [VRFC 10-3091] actual bit length 32 differs from formal bit length 16 for port 'axi_awaddr' [C:/Users/Orion/Documents/GitHub/ece385/lab_7/lab_7.srcs/sim_1/imports/lab_7_1_provided_fa24/hdmi_text_controller_v1_0_tb.sv:74]
WARNING: [VRFC 10-3091] actual bit length 32 differs from formal bit length 16 for port 'axi_araddr' [C:/Users/Orion/Documents/GitHub/ece385/lab_7/lab_7.srcs/sim_1/imports/lab_7_1_provided_fa24/hdmi_text_controller_v1_0_tb.sv:88]
Completed static elaboration
Starting simulation data flow analysis
WARNING: [XSIM 43-4099] "C:/Users/Orion/Documents/GitHub/ece385/lab_7/lab_7.srcs/sources_1/imports/design_source/Color_Mapper.sv" Line 17. Module color_mapper doesn't have a timescale but at least one module in design has a timescale.
WARNING: [XSIM 43-4099] "C:/Users/Orion/Documents/GitHub/ece385/lab_7/lab_7.srcs/sources_1/imports/design_source/Color_Mapper.sv" Line 17. Module color_mapper doesn't have a timescale but at least one module in design has a timescale.
Completed simulation data flow analysis
Time Resolution for simulation is 1ps
Compiling module xil_defaultlib.hdmi_text_controller_v1_0_AXI(C_...
Compiling module unisims_ver.IBUF
Compiling module unisims_ver.MMCME2_ADV(CLKFBOUT_MULT_F=10.0,...
Compiling module unisims_ver.BUFG
Compiling module xil_defaultlib.clk_wiz_0_clk_wiz
Compiling module xil_defaultlib.clk_wiz_0
Compiling module xil_defaultlib.vga_controller
Compiling module unisims_ver.SRL16E_default
Compiling module xil_defaultlib.srldelay(WIDTH=40,TAPS=4'b1010)
Compiling module xil_defaultlib.encode_default
Compiling module xil_defaultlib.encode(CHANNEL="GREEN")
Compiling module xil_defaultlib.encode(CHANNEL="RED")
Compiling module unisims_ver.OSERDESE2(DATA_RATE_TQ="SDR",DAT...
Compiling module unisims_ver.OSERDESE2(DATA_RATE_TQ="SDR",DAT...
Compiling module xil_defaultlib.serdes_10_to_1
Compiling module unisims_ver.OBUFDS(IOSTANDARD="TMDS_33")
Compiling module xil_defaultlib.hdmi_tx_v1_0(C_RED_WIDTH=4,C_GRE...
Compiling module xil_defaultlib.hdmi_tx_0
Compiling module xil_defaultlib.color_mapper
Compiling module xil_defaultlib.hdmi_text_controller_v1_0(C_AXI_...
Compiling module xil_defaultlib.hdmi_text_controller_tb
Compiling module xil_defaultlib.glbl
Built simulation snapshot hdmi_text_controller_tb_behav
run_program: Time (s): cpu = 00:00:01 ; elapsed = 00:00:14 . Memory (MB): peak = 1909.180 ; gain = 0.000
INFO: [USF-XSim-69] 'elaborate' step finished in '14' seconds
INFO: [USF-XSim-4] XSim::Simulate design
INFO: [USF-XSim-61] Executing 'SIMULATE' step in 'C:/Users/Orion/Documents/GitHub/ece385/lab_7/lab_7.sim/sim_1/behav/xsim'
INFO: [USF-XSim-98] *** Running xsim
   with args "hdmi_text_controller_tb_behav -key {Behavioral:sim_1:Functional:hdmi_text_controller_tb} -tclbatch {hdmi_text_controller_tb.tcl} -protoinst "protoinst_files/mb_block_i.protoinst" -log {simulate.log}"
INFO: [USF-XSim-8] Loading simulator feature
INFO: [Wavedata 42-565] Reading protoinst file protoinst_files/mb_block_i.protoinst
WARNING: [Wavedata 42-558] Couldn't load one or more protocol instances from protoinst file protoinst_files/mb_block_i.protoinst for the following reason(s):
There are no instances of module "mb_block_i" in the design.

Time resolution is 1 ps
source hdmi_text_controller_tb.tcl
# set curr_wave [current_wave_config]
# if { [string length $curr_wave] == 0 } {
#   if { [llength [get_objects]] > 0} {
#     add_wave /
#     set_property needs_save false [current_wave_config]
#   } else {
#      send_msg_id Add_Wave-1 WARNING "No top level signals found. Simulator will start without a wave window. If you want to open a wave window go to 'File->New Waveform Configuration' or type 'create_wave_config' in the TCL console."
#   }
# }
WARNING: [Wavedata 42-489] Can't add object "/hdmi_text_controller_tb/bitmap" to the wave window because it has 10080000 bits, which exceeds the display limit of 65536 bits.  To change the display limit, use the command "set_property display_limit <new limit> [current_wave_config]".
# run all
Info: Read back of control register: 001f6000
Time: 192360 ns  Iteration: 0  Process: /hdmi_text_controller_tb/Initial258_901  Scope: hdmi_text_controller_tb.TEST_VECTORS  File: C:/Users/Orion/Documents/GitHub/ece385/lab_7/lab_7.srcs/sim_1/imports/lab_7_1_provided_fa24/hdmi_text_controller_v1_0_tb.sv Line: 284
$finish called at time : 192360 ns : File "C:/Users/Orion/Documents/GitHub/ece385/lab_7/lab_7.srcs/sim_1/imports/lab_7_1_provided_fa24/hdmi_text_controller_v1_0_tb.sv" Line 293
run: Time (s): cpu = 00:00:04 ; elapsed = 00:00:10 . Memory (MB): peak = 1909.180 ; gain = 0.000
xsim: Time (s): cpu = 00:00:07 ; elapsed = 00:00:14 . Memory (MB): peak = 1909.180 ; gain = 0.000
INFO: [USF-XSim-96] XSim completed. Design snapshot 'hdmi_text_controller_tb_behav' loaded.
INFO: [USF-XSim-97] XSim simulation ran for all
launch_simulation: Time (s): cpu = 00:00:09 ; elapsed = 00:00:39 . Memory (MB): peak = 1909.180 ; gain = 0.000
close_sim
INFO: [Simtcl 6-16] Simulation closed
launch_simulation
Command: launch_simulation 
INFO: [Vivado 12-12493] Simulation top is 'hdmi_text_controller_tb'
WARNING: [Vivado 12-13340] Unable to auto find GCC executables from simulator install path! (path not set)
WARNING: [Vivado 12-13277] Compiled library path does not exist: ''
INFO: [Vivado 12-5698] Checking validity of IPs in the design for the 'XSim' simulator...
Generating merged BMM file for the design top 'hdmi_text_controller_tb'...
INFO: [Vivado 12-5682] Launching behavioral simulation in 'C:/Users/Orion/Documents/GitHub/ece385/lab_7/lab_7.sim/sim_1/behav/xsim'
INFO: [Vivado 12-13660] Precompiled IP simulation library mode is enabled (default). The design IP libraries will be referenced from the compiled library path. Please note that if the precompiled version of the library is not found from the path or the IP is in locked state, then the library source files for these IPs will be compiled locally as part of the compile order.
INFO: [Vivado 12-4795] Using compiled simulation libraries for IPs
INFO: [SIM-utils-51] Simulation object is 'sim_1'
INFO: [SIM-utils-72] Using boost library from 'C:/Xilinx/Vivado/2022.2/tps/boost_1_72_0'
INFO: [USF-XSim-7] Finding pre-compiled libraries...
INFO: [USF-XSim-11] File 'C:/Xilinx/Vivado/2022.2/data/xsim/xsim.ini' copied to run dir:'C:/Users/Orion/Documents/GitHub/ece385/lab_7/lab_7.sim/sim_1/behav/xsim'
INFO: [SIM-utils-50] Design contains embedded sources, generating MEM files for simulation...
Generating merged BMM file for the design top 'hdmi_text_controller_tb'...
Generating merged BMM file for the design top 'hdmi_text_controller_tb'...
INFO: [SIM-utils-54] Inspecting design source files for 'hdmi_text_controller_tb' in fileset 'sim_1'...
INFO: [USF-XSim-97] Finding global include files...
INFO: [USF-XSim-100] Fetching design files from 'sources_1'...(this may take a while)...
INFO: [USF-XSim-101] Fetching design files from 'sim_1'...
INFO: [USF-XSim-2] XSim::Compile design
INFO: [USF-XSim-61] Executing 'COMPILE and ANALYZE' step in 'C:/Users/Orion/Documents/GitHub/ece385/lab_7/lab_7.sim/sim_1/behav/xsim'
"xvlog --incr --relax -L uvm -prj hdmi_text_controller_tb_vlog.prj"
INFO: [VRFC 10-2263] Analyzing SystemVerilog file "C:/Users/Orion/Documents/GitHub/ece385/lab_7/lab_7.srcs/sources_1/imports/design_source/Color_Mapper.sv" into library xil_defaultlib
INFO: [VRFC 10-311] analyzing module color_mapper
INFO: [VRFC 10-2263] Analyzing SystemVerilog file "C:/Users/Orion/Documents/GitHub/ece385/lab_7/lab_7.srcs/sources_1/imports/design_source/ball.sv" into library xil_defaultlib
INFO: [VRFC 10-311] analyzing module ball
INFO: [VRFC 10-2263] Analyzing SystemVerilog file "C:/Users/Orion/Documents/GitHub/ece385/lab_7/lab_7.srcs/sources_1/imports/lab_7_1_provided_fa24/font_rom.sv" into library xil_defaultlib
INFO: [VRFC 10-311] analyzing module font_rom
INFO: [VRFC 10-2263] Analyzing SystemVerilog file "C:/Users/Orion/Documents/GitHub/ece385/lab_7/lab_7.srcs/sources_1/imports/lab_7_1_provided_fa24/hdmi_text_controller_v1_0.sv" into library xil_defaultlib
INFO: [VRFC 10-311] analyzing module hdmi_text_controller_v1_0
INFO: [VRFC 10-2263] Analyzing SystemVerilog file "C:/Users/Orion/Documents/GitHub/ece385/lab_7/lab_7.srcs/sources_1/imports/lab_7_1_provided_fa24/hdmi_text_controller_v1_0_AXI.sv" into library xil_defaultlib
INFO: [VRFC 10-311] analyzing module hdmi_text_controller_v1_0_AXI
INFO: [VRFC 10-2263] Analyzing SystemVerilog file "C:/Users/Orion/Documents/GitHub/ece385/lab_7/lab_7.srcs/sources_1/imports/design_source/hex_driver.sv" into library xil_defaultlib
INFO: [VRFC 10-311] analyzing module hex_driver
INFO: [VRFC 10-311] analyzing module nibble_to_hex
INFO: [VRFC 10-2263] Analyzing SystemVerilog file "C:/Users/Orion/Documents/GitHub/ece385/lab_7/lab_7.srcs/sources_1/imports/lab_7_1_provided_fa24/mb_usb_hdmi_top.sv" into library xil_defaultlib
INFO: [VRFC 10-311] analyzing module mb_usb_hdmi_top
INFO: [VRFC 10-2263] Analyzing SystemVerilog file "C:/Users/Orion/Documents/GitHub/ece385/lab_7/lab_7.srcs/sim_1/imports/lab_7_1_provided_fa24/hdmi_text_controller_v1_0_tb.sv" into library xil_defaultlib
INFO: [VRFC 10-311] analyzing module hdmi_text_controller_tb
"xvhdl --incr --relax -prj hdmi_text_controller_tb_vhdl.prj"
INFO: [USF-XSim-69] 'compile' step finished in '4' seconds
INFO: [USF-XSim-3] XSim::Elaborate design
INFO: [USF-XSim-61] Executing 'ELABORATE' step in 'C:/Users/Orion/Documents/GitHub/ece385/lab_7/lab_7.sim/sim_1/behav/xsim'
"xelab --incr --debug typical --relax --mt 2 -L xil_defaultlib -L lmb_bram_if_cntlr_v4_0_21 -L axi_lite_ipif_v3_0_4 -L lib_pkg_v1_0_2 -L lib_srl_fifo_v1_0_2 -L lib_cdc_v1_0_2 -L axi_uartlite_v2_0_31 -L generic_baseblocks_v2_1_0 -L axi_infrastructure_v1_1_0 -L axi_register_slice_v2_1_27 -L fifo_generator_v13_2_7 -L axi_data_fifo_v2_1_26 -L axi_crossbar_v2_1_28 -L microblaze_v11_0_10 -L proc_sys_reset_v5_0_13 -L mdm_v3_2_23 -L lmb_v10_v3_0_12 -L blk_mem_gen_v8_4_5 -L axi_intc_v4_1_17 -L uvm -L unisims_ver -L unimacro_ver -L secureip -L xpm --snapshot hdmi_text_controller_tb_behav xil_defaultlib.hdmi_text_controller_tb xil_defaultlib.glbl -log elaborate.log"
Vivado Simulator v2022.2
Copyright 1986-1999, 2001-2022 Xilinx, Inc. All Rights Reserved.
Running: C:/Xilinx/Vivado/2022.2/bin/unwrapped/win64.o/xelab.exe --incr --debug typical --relax --mt 2 -L xil_defaultlib -L lmb_bram_if_cntlr_v4_0_21 -L axi_lite_ipif_v3_0_4 -L lib_pkg_v1_0_2 -L lib_srl_fifo_v1_0_2 -L lib_cdc_v1_0_2 -L axi_uartlite_v2_0_31 -L generic_baseblocks_v2_1_0 -L axi_infrastructure_v1_1_0 -L axi_register_slice_v2_1_27 -L fifo_generator_v13_2_7 -L axi_data_fifo_v2_1_26 -L axi_crossbar_v2_1_28 -L microblaze_v11_0_10 -L proc_sys_reset_v5_0_13 -L mdm_v3_2_23 -L lmb_v10_v3_0_12 -L blk_mem_gen_v8_4_5 -L axi_intc_v4_1_17 -L uvm -L unisims_ver -L unimacro_ver -L secureip -L xpm --snapshot hdmi_text_controller_tb_behav xil_defaultlib.hdmi_text_controller_tb xil_defaultlib.glbl -log elaborate.log 
Using 2 slave threads.
Starting static elaboration
Pass Through NonSizing Optimizer
WARNING: [VRFC 10-3091] actual bit length 32 differs from formal bit length 16 for port 'axi_awaddr' [C:/Users/Orion/Documents/GitHub/ece385/lab_7/lab_7.srcs/sim_1/imports/lab_7_1_provided_fa24/hdmi_text_controller_v1_0_tb.sv:74]
WARNING: [VRFC 10-3091] actual bit length 32 differs from formal bit length 16 for port 'axi_araddr' [C:/Users/Orion/Documents/GitHub/ece385/lab_7/lab_7.srcs/sim_1/imports/lab_7_1_provided_fa24/hdmi_text_controller_v1_0_tb.sv:88]
Completed static elaboration
Starting simulation data flow analysis
WARNING: [XSIM 43-4099] "C:/Users/Orion/Documents/GitHub/ece385/lab_7/lab_7.srcs/sources_1/imports/design_source/Color_Mapper.sv" Line 17. Module color_mapper doesn't have a timescale but at least one module in design has a timescale.
WARNING: [XSIM 43-4099] "C:/Users/Orion/Documents/GitHub/ece385/lab_7/lab_7.srcs/sources_1/imports/design_source/Color_Mapper.sv" Line 17. Module color_mapper doesn't have a timescale but at least one module in design has a timescale.
Completed simulation data flow analysis
Time Resolution for simulation is 1ps
Compiling module xil_defaultlib.hdmi_text_controller_v1_0_AXI(C_...
Compiling module unisims_ver.IBUF
Compiling module unisims_ver.MMCME2_ADV(CLKFBOUT_MULT_F=10.0,...
Compiling module unisims_ver.BUFG
Compiling module xil_defaultlib.clk_wiz_0_clk_wiz
Compiling module xil_defaultlib.clk_wiz_0
Compiling module xil_defaultlib.vga_controller
Compiling module unisims_ver.SRL16E_default
Compiling module xil_defaultlib.srldelay(WIDTH=40,TAPS=4'b1010)
Compiling module xil_defaultlib.encode_default
Compiling module xil_defaultlib.encode(CHANNEL="GREEN")
Compiling module xil_defaultlib.encode(CHANNEL="RED")
Compiling module unisims_ver.OSERDESE2(DATA_RATE_TQ="SDR",DAT...
Compiling module unisims_ver.OSERDESE2(DATA_RATE_TQ="SDR",DAT...
Compiling module xil_defaultlib.serdes_10_to_1
Compiling module unisims_ver.OBUFDS(IOSTANDARD="TMDS_33")
Compiling module xil_defaultlib.hdmi_tx_v1_0(C_RED_WIDTH=4,C_GRE...
Compiling module xil_defaultlib.hdmi_tx_0
Compiling module xil_defaultlib.color_mapper
Compiling module xil_defaultlib.hdmi_text_controller_v1_0(C_AXI_...
Compiling module xil_defaultlib.hdmi_text_controller_tb
Compiling module xil_defaultlib.glbl
Built simulation snapshot hdmi_text_controller_tb_behav
run_program: Time (s): cpu = 00:00:01 ; elapsed = 00:00:13 . Memory (MB): peak = 1921.539 ; gain = 0.000
INFO: [USF-XSim-69] 'elaborate' step finished in '13' seconds
INFO: [USF-XSim-4] XSim::Simulate design
INFO: [USF-XSim-61] Executing 'SIMULATE' step in 'C:/Users/Orion/Documents/GitHub/ece385/lab_7/lab_7.sim/sim_1/behav/xsim'
INFO: [USF-XSim-98] *** Running xsim
   with args "hdmi_text_controller_tb_behav -key {Behavioral:sim_1:Functional:hdmi_text_controller_tb} -tclbatch {hdmi_text_controller_tb.tcl} -protoinst "protoinst_files/mb_block_i.protoinst" -log {simulate.log}"
INFO: [USF-XSim-8] Loading simulator feature
INFO: [Wavedata 42-565] Reading protoinst file protoinst_files/mb_block_i.protoinst
WARNING: [Wavedata 42-558] Couldn't load one or more protocol instances from protoinst file protoinst_files/mb_block_i.protoinst for the following reason(s):
There are no instances of module "mb_block_i" in the design.

Time resolution is 1 ps
source hdmi_text_controller_tb.tcl
# set curr_wave [current_wave_config]
# if { [string length $curr_wave] == 0 } {
#   if { [llength [get_objects]] > 0} {
#     add_wave /
#     set_property needs_save false [current_wave_config]
#   } else {
#      send_msg_id Add_Wave-1 WARNING "No top level signals found. Simulator will start without a wave window. If you want to open a wave window go to 'File->New Waveform Configuration' or type 'create_wave_config' in the TCL console."
#   }
# }
WARNING: [Wavedata 42-489] Can't add object "/hdmi_text_controller_tb/bitmap" to the wave window because it has 10080000 bits, which exceeds the display limit of 65536 bits.  To change the display limit, use the command "set_property display_limit <new limit> [current_wave_config]".
# run all
Info: Read back of control register: 001f6000
Time: 192360 ns  Iteration: 0  Process: /hdmi_text_controller_tb/Initial258_901  Scope: hdmi_text_controller_tb.TEST_VECTORS  File: C:/Users/Orion/Documents/GitHub/ece385/lab_7/lab_7.srcs/sim_1/imports/lab_7_1_provided_fa24/hdmi_text_controller_v1_0_tb.sv Line: 284
$finish called at time : 192360 ns : File "C:/Users/Orion/Documents/GitHub/ece385/lab_7/lab_7.srcs/sim_1/imports/lab_7_1_provided_fa24/hdmi_text_controller_v1_0_tb.sv" Line 293
run: Time (s): cpu = 00:00:02 ; elapsed = 00:00:08 . Memory (MB): peak = 1921.539 ; gain = 0.000
xsim: Time (s): cpu = 00:00:03 ; elapsed = 00:00:12 . Memory (MB): peak = 1921.539 ; gain = 0.000
INFO: [USF-XSim-96] XSim completed. Design snapshot 'hdmi_text_controller_tb_behav' loaded.
INFO: [USF-XSim-97] XSim simulation ran for all
launch_simulation: Time (s): cpu = 00:00:05 ; elapsed = 00:00:32 . Memory (MB): peak = 1921.539 ; gain = 0.000
open_bd_design {C:/Users/Orion/Documents/GitHub/ece385/lab_7/lab_7.srcs/sources_1/bd/mb_block/mb_block_i.bd}
Reading block design file <C:/Users/Orion/Documents/GitHub/ece385/lab_7/lab_7.srcs/sources_1/bd/mb_block/mb_block_i.bd>...
Adding component instance block -- xilinx.com:ip:microblaze:11.0 - microblaze_0
Adding component instance block -- xilinx.com:ip:lmb_v10:3.0 - dlmb_v10
Adding component instance block -- xilinx.com:ip:lmb_v10:3.0 - ilmb_v10
Adding component instance block -- xilinx.com:ip:lmb_bram_if_cntlr:4.0 - dlmb_bram_if_cntlr
Adding component instance block -- xilinx.com:ip:lmb_bram_if_cntlr:4.0 - ilmb_bram_if_cntlr
Adding component instance block -- xilinx.com:ip:blk_mem_gen:8.4 - lmb_bram
Adding component instance block -- xilinx.com:ip:axi_interconnect:2.1 - microblaze_0_axi_periph
Adding component instance block -- xilinx.com:ip:axi_crossbar:2.1 - xbar
INFO: [Common 17-344] 'set_property' was cancelled
INFO: [BD 41-1808] Open Block Design has been cancelled.
INFO: [Common 17-344] 'open_bd_design' was cancelled
ipx::edit_ip_in_project -upgrade true -name hdmi_text_controller_v1_0_project -directory C:/Users/Orion/Documents/GitHub/ece385/lab_7/lab_7.tmp/hdmi_text_controller_v1_0_project c:/Users/Orion/Documents/GitHub/ece385/lab_7/ip_repo/hdmi_text_controller_1_0/component.xml
INFO: [ProjectBase 1-489] The host OS only allows 260 characters in a normal path. The project is stored in a path with more than 80 characters. If you experience issues with IP, Block Designs, or files not being found, please consider moving the project to a location with a shorter path. Alternately consider using the OS subst command to map part of the path to a drive letter.
Current project path is 'c:/users/orion/documents/github/ece385/lab_7/lab_7.tmp/hdmi_text_controller_v1_0_project'
INFO: [IP_Flow 19-234] Refreshing IP repositories
INFO: [IP_Flow 19-1704] No user IP repositories specified
INFO: [IP_Flow 19-2313] Loaded Vivado IP repository 'C:/Xilinx/Vivado/2022.2/data/ip'.
WARNING: [Board 49-26] cannot add Board Part xilinx.com:k26c:part0:1.2 available at C:/Xilinx/Vivado/2022.2/data/xhub/boards/XilinxBoardStore/boards/Xilinx/k26c/1.2/board.xml as part xck26-sfvc784-2lv-c specified in board_part file is either invalid or not available
WARNING: [Board 49-26] cannot add Board Part xilinx.com:k26c:part0:1.3 available at C:/Xilinx/Vivado/2022.2/data/xhub/boards/XilinxBoardStore/boards/Xilinx/k26c/1.3/board.xml as part xck26-sfvc784-2lv-c specified in board_part file is either invalid or not available
WARNING: [Board 49-26] cannot add Board Part xilinx.com:k26c:part0:1.4 available at C:/Xilinx/Vivado/2022.2/data/xhub/boards/XilinxBoardStore/boards/Xilinx/k26c/1.4/board.xml as part xck26-sfvc784-2lv-c specified in board_part file is either invalid or not available
WARNING: [Board 49-26] cannot add Board Part xilinx.com:k26i:part0:1.2 available at C:/Xilinx/Vivado/2022.2/data/xhub/boards/XilinxBoardStore/boards/Xilinx/k26i/1.2/board.xml as part xck26-sfvc784-2lvi-i specified in board_part file is either invalid or not available
WARNING: [Board 49-26] cannot add Board Part xilinx.com:k26i:part0:1.3 available at C:/Xilinx/Vivado/2022.2/data/xhub/boards/XilinxBoardStore/boards/Xilinx/k26i/1.3/board.xml as part xck26-sfvc784-2lvi-i specified in board_part file is either invalid or not available
WARNING: [Board 49-26] cannot add Board Part xilinx.com:k26i:part0:1.4 available at C:/Xilinx/Vivado/2022.2/data/xhub/boards/XilinxBoardStore/boards/Xilinx/k26i/1.4/board.xml as part xck26-sfvc784-2lvi-i specified in board_part file is either invalid or not available
WARNING: [Board 49-26] cannot add Board Part xilinx.com:kcu105:part0:1.6 available at C:/Xilinx/Vivado/2022.2/data/xhub/boards/XilinxBoardStore/boards/Xilinx/kcu105/1.6/board.xml as part xcku040-ffva1156-2-e specified in board_part file is either invalid or not available
WARNING: [Board 49-26] cannot add Board Part xilinx.com:kcu105:part0:1.7 available at C:/Xilinx/Vivado/2022.2/data/xhub/boards/XilinxBoardStore/boards/Xilinx/kcu105/1.7/board.xml as part xcku040-ffva1156-2-e specified in board_part file is either invalid or not available
WARNING: [Board 49-26] cannot add Board Part xilinx.com:kcu116:part0:1.4 available at C:/Xilinx/Vivado/2022.2/data/xhub/boards/XilinxBoardStore/boards/Xilinx/kcu116/1.4/board.xml as part xcku5p-ffvb676-2-e specified in board_part file is either invalid or not available
WARNING: [Board 49-26] cannot add Board Part xilinx.com:kcu116:part0:1.5 available at C:/Xilinx/Vivado/2022.2/data/xhub/boards/XilinxBoardStore/boards/Xilinx/kcu116/1.5/board.xml as part xcku5p-ffvb676-2-e specified in board_part file is either invalid or not available
WARNING: [Board 49-26] cannot add Board Part xilinx.com:kcu1500:part0:1.2 available at C:/Xilinx/Vivado/2022.2/data/xhub/boards/XilinxBoardStore/boards/Xilinx/kcu1500/1.2/board.xml as part xcku115-flvb2104-2-e specified in board_part file is either invalid or not available
WARNING: [Board 49-26] cannot add Board Part xilinx.com:kr260_som:part0:1.0 available at C:/Xilinx/Vivado/2022.2/data/xhub/boards/XilinxBoardStore/boards/Xilinx/kr260_som/1.0/board.xml as part xck26-sfvc784-2lv-c specified in board_part file is either invalid or not available
WARNING: [Board 49-26] cannot add Board Part xilinx.com:kr260_som:part0:1.1 available at C:/Xilinx/Vivado/2022.2/data/xhub/boards/XilinxBoardStore/boards/Xilinx/kr260_som/1.1/board.xml as part xck26-sfvc784-2lv-c specified in board_part file is either invalid or not available
WARNING: [Board 49-26] cannot add Board Part xilinx.com:kv260_som:part0:1.2 available at C:/Xilinx/Vivado/2022.2/data/xhub/boards/XilinxBoardStore/boards/Xilinx/kv260_som/1.2/board.xml as part xck26-sfvc784-2lv-c specified in board_part file is either invalid or not available
WARNING: [Board 49-26] cannot add Board Part xilinx.com:kv260_som:part0:1.3 available at C:/Xilinx/Vivado/2022.2/data/xhub/boards/XilinxBoardStore/boards/Xilinx/kv260_som/1.3/board.xml as part xck26-sfvc784-2lv-c specified in board_part file is either invalid or not available
WARNING: [Board 49-26] cannot add Board Part xilinx.com:kv260_som:part0:1.4 available at C:/Xilinx/Vivado/2022.2/data/xhub/boards/XilinxBoardStore/boards/Xilinx/kv260_som/1.4/board.xml as part xck26-sfvc784-2lv-c specified in board_part file is either invalid or not available
WARNING: [Board 49-26] cannot add Board Part xilinx.com:vck190:part0:2.2 available at C:/Xilinx/Vivado/2022.2/data/xhub/boards/XilinxBoardStore/boards/Xilinx/vck190/production/2.2/board.xml as part xcvc1902-vsva2197-2mp-e-s specified in board_part file is either invalid or not available
WARNING: [Board 49-26] cannot add Board Part xilinx.com:vck190:part0:3.0 available at C:/Xilinx/Vivado/2022.2/data/xhub/boards/XilinxBoardStore/boards/Xilinx/vck190/production/3.0/board.xml as part xcvc1902-vsva2197-2mp-e-s specified in board_part file is either invalid or not available
WARNING: [Board 49-26] cannot add Board Part xilinx.com:vck190:part0:3.1 available at C:/Xilinx/Vivado/2022.2/data/xhub/boards/XilinxBoardStore/boards/Xilinx/vck190/production/3.1/board.xml as part xcvc1902-vsva2197-2mp-e-s specified in board_part file is either invalid or not available
WARNING: [Board 49-26] cannot add Board Part xilinx.com:vck190_newl:part0:1.0 available at C:/Xilinx/Vivado/2022.2/data/xhub/boards/XilinxBoardStore/boards/Xilinx/vck190_newl/production/1.0/board.xml as part xcvc1902-vsva2197-2mp-e-s specified in board_part file is either invalid or not available
WARNING: [Board 49-26] cannot add Board Part xilinx.com:vcu108:part0:1.6 available at C:/Xilinx/Vivado/2022.2/data/xhub/boards/XilinxBoardStore/boards/Xilinx/vcu108/1.6/board.xml as part xcvu095-ffva2104-2-e specified in board_part file is either invalid or not available
WARNING: [Board 49-26] cannot add Board Part xilinx.com:vcu108:part0:1.7 available at C:/Xilinx/Vivado/2022.2/data/xhub/boards/XilinxBoardStore/boards/Xilinx/vcu108/1.7/board.xml as part xcvu095-ffva2104-2-e specified in board_part file is either invalid or not available
WARNING: [Board 49-26] cannot add Board Part xilinx.com:vcu110:part0:1.4 available at C:/Xilinx/Vivado/2022.2/data/xhub/boards/XilinxBoardStore/boards/Xilinx/vcu110/1.4/board.xml as part xcvu190-flgc2104-2-e specified in board_part file is either invalid or not available
WARNING: [Board 49-26] cannot add Board Part xilinx.com:vcu118:part0:2.0 available at C:/Xilinx/Vivado/2022.2/data/xhub/boards/XilinxBoardStore/boards/Xilinx/vcu118/2.0/board.xml as part xcvu9p-flga2104-2l-e specified in board_part file is either invalid or not available
WARNING: [Board 49-26] cannot add Board Part xilinx.com:vcu118:part0:2.3 available at C:/Xilinx/Vivado/2022.2/data/xhub/boards/XilinxBoardStore/boards/Xilinx/vcu118/2.3/board.xml as part xcvu9p-flga2104-2l-e specified in board_part file is either invalid or not available
WARNING: [Board 49-26] cannot add Board Part xilinx.com:vcu118:part0:2.4 available at C:/Xilinx/Vivado/2022.2/data/xhub/boards/XilinxBoardStore/boards/Xilinx/vcu118/2.4/board.xml as part xcvu9p-flga2104-2l-e specified in board_part file is either invalid or not available
WARNING: [Board 49-26] cannot add Board Part xilinx.com:vcu128:part0:1.0 available at C:/Xilinx/Vivado/2022.2/data/xhub/boards/XilinxBoardStore/boards/Xilinx/vcu128/production/1.0/board.xml as part xcvu37p-fsvh2892-2l-e specified in board_part file is either invalid or not available
WARNING: [Board 49-26] cannot add Board Part xilinx.com:vcu129:part0:1.0 available at C:/Xilinx/Vivado/2022.2/data/xhub/boards/XilinxBoardStore/boards/Xilinx/vcu129/production/1.0/board.xml as part xcvu29p-fsga2577-2l-e specified in board_part file is either invalid or not available
WARNING: [Board 49-26] cannot add Board Part xilinx.com:vcu1525:part0:1.3 available at C:/Xilinx/Vivado/2022.2/data/xhub/boards/XilinxBoardStore/boards/Xilinx/vcu1525/1.3/board.xml as part xcvu9p-fsgd2104-2l-e specified in board_part file is either invalid or not available
WARNING: [Board 49-26] cannot add Board Part xilinx.com:vek280_es:part0:1.0 available at C:/Xilinx/Vivado/2022.2/data/xhub/boards/XilinxBoardStore/boards/Xilinx/vek280/es/1.0/board.xml as part xcve2802-vsvh1760-2lp-e-s-es1 specified in board_part file is either invalid or not available
WARNING: [Board 49-26] cannot add Board Part xilinx.com:vermeo_t1_mpsoc:part0:1.0 available at C:/Xilinx/Vivado/2022.2/data/xhub/boards/XilinxBoardStore/boards/Xilinx/vermeo_t1_mpsoc/1.0/board.xml as part xczu19eg-ffvd1760-2l-e specified in board_part file is either invalid or not available
WARNING: [Board 49-26] cannot add Board Part xilinx.com:vermeo_t1_rfsoc:part0:1.0 available at C:/Xilinx/Vivado/2022.2/data/xhub/boards/XilinxBoardStore/boards/Xilinx/vermeo_t1_rfsoc/1.0/board.xml as part xczu21dr-ffvd1156-2l-e specified in board_part file is either invalid or not available
WARNING: [Board 49-26] cannot add Board Part xilinx.com:vhk158_es:part0:1.0 available at C:/Xilinx/Vivado/2022.2/data/xhub/boards/XilinxBoardStore/boards/Xilinx/vhk158/es/1.0/board.xml as part xcvh1582-vsva3697-2mp-e-s-es1 specified in board_part file is either invalid or not available
WARNING: [Board 49-26] cannot add Board Part xilinx.com:vmk180:part0:2.2 available at C:/Xilinx/Vivado/2022.2/data/xhub/boards/XilinxBoardStore/boards/Xilinx/vmk180/production/2.2/board.xml as part xcvm1802-vsva2197-2mp-e-s specified in board_part file is either invalid or not available
WARNING: [Board 49-26] cannot add Board Part xilinx.com:vmk180:part0:3.0 available at C:/Xilinx/Vivado/2022.2/data/xhub/boards/XilinxBoardStore/boards/Xilinx/vmk180/production/3.0/board.xml as part xcvm1802-vsva2197-2mp-e-s specified in board_part file is either invalid or not available
WARNING: [Board 49-26] cannot add Board Part xilinx.com:vmk180:part0:3.1 available at C:/Xilinx/Vivado/2022.2/data/xhub/boards/XilinxBoardStore/boards/Xilinx/vmk180/production/3.1/board.xml as part xcvm1802-vsva2197-2mp-e-s specified in board_part file is either invalid or not available
WARNING: [Board 49-26] cannot add Board Part xilinx.com:vmk180_newl:part0:1.0 available at C:/Xilinx/Vivado/2022.2/data/xhub/boards/XilinxBoardStore/boards/Xilinx/vmk180_newl/production/1.0/board.xml as part xcvm1802-vsva2197-2mp-e-s specified in board_part file is either invalid or not available
WARNING: [Board 49-26] cannot add Board Part xilinx.com:vpk120:part0:1.0 available at C:/Xilinx/Vivado/2022.2/data/xhub/boards/XilinxBoardStore/boards/Xilinx/vpk120/production/1.0/board.xml as part xcvp1202-vsva2785-2mp-e-s specified in board_part file is either invalid or not available
WARNING: [Board 49-26] cannot add Board Part xilinx.com:vpk120_es:part0:1.2 available at C:/Xilinx/Vivado/2022.2/data/xhub/boards/XilinxBoardStore/boards/Xilinx/vpk120/es/1.2/board.xml as part xcvp1202-vsva2785-2mp-e-s-es1 specified in board_part file is either invalid or not available
WARNING: [Board 49-26] cannot add Board Part xilinx.com:vpk120_es_revb:part0:1.0 available at C:/Xilinx/Vivado/2022.2/data/xhub/boards/XilinxBoardStore/boards/Xilinx/vpk120_revb/es/1.0/board.xml as part xcvp1202-vsva2785-2mp-e-s-es1 specified in board_part file is either invalid or not available
WARNING: [Board 49-26] cannot add Board Part xilinx.com:vpk180_es:part0:1.0 available at C:/Xilinx/Vivado/2022.2/data/xhub/boards/XilinxBoardStore/boards/Xilinx/vpk180/es/1.0/board.xml as part xcvp1802-lsvc4072-2mp-e-s-es1 specified in board_part file is either invalid or not available
WARNING: [Board 49-26] cannot add Board Part xilinx.com:zc702:part0:1.4 available at C:/Xilinx/Vivado/2022.2/data/xhub/boards/XilinxBoardStore/boards/Xilinx/zc702/1.4/board.xml as part xc7z020clg484-1 specified in board_part file is either invalid or not available
WARNING: [Board 49-26] cannot add Board Part xilinx.com:zc706:part0:1.4 available at C:/Xilinx/Vivado/2022.2/data/xhub/boards/XilinxBoardStore/boards/Xilinx/zc706/1.4/board.xml as part xc7z045ffg900-2 specified in board_part file is either invalid or not available
WARNING: [Board 49-26] cannot add Board Part xilinx.com:zcu102:part0:3.3 available at C:/Xilinx/Vivado/2022.2/data/xhub/boards/XilinxBoardStore/boards/Xilinx/zcu102/3.3/board.xml as part xczu9eg-ffvb1156-2-e specified in board_part file is either invalid or not available
WARNING: [Board 49-26] cannot add Board Part xilinx.com:zcu102:part0:3.4 available at C:/Xilinx/Vivado/2022.2/data/xhub/boards/XilinxBoardStore/boards/Xilinx/zcu102/3.4/board.xml as part xczu9eg-ffvb1156-2-e specified in board_part file is either invalid or not available
WARNING: [Board 49-26] cannot add Board Part xilinx.com:zcu104:part0:1.1 available at C:/Xilinx/Vivado/2022.2/data/xhub/boards/XilinxBoardStore/boards/Xilinx/zcu104/1.1/board.xml as part xczu7ev-ffvc1156-2-e specified in board_part file is either invalid or not available
WARNING: [Board 49-26] cannot add Board Part xilinx.com:zcu106:part0:2.4 available at C:/Xilinx/Vivado/2022.2/data/xhub/boards/XilinxBoardStore/boards/Xilinx/zcu106/2.4/board.xml as part xczu7ev-ffvc1156-2-e specified in board_part file is either invalid or not available
WARNING: [Board 49-26] cannot add Board Part xilinx.com:zcu106:part0:2.5 available at C:/Xilinx/Vivado/2022.2/data/xhub/boards/XilinxBoardStore/boards/Xilinx/zcu106/2.5/board.xml as part xczu7ev-ffvc1156-2-e specified in board_part file is either invalid or not available
WARNING: [Board 49-26] cannot add Board Part xilinx.com:zcu106:part0:2.6 available at C:/Xilinx/Vivado/2022.2/data/xhub/boards/XilinxBoardStore/boards/Xilinx/zcu106/2.6/board.xml as part xczu7ev-ffvc1156-2-e specified in board_part file is either invalid or not available
WARNING: [Board 49-26] cannot add Board Part xilinx.com:zcu111:part0:1.2 available at C:/Xilinx/Vivado/2022.2/data/xhub/boards/XilinxBoardStore/boards/Xilinx/zcu111/1.2/board.xml as part xczu28dr-ffvg1517-2-e specified in board_part file is either invalid or not available
WARNING: [Board 49-26] cannot add Board Part xilinx.com:zcu111:part0:1.3 available at C:/Xilinx/Vivado/2022.2/data/xhub/boards/XilinxBoardStore/boards/Xilinx/zcu111/1.3/board.xml as part xczu28dr-ffvg1517-2-e specified in board_part file is either invalid or not available
WARNING: [Board 49-26] cannot add Board Part xilinx.com:zcu111:part0:1.4 available at C:/Xilinx/Vivado/2022.2/data/xhub/boards/XilinxBoardStore/boards/Xilinx/zcu111/1.4/board.xml as part xczu28dr-ffvg1517-2-e specified in board_part file is either invalid or not available
WARNING: [Board 49-26] cannot add Board Part xilinx.com:zcu1275:part0:1.0 available at C:/Xilinx/Vivado/2022.2/data/xhub/boards/XilinxBoardStore/boards/Xilinx/zcu1275/1.0/board.xml as part xczu29dr-ffvf1760-2-e specified in board_part file is either invalid or not available
WARNING: [Board 49-26] cannot add Board Part xilinx.com:zcu1285:part0:1.0 available at C:/Xilinx/Vivado/2022.2/data/xhub/boards/XilinxBoardStore/boards/Xilinx/zcu1285/1.0/board.xml as part xczu39dr-ffvf1760-2-i specified in board_part file is either invalid or not available
WARNING: [Board 49-26] cannot add Board Part xilinx.com:zcu208:part0:2.0 available at C:/Xilinx/Vivado/2022.2/data/xhub/boards/XilinxBoardStore/boards/Xilinx/zcu208/production/2.0/board.xml as part xczu48dr-fsvg1517-2-e specified in board_part file is either invalid or not available
WARNING: [Board 49-26] cannot add Board Part xilinx.com:zcu208ld:part0:2.0 available at C:/Xilinx/Vivado/2022.2/data/xhub/boards/XilinxBoardStore/boards/Xilinx/zcu208ld/production/2.0/board.xml as part xczu58dr-fsvg1517-2-i specified in board_part file is either invalid or not available
WARNING: [Board 49-26] cannot add Board Part xilinx.com:zcu216:part0:2.0 available at C:/Xilinx/Vivado/2022.2/data/xhub/boards/XilinxBoardStore/boards/Xilinx/zcu216/production/2.0/board.xml as part xczu49dr-ffvf1760-2-e specified in board_part file is either invalid or not available
WARNING: [Board 49-26] cannot add Board Part xilinx.com:zcu216ld:part0:2.0 available at C:/Xilinx/Vivado/2022.2/data/xhub/boards/XilinxBoardStore/boards/Xilinx/zcu216ld/production/2.0/board.xml as part xczu59dr-ffvf1760-2-i specified in board_part file is either invalid or not available
WARNING: [Board 49-26] cannot add Board Part xilinx.com:zcu670:part0:2.0 available at C:/Xilinx/Vivado/2022.2/data/xhub/boards/XilinxBoardStore/boards/Xilinx/zcu670/2.0/board.xml as part xczu67dr-fsve1156-2-i specified in board_part file is either invalid or not available
WARNING: [Board 49-26] cannot add Board Part xilinx.com:zcu670ld:part0:1.0 available at C:/Xilinx/Vivado/2022.2/data/xhub/boards/XilinxBoardStore/boards/Xilinx/zcu670ld/1.0/board.xml as part xczu57dr-fsve1156-2-i specified in board_part file is either invalid or not available
create_project: Time (s): cpu = 00:00:04 ; elapsed = 00:00:06 . Memory (MB): peak = 1975.414 ; gain = 0.000
INFO: [IP_Flow 19-234] Refreshing IP repositories
INFO: [IP_Flow 19-1700] Loaded user IP repository 'c:/Users/Orion/Documents/GitHub/ece385/lab_7/ip_repo/hdmi_text_controller_1_0'.
INFO: [IP_Flow 19-1700] Loaded user IP repository 'c:/Users/Orion/Documents/GitHub/ece385/lab_7/hdmi_tx_1.0'.
INFO: [IP_Flow 19-795] Syncing license key meta-data
ipx::edit_ip_in_project: Time (s): cpu = 00:00:06 ; elapsed = 00:00:08 . Memory (MB): peak = 1975.414 ; gain = 0.000
update_compile_order -fileset sources_1
current_project lab_7
current_project hdmi_text_controller_v1_0_project
set_property SOURCE_SET sources_1 [get_filesets sim_1]
add_files -fileset sim_1 -norecurse -scan_for_includes -copy_to c:/Users/Orion/Documents/GitHub/ece385/lab_7/ip_repo/hdmi_text_controller_1_0/src C:/Users/Orion/Documents/GitHub/ece385/lab_7/lab_7.srcs/sim_1/imports/lab_7_1_provided_fa24/hdmi_text_controller_v1_0_tb.sv
ERROR: [Common 17-69] Command failed: '-scan_for_includes' and '-copy_to' are mutually exclusive and cannot be paired together.

set_property SOURCE_SET sources_1 [get_filesets sim_1]
add_files -fileset sim_1 -norecurse -scan_for_includes C:/Users/Orion/Documents/GitHub/ece385/lab_7/lab_7.srcs/sim_1/imports/lab_7_1_provided_fa24/hdmi_text_controller_v1_0_tb.sv
update_compile_order -fileset sim_1
update_compile_order -fileset sim_1
ipx::merge_project_changes files [ipx::current_core]
WARNING: [IP_Flow 19-5226] Project source file 'c:/Users/Orion/Documents/GitHub/ece385/lab_7/ip_repo/hdmi_text_controller_1_0/component.xml' ignored by IP packager.
ipx::add_file C:/Users/Orion/Documents/GitHub/ece385/lab_7/lab_7.srcs/sim_1/imports/lab_7_1_provided_fa24/hdmi_text_controller_v1_0_tb.sv [ipx::get_file_groups xilinx_verilogbehavioralsimulation -of_objects [ipx::current_core]]
WARNING: [Ipptcl 7-1550] All additional files should be added in a directory below the IP definition file (xml)
set_property type systemVerilogSource [ipx::get_files ../../lab_7.srcs/sim_1/imports/lab_7_1_provided_fa24/hdmi_text_controller_v1_0_tb.sv -of_objects [ipx::get_file_groups xilinx_verilogbehavioralsimulation -of_objects [ipx::current_core]]]
set_property library_name xil_defaultlib [ipx::get_files ../../lab_7.srcs/sim_1/imports/lab_7_1_provided_fa24/hdmi_text_controller_v1_0_tb.sv -of_objects [ipx::get_file_groups xilinx_verilogbehavioralsimulation -of_objects [ipx::current_core]]]
INFO: [Simtcl 6-16] Simulation closed
launch_simulation
Command: launch_simulation 
INFO: [Vivado 12-12493] Simulation top is 'hdmi_text_controller_tb'
WARNING: [Vivado 12-13340] Unable to auto find GCC executables from simulator install path! (path not set)
WARNING: [Vivado 12-13277] Compiled library path does not exist: ''
INFO: [Vivado 12-5682] Launching behavioral simulation in 'c:/users/orion/documents/github/ece385/lab_7/lab_7.tmp/hdmi_text_controller_v1_0_project/hdmi_text_controller_v1_0_project.sim/sim_1/behav/xsim'
INFO: [SIM-utils-51] Simulation object is 'sim_1'
INFO: [SIM-utils-72] Using boost library from 'C:/Xilinx/Vivado/2022.2/tps/boost_1_72_0'
INFO: [SIM-utils-54] Inspecting design source files for 'hdmi_text_controller_tb' in fileset 'sim_1'...
INFO: [USF-XSim-97] Finding global include files...
INFO: [USF-XSim-98] Fetching design files from 'sim_1'...
INFO: [USF-XSim-2] XSim::Compile design
INFO: [USF-XSim-61] Executing 'COMPILE and ANALYZE' step in 'c:/users/orion/documents/github/ece385/lab_7/lab_7.tmp/hdmi_text_controller_v1_0_project/hdmi_text_controller_v1_0_project.sim/sim_1/behav/xsim'
"xvlog --incr --relax -L uvm -prj hdmi_text_controller_tb_vlog.prj"
ERROR: [XSIM 43-3268] Logical library name '"../../../../../../ip_repo/hdmi_text_controller_1_0/src/hdmi_text_controller_v1_0.sv"' should not contain white space, new line, /, \, = or .
ERROR: [XSIM 43-3217] hdmi_text_controller_tb_vlog.prj (line 2): Incorrect project file syntax. Correct syntax is one of: vhdl <worklib> <file>, verilog <worklib> <file> [<file> ...] [[-d <macro>] ...] [[-i <include>] ...], or NOSORT. Presence of NOSORT on a line of its own disables file order sorting.
INFO: [USF-XSim-69] 'compile' step finished in '2' seconds
INFO: [USF-XSim-99] Step results log file:'C:/Users/Orion/Documents/GitHub/ece385/lab_7/lab_7.tmp/hdmi_text_controller_v1_0_project/hdmi_text_controller_v1_0_project.sim/sim_1/behav/xsim/xvlog.log'
ERROR: [USF-XSim-62] 'compile' step failed with error(s). Please check the Tcl console output or 'C:/Users/Orion/Documents/GitHub/ece385/lab_7/lab_7.tmp/hdmi_text_controller_v1_0_project/hdmi_text_controller_v1_0_project.sim/sim_1/behav/xsim/xvlog.log' file for more information.
ERROR: [Vivado 12-4473] Detected error while running simulation. Please correct the issue and retry this operation.
ERROR: [Common 17-39] 'launch_simulation' failed due to earlier errors.
ipx::reorder_files -after src/hdmi_text_controller_v1_0.sv ../../lab_7.srcs/sim_1/imports/lab_7_1_provided_fa24/hdmi_text_controller_v1_0_tb.sv [ipx::get_file_groups xilinx_verilogbehavioralsimulation -of_objects [ipx::current_core]]
ipx::remove_file ../../lab_7.srcs/sim_1/imports/lab_7_1_provided_fa24/hdmi_text_controller_v1_0_tb.sv [ipx::get_file_groups xilinx_verilogbehavioralsimulation -of_objects [ipx::current_core]]
file copy C:/Users/Orion/Documents/GitHub/ece385/lab_7/lab_7.srcs/sim_1/imports/lab_7_1_provided_fa24/hdmi_text_controller_v1_0_tb.sv c:/Users/Orion/Documents/GitHub/ece385/lab_7/ip_repo/hdmi_text_controller_1_0/src
ipx::add_file c:/Users/Orion/Documents/GitHub/ece385/lab_7/ip_repo/hdmi_text_controller_1_0/src/hdmi_text_controller_v1_0_tb.sv [ipx::get_file_groups xilinx_verilogbehavioralsimulation -of_objects [ipx::current_core]]
set_property type systemVerilogSource [ipx::get_files src/hdmi_text_controller_v1_0_tb.sv -of_objects [ipx::get_file_groups xilinx_verilogbehavioralsimulation -of_objects [ipx::current_core]]]
set_property library_name xil_defaultlib [ipx::get_files src/hdmi_text_controller_v1_0_tb.sv -of_objects [ipx::get_file_groups xilinx_verilogbehavioralsimulation -of_objects [ipx::current_core]]]
launch_simulation
Command: launch_simulation 
INFO: [Vivado 12-12493] Simulation top is 'hdmi_text_controller_tb'
WARNING: [Vivado 12-13340] Unable to auto find GCC executables from simulator install path! (path not set)
WARNING: [Vivado 12-13277] Compiled library path does not exist: ''
INFO: [Vivado 12-5682] Launching behavioral simulation in 'c:/users/orion/documents/github/ece385/lab_7/lab_7.tmp/hdmi_text_controller_v1_0_project/hdmi_text_controller_v1_0_project.sim/sim_1/behav/xsim'
INFO: [SIM-utils-51] Simulation object is 'sim_1'
INFO: [SIM-utils-72] Using boost library from 'C:/Xilinx/Vivado/2022.2/tps/boost_1_72_0'
INFO: [SIM-utils-54] Inspecting design source files for 'hdmi_text_controller_tb' in fileset 'sim_1'...
INFO: [USF-XSim-97] Finding global include files...
INFO: [USF-XSim-98] Fetching design files from 'sim_1'...
INFO: [USF-XSim-2] XSim::Compile design
INFO: [USF-XSim-61] Executing 'COMPILE and ANALYZE' step in 'c:/users/orion/documents/github/ece385/lab_7/lab_7.tmp/hdmi_text_controller_v1_0_project/hdmi_text_controller_v1_0_project.sim/sim_1/behav/xsim'
"xvlog --incr --relax -L uvm -prj hdmi_text_controller_tb_vlog.prj"
ERROR: [XSIM 43-3268] Logical library name '"../../../../../../ip_repo/hdmi_text_controller_1_0/src/hdmi_text_controller_v1_0.sv"' should not contain white space, new line, /, \, = or .
ERROR: [XSIM 43-3217] hdmi_text_controller_tb_vlog.prj (line 2): Incorrect project file syntax. Correct syntax is one of: vhdl <worklib> <file>, verilog <worklib> <file> [<file> ...] [[-d <macro>] ...] [[-i <include>] ...], or NOSORT. Presence of NOSORT on a line of its own disables file order sorting.
INFO: [USF-XSim-69] 'compile' step finished in '3' seconds
INFO: [USF-XSim-99] Step results log file:'C:/Users/Orion/Documents/GitHub/ece385/lab_7/lab_7.tmp/hdmi_text_controller_v1_0_project/hdmi_text_controller_v1_0_project.sim/sim_1/behav/xsim/xvlog.log'
ERROR: [USF-XSim-62] 'compile' step failed with error(s). Please check the Tcl console output or 'C:/Users/Orion/Documents/GitHub/ece385/lab_7/lab_7.tmp/hdmi_text_controller_v1_0_project/hdmi_text_controller_v1_0_project.sim/sim_1/behav/xsim/xvlog.log' file for more information.
ERROR: [Vivado 12-4473] Detected error while running simulation. Please correct the issue and retry this operation.
ERROR: [Common 17-39] 'launch_simulation' failed due to earlier errors.
create_ip -name hdmi_tx -vendor realdigital.org -library realdigital -version 1.0 -module_name hdmi_tx_0 -dir c:/Users/Orion/Documents/GitHub/ece385/lab_7/ip_repo/hdmi_text_controller_1_0/src
set_property -dict [list \
  CONFIG.C_BLUE_WIDTH {4} \
  CONFIG.C_GREEN_WIDTH {4} \
  CONFIG.C_RED_WIDTH {4} \
  CONFIG.MODE {HDMI} \
] [get_ips hdmi_tx_0]
generate_target {instantiation_template} [get_files c:/Users/Orion/Documents/GitHub/ece385/lab_7/ip_repo/hdmi_text_controller_1_0/src/hdmi_tx_0/hdmi_tx_0.xci]
INFO: [IP_Flow 19-1686] Generating 'Instantiation Template' target for IP 'hdmi_tx_0'...
generate_target all [get_files  c:/Users/Orion/Documents/GitHub/ece385/lab_7/ip_repo/hdmi_text_controller_1_0/src/hdmi_tx_0/hdmi_tx_0.xci]
INFO: [IP_Flow 19-1686] Generating 'Synthesis' target for IP 'hdmi_tx_0'...
INFO: [IP_Flow 19-1686] Generating 'Simulation' target for IP 'hdmi_tx_0'...
catch { config_ip_cache -export [get_ips -all hdmi_tx_0] }
INFO: [IP_Flow 19-6924] IPCACHE: Running cache check for IP inst: hdmi_tx_0
export_ip_user_files -of_objects [get_files c:/Users/Orion/Documents/GitHub/ece385/lab_7/ip_repo/hdmi_text_controller_1_0/src/hdmi_tx_0/hdmi_tx_0.xci] -no_script -sync -force -quiet
create_ip_run [get_files -of_objects [get_fileset sources_1] c:/Users/Orion/Documents/GitHub/ece385/lab_7/ip_repo/hdmi_text_controller_1_0/src/hdmi_tx_0/hdmi_tx_0.xci]
launch_runs hdmi_tx_0_synth_1 -jobs 6
INFO: [IP_Flow 19-6924] IPCACHE: Running cache check for IP inst: hdmi_tx_0
[Tue Oct 29 18:27:48 2024] Launched hdmi_tx_0_synth_1...
Run output will be captured here: c:/users/orion/documents/github/ece385/lab_7/lab_7.tmp/hdmi_text_controller_v1_0_project/hdmi_text_controller_v1_0_project.runs/hdmi_tx_0_synth_1/runme.log
export_simulation -of_objects [get_files c:/Users/Orion/Documents/GitHub/ece385/lab_7/ip_repo/hdmi_text_controller_1_0/src/hdmi_tx_0/hdmi_tx_0.xci] -directory c:/users/orion/documents/github/ece385/lab_7/lab_7.tmp/hdmi_text_controller_v1_0_project/hdmi_text_controller_v1_0_project.ip_user_files/sim_scripts -ip_user_files_dir c:/users/orion/documents/github/ece385/lab_7/lab_7.tmp/hdmi_text_controller_v1_0_project/hdmi_text_controller_v1_0_project.ip_user_files -ipstatic_source_dir c:/users/orion/documents/github/ece385/lab_7/lab_7.tmp/hdmi_text_controller_v1_0_project/hdmi_text_controller_v1_0_project.ip_user_files/ipstatic -lib_map_path [list {modelsim=c:/users/orion/documents/github/ece385/lab_7/lab_7.tmp/hdmi_text_controller_v1_0_project/hdmi_text_controller_v1_0_project.cache/compile_simlib/modelsim} {questa=c:/users/orion/documents/github/ece385/lab_7/lab_7.tmp/hdmi_text_controller_v1_0_project/hdmi_text_controller_v1_0_project.cache/compile_simlib/questa} {riviera=c:/users/orion/documents/github/ece385/lab_7/lab_7.tmp/hdmi_text_controller_v1_0_project/hdmi_text_controller_v1_0_project.cache/compile_simlib/riviera} {activehdl=c:/users/orion/documents/github/ece385/lab_7/lab_7.tmp/hdmi_text_controller_v1_0_project/hdmi_text_controller_v1_0_project.cache/compile_simlib/activehdl}] -use_ip_compiled_libs -force -quiet
current_project lab_7
current_project hdmi_text_controller_v1_0_project
create_ip -name clk_wiz -vendor xilinx.com -library ip -version 6.0 -module_name clk_wiz_0 -dir c:/Users/Orion/Documents/GitHub/ece385/lab_7/ip_repo/hdmi_text_controller_1_0/src
set_property -dict [list \
  CONFIG.CLKOUT1_JITTER {175.402} \
  CONFIG.CLKOUT1_REQUESTED_OUT_FREQ {25} \
  CONFIG.CLKOUT2_JITTER {125.247} \
  CONFIG.CLKOUT2_PHASE_ERROR {98.575} \
  CONFIG.CLKOUT2_REQUESTED_OUT_FREQ {125} \
  CONFIG.CLKOUT2_USED {true} \
  CONFIG.MMCM_CLKOUT0_DIVIDE_F {40.000} \
  CONFIG.MMCM_CLKOUT1_DIVIDE {8} \
  CONFIG.NUM_OUT_CLKS {2} \
] [get_ips clk_wiz_0]
generate_target {instantiation_template} [get_files c:/Users/Orion/Documents/GitHub/ece385/lab_7/ip_repo/hdmi_text_controller_1_0/src/clk_wiz_0/clk_wiz_0.xci]
INFO: [IP_Flow 19-1686] Generating 'Instantiation Template' target for IP 'clk_wiz_0'...
generate_target all [get_files  c:/Users/Orion/Documents/GitHub/ece385/lab_7/ip_repo/hdmi_text_controller_1_0/src/clk_wiz_0/clk_wiz_0.xci]
INFO: [IP_Flow 19-1686] Generating 'Synthesis' target for IP 'clk_wiz_0'...
INFO: [IP_Flow 19-1686] Generating 'Simulation' target for IP 'clk_wiz_0'...
INFO: [IP_Flow 19-1686] Generating 'Implementation' target for IP 'clk_wiz_0'...
INFO: [IP_Flow 19-1686] Generating 'Change Log' target for IP 'clk_wiz_0'...
catch { config_ip_cache -export [get_ips -all clk_wiz_0] }
INFO: [IP_Flow 19-6924] IPCACHE: Running cache check for IP inst: clk_wiz_0
export_ip_user_files -of_objects [get_files c:/Users/Orion/Documents/GitHub/ece385/lab_7/ip_repo/hdmi_text_controller_1_0/src/clk_wiz_0/clk_wiz_0.xci] -no_script -sync -force -quiet
create_ip_run [get_files -of_objects [get_fileset sources_1] c:/Users/Orion/Documents/GitHub/ece385/lab_7/ip_repo/hdmi_text_controller_1_0/src/clk_wiz_0/clk_wiz_0.xci]
launch_runs clk_wiz_0_synth_1 -jobs 6
INFO: [IP_Flow 19-6924] IPCACHE: Running cache check for IP inst: clk_wiz_0
[Tue Oct 29 18:28:40 2024] Launched clk_wiz_0_synth_1...
Run output will be captured here: c:/users/orion/documents/github/ece385/lab_7/lab_7.tmp/hdmi_text_controller_v1_0_project/hdmi_text_controller_v1_0_project.runs/clk_wiz_0_synth_1/runme.log
export_simulation -of_objects [get_files c:/Users/Orion/Documents/GitHub/ece385/lab_7/ip_repo/hdmi_text_controller_1_0/src/clk_wiz_0/clk_wiz_0.xci] -directory c:/users/orion/documents/github/ece385/lab_7/lab_7.tmp/hdmi_text_controller_v1_0_project/hdmi_text_controller_v1_0_project.ip_user_files/sim_scripts -ip_user_files_dir c:/users/orion/documents/github/ece385/lab_7/lab_7.tmp/hdmi_text_controller_v1_0_project/hdmi_text_controller_v1_0_project.ip_user_files -ipstatic_source_dir c:/users/orion/documents/github/ece385/lab_7/lab_7.tmp/hdmi_text_controller_v1_0_project/hdmi_text_controller_v1_0_project.ip_user_files/ipstatic -lib_map_path [list {modelsim=c:/users/orion/documents/github/ece385/lab_7/lab_7.tmp/hdmi_text_controller_v1_0_project/hdmi_text_controller_v1_0_project.cache/compile_simlib/modelsim} {questa=c:/users/orion/documents/github/ece385/lab_7/lab_7.tmp/hdmi_text_controller_v1_0_project/hdmi_text_controller_v1_0_project.cache/compile_simlib/questa} {riviera=c:/users/orion/documents/github/ece385/lab_7/lab_7.tmp/hdmi_text_controller_v1_0_project/hdmi_text_controller_v1_0_project.cache/compile_simlib/riviera} {activehdl=c:/users/orion/documents/github/ece385/lab_7/lab_7.tmp/hdmi_text_controller_v1_0_project/hdmi_text_controller_v1_0_project.cache/compile_simlib/activehdl}] -use_ip_compiled_libs -force -quiet
