TRACE::2024-10-30.04:48:13::SCWPlatform::Trying to open the hw design at C:/Users/Orion/Documents/GitHub/ece385/lab_7/workspace/mb_usb_hdmi_top/hw/mb_usb_hdmi_top.xsa
TRACE::2024-10-30.04:48:13::SCWPlatform::DSA given C:/Users/Orion/Documents/GitHub/ece385/lab_7/workspace/mb_usb_hdmi_top/hw/mb_usb_hdmi_top.xsa
TRACE::2024-10-30.04:48:13::SCWPlatform::DSA absoulate path C:/Users/Orion/Documents/GitHub/ece385/lab_7/workspace/mb_usb_hdmi_top/hw/mb_usb_hdmi_top.xsa
TRACE::2024-10-30.04:48:13::SCWPlatform::DSA directory C:/Users/Orion/Documents/GitHub/ece385/lab_7/workspace/mb_usb_hdmi_top/hw
TRACE::2024-10-30.04:48:13::SCWPlatform:: Platform Path C:/Users/Orion/Documents/GitHub/ece385/lab_7/workspace/mb_usb_hdmi_top/hw/mb_usb_hdmi_top.xsa
TRACE::2024-10-30.04:48:13::SCWPlatform:: Unique name xilinx:::0.0
TRACE::2024-10-30.04:48:13::SCWPlatform::Do not have an existing db opened. 
TRACE::2024-10-30.04:48:13::SCWPlatform::Opened new HwDB with name mb_usb_hdmi_top_0
TRACE::2024-10-30.04:48:13::SCWWriter::formatted JSON is {
	"platformName":	"mb_usb_hdmi_top",
	"sprVersion":	"2.0",
	"mode":	"gui",
	"dsaType":	"Fixed",
	"platformDesc":	"mb_usb_hdmi_top",
	"platHandOff":	"C:/Users/Orion/Documents/GitHub/ece385/lab_7/mb_usb_hdmi_top.xsa",
	"platIntHandOff":	"<platformDir>/hw/mb_usb_hdmi_top.xsa",
	"deviceType":	"FPGA",
	"platIsPrebuiltAutogen":	"false",
	"platIsNoBootBsp":	"false",
	"hasFsblMakeHasChanges":	"false",
	"hasPmufwMakeHasChanges":	"false",
	"platPreBuiltFlag":	false,
	"platformSamplesDir":	""
}
TRACE::2024-10-30.04:48:13::SCWWriter::formatted JSON is {
	"platformName":	"mb_usb_hdmi_top",
	"sprVersion":	"2.0",
	"mode":	"gui",
	"dsaType":	"Fixed",
	"platformDesc":	"mb_usb_hdmi_top",
	"platHandOff":	"C:/Users/Orion/Documents/GitHub/ece385/lab_7/mb_usb_hdmi_top.xsa",
	"platIntHandOff":	"<platformDir>/hw/mb_usb_hdmi_top.xsa",
	"deviceType":	"FPGA",
	"platIsPrebuiltAutogen":	"false",
	"platIsNoBootBsp":	"false",
	"hasFsblMakeHasChanges":	"false",
	"hasPmufwMakeHasChanges":	"false",
	"platPreBuiltFlag":	false,
	"platformSamplesDir":	"",
	"platActiveSys":	"mb_usb_hdmi_top",
	"systems":	[{
			"systemName":	"mb_usb_hdmi_top",
			"systemDesc":	"mb_usb_hdmi_top",
			"sysIsBootAutoGen":	"true",
			"systemDispName":	"mb_usb_hdmi_top"
		}]
}
TRACE::2024-10-30.04:48:13::SCWPlatform::Boot application domains not present, creating them
TRACE::2024-10-30.04:48:13::SCWPlatform::Pure FPGA device, no boot application will be created.
TRACE::2024-10-30.04:48:13::SCWWriter::formatted JSON is {
	"platformName":	"mb_usb_hdmi_top",
	"sprVersion":	"2.0",
	"mode":	"gui",
	"dsaType":	"Fixed",
	"platformDesc":	"mb_usb_hdmi_top",
	"platHandOff":	"C:/Users/Orion/Documents/GitHub/ece385/lab_7/mb_usb_hdmi_top.xsa",
	"platIntHandOff":	"<platformDir>/hw/mb_usb_hdmi_top.xsa",
	"deviceType":	"FPGA",
	"platIsPrebuiltAutogen":	"false",
	"platIsNoBootBsp":	"false",
	"hasFsblMakeHasChanges":	"false",
	"hasPmufwMakeHasChanges":	"false",
	"platPreBuiltFlag":	false,
	"platformSamplesDir":	"",
	"platActiveSys":	"mb_usb_hdmi_top",
	"systems":	[{
			"systemName":	"mb_usb_hdmi_top",
			"systemDesc":	"mb_usb_hdmi_top",
			"sysIsBootAutoGen":	"true",
			"systemDispName":	"mb_usb_hdmi_top"
		}]
}
TRACE::2024-10-30.04:48:13::SCWWriter::formatted JSON is {
	"platformName":	"mb_usb_hdmi_top",
	"sprVersion":	"2.0",
	"mode":	"gui",
	"dsaType":	"Fixed",
	"platformDesc":	"mb_usb_hdmi_top",
	"platHandOff":	"C:/Users/Orion/Documents/GitHub/ece385/lab_7/mb_usb_hdmi_top.xsa",
	"platIntHandOff":	"<platformDir>/hw/mb_usb_hdmi_top.xsa",
	"deviceType":	"FPGA",
	"platIsPrebuiltAutogen":	"false",
	"platIsNoBootBsp":	"false",
	"hasFsblMakeHasChanges":	"false",
	"hasPmufwMakeHasChanges":	"false",
	"platPreBuiltFlag":	false,
	"platformSamplesDir":	"",
	"platActiveSys":	"mb_usb_hdmi_top",
	"systems":	[{
			"systemName":	"mb_usb_hdmi_top",
			"systemDesc":	"mb_usb_hdmi_top",
			"sysIsBootAutoGen":	"true",
			"systemDispName":	"mb_usb_hdmi_top"
		}]
}
TRACE::2024-10-30.04:48:13::SCWPlatform::Trying to open the hw design at C:/Users/Orion/Documents/GitHub/ece385/lab_7/workspace/mb_usb_hdmi_top/hw/mb_usb_hdmi_top.xsa
TRACE::2024-10-30.04:48:13::SCWPlatform::DSA given C:/Users/Orion/Documents/GitHub/ece385/lab_7/workspace/mb_usb_hdmi_top/hw/mb_usb_hdmi_top.xsa
TRACE::2024-10-30.04:48:13::SCWPlatform::DSA absoulate path C:/Users/Orion/Documents/GitHub/ece385/lab_7/workspace/mb_usb_hdmi_top/hw/mb_usb_hdmi_top.xsa
TRACE::2024-10-30.04:48:13::SCWPlatform::DSA directory C:/Users/Orion/Documents/GitHub/ece385/lab_7/workspace/mb_usb_hdmi_top/hw
TRACE::2024-10-30.04:48:13::SCWPlatform:: Platform Path C:/Users/Orion/Documents/GitHub/ece385/lab_7/workspace/mb_usb_hdmi_top/hw/mb_usb_hdmi_top.xsa
TRACE::2024-10-30.04:48:13::SCWPlatform:: Unique name xilinx:::0.0
TRACE::2024-10-30.04:48:13::SCWPlatform::Trying to set the existing hwdb with name mb_usb_hdmi_top_0
TRACE::2024-10-30.04:48:13::SCWPlatform::Opened existing hwdb mb_usb_hdmi_top_0
TRACE::2024-10-30.04:48:13::SCWPlatform::Found the Hw Db part of the input DSA
TRACE::2024-10-30.04:48:14::SCWPlatform::Trying to open the hw design at C:/Users/Orion/Documents/GitHub/ece385/lab_7/workspace/mb_usb_hdmi_top/hw/mb_usb_hdmi_top.xsa
TRACE::2024-10-30.04:48:14::SCWPlatform::DSA given C:/Users/Orion/Documents/GitHub/ece385/lab_7/workspace/mb_usb_hdmi_top/hw/mb_usb_hdmi_top.xsa
TRACE::2024-10-30.04:48:14::SCWPlatform::DSA absoulate path C:/Users/Orion/Documents/GitHub/ece385/lab_7/workspace/mb_usb_hdmi_top/hw/mb_usb_hdmi_top.xsa
TRACE::2024-10-30.04:48:14::SCWPlatform::DSA directory C:/Users/Orion/Documents/GitHub/ece385/lab_7/workspace/mb_usb_hdmi_top/hw
TRACE::2024-10-30.04:48:14::SCWPlatform:: Platform Path C:/Users/Orion/Documents/GitHub/ece385/lab_7/workspace/mb_usb_hdmi_top/hw/mb_usb_hdmi_top.xsa
TRACE::2024-10-30.04:48:14::SCWPlatform:: Unique name xilinx:::0.0
TRACE::2024-10-30.04:48:14::SCWPlatform::Trying to set the existing hwdb with name mb_usb_hdmi_top_0
TRACE::2024-10-30.04:48:14::SCWPlatform::Opened existing hwdb mb_usb_hdmi_top_0
TRACE::2024-10-30.04:48:14::SCWPlatform::Found the Hw Db part of the input DSA
TRACE::2024-10-30.04:48:14::SCWDomain::checking for install qemu data   : 
TRACE::2024-10-30.04:48:14::SCWPlatform::Trying to open the hw design at C:/Users/Orion/Documents/GitHub/ece385/lab_7/workspace/mb_usb_hdmi_top/hw/mb_usb_hdmi_top.xsa
TRACE::2024-10-30.04:48:14::SCWPlatform::DSA given C:/Users/Orion/Documents/GitHub/ece385/lab_7/workspace/mb_usb_hdmi_top/hw/mb_usb_hdmi_top.xsa
TRACE::2024-10-30.04:48:14::SCWPlatform::DSA absoulate path C:/Users/Orion/Documents/GitHub/ece385/lab_7/workspace/mb_usb_hdmi_top/hw/mb_usb_hdmi_top.xsa
TRACE::2024-10-30.04:48:14::SCWPlatform::DSA directory C:/Users/Orion/Documents/GitHub/ece385/lab_7/workspace/mb_usb_hdmi_top/hw
TRACE::2024-10-30.04:48:14::SCWPlatform:: Platform Path C:/Users/Orion/Documents/GitHub/ece385/lab_7/workspace/mb_usb_hdmi_top/hw/mb_usb_hdmi_top.xsa
TRACE::2024-10-30.04:48:14::SCWPlatform:: Unique name xilinx:::0.0
TRACE::2024-10-30.04:48:14::SCWPlatform::Trying to set the existing hwdb with name mb_usb_hdmi_top_0
TRACE::2024-10-30.04:48:14::SCWPlatform::Opened existing hwdb mb_usb_hdmi_top_0
TRACE::2024-10-30.04:48:14::SCWPlatform::Found the Hw Db part of the input DSA
TRACE::2024-10-30.04:48:14::SCWPlatform::Trying to open the hw design at C:/Users/Orion/Documents/GitHub/ece385/lab_7/workspace/mb_usb_hdmi_top/hw/mb_usb_hdmi_top.xsa
TRACE::2024-10-30.04:48:14::SCWPlatform::DSA given C:/Users/Orion/Documents/GitHub/ece385/lab_7/workspace/mb_usb_hdmi_top/hw/mb_usb_hdmi_top.xsa
TRACE::2024-10-30.04:48:14::SCWPlatform::DSA absoulate path C:/Users/Orion/Documents/GitHub/ece385/lab_7/workspace/mb_usb_hdmi_top/hw/mb_usb_hdmi_top.xsa
TRACE::2024-10-30.04:48:14::SCWPlatform::DSA directory C:/Users/Orion/Documents/GitHub/ece385/lab_7/workspace/mb_usb_hdmi_top/hw
TRACE::2024-10-30.04:48:14::SCWPlatform:: Platform Path C:/Users/Orion/Documents/GitHub/ece385/lab_7/workspace/mb_usb_hdmi_top/hw/mb_usb_hdmi_top.xsa
TRACE::2024-10-30.04:48:14::SCWPlatform:: Unique name xilinx:::0.0
TRACE::2024-10-30.04:48:14::SCWPlatform::Trying to set the existing hwdb with name mb_usb_hdmi_top_0
TRACE::2024-10-30.04:48:14::SCWPlatform::Opened existing hwdb mb_usb_hdmi_top_0
TRACE::2024-10-30.04:48:14::SCWPlatform::Found the Hw Db part of the input DSA
TRACE::2024-10-30.04:48:14::SCWPlatform::Trying to open the hw design at C:/Users/Orion/Documents/GitHub/ece385/lab_7/workspace/mb_usb_hdmi_top/hw/mb_usb_hdmi_top.xsa
TRACE::2024-10-30.04:48:14::SCWPlatform::DSA given C:/Users/Orion/Documents/GitHub/ece385/lab_7/workspace/mb_usb_hdmi_top/hw/mb_usb_hdmi_top.xsa
TRACE::2024-10-30.04:48:14::SCWPlatform::DSA absoulate path C:/Users/Orion/Documents/GitHub/ece385/lab_7/workspace/mb_usb_hdmi_top/hw/mb_usb_hdmi_top.xsa
TRACE::2024-10-30.04:48:14::SCWPlatform::DSA directory C:/Users/Orion/Documents/GitHub/ece385/lab_7/workspace/mb_usb_hdmi_top/hw
TRACE::2024-10-30.04:48:14::SCWPlatform:: Platform Path C:/Users/Orion/Documents/GitHub/ece385/lab_7/workspace/mb_usb_hdmi_top/hw/mb_usb_hdmi_top.xsa
TRACE::2024-10-30.04:48:14::SCWPlatform:: Unique name xilinx:::0.0
TRACE::2024-10-30.04:48:14::SCWPlatform::Trying to set the existing hwdb with name mb_usb_hdmi_top_0
TRACE::2024-10-30.04:48:14::SCWPlatform::Opened existing hwdb mb_usb_hdmi_top_0
TRACE::2024-10-30.04:48:14::SCWPlatform::Found the Hw Db part of the input DSA
TRACE::2024-10-30.04:48:14::SCWMssOS::Checking the sw design at  C:/Users/Orion/Documents/GitHub/ece385/lab_7/workspace/mb_usb_hdmi_top/microblaze_0/standalone_microblaze_0/bsp/system.mss
TRACE::2024-10-30.04:48:14::SCWMssOS::DEBUG:  swdes dump  
TRACE::2024-10-30.04:48:14::SCWMssOS::No sw design opened at  C:/Users/Orion/Documents/GitHub/ece385/lab_7/workspace/mb_usb_hdmi_top/microblaze_0/standalone_microblaze_0/bsp/system.mss
TRACE::2024-10-30.04:48:14::SCWMssOS::mss does not exists at C:/Users/Orion/Documents/GitHub/ece385/lab_7/workspace/mb_usb_hdmi_top/microblaze_0/standalone_microblaze_0/bsp/system.mss
TRACE::2024-10-30.04:48:14::SCWMssOS::Creating sw design at  C:/Users/Orion/Documents/GitHub/ece385/lab_7/workspace/mb_usb_hdmi_top/microblaze_0/standalone_microblaze_0/bsp/system.mss
TRACE::2024-10-30.04:48:14::SCWMssOS::Adding the swdes entry, created swdb C:/Users/Orion/Documents/GitHub/ece385/lab_7/workspace/mb_usb_hdmi_top/microblaze_0/standalone_microblaze_0/bsp/system.mss with des name C:/Users/Orion/Documents/GitHub/ece385/lab_7/workspace/mb_usb_hdmi_top/microblaze_0/standalone_microblaze_0/bsp/system.mss
TRACE::2024-10-30.04:48:14::SCWMssOS::updating the scw layer changes to swdes at   C:/Users/Orion/Documents/GitHub/ece385/lab_7/workspace/mb_usb_hdmi_top/microblaze_0/standalone_microblaze_0/bsp/system.mss
TRACE::2024-10-30.04:48:14::SCWMssOS::Writing mss at C:/Users/Orion/Documents/GitHub/ece385/lab_7/workspace/mb_usb_hdmi_top/microblaze_0/standalone_microblaze_0/bsp/system.mss
TRACE::2024-10-30.04:48:14::SCWMssOS::Completed writing the mss file at C:/Users/Orion/Documents/GitHub/ece385/lab_7/workspace/mb_usb_hdmi_top/microblaze_0/standalone_microblaze_0/bsp
TRACE::2024-10-30.04:48:14::SCWMssOS::Picking up changes from newly written mss file into SCW Layer. 
TRACE::2024-10-30.04:48:14::SCWMssOS::Updated the changes from newly written mss file into SCW Layer. 
TRACE::2024-10-30.04:48:14::SCWMssOS::Completed writing the mss file at C:/Users/Orion/Documents/GitHub/ece385/lab_7/workspace/mb_usb_hdmi_top/microblaze_0/standalone_microblaze_0/bsp
TRACE::2024-10-30.04:48:14::SCWMssOS::Forcing BSP Sources regeneration.
TRACE::2024-10-30.04:48:16::SCWMssOS::Saving the mss changes C:/Users/Orion/Documents/GitHub/ece385/lab_7/workspace/mb_usb_hdmi_top/microblaze_0/standalone_microblaze_0/bsp/system.mss
TRACE::2024-10-30.04:48:16::SCWMssOS::Adding the swdes entry, mss present, able to open swdb C:/Users/Orion/Documents/GitHub/ece385/lab_7/workspace/mb_usb_hdmi_top/microblaze_0/standalone_microblaze_0/bsp/system.mss with des name system
TRACE::2024-10-30.04:48:16::SCWMssOS::Writing the mss file completed C:/Users/Orion/Documents/GitHub/ece385/lab_7/workspace/mb_usb_hdmi_top/microblaze_0/standalone_microblaze_0/bsp/system.mss
TRACE::2024-10-30.04:48:16::SCWMssOS::Commit changes completed.
TRACE::2024-10-30.04:48:16::SCWPlatform::Trying to open the hw design at C:/Users/Orion/Documents/GitHub/ece385/lab_7/workspace/mb_usb_hdmi_top/hw/mb_usb_hdmi_top.xsa
TRACE::2024-10-30.04:48:16::SCWPlatform::DSA given C:/Users/Orion/Documents/GitHub/ece385/lab_7/workspace/mb_usb_hdmi_top/hw/mb_usb_hdmi_top.xsa
TRACE::2024-10-30.04:48:16::SCWPlatform::DSA absoulate path C:/Users/Orion/Documents/GitHub/ece385/lab_7/workspace/mb_usb_hdmi_top/hw/mb_usb_hdmi_top.xsa
TRACE::2024-10-30.04:48:16::SCWPlatform::DSA directory C:/Users/Orion/Documents/GitHub/ece385/lab_7/workspace/mb_usb_hdmi_top/hw
TRACE::2024-10-30.04:48:16::SCWPlatform:: Platform Path C:/Users/Orion/Documents/GitHub/ece385/lab_7/workspace/mb_usb_hdmi_top/hw/mb_usb_hdmi_top.xsa
TRACE::2024-10-30.04:48:16::SCWPlatform:: Unique name xilinx:::0.0
TRACE::2024-10-30.04:48:16::SCWPlatform::Trying to set the existing hwdb with name mb_usb_hdmi_top_0
TRACE::2024-10-30.04:48:16::SCWPlatform::Opened existing hwdb mb_usb_hdmi_top_0
TRACE::2024-10-30.04:48:16::SCWPlatform::Found the Hw Db part of the input DSA
TRACE::2024-10-30.04:48:16::SCWMssOS::Checking the sw design at  C:/Users/Orion/Documents/GitHub/ece385/lab_7/workspace/mb_usb_hdmi_top/microblaze_0/standalone_microblaze_0/bsp/system.mss
TRACE::2024-10-30.04:48:16::SCWMssOS::DEBUG:  swdes dump  C:/Users/Orion/Documents/GitHub/ece385/lab_7/workspace/mb_usb_hdmi_top/microblaze_0/standalone_microblaze_0/bsp/system.mss|system||

TRACE::2024-10-30.04:48:16::SCWMssOS::Sw design exists and opened at  C:/Users/Orion/Documents/GitHub/ece385/lab_7/workspace/mb_usb_hdmi_top/microblaze_0/standalone_microblaze_0/bsp/system.mss
TRACE::2024-10-30.04:48:16::SCWPlatform::Trying to open the hw design at C:/Users/Orion/Documents/GitHub/ece385/lab_7/workspace/mb_usb_hdmi_top/hw/mb_usb_hdmi_top.xsa
TRACE::2024-10-30.04:48:16::SCWPlatform::DSA given C:/Users/Orion/Documents/GitHub/ece385/lab_7/workspace/mb_usb_hdmi_top/hw/mb_usb_hdmi_top.xsa
TRACE::2024-10-30.04:48:16::SCWPlatform::DSA absoulate path C:/Users/Orion/Documents/GitHub/ece385/lab_7/workspace/mb_usb_hdmi_top/hw/mb_usb_hdmi_top.xsa
TRACE::2024-10-30.04:48:16::SCWPlatform::DSA directory C:/Users/Orion/Documents/GitHub/ece385/lab_7/workspace/mb_usb_hdmi_top/hw
TRACE::2024-10-30.04:48:16::SCWPlatform:: Platform Path C:/Users/Orion/Documents/GitHub/ece385/lab_7/workspace/mb_usb_hdmi_top/hw/mb_usb_hdmi_top.xsa
TRACE::2024-10-30.04:48:16::SCWPlatform:: Unique name xilinx:::0.0
TRACE::2024-10-30.04:48:16::SCWPlatform::Trying to set the existing hwdb with name mb_usb_hdmi_top_0
TRACE::2024-10-30.04:48:16::SCWPlatform::Opened existing hwdb mb_usb_hdmi_top_0
TRACE::2024-10-30.04:48:16::SCWPlatform::Found the Hw Db part of the input DSA
TRACE::2024-10-30.04:48:16::SCWMssOS::Checking the sw design at  C:/Users/Orion/Documents/GitHub/ece385/lab_7/workspace/mb_usb_hdmi_top/microblaze_0/standalone_microblaze_0/bsp/system.mss
TRACE::2024-10-30.04:48:16::SCWMssOS::DEBUG:  swdes dump  C:/Users/Orion/Documents/GitHub/ece385/lab_7/workspace/mb_usb_hdmi_top/microblaze_0/standalone_microblaze_0/bsp/system.mss|system||

TRACE::2024-10-30.04:48:16::SCWMssOS::Sw design exists and opened at  C:/Users/Orion/Documents/GitHub/ece385/lab_7/workspace/mb_usb_hdmi_top/microblaze_0/standalone_microblaze_0/bsp/system.mss
TRACE::2024-10-30.04:48:16::SCWPlatform::Trying to open the hw design at C:/Users/Orion/Documents/GitHub/ece385/lab_7/workspace/mb_usb_hdmi_top/hw/mb_usb_hdmi_top.xsa
TRACE::2024-10-30.04:48:16::SCWPlatform::DSA given C:/Users/Orion/Documents/GitHub/ece385/lab_7/workspace/mb_usb_hdmi_top/hw/mb_usb_hdmi_top.xsa
TRACE::2024-10-30.04:48:16::SCWPlatform::DSA absoulate path C:/Users/Orion/Documents/GitHub/ece385/lab_7/workspace/mb_usb_hdmi_top/hw/mb_usb_hdmi_top.xsa
TRACE::2024-10-30.04:48:16::SCWPlatform::DSA directory C:/Users/Orion/Documents/GitHub/ece385/lab_7/workspace/mb_usb_hdmi_top/hw
TRACE::2024-10-30.04:48:16::SCWPlatform:: Platform Path C:/Users/Orion/Documents/GitHub/ece385/lab_7/workspace/mb_usb_hdmi_top/hw/mb_usb_hdmi_top.xsa
TRACE::2024-10-30.04:48:16::SCWPlatform:: Unique name xilinx:::0.0
TRACE::2024-10-30.04:48:16::SCWPlatform::Trying to set the existing hwdb with name mb_usb_hdmi_top_0
TRACE::2024-10-30.04:48:16::SCWPlatform::Opened existing hwdb mb_usb_hdmi_top_0
TRACE::2024-10-30.04:48:16::SCWPlatform::Found the Hw Db part of the input DSA
TRACE::2024-10-30.04:48:17::SCWMssOS::Checking the sw design at  C:/Users/Orion/Documents/GitHub/ece385/lab_7/workspace/mb_usb_hdmi_top/microblaze_0/standalone_microblaze_0/bsp/system.mss
TRACE::2024-10-30.04:48:17::SCWMssOS::DEBUG:  swdes dump  C:/Users/Orion/Documents/GitHub/ece385/lab_7/workspace/mb_usb_hdmi_top/microblaze_0/standalone_microblaze_0/bsp/system.mss|system||

TRACE::2024-10-30.04:48:17::SCWMssOS::Sw design exists and opened at  C:/Users/Orion/Documents/GitHub/ece385/lab_7/workspace/mb_usb_hdmi_top/microblaze_0/standalone_microblaze_0/bsp/system.mss
TRACE::2024-10-30.04:48:17::SCWWriter::formatted JSON is {
	"platformName":	"mb_usb_hdmi_top",
	"sprVersion":	"2.0",
	"mode":	"gui",
	"dsaType":	"Fixed",
	"platformDesc":	"mb_usb_hdmi_top",
	"platHandOff":	"C:/Users/Orion/Documents/GitHub/ece385/lab_7/mb_usb_hdmi_top.xsa",
	"platIntHandOff":	"<platformDir>/hw/mb_usb_hdmi_top.xsa",
	"deviceType":	"FPGA",
	"platIsPrebuiltAutogen":	"false",
	"platIsNoBootBsp":	"false",
	"hasFsblMakeHasChanges":	"false",
	"hasPmufwMakeHasChanges":	"false",
	"platPreBuiltFlag":	false,
	"platformSamplesDir":	"",
	"platActiveSys":	"mb_usb_hdmi_top",
	"systems":	[{
			"systemName":	"mb_usb_hdmi_top",
			"systemDesc":	"mb_usb_hdmi_top",
			"sysIsBootAutoGen":	"true",
			"systemDispName":	"mb_usb_hdmi_top",
			"sysActiveDom":	"standalone_microblaze_0",
			"sysDefaultDom":	"standalone_microblaze_0",
			"domains":	[{
					"domainName":	"standalone_microblaze_0",
					"domainDispName":	"standalone_microblaze_0",
					"domainDesc":	"standalone_microblaze_0",
					"processors":	"microblaze_0",
					"os":	"standalone",
					"sdxOs":	"standalone",
					"debugEnable":	"False",
					"domRuntimes":	["cpp"],
					"swRepo":	"",
					"mssOsVer":	"8.0",
					"mssFile":	"",
					"md5Digest":	"5422c1e5be4ae93f4de8c50507402f2a",
					"compatibleApp":	"hello_world",
					"domType":	"mssDomain",
					"arch":	"32-bit",
					"appSettings":	{
						"appCompilerFlags":	"",
						"appLinkerFlags":	""
					},
					"addedLibs":	[],
					"libOptions":	{
						"libsContainingOptions":	[]
					},
					"prebuiltLibs":	{
						"prebuiltIncPath":	[],
						"prebuiltLibPath":	[]
					},
					"isolation":	{
					}
				}]
		}]
}
LOG::2024-10-30.04:48:17::SCWPlatform::Started generating the artifacts platform mb_usb_hdmi_top
TRACE::2024-10-30.04:48:17::SCWPlatform::Sanity checking of platform is completed
LOG::2024-10-30.04:48:17::SCWPlatform::Started generating the artifacts for system configuration mb_usb_hdmi_top
LOG::2024-10-30.04:48:17::SCWSystem::Checking the domain standalone_microblaze_0
LOG::2024-10-30.04:48:17::SCWSystem::Not a boot domain 
LOG::2024-10-30.04:48:17::SCWSystem::Started Processing the domain standalone_microblaze_0
TRACE::2024-10-30.04:48:17::SCWDomain::Generating domain artifcats
TRACE::2024-10-30.04:48:17::SCWMssOS::Generating standalone artifcats
TRACE::2024-10-30.04:48:17::SCWMssOS:: Copying the user libraries. 
TRACE::2024-10-30.04:48:17::SCWPlatform::Trying to open the hw design at C:/Users/Orion/Documents/GitHub/ece385/lab_7/workspace/mb_usb_hdmi_top/hw/mb_usb_hdmi_top.xsa
TRACE::2024-10-30.04:48:17::SCWPlatform::DSA given C:/Users/Orion/Documents/GitHub/ece385/lab_7/workspace/mb_usb_hdmi_top/hw/mb_usb_hdmi_top.xsa
TRACE::2024-10-30.04:48:17::SCWPlatform::DSA absoulate path C:/Users/Orion/Documents/GitHub/ece385/lab_7/workspace/mb_usb_hdmi_top/hw/mb_usb_hdmi_top.xsa
TRACE::2024-10-30.04:48:17::SCWPlatform::DSA directory C:/Users/Orion/Documents/GitHub/ece385/lab_7/workspace/mb_usb_hdmi_top/hw
TRACE::2024-10-30.04:48:17::SCWPlatform:: Platform Path C:/Users/Orion/Documents/GitHub/ece385/lab_7/workspace/mb_usb_hdmi_top/hw/mb_usb_hdmi_top.xsa
TRACE::2024-10-30.04:48:17::SCWPlatform:: Unique name xilinx:::0.0
TRACE::2024-10-30.04:48:17::SCWPlatform::Trying to set the existing hwdb with name mb_usb_hdmi_top_0
TRACE::2024-10-30.04:48:17::SCWPlatform::Opened existing hwdb mb_usb_hdmi_top_0
TRACE::2024-10-30.04:48:17::SCWPlatform::Found the Hw Db part of the input DSA
TRACE::2024-10-30.04:48:17::SCWMssOS::Checking the sw design at  C:/Users/Orion/Documents/GitHub/ece385/lab_7/workspace/mb_usb_hdmi_top/microblaze_0/standalone_microblaze_0/bsp/system.mss
TRACE::2024-10-30.04:48:17::SCWMssOS::DEBUG:  swdes dump  C:/Users/Orion/Documents/GitHub/ece385/lab_7/workspace/mb_usb_hdmi_top/microblaze_0/standalone_microblaze_0/bsp/system.mss|system||

TRACE::2024-10-30.04:48:17::SCWMssOS::Sw design exists and opened at  C:/Users/Orion/Documents/GitHub/ece385/lab_7/workspace/mb_usb_hdmi_top/microblaze_0/standalone_microblaze_0/bsp/system.mss
TRACE::2024-10-30.04:48:17::SCWMssOS::Completed writing the mss file at C:/Users/Orion/Documents/GitHub/ece385/lab_7/workspace/mb_usb_hdmi_top/microblaze_0/standalone_microblaze_0/bsp
TRACE::2024-10-30.04:48:17::SCWMssOS::Mss edits present, copying mssfile into export location C:/Users/Orion/Documents/GitHub/ece385/lab_7/workspace/mb_usb_hdmi_top/microblaze_0/standalone_microblaze_0/bsp/system.mss
TRACE::2024-10-30.04:48:17::SCWMssOS::bsp generated is upto date with the mss file. Skipping bsp generation.
TRACE::2024-10-30.04:48:17::SCWMssOS::BSP is already built. skipping the bsp build ... 
TRACE::2024-10-30.04:48:17::SCWDomain::Skipping the build for domain :  standalone_microblaze_0
TRACE::2024-10-30.04:48:17::SCWMssOS::skipping the bsp build ... 
TRACE::2024-10-30.04:48:17::SCWMssOS::Copying to export directory.
TRACE::2024-10-30.04:48:17::SCWMssOS:: Checking if to create the Supporting Applications
TRACE::2024-10-30.04:48:17::SCWMssOS:: No Linux domain exists, trying to generate FSBL 
LOG::2024-10-30.04:48:17::SCWSystem::Completed Processing the domain standalone_microblaze_0
LOG::2024-10-30.04:48:17::SCWSystem::Completed Processing the sysconfig mb_usb_hdmi_top
LOG::2024-10-30.04:48:17::SCWPlatform::Completed generating the artifacts for system configuration mb_usb_hdmi_top
TRACE::2024-10-30.04:48:17::SCWPlatform::Started preparing the platform 
TRACE::2024-10-30.04:48:17::SCWSystem::Writing the bif file for system config mb_usb_hdmi_top
TRACE::2024-10-30.04:48:17::SCWSystem::dir created 
TRACE::2024-10-30.04:48:17::SCWSystem::Writing the bif 
TRACE::2024-10-30.04:48:17::SCWPlatform::Started writing the spfm file 
TRACE::2024-10-30.04:48:17::SCWPlatform::Started writing the xpfm file 
TRACE::2024-10-30.04:48:17::SCWPlatform::Completed generating the platform
TRACE::2024-10-30.04:48:17::SCWMssOS::Saving the mss changes C:/Users/Orion/Documents/GitHub/ece385/lab_7/workspace/mb_usb_hdmi_top/microblaze_0/standalone_microblaze_0/bsp/system.mss
TRACE::2024-10-30.04:48:17::SCWMssOS::Found a swdesign opened with the mssfile.
TRACE::2024-10-30.04:48:17::SCWMssOS::Completed writemss as part of save.
TRACE::2024-10-30.04:48:17::SCWMssOS::Commit changes completed.
TRACE::2024-10-30.04:48:17::SCWPlatform::Trying to open the hw design at C:/Users/Orion/Documents/GitHub/ece385/lab_7/workspace/mb_usb_hdmi_top/hw/mb_usb_hdmi_top.xsa
TRACE::2024-10-30.04:48:17::SCWPlatform::DSA given C:/Users/Orion/Documents/GitHub/ece385/lab_7/workspace/mb_usb_hdmi_top/hw/mb_usb_hdmi_top.xsa
TRACE::2024-10-30.04:48:17::SCWPlatform::DSA absoulate path C:/Users/Orion/Documents/GitHub/ece385/lab_7/workspace/mb_usb_hdmi_top/hw/mb_usb_hdmi_top.xsa
TRACE::2024-10-30.04:48:17::SCWPlatform::DSA directory C:/Users/Orion/Documents/GitHub/ece385/lab_7/workspace/mb_usb_hdmi_top/hw
TRACE::2024-10-30.04:48:17::SCWPlatform:: Platform Path C:/Users/Orion/Documents/GitHub/ece385/lab_7/workspace/mb_usb_hdmi_top/hw/mb_usb_hdmi_top.xsa
TRACE::2024-10-30.04:48:17::SCWPlatform:: Unique name xilinx:::0.0
TRACE::2024-10-30.04:48:17::SCWPlatform::Trying to set the existing hwdb with name mb_usb_hdmi_top_0
TRACE::2024-10-30.04:48:17::SCWPlatform::Opened existing hwdb mb_usb_hdmi_top_0
TRACE::2024-10-30.04:48:17::SCWPlatform::Found the Hw Db part of the input DSA
TRACE::2024-10-30.04:48:17::SCWMssOS::Checking the sw design at  C:/Users/Orion/Documents/GitHub/ece385/lab_7/workspace/mb_usb_hdmi_top/microblaze_0/standalone_microblaze_0/bsp/system.mss
TRACE::2024-10-30.04:48:17::SCWMssOS::DEBUG:  swdes dump  C:/Users/Orion/Documents/GitHub/ece385/lab_7/workspace/mb_usb_hdmi_top/microblaze_0/standalone_microblaze_0/bsp/system.mss|system||

TRACE::2024-10-30.04:48:17::SCWMssOS::Sw design exists and opened at  C:/Users/Orion/Documents/GitHub/ece385/lab_7/workspace/mb_usb_hdmi_top/microblaze_0/standalone_microblaze_0/bsp/system.mss
TRACE::2024-10-30.04:48:17::SCWPlatform::Trying to open the hw design at C:/Users/Orion/Documents/GitHub/ece385/lab_7/workspace/mb_usb_hdmi_top/hw/mb_usb_hdmi_top.xsa
TRACE::2024-10-30.04:48:17::SCWPlatform::DSA given C:/Users/Orion/Documents/GitHub/ece385/lab_7/workspace/mb_usb_hdmi_top/hw/mb_usb_hdmi_top.xsa
TRACE::2024-10-30.04:48:17::SCWPlatform::DSA absoulate path C:/Users/Orion/Documents/GitHub/ece385/lab_7/workspace/mb_usb_hdmi_top/hw/mb_usb_hdmi_top.xsa
TRACE::2024-10-30.04:48:17::SCWPlatform::DSA directory C:/Users/Orion/Documents/GitHub/ece385/lab_7/workspace/mb_usb_hdmi_top/hw
TRACE::2024-10-30.04:48:17::SCWPlatform:: Platform Path C:/Users/Orion/Documents/GitHub/ece385/lab_7/workspace/mb_usb_hdmi_top/hw/mb_usb_hdmi_top.xsa
TRACE::2024-10-30.04:48:17::SCWPlatform:: Unique name xilinx:::0.0
TRACE::2024-10-30.04:48:17::SCWPlatform::Trying to set the existing hwdb with name mb_usb_hdmi_top_0
TRACE::2024-10-30.04:48:17::SCWPlatform::Opened existing hwdb mb_usb_hdmi_top_0
TRACE::2024-10-30.04:48:17::SCWPlatform::Found the Hw Db part of the input DSA
TRACE::2024-10-30.04:48:17::SCWMssOS::Checking the sw design at  C:/Users/Orion/Documents/GitHub/ece385/lab_7/workspace/mb_usb_hdmi_top/microblaze_0/standalone_microblaze_0/bsp/system.mss
TRACE::2024-10-30.04:48:17::SCWMssOS::DEBUG:  swdes dump  C:/Users/Orion/Documents/GitHub/ece385/lab_7/workspace/mb_usb_hdmi_top/microblaze_0/standalone_microblaze_0/bsp/system.mss|system||

TRACE::2024-10-30.04:48:17::SCWMssOS::Sw design exists and opened at  C:/Users/Orion/Documents/GitHub/ece385/lab_7/workspace/mb_usb_hdmi_top/microblaze_0/standalone_microblaze_0/bsp/system.mss
TRACE::2024-10-30.04:48:17::SCWPlatform::Trying to open the hw design at C:/Users/Orion/Documents/GitHub/ece385/lab_7/workspace/mb_usb_hdmi_top/hw/mb_usb_hdmi_top.xsa
TRACE::2024-10-30.04:48:17::SCWPlatform::DSA given C:/Users/Orion/Documents/GitHub/ece385/lab_7/workspace/mb_usb_hdmi_top/hw/mb_usb_hdmi_top.xsa
TRACE::2024-10-30.04:48:17::SCWPlatform::DSA absoulate path C:/Users/Orion/Documents/GitHub/ece385/lab_7/workspace/mb_usb_hdmi_top/hw/mb_usb_hdmi_top.xsa
TRACE::2024-10-30.04:48:17::SCWPlatform::DSA directory C:/Users/Orion/Documents/GitHub/ece385/lab_7/workspace/mb_usb_hdmi_top/hw
TRACE::2024-10-30.04:48:17::SCWPlatform:: Platform Path C:/Users/Orion/Documents/GitHub/ece385/lab_7/workspace/mb_usb_hdmi_top/hw/mb_usb_hdmi_top.xsa
TRACE::2024-10-30.04:48:17::SCWPlatform:: Unique name xilinx:::0.0
TRACE::2024-10-30.04:48:17::SCWPlatform::Trying to set the existing hwdb with name mb_usb_hdmi_top_0
TRACE::2024-10-30.04:48:17::SCWPlatform::Opened existing hwdb mb_usb_hdmi_top_0
TRACE::2024-10-30.04:48:17::SCWPlatform::Found the Hw Db part of the input DSA
TRACE::2024-10-30.04:48:17::SCWMssOS::Checking the sw design at  C:/Users/Orion/Documents/GitHub/ece385/lab_7/workspace/mb_usb_hdmi_top/microblaze_0/standalone_microblaze_0/bsp/system.mss
TRACE::2024-10-30.04:48:17::SCWMssOS::DEBUG:  swdes dump  C:/Users/Orion/Documents/GitHub/ece385/lab_7/workspace/mb_usb_hdmi_top/microblaze_0/standalone_microblaze_0/bsp/system.mss|system||

TRACE::2024-10-30.04:48:17::SCWMssOS::Sw design exists and opened at  C:/Users/Orion/Documents/GitHub/ece385/lab_7/workspace/mb_usb_hdmi_top/microblaze_0/standalone_microblaze_0/bsp/system.mss
TRACE::2024-10-30.04:48:17::SCWWriter::formatted JSON is {
	"platformName":	"mb_usb_hdmi_top",
	"sprVersion":	"2.0",
	"mode":	"gui",
	"dsaType":	"Fixed",
	"platformDesc":	"mb_usb_hdmi_top",
	"platHandOff":	"C:/Users/Orion/Documents/GitHub/ece385/lab_7/mb_usb_hdmi_top.xsa",
	"platIntHandOff":	"<platformDir>/hw/mb_usb_hdmi_top.xsa",
	"deviceType":	"FPGA",
	"platIsPrebuiltAutogen":	"false",
	"platIsNoBootBsp":	"false",
	"hasFsblMakeHasChanges":	"false",
	"hasPmufwMakeHasChanges":	"false",
	"platPreBuiltFlag":	false,
	"platformSamplesDir":	"",
	"platActiveSys":	"mb_usb_hdmi_top",
	"systems":	[{
			"systemName":	"mb_usb_hdmi_top",
			"systemDesc":	"mb_usb_hdmi_top",
			"sysIsBootAutoGen":	"true",
			"systemDispName":	"mb_usb_hdmi_top",
			"sysActiveDom":	"standalone_microblaze_0",
			"sysDefaultDom":	"standalone_microblaze_0",
			"domains":	[{
					"domainName":	"standalone_microblaze_0",
					"domainDispName":	"standalone_microblaze_0",
					"domainDesc":	"standalone_microblaze_0",
					"processors":	"microblaze_0",
					"os":	"standalone",
					"sdxOs":	"standalone",
					"debugEnable":	"False",
					"domRuntimes":	["cpp"],
					"swRepo":	"",
					"mssOsVer":	"8.0",
					"mssFile":	"",
					"md5Digest":	"5422c1e5be4ae93f4de8c50507402f2a",
					"compatibleApp":	"hello_world",
					"domType":	"mssDomain",
					"arch":	"32-bit",
					"appSettings":	{
						"appCompilerFlags":	"",
						"appLinkerFlags":	""
					},
					"addedLibs":	[],
					"libOptions":	{
						"libsContainingOptions":	[]
					},
					"prebuiltLibs":	{
						"prebuiltIncPath":	[],
						"prebuiltLibPath":	[]
					},
					"isolation":	{
					}
				}]
		}]
}
KEYINFO::2024-10-30.04:48:17::SCWPlatform::updated the xpfm file.
TRACE::2024-10-30.04:48:17::SCWPlatform::Trying to open the hw design at C:/Users/Orion/Documents/GitHub/ece385/lab_7/workspace/mb_usb_hdmi_top/hw/mb_usb_hdmi_top.xsa
TRACE::2024-10-30.04:48:17::SCWPlatform::DSA given C:/Users/Orion/Documents/GitHub/ece385/lab_7/workspace/mb_usb_hdmi_top/hw/mb_usb_hdmi_top.xsa
TRACE::2024-10-30.04:48:17::SCWPlatform::DSA absoulate path C:/Users/Orion/Documents/GitHub/ece385/lab_7/workspace/mb_usb_hdmi_top/hw/mb_usb_hdmi_top.xsa
TRACE::2024-10-30.04:48:17::SCWPlatform::DSA directory C:/Users/Orion/Documents/GitHub/ece385/lab_7/workspace/mb_usb_hdmi_top/hw
TRACE::2024-10-30.04:48:17::SCWPlatform:: Platform Path C:/Users/Orion/Documents/GitHub/ece385/lab_7/workspace/mb_usb_hdmi_top/hw/mb_usb_hdmi_top.xsa
TRACE::2024-10-30.04:48:17::SCWPlatform:: Unique name xilinx:::0.0
TRACE::2024-10-30.04:48:17::SCWPlatform::Trying to set the existing hwdb with name mb_usb_hdmi_top_0
TRACE::2024-10-30.04:48:17::SCWPlatform::Opened existing hwdb mb_usb_hdmi_top_0
TRACE::2024-10-30.04:48:17::SCWPlatform::Found the Hw Db part of the input DSA
TRACE::2024-10-30.04:48:17::SCWMssOS::Checking the sw design at  C:/Users/Orion/Documents/GitHub/ece385/lab_7/workspace/mb_usb_hdmi_top/microblaze_0/standalone_microblaze_0/bsp/system.mss
TRACE::2024-10-30.04:48:17::SCWMssOS::DEBUG:  swdes dump  C:/Users/Orion/Documents/GitHub/ece385/lab_7/workspace/mb_usb_hdmi_top/microblaze_0/standalone_microblaze_0/bsp/system.mss|system||

TRACE::2024-10-30.04:48:17::SCWMssOS::Sw design exists and opened at  C:/Users/Orion/Documents/GitHub/ece385/lab_7/workspace/mb_usb_hdmi_top/microblaze_0/standalone_microblaze_0/bsp/system.mss
TRACE::2024-10-30.04:48:17::SCWMssOS::Saving the mss changes C:/Users/Orion/Documents/GitHub/ece385/lab_7/workspace/mb_usb_hdmi_top/microblaze_0/standalone_microblaze_0/bsp/system.mss
TRACE::2024-10-30.04:48:17::SCWMssOS::Found a swdesign opened with the mssfile.
TRACE::2024-10-30.04:48:17::SCWMssOS::Completed writemss as part of save.
TRACE::2024-10-30.04:48:17::SCWMssOS::Commit changes completed.
TRACE::2024-10-30.04:48:17::SCWPlatform::Trying to open the hw design at C:/Users/Orion/Documents/GitHub/ece385/lab_7/workspace/mb_usb_hdmi_top/hw/mb_usb_hdmi_top.xsa
TRACE::2024-10-30.04:48:17::SCWPlatform::DSA given C:/Users/Orion/Documents/GitHub/ece385/lab_7/workspace/mb_usb_hdmi_top/hw/mb_usb_hdmi_top.xsa
TRACE::2024-10-30.04:48:17::SCWPlatform::DSA absoulate path C:/Users/Orion/Documents/GitHub/ece385/lab_7/workspace/mb_usb_hdmi_top/hw/mb_usb_hdmi_top.xsa
TRACE::2024-10-30.04:48:17::SCWPlatform::DSA directory C:/Users/Orion/Documents/GitHub/ece385/lab_7/workspace/mb_usb_hdmi_top/hw
TRACE::2024-10-30.04:48:17::SCWPlatform:: Platform Path C:/Users/Orion/Documents/GitHub/ece385/lab_7/workspace/mb_usb_hdmi_top/hw/mb_usb_hdmi_top.xsa
TRACE::2024-10-30.04:48:17::SCWPlatform:: Unique name xilinx:::0.0
TRACE::2024-10-30.04:48:17::SCWPlatform::Trying to set the existing hwdb with name mb_usb_hdmi_top_0
TRACE::2024-10-30.04:48:17::SCWPlatform::Opened existing hwdb mb_usb_hdmi_top_0
TRACE::2024-10-30.04:48:17::SCWPlatform::Found the Hw Db part of the input DSA
TRACE::2024-10-30.04:48:17::SCWMssOS::Checking the sw design at  C:/Users/Orion/Documents/GitHub/ece385/lab_7/workspace/mb_usb_hdmi_top/microblaze_0/standalone_microblaze_0/bsp/system.mss
TRACE::2024-10-30.04:48:17::SCWMssOS::DEBUG:  swdes dump  C:/Users/Orion/Documents/GitHub/ece385/lab_7/workspace/mb_usb_hdmi_top/microblaze_0/standalone_microblaze_0/bsp/system.mss|system||

TRACE::2024-10-30.04:48:17::SCWMssOS::Sw design exists and opened at  C:/Users/Orion/Documents/GitHub/ece385/lab_7/workspace/mb_usb_hdmi_top/microblaze_0/standalone_microblaze_0/bsp/system.mss
TRACE::2024-10-30.04:48:17::SCWPlatform::Trying to open the hw design at C:/Users/Orion/Documents/GitHub/ece385/lab_7/workspace/mb_usb_hdmi_top/hw/mb_usb_hdmi_top.xsa
TRACE::2024-10-30.04:48:17::SCWPlatform::DSA given C:/Users/Orion/Documents/GitHub/ece385/lab_7/workspace/mb_usb_hdmi_top/hw/mb_usb_hdmi_top.xsa
TRACE::2024-10-30.04:48:17::SCWPlatform::DSA absoulate path C:/Users/Orion/Documents/GitHub/ece385/lab_7/workspace/mb_usb_hdmi_top/hw/mb_usb_hdmi_top.xsa
TRACE::2024-10-30.04:48:17::SCWPlatform::DSA directory C:/Users/Orion/Documents/GitHub/ece385/lab_7/workspace/mb_usb_hdmi_top/hw
TRACE::2024-10-30.04:48:17::SCWPlatform:: Platform Path C:/Users/Orion/Documents/GitHub/ece385/lab_7/workspace/mb_usb_hdmi_top/hw/mb_usb_hdmi_top.xsa
TRACE::2024-10-30.04:48:17::SCWPlatform:: Unique name xilinx:::0.0
TRACE::2024-10-30.04:48:17::SCWPlatform::Trying to set the existing hwdb with name mb_usb_hdmi_top_0
TRACE::2024-10-30.04:48:17::SCWPlatform::Opened existing hwdb mb_usb_hdmi_top_0
TRACE::2024-10-30.04:48:17::SCWPlatform::Found the Hw Db part of the input DSA
TRACE::2024-10-30.04:48:17::SCWMssOS::Checking the sw design at  C:/Users/Orion/Documents/GitHub/ece385/lab_7/workspace/mb_usb_hdmi_top/microblaze_0/standalone_microblaze_0/bsp/system.mss
TRACE::2024-10-30.04:48:17::SCWMssOS::DEBUG:  swdes dump  C:/Users/Orion/Documents/GitHub/ece385/lab_7/workspace/mb_usb_hdmi_top/microblaze_0/standalone_microblaze_0/bsp/system.mss|system||

TRACE::2024-10-30.04:48:17::SCWMssOS::Sw design exists and opened at  C:/Users/Orion/Documents/GitHub/ece385/lab_7/workspace/mb_usb_hdmi_top/microblaze_0/standalone_microblaze_0/bsp/system.mss
TRACE::2024-10-30.04:48:17::SCWPlatform::Trying to open the hw design at C:/Users/Orion/Documents/GitHub/ece385/lab_7/workspace/mb_usb_hdmi_top/hw/mb_usb_hdmi_top.xsa
TRACE::2024-10-30.04:48:17::SCWPlatform::DSA given C:/Users/Orion/Documents/GitHub/ece385/lab_7/workspace/mb_usb_hdmi_top/hw/mb_usb_hdmi_top.xsa
TRACE::2024-10-30.04:48:17::SCWPlatform::DSA absoulate path C:/Users/Orion/Documents/GitHub/ece385/lab_7/workspace/mb_usb_hdmi_top/hw/mb_usb_hdmi_top.xsa
TRACE::2024-10-30.04:48:17::SCWPlatform::DSA directory C:/Users/Orion/Documents/GitHub/ece385/lab_7/workspace/mb_usb_hdmi_top/hw
TRACE::2024-10-30.04:48:17::SCWPlatform:: Platform Path C:/Users/Orion/Documents/GitHub/ece385/lab_7/workspace/mb_usb_hdmi_top/hw/mb_usb_hdmi_top.xsa
TRACE::2024-10-30.04:48:17::SCWPlatform:: Unique name xilinx:::0.0
TRACE::2024-10-30.04:48:17::SCWPlatform::Trying to set the existing hwdb with name mb_usb_hdmi_top_0
TRACE::2024-10-30.04:48:17::SCWPlatform::Opened existing hwdb mb_usb_hdmi_top_0
TRACE::2024-10-30.04:48:17::SCWPlatform::Found the Hw Db part of the input DSA
TRACE::2024-10-30.04:48:17::SCWMssOS::Checking the sw design at  C:/Users/Orion/Documents/GitHub/ece385/lab_7/workspace/mb_usb_hdmi_top/microblaze_0/standalone_microblaze_0/bsp/system.mss
TRACE::2024-10-30.04:48:17::SCWMssOS::DEBUG:  swdes dump  C:/Users/Orion/Documents/GitHub/ece385/lab_7/workspace/mb_usb_hdmi_top/microblaze_0/standalone_microblaze_0/bsp/system.mss|system||

TRACE::2024-10-30.04:48:17::SCWMssOS::Sw design exists and opened at  C:/Users/Orion/Documents/GitHub/ece385/lab_7/workspace/mb_usb_hdmi_top/microblaze_0/standalone_microblaze_0/bsp/system.mss
TRACE::2024-10-30.04:48:17::SCWWriter::formatted JSON is {
	"platformName":	"mb_usb_hdmi_top",
	"sprVersion":	"2.0",
	"mode":	"gui",
	"dsaType":	"Fixed",
	"platformDesc":	"mb_usb_hdmi_top",
	"platHandOff":	"C:/Users/Orion/Documents/GitHub/ece385/lab_7/mb_usb_hdmi_top.xsa",
	"platIntHandOff":	"<platformDir>/hw/mb_usb_hdmi_top.xsa",
	"deviceType":	"FPGA",
	"platIsPrebuiltAutogen":	"false",
	"platIsNoBootBsp":	"false",
	"hasFsblMakeHasChanges":	"false",
	"hasPmufwMakeHasChanges":	"false",
	"platPreBuiltFlag":	false,
	"platformSamplesDir":	"",
	"platActiveSys":	"mb_usb_hdmi_top",
	"systems":	[{
			"systemName":	"mb_usb_hdmi_top",
			"systemDesc":	"mb_usb_hdmi_top",
			"sysIsBootAutoGen":	"true",
			"systemDispName":	"mb_usb_hdmi_top",
			"sysActiveDom":	"standalone_microblaze_0",
			"sysDefaultDom":	"standalone_microblaze_0",
			"domains":	[{
					"domainName":	"standalone_microblaze_0",
					"domainDispName":	"standalone_microblaze_0",
					"domainDesc":	"standalone_microblaze_0",
					"processors":	"microblaze_0",
					"os":	"standalone",
					"sdxOs":	"standalone",
					"debugEnable":	"False",
					"domRuntimes":	["cpp"],
					"swRepo":	"",
					"mssOsVer":	"8.0",
					"mssFile":	"",
					"md5Digest":	"5422c1e5be4ae93f4de8c50507402f2a",
					"compatibleApp":	"hello_world",
					"domType":	"mssDomain",
					"arch":	"32-bit",
					"appSettings":	{
						"appCompilerFlags":	"",
						"appLinkerFlags":	""
					},
					"addedLibs":	[],
					"libOptions":	{
						"libsContainingOptions":	[]
					},
					"prebuiltLibs":	{
						"prebuiltIncPath":	[],
						"prebuiltLibPath":	[]
					},
					"isolation":	{
					}
				}]
		}]
}
TRACE::2024-10-30.04:48:17::SCWPlatform::Trying to open the hw design at C:/Users/Orion/Documents/GitHub/ece385/lab_7/workspace/mb_usb_hdmi_top/hw/mb_usb_hdmi_top.xsa
TRACE::2024-10-30.04:48:17::SCWPlatform::DSA given C:/Users/Orion/Documents/GitHub/ece385/lab_7/workspace/mb_usb_hdmi_top/hw/mb_usb_hdmi_top.xsa
TRACE::2024-10-30.04:48:17::SCWPlatform::DSA absoulate path C:/Users/Orion/Documents/GitHub/ece385/lab_7/workspace/mb_usb_hdmi_top/hw/mb_usb_hdmi_top.xsa
TRACE::2024-10-30.04:48:17::SCWPlatform::DSA directory C:/Users/Orion/Documents/GitHub/ece385/lab_7/workspace/mb_usb_hdmi_top/hw
TRACE::2024-10-30.04:48:17::SCWPlatform:: Platform Path C:/Users/Orion/Documents/GitHub/ece385/lab_7/workspace/mb_usb_hdmi_top/hw/mb_usb_hdmi_top.xsa
TRACE::2024-10-30.04:48:17::SCWPlatform:: Unique name xilinx:::0.0
TRACE::2024-10-30.04:48:17::SCWPlatform::Trying to set the existing hwdb with name mb_usb_hdmi_top_0
TRACE::2024-10-30.04:48:17::SCWPlatform::Opened existing hwdb mb_usb_hdmi_top_0
TRACE::2024-10-30.04:48:17::SCWPlatform::Found the Hw Db part of the input DSA
TRACE::2024-10-30.04:48:17::SCWMssOS::Checking the sw design at  C:/Users/Orion/Documents/GitHub/ece385/lab_7/workspace/mb_usb_hdmi_top/microblaze_0/standalone_microblaze_0/bsp/system.mss
TRACE::2024-10-30.04:48:17::SCWMssOS::DEBUG:  swdes dump  C:/Users/Orion/Documents/GitHub/ece385/lab_7/workspace/mb_usb_hdmi_top/microblaze_0/standalone_microblaze_0/bsp/system.mss|system||

TRACE::2024-10-30.04:48:17::SCWMssOS::Sw design exists and opened at  C:/Users/Orion/Documents/GitHub/ece385/lab_7/workspace/mb_usb_hdmi_top/microblaze_0/standalone_microblaze_0/bsp/system.mss
TRACE::2024-10-30.04:48:17::SCWPlatform::Trying to open the hw design at C:/Users/Orion/Documents/GitHub/ece385/lab_7/workspace/mb_usb_hdmi_top/hw/mb_usb_hdmi_top.xsa
TRACE::2024-10-30.04:48:17::SCWPlatform::DSA given C:/Users/Orion/Documents/GitHub/ece385/lab_7/workspace/mb_usb_hdmi_top/hw/mb_usb_hdmi_top.xsa
TRACE::2024-10-30.04:48:17::SCWPlatform::DSA absoulate path C:/Users/Orion/Documents/GitHub/ece385/lab_7/workspace/mb_usb_hdmi_top/hw/mb_usb_hdmi_top.xsa
TRACE::2024-10-30.04:48:17::SCWPlatform::DSA directory C:/Users/Orion/Documents/GitHub/ece385/lab_7/workspace/mb_usb_hdmi_top/hw
TRACE::2024-10-30.04:48:17::SCWPlatform:: Platform Path C:/Users/Orion/Documents/GitHub/ece385/lab_7/workspace/mb_usb_hdmi_top/hw/mb_usb_hdmi_top.xsa
TRACE::2024-10-30.04:48:17::SCWPlatform:: Unique name xilinx:::0.0
TRACE::2024-10-30.04:48:17::SCWPlatform::Trying to set the existing hwdb with name mb_usb_hdmi_top_0
TRACE::2024-10-30.04:48:17::SCWPlatform::Opened existing hwdb mb_usb_hdmi_top_0
TRACE::2024-10-30.04:48:17::SCWPlatform::Found the Hw Db part of the input DSA
TRACE::2024-10-30.04:48:17::SCWMssOS::Checking the sw design at  C:/Users/Orion/Documents/GitHub/ece385/lab_7/workspace/mb_usb_hdmi_top/microblaze_0/standalone_microblaze_0/bsp/system.mss
TRACE::2024-10-30.04:48:17::SCWMssOS::DEBUG:  swdes dump  C:/Users/Orion/Documents/GitHub/ece385/lab_7/workspace/mb_usb_hdmi_top/microblaze_0/standalone_microblaze_0/bsp/system.mss|system||

TRACE::2024-10-30.04:48:17::SCWMssOS::Sw design exists and opened at  C:/Users/Orion/Documents/GitHub/ece385/lab_7/workspace/mb_usb_hdmi_top/microblaze_0/standalone_microblaze_0/bsp/system.mss
TRACE::2024-10-30.04:48:17::SCWMssOS::Saving the mss changes C:/Users/Orion/Documents/GitHub/ece385/lab_7/workspace/mb_usb_hdmi_top/microblaze_0/standalone_microblaze_0/bsp/system.mss
TRACE::2024-10-30.04:48:17::SCWMssOS::Found a swdesign opened with the mssfile.
TRACE::2024-10-30.04:48:17::SCWMssOS::Completed writemss as part of save.
TRACE::2024-10-30.04:48:17::SCWMssOS::Commit changes completed.
TRACE::2024-10-30.04:48:17::SCWPlatform::Trying to open the hw design at C:/Users/Orion/Documents/GitHub/ece385/lab_7/workspace/mb_usb_hdmi_top/hw/mb_usb_hdmi_top.xsa
TRACE::2024-10-30.04:48:17::SCWPlatform::DSA given C:/Users/Orion/Documents/GitHub/ece385/lab_7/workspace/mb_usb_hdmi_top/hw/mb_usb_hdmi_top.xsa
TRACE::2024-10-30.04:48:17::SCWPlatform::DSA absoulate path C:/Users/Orion/Documents/GitHub/ece385/lab_7/workspace/mb_usb_hdmi_top/hw/mb_usb_hdmi_top.xsa
TRACE::2024-10-30.04:48:17::SCWPlatform::DSA directory C:/Users/Orion/Documents/GitHub/ece385/lab_7/workspace/mb_usb_hdmi_top/hw
TRACE::2024-10-30.04:48:17::SCWPlatform:: Platform Path C:/Users/Orion/Documents/GitHub/ece385/lab_7/workspace/mb_usb_hdmi_top/hw/mb_usb_hdmi_top.xsa
TRACE::2024-10-30.04:48:17::SCWPlatform:: Unique name xilinx:::0.0
TRACE::2024-10-30.04:48:17::SCWPlatform::Trying to set the existing hwdb with name mb_usb_hdmi_top_0
TRACE::2024-10-30.04:48:17::SCWPlatform::Opened existing hwdb mb_usb_hdmi_top_0
TRACE::2024-10-30.04:48:17::SCWPlatform::Found the Hw Db part of the input DSA
TRACE::2024-10-30.04:48:17::SCWMssOS::Checking the sw design at  C:/Users/Orion/Documents/GitHub/ece385/lab_7/workspace/mb_usb_hdmi_top/microblaze_0/standalone_microblaze_0/bsp/system.mss
TRACE::2024-10-30.04:48:17::SCWMssOS::DEBUG:  swdes dump  C:/Users/Orion/Documents/GitHub/ece385/lab_7/workspace/mb_usb_hdmi_top/microblaze_0/standalone_microblaze_0/bsp/system.mss|system||

TRACE::2024-10-30.04:48:17::SCWMssOS::Sw design exists and opened at  C:/Users/Orion/Documents/GitHub/ece385/lab_7/workspace/mb_usb_hdmi_top/microblaze_0/standalone_microblaze_0/bsp/system.mss
TRACE::2024-10-30.04:48:17::SCWPlatform::Trying to open the hw design at C:/Users/Orion/Documents/GitHub/ece385/lab_7/workspace/mb_usb_hdmi_top/hw/mb_usb_hdmi_top.xsa
TRACE::2024-10-30.04:48:17::SCWPlatform::DSA given C:/Users/Orion/Documents/GitHub/ece385/lab_7/workspace/mb_usb_hdmi_top/hw/mb_usb_hdmi_top.xsa
TRACE::2024-10-30.04:48:17::SCWPlatform::DSA absoulate path C:/Users/Orion/Documents/GitHub/ece385/lab_7/workspace/mb_usb_hdmi_top/hw/mb_usb_hdmi_top.xsa
TRACE::2024-10-30.04:48:17::SCWPlatform::DSA directory C:/Users/Orion/Documents/GitHub/ece385/lab_7/workspace/mb_usb_hdmi_top/hw
TRACE::2024-10-30.04:48:17::SCWPlatform:: Platform Path C:/Users/Orion/Documents/GitHub/ece385/lab_7/workspace/mb_usb_hdmi_top/hw/mb_usb_hdmi_top.xsa
TRACE::2024-10-30.04:48:17::SCWPlatform:: Unique name xilinx:::0.0
TRACE::2024-10-30.04:48:17::SCWPlatform::Trying to set the existing hwdb with name mb_usb_hdmi_top_0
TRACE::2024-10-30.04:48:17::SCWPlatform::Opened existing hwdb mb_usb_hdmi_top_0
TRACE::2024-10-30.04:48:17::SCWPlatform::Found the Hw Db part of the input DSA
TRACE::2024-10-30.04:48:17::SCWMssOS::Checking the sw design at  C:/Users/Orion/Documents/GitHub/ece385/lab_7/workspace/mb_usb_hdmi_top/microblaze_0/standalone_microblaze_0/bsp/system.mss
TRACE::2024-10-30.04:48:17::SCWMssOS::DEBUG:  swdes dump  C:/Users/Orion/Documents/GitHub/ece385/lab_7/workspace/mb_usb_hdmi_top/microblaze_0/standalone_microblaze_0/bsp/system.mss|system||

TRACE::2024-10-30.04:48:17::SCWMssOS::Sw design exists and opened at  C:/Users/Orion/Documents/GitHub/ece385/lab_7/workspace/mb_usb_hdmi_top/microblaze_0/standalone_microblaze_0/bsp/system.mss
TRACE::2024-10-30.04:48:17::SCWPlatform::Trying to open the hw design at C:/Users/Orion/Documents/GitHub/ece385/lab_7/workspace/mb_usb_hdmi_top/hw/mb_usb_hdmi_top.xsa
TRACE::2024-10-30.04:48:17::SCWPlatform::DSA given C:/Users/Orion/Documents/GitHub/ece385/lab_7/workspace/mb_usb_hdmi_top/hw/mb_usb_hdmi_top.xsa
TRACE::2024-10-30.04:48:17::SCWPlatform::DSA absoulate path C:/Users/Orion/Documents/GitHub/ece385/lab_7/workspace/mb_usb_hdmi_top/hw/mb_usb_hdmi_top.xsa
TRACE::2024-10-30.04:48:17::SCWPlatform::DSA directory C:/Users/Orion/Documents/GitHub/ece385/lab_7/workspace/mb_usb_hdmi_top/hw
TRACE::2024-10-30.04:48:17::SCWPlatform:: Platform Path C:/Users/Orion/Documents/GitHub/ece385/lab_7/workspace/mb_usb_hdmi_top/hw/mb_usb_hdmi_top.xsa
TRACE::2024-10-30.04:48:17::SCWPlatform:: Unique name xilinx:::0.0
TRACE::2024-10-30.04:48:17::SCWPlatform::Trying to set the existing hwdb with name mb_usb_hdmi_top_0
TRACE::2024-10-30.04:48:17::SCWPlatform::Opened existing hwdb mb_usb_hdmi_top_0
TRACE::2024-10-30.04:48:17::SCWPlatform::Found the Hw Db part of the input DSA
TRACE::2024-10-30.04:48:17::SCWMssOS::Checking the sw design at  C:/Users/Orion/Documents/GitHub/ece385/lab_7/workspace/mb_usb_hdmi_top/microblaze_0/standalone_microblaze_0/bsp/system.mss
TRACE::2024-10-30.04:48:17::SCWMssOS::DEBUG:  swdes dump  C:/Users/Orion/Documents/GitHub/ece385/lab_7/workspace/mb_usb_hdmi_top/microblaze_0/standalone_microblaze_0/bsp/system.mss|system||

TRACE::2024-10-30.04:48:17::SCWMssOS::Sw design exists and opened at  C:/Users/Orion/Documents/GitHub/ece385/lab_7/workspace/mb_usb_hdmi_top/microblaze_0/standalone_microblaze_0/bsp/system.mss
TRACE::2024-10-30.04:48:17::SCWWriter::formatted JSON is {
	"platformName":	"mb_usb_hdmi_top",
	"sprVersion":	"2.0",
	"mode":	"gui",
	"dsaType":	"Fixed",
	"platformDesc":	"mb_usb_hdmi_top",
	"platHandOff":	"C:/Users/Orion/Documents/GitHub/ece385/lab_7/mb_usb_hdmi_top.xsa",
	"platIntHandOff":	"<platformDir>/hw/mb_usb_hdmi_top.xsa",
	"deviceType":	"FPGA",
	"platIsPrebuiltAutogen":	"false",
	"platIsNoBootBsp":	"false",
	"hasFsblMakeHasChanges":	"false",
	"hasPmufwMakeHasChanges":	"false",
	"platPreBuiltFlag":	false,
	"platformSamplesDir":	"",
	"platActiveSys":	"mb_usb_hdmi_top",
	"systems":	[{
			"systemName":	"mb_usb_hdmi_top",
			"systemDesc":	"mb_usb_hdmi_top",
			"sysIsBootAutoGen":	"true",
			"systemDispName":	"mb_usb_hdmi_top",
			"sysActiveDom":	"standalone_microblaze_0",
			"sysDefaultDom":	"standalone_microblaze_0",
			"domains":	[{
					"domainName":	"standalone_microblaze_0",
					"domainDispName":	"standalone_microblaze_0",
					"domainDesc":	"standalone_microblaze_0",
					"processors":	"microblaze_0",
					"os":	"standalone",
					"sdxOs":	"standalone",
					"debugEnable":	"False",
					"domRuntimes":	["cpp"],
					"swRepo":	"",
					"mssOsVer":	"8.0",
					"mssFile":	"",
					"md5Digest":	"5422c1e5be4ae93f4de8c50507402f2a",
					"compatibleApp":	"hello_world",
					"domType":	"mssDomain",
					"arch":	"32-bit",
					"appSettings":	{
						"appCompilerFlags":	"",
						"appLinkerFlags":	""
					},
					"addedLibs":	[],
					"libOptions":	{
						"libsContainingOptions":	[]
					},
					"prebuiltLibs":	{
						"prebuiltIncPath":	[],
						"prebuiltLibPath":	[]
					},
					"isolation":	{
					}
				}]
		}]
}
LOG::2024-10-30.04:48:17::SCWPlatform::Started generating the artifacts platform mb_usb_hdmi_top
TRACE::2024-10-30.04:48:17::SCWPlatform::Sanity checking of platform is completed
LOG::2024-10-30.04:48:17::SCWPlatform::Started generating the artifacts for system configuration mb_usb_hdmi_top
LOG::2024-10-30.04:48:17::SCWSystem::Started Processing the domain standalone_microblaze_0
TRACE::2024-10-30.04:48:17::SCWDomain::Generating domain artifcats
TRACE::2024-10-30.04:48:17::SCWMssOS::Generating standalone artifcats
TRACE::2024-10-30.04:48:17::SCWMssOS:: Copying the user libraries. 
TRACE::2024-10-30.04:48:17::SCWPlatform::Trying to open the hw design at C:/Users/Orion/Documents/GitHub/ece385/lab_7/workspace/mb_usb_hdmi_top/hw/mb_usb_hdmi_top.xsa
TRACE::2024-10-30.04:48:17::SCWPlatform::DSA given C:/Users/Orion/Documents/GitHub/ece385/lab_7/workspace/mb_usb_hdmi_top/hw/mb_usb_hdmi_top.xsa
TRACE::2024-10-30.04:48:17::SCWPlatform::DSA absoulate path C:/Users/Orion/Documents/GitHub/ece385/lab_7/workspace/mb_usb_hdmi_top/hw/mb_usb_hdmi_top.xsa
TRACE::2024-10-30.04:48:17::SCWPlatform::DSA directory C:/Users/Orion/Documents/GitHub/ece385/lab_7/workspace/mb_usb_hdmi_top/hw
TRACE::2024-10-30.04:48:17::SCWPlatform:: Platform Path C:/Users/Orion/Documents/GitHub/ece385/lab_7/workspace/mb_usb_hdmi_top/hw/mb_usb_hdmi_top.xsa
TRACE::2024-10-30.04:48:18::SCWPlatform:: Unique name xilinx:::0.0
TRACE::2024-10-30.04:48:18::SCWPlatform::Trying to set the existing hwdb with name mb_usb_hdmi_top_0
TRACE::2024-10-30.04:48:18::SCWPlatform::Opened existing hwdb mb_usb_hdmi_top_0
TRACE::2024-10-30.04:48:18::SCWPlatform::Found the Hw Db part of the input DSA
TRACE::2024-10-30.04:48:18::SCWMssOS::Checking the sw design at  C:/Users/Orion/Documents/GitHub/ece385/lab_7/workspace/mb_usb_hdmi_top/microblaze_0/standalone_microblaze_0/bsp/system.mss
TRACE::2024-10-30.04:48:18::SCWMssOS::DEBUG:  swdes dump  C:/Users/Orion/Documents/GitHub/ece385/lab_7/workspace/mb_usb_hdmi_top/microblaze_0/standalone_microblaze_0/bsp/system.mss|system||

TRACE::2024-10-30.04:48:18::SCWMssOS::Sw design exists and opened at  C:/Users/Orion/Documents/GitHub/ece385/lab_7/workspace/mb_usb_hdmi_top/microblaze_0/standalone_microblaze_0/bsp/system.mss
TRACE::2024-10-30.04:48:18::SCWMssOS::Completed writing the mss file at C:/Users/Orion/Documents/GitHub/ece385/lab_7/workspace/mb_usb_hdmi_top/microblaze_0/standalone_microblaze_0/bsp
TRACE::2024-10-30.04:48:18::SCWMssOS::Mss edits present, copying mssfile into export location C:/Users/Orion/Documents/GitHub/ece385/lab_7/workspace/mb_usb_hdmi_top/microblaze_0/standalone_microblaze_0/bsp/system.mss
TRACE::2024-10-30.04:48:18::SCWMssOS::bsp generated is upto date with the mss file. Skipping bsp generation.
TRACE::2024-10-30.04:48:18::SCWMssOS::BSP is already built. skipping the bsp build ... 
TRACE::2024-10-30.04:48:18::SCWDomain::Building the domain as part of full build :  standalone_microblaze_0
TRACE::2024-10-30.04:48:18::SCWMssOS::skipping the bsp build ... 
TRACE::2024-10-30.04:48:18::SCWMssOS::Copying to export directory.
TRACE::2024-10-30.04:48:18::SCWMssOS:: Checking if to create the Supporting Applications
TRACE::2024-10-30.04:48:18::SCWMssOS:: No Linux domain exists, trying to generate FSBL 
LOG::2024-10-30.04:48:18::SCWSystem::Completed Processing the domain standalone_microblaze_0
LOG::2024-10-30.04:48:18::SCWSystem::Completed Processing the sysconfig mb_usb_hdmi_top
LOG::2024-10-30.04:48:18::SCWPlatform::Completed generating the artifacts for system configuration mb_usb_hdmi_top
TRACE::2024-10-30.04:48:18::SCWPlatform::Started preparing the platform 
TRACE::2024-10-30.04:48:18::SCWSystem::Writing the bif file for system config mb_usb_hdmi_top
TRACE::2024-10-30.04:48:18::SCWSystem::dir created 
TRACE::2024-10-30.04:48:18::SCWSystem::Writing the bif 
TRACE::2024-10-30.04:48:18::SCWPlatform::Started writing the spfm file 
TRACE::2024-10-30.04:48:18::SCWPlatform::Started writing the xpfm file 
TRACE::2024-10-30.04:48:18::SCWPlatform::Completed generating the platform
TRACE::2024-10-30.04:48:18::SCWMssOS::Saving the mss changes C:/Users/Orion/Documents/GitHub/ece385/lab_7/workspace/mb_usb_hdmi_top/microblaze_0/standalone_microblaze_0/bsp/system.mss
TRACE::2024-10-30.04:48:18::SCWMssOS::Found a swdesign opened with the mssfile.
TRACE::2024-10-30.04:48:18::SCWMssOS::Completed writemss as part of save.
TRACE::2024-10-30.04:48:18::SCWMssOS::Commit changes completed.
TRACE::2024-10-30.04:48:18::SCWPlatform::Trying to open the hw design at C:/Users/Orion/Documents/GitHub/ece385/lab_7/workspace/mb_usb_hdmi_top/hw/mb_usb_hdmi_top.xsa
TRACE::2024-10-30.04:48:18::SCWPlatform::DSA given C:/Users/Orion/Documents/GitHub/ece385/lab_7/workspace/mb_usb_hdmi_top/hw/mb_usb_hdmi_top.xsa
TRACE::2024-10-30.04:48:18::SCWPlatform::DSA absoulate path C:/Users/Orion/Documents/GitHub/ece385/lab_7/workspace/mb_usb_hdmi_top/hw/mb_usb_hdmi_top.xsa
TRACE::2024-10-30.04:48:18::SCWPlatform::DSA directory C:/Users/Orion/Documents/GitHub/ece385/lab_7/workspace/mb_usb_hdmi_top/hw
TRACE::2024-10-30.04:48:18::SCWPlatform:: Platform Path C:/Users/Orion/Documents/GitHub/ece385/lab_7/workspace/mb_usb_hdmi_top/hw/mb_usb_hdmi_top.xsa
TRACE::2024-10-30.04:48:18::SCWPlatform:: Unique name xilinx:::0.0
TRACE::2024-10-30.04:48:18::SCWPlatform::Trying to set the existing hwdb with name mb_usb_hdmi_top_0
TRACE::2024-10-30.04:48:18::SCWPlatform::Opened existing hwdb mb_usb_hdmi_top_0
TRACE::2024-10-30.04:48:18::SCWPlatform::Found the Hw Db part of the input DSA
TRACE::2024-10-30.04:48:18::SCWMssOS::Checking the sw design at  C:/Users/Orion/Documents/GitHub/ece385/lab_7/workspace/mb_usb_hdmi_top/microblaze_0/standalone_microblaze_0/bsp/system.mss
TRACE::2024-10-30.04:48:18::SCWMssOS::DEBUG:  swdes dump  C:/Users/Orion/Documents/GitHub/ece385/lab_7/workspace/mb_usb_hdmi_top/microblaze_0/standalone_microblaze_0/bsp/system.mss|system||

TRACE::2024-10-30.04:48:18::SCWMssOS::Sw design exists and opened at  C:/Users/Orion/Documents/GitHub/ece385/lab_7/workspace/mb_usb_hdmi_top/microblaze_0/standalone_microblaze_0/bsp/system.mss
TRACE::2024-10-30.04:48:18::SCWPlatform::Trying to open the hw design at C:/Users/Orion/Documents/GitHub/ece385/lab_7/workspace/mb_usb_hdmi_top/hw/mb_usb_hdmi_top.xsa
TRACE::2024-10-30.04:48:18::SCWPlatform::DSA given C:/Users/Orion/Documents/GitHub/ece385/lab_7/workspace/mb_usb_hdmi_top/hw/mb_usb_hdmi_top.xsa
TRACE::2024-10-30.04:48:18::SCWPlatform::DSA absoulate path C:/Users/Orion/Documents/GitHub/ece385/lab_7/workspace/mb_usb_hdmi_top/hw/mb_usb_hdmi_top.xsa
TRACE::2024-10-30.04:48:18::SCWPlatform::DSA directory C:/Users/Orion/Documents/GitHub/ece385/lab_7/workspace/mb_usb_hdmi_top/hw
TRACE::2024-10-30.04:48:18::SCWPlatform:: Platform Path C:/Users/Orion/Documents/GitHub/ece385/lab_7/workspace/mb_usb_hdmi_top/hw/mb_usb_hdmi_top.xsa
TRACE::2024-10-30.04:48:18::SCWPlatform:: Unique name xilinx:::0.0
TRACE::2024-10-30.04:48:18::SCWPlatform::Trying to set the existing hwdb with name mb_usb_hdmi_top_0
TRACE::2024-10-30.04:48:18::SCWPlatform::Opened existing hwdb mb_usb_hdmi_top_0
TRACE::2024-10-30.04:48:18::SCWPlatform::Found the Hw Db part of the input DSA
TRACE::2024-10-30.04:48:18::SCWMssOS::Checking the sw design at  C:/Users/Orion/Documents/GitHub/ece385/lab_7/workspace/mb_usb_hdmi_top/microblaze_0/standalone_microblaze_0/bsp/system.mss
TRACE::2024-10-30.04:48:18::SCWMssOS::DEBUG:  swdes dump  C:/Users/Orion/Documents/GitHub/ece385/lab_7/workspace/mb_usb_hdmi_top/microblaze_0/standalone_microblaze_0/bsp/system.mss|system||

TRACE::2024-10-30.04:48:18::SCWMssOS::Sw design exists and opened at  C:/Users/Orion/Documents/GitHub/ece385/lab_7/workspace/mb_usb_hdmi_top/microblaze_0/standalone_microblaze_0/bsp/system.mss
TRACE::2024-10-30.04:48:18::SCWPlatform::Trying to open the hw design at C:/Users/Orion/Documents/GitHub/ece385/lab_7/workspace/mb_usb_hdmi_top/hw/mb_usb_hdmi_top.xsa
TRACE::2024-10-30.04:48:18::SCWPlatform::DSA given C:/Users/Orion/Documents/GitHub/ece385/lab_7/workspace/mb_usb_hdmi_top/hw/mb_usb_hdmi_top.xsa
TRACE::2024-10-30.04:48:18::SCWPlatform::DSA absoulate path C:/Users/Orion/Documents/GitHub/ece385/lab_7/workspace/mb_usb_hdmi_top/hw/mb_usb_hdmi_top.xsa
TRACE::2024-10-30.04:48:18::SCWPlatform::DSA directory C:/Users/Orion/Documents/GitHub/ece385/lab_7/workspace/mb_usb_hdmi_top/hw
TRACE::2024-10-30.04:48:18::SCWPlatform:: Platform Path C:/Users/Orion/Documents/GitHub/ece385/lab_7/workspace/mb_usb_hdmi_top/hw/mb_usb_hdmi_top.xsa
TRACE::2024-10-30.04:48:18::SCWPlatform:: Unique name xilinx:::0.0
TRACE::2024-10-30.04:48:18::SCWPlatform::Trying to set the existing hwdb with name mb_usb_hdmi_top_0
TRACE::2024-10-30.04:48:18::SCWPlatform::Opened existing hwdb mb_usb_hdmi_top_0
TRACE::2024-10-30.04:48:18::SCWPlatform::Found the Hw Db part of the input DSA
TRACE::2024-10-30.04:48:18::SCWMssOS::Checking the sw design at  C:/Users/Orion/Documents/GitHub/ece385/lab_7/workspace/mb_usb_hdmi_top/microblaze_0/standalone_microblaze_0/bsp/system.mss
TRACE::2024-10-30.04:48:18::SCWMssOS::DEBUG:  swdes dump  C:/Users/Orion/Documents/GitHub/ece385/lab_7/workspace/mb_usb_hdmi_top/microblaze_0/standalone_microblaze_0/bsp/system.mss|system||

TRACE::2024-10-30.04:48:18::SCWMssOS::Sw design exists and opened at  C:/Users/Orion/Documents/GitHub/ece385/lab_7/workspace/mb_usb_hdmi_top/microblaze_0/standalone_microblaze_0/bsp/system.mss
TRACE::2024-10-30.04:48:18::SCWWriter::formatted JSON is {
	"platformName":	"mb_usb_hdmi_top",
	"sprVersion":	"2.0",
	"mode":	"gui",
	"dsaType":	"Fixed",
	"platformDesc":	"mb_usb_hdmi_top",
	"platHandOff":	"C:/Users/Orion/Documents/GitHub/ece385/lab_7/mb_usb_hdmi_top.xsa",
	"platIntHandOff":	"<platformDir>/hw/mb_usb_hdmi_top.xsa",
	"deviceType":	"FPGA",
	"platIsPrebuiltAutogen":	"false",
	"platIsNoBootBsp":	"false",
	"hasFsblMakeHasChanges":	"false",
	"hasPmufwMakeHasChanges":	"false",
	"platPreBuiltFlag":	false,
	"platformSamplesDir":	"",
	"platActiveSys":	"mb_usb_hdmi_top",
	"systems":	[{
			"systemName":	"mb_usb_hdmi_top",
			"systemDesc":	"mb_usb_hdmi_top",
			"sysIsBootAutoGen":	"true",
			"systemDispName":	"mb_usb_hdmi_top",
			"sysActiveDom":	"standalone_microblaze_0",
			"sysDefaultDom":	"standalone_microblaze_0",
			"domains":	[{
					"domainName":	"standalone_microblaze_0",
					"domainDispName":	"standalone_microblaze_0",
					"domainDesc":	"standalone_microblaze_0",
					"processors":	"microblaze_0",
					"os":	"standalone",
					"sdxOs":	"standalone",
					"debugEnable":	"False",
					"domRuntimes":	["cpp"],
					"swRepo":	"",
					"mssOsVer":	"8.0",
					"mssFile":	"",
					"md5Digest":	"5422c1e5be4ae93f4de8c50507402f2a",
					"compatibleApp":	"hello_world",
					"domType":	"mssDomain",
					"arch":	"32-bit",
					"appSettings":	{
						"appCompilerFlags":	"",
						"appLinkerFlags":	""
					},
					"addedLibs":	[],
					"libOptions":	{
						"libsContainingOptions":	[]
					},
					"prebuiltLibs":	{
						"prebuiltIncPath":	[],
						"prebuiltLibPath":	[]
					},
					"isolation":	{
					}
				}]
		}]
}
KEYINFO::2024-10-30.04:48:18::SCWPlatform::updated the xpfm file.
LOG::2024-10-30.04:53:52::SCWPlatform::Started generating the artifacts platform mb_usb_hdmi_top
TRACE::2024-10-30.04:53:52::SCWPlatform::Sanity checking of platform is completed
LOG::2024-10-30.04:53:52::SCWPlatform::Started generating the artifacts for system configuration mb_usb_hdmi_top
LOG::2024-10-30.04:53:52::SCWSystem::Checking the domain standalone_microblaze_0
LOG::2024-10-30.04:53:52::SCWSystem::Not a boot domain 
LOG::2024-10-30.04:53:52::SCWSystem::Started Processing the domain standalone_microblaze_0
TRACE::2024-10-30.04:53:52::SCWDomain::Generating domain artifcats
TRACE::2024-10-30.04:53:52::SCWMssOS::Generating standalone artifcats
TRACE::2024-10-30.04:53:52::SCWMssOS:: Copying the user libraries. 
TRACE::2024-10-30.04:53:52::SCWPlatform::Trying to open the hw design at C:/Users/Orion/Documents/GitHub/ece385/lab_7/workspace/mb_usb_hdmi_top/hw/mb_usb_hdmi_top.xsa
TRACE::2024-10-30.04:53:52::SCWPlatform::DSA given C:/Users/Orion/Documents/GitHub/ece385/lab_7/workspace/mb_usb_hdmi_top/hw/mb_usb_hdmi_top.xsa
TRACE::2024-10-30.04:53:52::SCWPlatform::DSA absoulate path C:/Users/Orion/Documents/GitHub/ece385/lab_7/workspace/mb_usb_hdmi_top/hw/mb_usb_hdmi_top.xsa
TRACE::2024-10-30.04:53:52::SCWPlatform::DSA directory C:/Users/Orion/Documents/GitHub/ece385/lab_7/workspace/mb_usb_hdmi_top/hw
TRACE::2024-10-30.04:53:52::SCWPlatform:: Platform Path C:/Users/Orion/Documents/GitHub/ece385/lab_7/workspace/mb_usb_hdmi_top/hw/mb_usb_hdmi_top.xsa
TRACE::2024-10-30.04:53:52::SCWPlatform:: Unique name xilinx:::0.0
TRACE::2024-10-30.04:53:52::SCWPlatform::Trying to set the existing hwdb with name mb_usb_hdmi_top_0
TRACE::2024-10-30.04:53:52::SCWPlatform::Opened existing hwdb mb_usb_hdmi_top_0
TRACE::2024-10-30.04:53:52::SCWPlatform::Found the Hw Db part of the input DSA
TRACE::2024-10-30.04:53:52::SCWMssOS::Checking the sw design at  C:/Users/Orion/Documents/GitHub/ece385/lab_7/workspace/mb_usb_hdmi_top/microblaze_0/standalone_microblaze_0/bsp/system.mss
TRACE::2024-10-30.04:53:52::SCWMssOS::DEBUG:  swdes dump  C:/Users/Orion/Documents/GitHub/ece385/lab_7/workspace/mb_usb_hdmi_top/microblaze_0/standalone_microblaze_0/bsp/system.mss|system||

TRACE::2024-10-30.04:53:52::SCWMssOS::Sw design exists and opened at  C:/Users/Orion/Documents/GitHub/ece385/lab_7/workspace/mb_usb_hdmi_top/microblaze_0/standalone_microblaze_0/bsp/system.mss
TRACE::2024-10-30.04:53:52::SCWMssOS::Completed writing the mss file at C:/Users/Orion/Documents/GitHub/ece385/lab_7/workspace/mb_usb_hdmi_top/microblaze_0/standalone_microblaze_0/bsp
TRACE::2024-10-30.04:53:52::SCWMssOS::Mss edits present, copying mssfile into export location C:/Users/Orion/Documents/GitHub/ece385/lab_7/workspace/mb_usb_hdmi_top/microblaze_0/standalone_microblaze_0/bsp/system.mss
TRACE::2024-10-30.04:53:52::SCWMssOS::bsp generated is upto date with the mss file. Skipping bsp generation.
TRACE::2024-10-30.04:53:52::SCWMssOS::BSP is already built. skipping the bsp build ... 
TRACE::2024-10-30.04:53:52::SCWDomain::Building the domain as part of full build :  standalone_microblaze_0
TRACE::2024-10-30.04:53:52::SCWMssOS::doing bsp build ... 
TRACE::2024-10-30.04:53:52::SCWMssOS::System Command Ran  C: & cd  C:/Users/Orion/Documents/GitHub/ece385/lab_7/workspace/mb_usb_hdmi_top/microblaze_0/standalone_microblaze_0/bsp & make 
TRACE::2024-10-30.04:53:52::SCWMssOS::make --no-print-directory seq_libs

TRACE::2024-10-30.04:53:52::SCWMssOS::"Running Make include in microblaze_0/libsrc/bram_v4_8/src"

TRACE::2024-10-30.04:53:52::SCWMssOS::make -C microblaze_0/libsrc/bram_v4_8/src -s include  "SHELL=CMD" "COMPILER=mb-gcc" "ASSEMBLER=mb-as" "ARCHIVER=mb-ar" "COMPILE
TRACE::2024-10-30.04:53:52::SCWMssOS::R_FLAGS=  -O2 -c -mcpu=v11.0 -mlittle-endian -mno-xl-reorder -mno-xl-soft-mul -mxl-barrel-shift -mxl-pattern-compare" "EXTRA_CO
TRACE::2024-10-30.04:53:52::SCWMssOS::MPILER_FLAGS=-g -ffunction-sections -fdata-sections -Wall -Wextra -fno-tree-loop-distribute-patterns"

TRACE::2024-10-30.04:53:53::SCWMssOS::"Running Make include in microblaze_0/libsrc/cpu_v2_16/src"

TRACE::2024-10-30.04:53:53::SCWMssOS::make -C microblaze_0/libsrc/cpu_v2_16/src -s include  "SHELL=CMD" "COMPILER=mb-gcc" "ASSEMBLER=mb-as" "ARCHIVER=mb-ar" "COMPILE
TRACE::2024-10-30.04:53:53::SCWMssOS::R_FLAGS=  -O2 -c -mcpu=v11.0 -mlittle-endian -mno-xl-reorder -mno-xl-soft-mul -mxl-barrel-shift -mxl-pattern-compare" "EXTRA_CO
TRACE::2024-10-30.04:53:53::SCWMssOS::MPILER_FLAGS=-g -ffunction-sections -fdata-sections -Wall -Wextra -fno-tree-loop-distribute-patterns"

TRACE::2024-10-30.04:53:53::SCWMssOS::"Running Make include in microblaze_0/libsrc/hdmi_text_controller_v1_0/src"

TRACE::2024-10-30.04:53:53::SCWMssOS::make -C microblaze_0/libsrc/hdmi_text_controller_v1_0/src -s include  "SHELL=CMD" "COMPILER=mb-gcc" "ASSEMBLER=mb-as" "ARCHIVER
TRACE::2024-10-30.04:53:53::SCWMssOS::=mb-ar" "COMPILER_FLAGS=  -O2 -c -mcpu=v11.0 -mlittle-endian -mno-xl-reorder -mno-xl-soft-mul -mxl-barrel-shift -mxl-pattern-co
TRACE::2024-10-30.04:53:53::SCWMssOS::mpare" "EXTRA_COMPILER_FLAGS=-g -ffunction-sections -fdata-sections -Wall -Wextra -fno-tree-loop-distribute-patterns"

TRACE::2024-10-30.04:53:53::SCWMssOS::"Running Make include in microblaze_0/libsrc/intc_v3_15/src"

TRACE::2024-10-30.04:53:53::SCWMssOS::make -C microblaze_0/libsrc/intc_v3_15/src -s include  "SHELL=CMD" "COMPILER=mb-gcc" "ASSEMBLER=mb-as" "ARCHIVER=mb-ar" "COMPIL
TRACE::2024-10-30.04:53:53::SCWMssOS::ER_FLAGS=  -O2 -c -mcpu=v11.0 -mlittle-endian -mno-xl-reorder -mno-xl-soft-mul -mxl-barrel-shift -mxl-pattern-compare" "EXTRA_C
TRACE::2024-10-30.04:53:53::SCWMssOS::OMPILER_FLAGS=-g -ffunction-sections -fdata-sections -Wall -Wextra -fno-tree-loop-distribute-patterns"

TRACE::2024-10-30.04:53:53::SCWMssOS::"Running Make include in microblaze_0/libsrc/standalone_v8_0/src"

TRACE::2024-10-30.04:53:53::SCWMssOS::make -C microblaze_0/libsrc/standalone_v8_0/src -s include  "SHELL=CMD" "COMPILER=mb-gcc" "ASSEMBLER=mb-as" "ARCHIVER=mb-ar" "C
TRACE::2024-10-30.04:53:53::SCWMssOS::OMPILER_FLAGS=  -O2 -c -mcpu=v11.0 -mlittle-endian -mno-xl-reorder -mno-xl-soft-mul -mxl-barrel-shift -mxl-pattern-compare" "EX
TRACE::2024-10-30.04:53:53::SCWMssOS::TRA_COMPILER_FLAGS=-g -ffunction-sections -fdata-sections -Wall -Wextra -fno-tree-loop-distribute-patterns"

TRACE::2024-10-30.04:53:56::SCWMssOS::"Running Make include in microblaze_0/libsrc/uartlite_v3_7/src"

TRACE::2024-10-30.04:53:56::SCWMssOS::make -C microblaze_0/libsrc/uartlite_v3_7/src -s include  "SHELL=CMD" "COMPILER=mb-gcc" "ASSEMBLER=mb-as" "ARCHIVER=mb-ar" "COM
TRACE::2024-10-30.04:53:56::SCWMssOS::PILER_FLAGS=  -O2 -c -mcpu=v11.0 -mlittle-endian -mno-xl-reorder -mno-xl-soft-mul -mxl-barrel-shift -mxl-pattern-compare" "EXTR
TRACE::2024-10-30.04:53:56::SCWMssOS::A_COMPILER_FLAGS=-g -ffunction-sections -fdata-sections -Wall -Wextra -fno-tree-loop-distribute-patterns"

TRACE::2024-10-30.04:53:56::SCWMssOS::"Running Make libs in microblaze_0/libsrc/hdmi_text_controller_v1_0/src"

TRACE::2024-10-30.04:53:56::SCWMssOS::make -C microblaze_0/libsrc/hdmi_text_controller_v1_0/src -s libs  "SHELL=CMD" "COMPILER=mb-gcc" "ASSEMBLER=mb-as" "ARCHIVER=mb
TRACE::2024-10-30.04:53:56::SCWMssOS::-ar" "COMPILER_FLAGS=  -O2 -c -mcpu=v11.0 -mlittle-endian -mno-xl-reorder -mno-xl-soft-mul -mxl-barrel-shift -mxl-pattern-compa
TRACE::2024-10-30.04:53:56::SCWMssOS::re" "EXTRA_COMPILER_FLAGS=-g -ffunction-sections -fdata-sections -Wall -Wextra -fno-tree-loop-distribute-patterns"

TRACE::2024-10-30.04:53:56::SCWMssOS::"Compiling hdmi_text_controller..."

TRACE::2024-10-30.04:53:57::SCWMssOS::'Finished building libraries sequentially.'

TRACE::2024-10-30.04:53:57::SCWMssOS::make -j 10 --no-print-directory par_libs

TRACE::2024-10-30.04:53:57::SCWMssOS::"Running Make include in microblaze_0/libsrc/bram_v4_8/src"

TRACE::2024-10-30.04:53:57::SCWMssOS::"Running Make include in microblaze_0/libsrc/cpu_v2_16/src"

TRACE::2024-10-30.04:53:57::SCWMssOS::make -C microblaze_0/libsrc/bram_v4_8/src -s include  "SHELL=CMD" "COMPILER=mb-gcc" "ASSEMBLER=mb-as" "ARCHIVER=mb-ar" "COMPILE
TRACE::2024-10-30.04:53:57::SCWMssOS::R_FLAGS=  -O2 -c -mcpu=v11.0 -mlittle-endian -mno-xl-reorder -mno-xl-soft-mul -mxl-barrel-shift -mxl-pattern-compare" "EXTRA_CO
TRACE::2024-10-30.04:53:57::SCWMssOS::MPILER_FLAGS=-g -ffunction-sections -fdata-sections -Wall -Wextra -fno-tree-loop-distribute-patterns"

TRACE::2024-10-30.04:53:57::SCWMssOS::make -C microblaze_0/libsrc/cpu_v2_16/src -s include  "SHELL=CMD" "COMPILER=mb-gcc" "ASSEMBLER=mb-as" "ARCHIVER=mb-ar" "COMPILE
TRACE::2024-10-30.04:53:57::SCWMssOS::R_FLAGS=  -O2 -c -mcpu=v11.0 -mlittle-endian -mno-xl-reorder -mno-xl-soft-mul -mxl-barrel-shift -mxl-pattern-compare" "EXTRA_CO
TRACE::2024-10-30.04:53:57::SCWMssOS::MPILER_FLAGS=-g -ffunction-sections -fdata-sections -Wall -Wextra -fno-tree-loop-distribute-patterns"

TRACE::2024-10-30.04:53:57::SCWMssOS::"Running Make include in microblaze_0/libsrc/hdmi_text_controller_v1_0/src"

TRACE::2024-10-30.04:53:57::SCWMssOS::make -C microblaze_0/libsrc/hdmi_text_controller_v1_0/src -s include  "SHELL=CMD" "COMPILER=mb-gcc" "ASSEMBLER=mb-as" "ARCHIVER
TRACE::2024-10-30.04:53:57::SCWMssOS::=mb-ar" "COMPILER_FLAGS=  -O2 -c -mcpu=v11.0 -mlittle-endian -mno-xl-reorder -mno-xl-soft-mul -mxl-barrel-shift -mxl-pattern-co
TRACE::2024-10-30.04:53:57::SCWMssOS::mpare" "EXTRA_COMPILER_FLAGS=-g -ffunction-sections -fdata-sections -Wall -Wextra -fno-tree-loop-distribute-patterns"

TRACE::2024-10-30.04:53:57::SCWMssOS::"Running Make include in microblaze_0/libsrc/intc_v3_15/src"

TRACE::2024-10-30.04:53:57::SCWMssOS::make -C microblaze_0/libsrc/intc_v3_15/src -s include  "SHELL=CMD" "COMPILER=mb-gcc" "ASSEMBLER=mb-as" "ARCHIVER=mb-ar" "COMPIL
TRACE::2024-10-30.04:53:57::SCWMssOS::ER_FLAGS=  -O2 -c -mcpu=v11.0 -mlittle-endian -mno-xl-reorder -mno-xl-soft-mul -mxl-barrel-shift -mxl-pattern-compare" "EXTRA_C
TRACE::2024-10-30.04:53:57::SCWMssOS::OMPILER_FLAGS=-g -ffunction-sections -fdata-sections -Wall -Wextra -fno-tree-loop-distribute-patterns"

TRACE::2024-10-30.04:53:57::SCWMssOS::"Running Make include in microblaze_0/libsrc/standalone_v8_0/src"

TRACE::2024-10-30.04:53:57::SCWMssOS::make -C microblaze_0/libsrc/standalone_v8_0/src -s include  "SHELL=CMD" "COMPILER=mb-gcc" "ASSEMBLER=mb-as" "ARCHIVER=mb-ar" "C
TRACE::2024-10-30.04:53:57::SCWMssOS::OMPILER_FLAGS=  -O2 -c -mcpu=v11.0 -mlittle-endian -mno-xl-reorder -mno-xl-soft-mul -mxl-barrel-shift -mxl-pattern-compare" "EX
TRACE::2024-10-30.04:53:57::SCWMssOS::TRA_COMPILER_FLAGS=-g -ffunction-sections -fdata-sections -Wall -Wextra -fno-tree-loop-distribute-patterns"

TRACE::2024-10-30.04:53:57::SCWMssOS::"Running Make include in microblaze_0/libsrc/uartlite_v3_7/src"

TRACE::2024-10-30.04:53:57::SCWMssOS::make -C microblaze_0/libsrc/uartlite_v3_7/src -s include  "SHELL=CMD" "COMPILER=mb-gcc" "ASSEMBLER=mb-as" "ARCHIVER=mb-ar" "COM
TRACE::2024-10-30.04:53:57::SCWMssOS::PILER_FLAGS=  -O2 -c -mcpu=v11.0 -mlittle-endian -mno-xl-reorder -mno-xl-soft-mul -mxl-barrel-shift -mxl-pattern-compare" "EXTR
TRACE::2024-10-30.04:53:57::SCWMssOS::A_COMPILER_FLAGS=-g -ffunction-sections -fdata-sections -Wall -Wextra -fno-tree-loop-distribute-patterns"

TRACE::2024-10-30.04:53:57::SCWMssOS::"Running Make libs in microblaze_0/libsrc/bram_v4_8/src"

TRACE::2024-10-30.04:53:57::SCWMssOS::make -C microblaze_0/libsrc/bram_v4_8/src -s libs  "SHELL=CMD" "COMPILER=mb-gcc" "ASSEMBLER=mb-as" "ARCHIVER=mb-ar" "COMPILER_F
TRACE::2024-10-30.04:53:57::SCWMssOS::LAGS=  -O2 -c -mcpu=v11.0 -mlittle-endian -mno-xl-reorder -mno-xl-soft-mul -mxl-barrel-shift -mxl-pattern-compare" "EXTRA_COMPI
TRACE::2024-10-30.04:53:57::SCWMssOS::LER_FLAGS=-g -ffunction-sections -fdata-sections -Wall -Wextra -fno-tree-loop-distribute-patterns"

TRACE::2024-10-30.04:53:57::SCWMssOS::"Running Make libs in microblaze_0/libsrc/cpu_v2_16/src"

TRACE::2024-10-30.04:53:57::SCWMssOS::make -C microblaze_0/libsrc/cpu_v2_16/src -s libs  "SHELL=CMD" "COMPILER=mb-gcc" "ASSEMBLER=mb-as" "ARCHIVER=mb-ar" "COMPILER_F
TRACE::2024-10-30.04:53:57::SCWMssOS::LAGS=  -O2 -c -mcpu=v11.0 -mlittle-endian -mno-xl-reorder -mno-xl-soft-mul -mxl-barrel-shift -mxl-pattern-compare" "EXTRA_COMPI
TRACE::2024-10-30.04:53:57::SCWMssOS::LER_FLAGS=-g -ffunction-sections -fdata-sections -Wall -Wextra -fno-tree-loop-distribute-patterns"

TRACE::2024-10-30.04:53:57::SCWMssOS::"Running Make libs in microblaze_0/libsrc/intc_v3_15/src"

TRACE::2024-10-30.04:53:57::SCWMssOS::make -C microblaze_0/libsrc/intc_v3_15/src -s libs  "SHELL=CMD" "COMPILER=mb-gcc" "ASSEMBLER=mb-as" "ARCHIVER=mb-ar" "COMPILER_
TRACE::2024-10-30.04:53:57::SCWMssOS::FLAGS=  -O2 -c -mcpu=v11.0 -mlittle-endian -mno-xl-reorder -mno-xl-soft-mul -mxl-barrel-shift -mxl-pattern-compare" "EXTRA_COMP
TRACE::2024-10-30.04:53:57::SCWMssOS::ILER_FLAGS=-g -ffunction-sections -fdata-sections -Wall -Wextra -fno-tree-loop-distribute-patterns"

TRACE::2024-10-30.04:53:57::SCWMssOS::"Running Make libs in microblaze_0/libsrc/standalone_v8_0/src"

TRACE::2024-10-30.04:53:57::SCWMssOS::make -C microblaze_0/libsrc/standalone_v8_0/src -s libs  "SHELL=CMD" "COMPILER=mb-gcc" "ASSEMBLER=mb-as" "ARCHIVER=mb-ar" "COMP
TRACE::2024-10-30.04:53:57::SCWMssOS::ILER_FLAGS=  -O2 -c -mcpu=v11.0 -mlittle-endian -mno-xl-reorder -mno-xl-soft-mul -mxl-barrel-shift -mxl-pattern-compare" "EXTRA
TRACE::2024-10-30.04:53:57::SCWMssOS::_COMPILER_FLAGS=-g -ffunction-sections -fdata-sections -Wall -Wextra -fno-tree-loop-distribute-patterns"

TRACE::2024-10-30.04:53:57::SCWMssOS::"Running Make libs in microblaze_0/libsrc/uartlite_v3_7/src"

TRACE::2024-10-30.04:53:58::SCWMssOS::make -C microblaze_0/libsrc/uartlite_v3_7/src -s libs  "SHELL=CMD" "COMPILER=mb-gcc" "ASSEMBLER=mb-as" "ARCHIVER=mb-ar" "COMPIL
TRACE::2024-10-30.04:53:58::SCWMssOS::ER_FLAGS=  -O2 -c -mcpu=v11.0 -mlittle-endian -mno-xl-reorder -mno-xl-soft-mul -mxl-barrel-shift -mxl-pattern-compare" "EXTRA_C
TRACE::2024-10-30.04:53:58::SCWMssOS::OMPILER_FLAGS=-g -ffunction-sections -fdata-sections -Wall -Wextra -fno-tree-loop-distribute-patterns"

TRACE::2024-10-30.04:54:01::SCWMssOS::"DEBUG NON_LTO_OBJECTS is ../../../lib/microblaze_interrupt_handler.o"

TRACE::2024-10-30.04:54:02::SCWMssOS::'Finished building libraries parallelly.'

TRACE::2024-10-30.04:54:02::SCWMssOS::make --no-print-directory archive

TRACE::2024-10-30.04:54:02::SCWMssOS::mb-ar -r  microblaze_0/lib/libxil.a microblaze_0/lib/_exit.o microblaze_0/lib/errno.o microblaze_0/lib/fcntl.o microblaze_0/lib
TRACE::2024-10-30.04:54:02::SCWMssOS::/hw_exception_handler.o microblaze_0/lib/inbyte.o microblaze_0/lib/microblaze_disable_dcache.o microblaze_0/lib/microblaze_disa
TRACE::2024-10-30.04:54:02::SCWMssOS::ble_exceptions.o microblaze_0/lib/microblaze_disable_icache.o microblaze_0/lib/microblaze_disable_interrupts.o microblaze_0/lib
TRACE::2024-10-30.04:54:02::SCWMssOS::/microblaze_enable_dcache.o microblaze_0/lib/microblaze_enable_exceptions.o microblaze_0/lib/microblaze_enable_icache.o microbl
TRACE::2024-10-30.04:54:02::SCWMssOS::aze_0/lib/microblaze_enable_interrupts.o microblaze_0/lib/microblaze_exception_handler.o microblaze_0/lib/microblaze_flush_cach
TRACE::2024-10-30.04:54:02::SCWMssOS::e_ext.o microblaze_0/lib/microblaze_flush_cache_ext_range.o microblaze_0/lib/microblaze_flush_dcache.o microblaze_0/lib/microbl
TRACE::2024-10-30.04:54:02::SCWMssOS::aze_flush_dcache_range.o microblaze_0/lib/microblaze_init_dcache_range.o microblaze_0/lib/microblaze_init_icache_range.o microb
TRACE::2024-10-30.04:54:02::SCWMssOS::laze_0/lib/microblaze_interrupt_handler.o microblaze_0/lib/microblaze_interrupts_g.o microblaze_0/lib/microblaze_invalidate_cac
TRACE::2024-10-30.04:54:02::SCWMssOS::he_ext.o microblaze_0/lib/microblaze_invalidate_cache_ext_range.o microblaze_0/lib/microblaze_invalidate_dcache.o microblaze_0/
TRACE::2024-10-30.04:54:02::SCWMssOS::lib/microblaze_invalidate_dcache_range.o microblaze_0/lib/microblaze_invalidate_icache.o microblaze_0/lib/microblaze_invalidate
TRACE::2024-10-30.04:54:02::SCWMssOS::_icache_range.o microblaze_0/lib/microblaze_scrub.o microblaze_0/lib/microblaze_selftest.o microblaze_0/lib/microblaze_sleep.o 
TRACE::2024-10-30.04:54:02::SCWMssOS::microblaze_0/lib/microblaze_update_dcache.o microblaze_0/lib/microblaze_update_icache.o microblaze_0/lib/outbyte.o microblaze_0
TRACE::2024-10-30.04:54:02::SCWMssOS::/lib/print.o microblaze_0/lib/pvr.o microblaze_0/lib/xbram.o microblaze_0/lib/xbram_g.o microblaze_0/lib/xbram_intr.o microblaz
TRACE::2024-10-30.04:54:02::SCWMssOS::e_0/lib/xbram_selftest.o microblaze_0/lib/xbram_sinit.o microblaze_0/lib/xil_assert.o microblaze_0/lib/xil_cache.o microblaze_0
TRACE::2024-10-30.04:54:02::SCWMssOS::/lib/xil_clocking.o microblaze_0/lib/xil_exception.o microblaze_0/lib/xil_mem.o microblaze_0/lib/xil_misc_psreset_api.o microbl
TRACE::2024-10-30.04:54:02::SCWMssOS::aze_0/lib/xil_printf.o microblaze_0/lib/xil_sleepcommon.o microblaze_0/lib/xil_testcache.o microblaze_0/lib/xil_testio.o microb
TRACE::2024-10-30.04:54:02::SCWMssOS::laze_0/lib/xil_testmem.o microblaze_0/lib/xil_util.o microblaze_0/lib/xintc.o microblaze_0/lib/xintc_g.o microblaze_0/lib/xintc
TRACE::2024-10-30.04:54:02::SCWMssOS::_intr.o microblaze_0/lib/xintc_l.o microblaze_0/lib/xintc_options.o microblaze_0/lib/xintc_selftest.o microblaze_0/lib/xinterru
TRACE::2024-10-30.04:54:02::SCWMssOS::pt_wrap.o microblaze_0/lib/xio.o microblaze_0/lib/xplatform_info.o microblaze_0/lib/xuartlite.o microblaze_0/lib/xuartlite_g.o 
TRACE::2024-10-30.04:54:02::SCWMssOS::microblaze_0/lib/xuartlite_intr.o microblaze_0/lib/xuartlite_l.o microblaze_0/lib/xuartlite_selftest.o microblaze_0/lib/xuartli
TRACE::2024-10-30.04:54:02::SCWMssOS::te_sinit.o microblaze_0/lib/xuartlite_stats.o

TRACE::2024-10-30.04:54:02::SCWMssOS::'Finished building libraries'

TRACE::2024-10-30.04:54:02::SCWMssOS::Copying to export directory.
TRACE::2024-10-30.04:54:03::SCWMssOS:: Checking if to create the Supporting Applications
TRACE::2024-10-30.04:54:03::SCWMssOS:: No Linux domain exists, trying to generate FSBL 
LOG::2024-10-30.04:54:03::SCWSystem::Completed Processing the domain standalone_microblaze_0
LOG::2024-10-30.04:54:03::SCWSystem::Completed Processing the sysconfig mb_usb_hdmi_top
LOG::2024-10-30.04:54:03::SCWPlatform::Completed generating the artifacts for system configuration mb_usb_hdmi_top
TRACE::2024-10-30.04:54:03::SCWPlatform::Started preparing the platform 
TRACE::2024-10-30.04:54:03::SCWSystem::Writing the bif file for system config mb_usb_hdmi_top
TRACE::2024-10-30.04:54:03::SCWSystem::dir created 
TRACE::2024-10-30.04:54:03::SCWSystem::Writing the bif 
TRACE::2024-10-30.04:54:03::SCWPlatform::Started writing the spfm file 
TRACE::2024-10-30.04:54:03::SCWPlatform::Started writing the xpfm file 
TRACE::2024-10-30.04:54:03::SCWPlatform::Completed generating the platform
TRACE::2024-10-30.04:54:03::SCWMssOS::Saving the mss changes C:/Users/Orion/Documents/GitHub/ece385/lab_7/workspace/mb_usb_hdmi_top/microblaze_0/standalone_microblaze_0/bsp/system.mss
TRACE::2024-10-30.04:54:03::SCWMssOS::Found a swdesign opened with the mssfile.
TRACE::2024-10-30.04:54:03::SCWMssOS::Completed writemss as part of save.
TRACE::2024-10-30.04:54:03::SCWMssOS::Commit changes completed.
TRACE::2024-10-30.04:54:03::SCWPlatform::Trying to open the hw design at C:/Users/Orion/Documents/GitHub/ece385/lab_7/workspace/mb_usb_hdmi_top/hw/mb_usb_hdmi_top.xsa
TRACE::2024-10-30.04:54:03::SCWPlatform::DSA given C:/Users/Orion/Documents/GitHub/ece385/lab_7/workspace/mb_usb_hdmi_top/hw/mb_usb_hdmi_top.xsa
TRACE::2024-10-30.04:54:03::SCWPlatform::DSA absoulate path C:/Users/Orion/Documents/GitHub/ece385/lab_7/workspace/mb_usb_hdmi_top/hw/mb_usb_hdmi_top.xsa
TRACE::2024-10-30.04:54:03::SCWPlatform::DSA directory C:/Users/Orion/Documents/GitHub/ece385/lab_7/workspace/mb_usb_hdmi_top/hw
TRACE::2024-10-30.04:54:03::SCWPlatform:: Platform Path C:/Users/Orion/Documents/GitHub/ece385/lab_7/workspace/mb_usb_hdmi_top/hw/mb_usb_hdmi_top.xsa
TRACE::2024-10-30.04:54:03::SCWPlatform:: Unique name xilinx:::0.0
TRACE::2024-10-30.04:54:03::SCWPlatform::Trying to set the existing hwdb with name mb_usb_hdmi_top_0
TRACE::2024-10-30.04:54:03::SCWPlatform::Opened existing hwdb mb_usb_hdmi_top_0
TRACE::2024-10-30.04:54:03::SCWPlatform::Found the Hw Db part of the input DSA
TRACE::2024-10-30.04:54:03::SCWMssOS::Checking the sw design at  C:/Users/Orion/Documents/GitHub/ece385/lab_7/workspace/mb_usb_hdmi_top/microblaze_0/standalone_microblaze_0/bsp/system.mss
TRACE::2024-10-30.04:54:03::SCWMssOS::DEBUG:  swdes dump  C:/Users/Orion/Documents/GitHub/ece385/lab_7/workspace/mb_usb_hdmi_top/microblaze_0/standalone_microblaze_0/bsp/system.mss|system||

TRACE::2024-10-30.04:54:03::SCWMssOS::Sw design exists and opened at  C:/Users/Orion/Documents/GitHub/ece385/lab_7/workspace/mb_usb_hdmi_top/microblaze_0/standalone_microblaze_0/bsp/system.mss
TRACE::2024-10-30.04:54:03::SCWPlatform::Trying to open the hw design at C:/Users/Orion/Documents/GitHub/ece385/lab_7/workspace/mb_usb_hdmi_top/hw/mb_usb_hdmi_top.xsa
TRACE::2024-10-30.04:54:03::SCWPlatform::DSA given C:/Users/Orion/Documents/GitHub/ece385/lab_7/workspace/mb_usb_hdmi_top/hw/mb_usb_hdmi_top.xsa
TRACE::2024-10-30.04:54:03::SCWPlatform::DSA absoulate path C:/Users/Orion/Documents/GitHub/ece385/lab_7/workspace/mb_usb_hdmi_top/hw/mb_usb_hdmi_top.xsa
TRACE::2024-10-30.04:54:03::SCWPlatform::DSA directory C:/Users/Orion/Documents/GitHub/ece385/lab_7/workspace/mb_usb_hdmi_top/hw
TRACE::2024-10-30.04:54:03::SCWPlatform:: Platform Path C:/Users/Orion/Documents/GitHub/ece385/lab_7/workspace/mb_usb_hdmi_top/hw/mb_usb_hdmi_top.xsa
TRACE::2024-10-30.04:54:03::SCWPlatform:: Unique name xilinx:::0.0
TRACE::2024-10-30.04:54:03::SCWPlatform::Trying to set the existing hwdb with name mb_usb_hdmi_top_0
TRACE::2024-10-30.04:54:03::SCWPlatform::Opened existing hwdb mb_usb_hdmi_top_0
TRACE::2024-10-30.04:54:03::SCWPlatform::Found the Hw Db part of the input DSA
TRACE::2024-10-30.04:54:03::SCWMssOS::Checking the sw design at  C:/Users/Orion/Documents/GitHub/ece385/lab_7/workspace/mb_usb_hdmi_top/microblaze_0/standalone_microblaze_0/bsp/system.mss
TRACE::2024-10-30.04:54:03::SCWMssOS::DEBUG:  swdes dump  C:/Users/Orion/Documents/GitHub/ece385/lab_7/workspace/mb_usb_hdmi_top/microblaze_0/standalone_microblaze_0/bsp/system.mss|system||

TRACE::2024-10-30.04:54:03::SCWMssOS::Sw design exists and opened at  C:/Users/Orion/Documents/GitHub/ece385/lab_7/workspace/mb_usb_hdmi_top/microblaze_0/standalone_microblaze_0/bsp/system.mss
TRACE::2024-10-30.04:54:03::SCWPlatform::Trying to open the hw design at C:/Users/Orion/Documents/GitHub/ece385/lab_7/workspace/mb_usb_hdmi_top/hw/mb_usb_hdmi_top.xsa
TRACE::2024-10-30.04:54:03::SCWPlatform::DSA given C:/Users/Orion/Documents/GitHub/ece385/lab_7/workspace/mb_usb_hdmi_top/hw/mb_usb_hdmi_top.xsa
TRACE::2024-10-30.04:54:03::SCWPlatform::DSA absoulate path C:/Users/Orion/Documents/GitHub/ece385/lab_7/workspace/mb_usb_hdmi_top/hw/mb_usb_hdmi_top.xsa
TRACE::2024-10-30.04:54:03::SCWPlatform::DSA directory C:/Users/Orion/Documents/GitHub/ece385/lab_7/workspace/mb_usb_hdmi_top/hw
TRACE::2024-10-30.04:54:03::SCWPlatform:: Platform Path C:/Users/Orion/Documents/GitHub/ece385/lab_7/workspace/mb_usb_hdmi_top/hw/mb_usb_hdmi_top.xsa
TRACE::2024-10-30.04:54:03::SCWPlatform:: Unique name xilinx:::0.0
TRACE::2024-10-30.04:54:03::SCWPlatform::Trying to set the existing hwdb with name mb_usb_hdmi_top_0
TRACE::2024-10-30.04:54:03::SCWPlatform::Opened existing hwdb mb_usb_hdmi_top_0
TRACE::2024-10-30.04:54:03::SCWPlatform::Found the Hw Db part of the input DSA
TRACE::2024-10-30.04:54:03::SCWMssOS::Checking the sw design at  C:/Users/Orion/Documents/GitHub/ece385/lab_7/workspace/mb_usb_hdmi_top/microblaze_0/standalone_microblaze_0/bsp/system.mss
TRACE::2024-10-30.04:54:03::SCWMssOS::DEBUG:  swdes dump  C:/Users/Orion/Documents/GitHub/ece385/lab_7/workspace/mb_usb_hdmi_top/microblaze_0/standalone_microblaze_0/bsp/system.mss|system||

TRACE::2024-10-30.04:54:03::SCWMssOS::Sw design exists and opened at  C:/Users/Orion/Documents/GitHub/ece385/lab_7/workspace/mb_usb_hdmi_top/microblaze_0/standalone_microblaze_0/bsp/system.mss
TRACE::2024-10-30.04:54:03::SCWWriter::formatted JSON is {
	"platformName":	"mb_usb_hdmi_top",
	"sprVersion":	"2.0",
	"mode":	"gui",
	"dsaType":	"Fixed",
	"platformDesc":	"mb_usb_hdmi_top",
	"platHandOff":	"C:/Users/Orion/Documents/GitHub/ece385/lab_7/mb_usb_hdmi_top.xsa",
	"platIntHandOff":	"<platformDir>/hw/mb_usb_hdmi_top.xsa",
	"deviceType":	"FPGA",
	"platIsPrebuiltAutogen":	"false",
	"platIsNoBootBsp":	"false",
	"hasFsblMakeHasChanges":	"false",
	"hasPmufwMakeHasChanges":	"false",
	"platPreBuiltFlag":	false,
	"platformSamplesDir":	"",
	"platActiveSys":	"mb_usb_hdmi_top",
	"systems":	[{
			"systemName":	"mb_usb_hdmi_top",
			"systemDesc":	"mb_usb_hdmi_top",
			"sysIsBootAutoGen":	"true",
			"systemDispName":	"mb_usb_hdmi_top",
			"sysActiveDom":	"standalone_microblaze_0",
			"sysDefaultDom":	"standalone_microblaze_0",
			"domains":	[{
					"domainName":	"standalone_microblaze_0",
					"domainDispName":	"standalone_microblaze_0",
					"domainDesc":	"standalone_microblaze_0",
					"processors":	"microblaze_0",
					"os":	"standalone",
					"sdxOs":	"standalone",
					"debugEnable":	"False",
					"domRuntimes":	["cpp"],
					"swRepo":	"",
					"mssOsVer":	"8.0",
					"mssFile":	"",
					"md5Digest":	"5422c1e5be4ae93f4de8c50507402f2a",
					"compatibleApp":	"hello_world",
					"domType":	"mssDomain",
					"arch":	"32-bit",
					"appSettings":	{
						"appCompilerFlags":	"",
						"appLinkerFlags":	""
					},
					"addedLibs":	[],
					"libOptions":	{
						"libsContainingOptions":	[]
					},
					"prebuiltLibs":	{
						"prebuiltIncPath":	[],
						"prebuiltLibPath":	[]
					},
					"isolation":	{
					}
				}]
		}]
}
KEYINFO::2024-10-30.04:54:03::SCWPlatform::updated the xpfm file.
TRACE::2024-10-30.04:54:03::SCWPlatform::Trying to open the hw design at C:/Users/Orion/Documents/GitHub/ece385/lab_7/workspace/mb_usb_hdmi_top/hw/mb_usb_hdmi_top.xsa
TRACE::2024-10-30.04:54:03::SCWPlatform::DSA given C:/Users/Orion/Documents/GitHub/ece385/lab_7/workspace/mb_usb_hdmi_top/hw/mb_usb_hdmi_top.xsa
TRACE::2024-10-30.04:54:03::SCWPlatform::DSA absoulate path C:/Users/Orion/Documents/GitHub/ece385/lab_7/workspace/mb_usb_hdmi_top/hw/mb_usb_hdmi_top.xsa
TRACE::2024-10-30.04:54:03::SCWPlatform::DSA directory C:/Users/Orion/Documents/GitHub/ece385/lab_7/workspace/mb_usb_hdmi_top/hw
TRACE::2024-10-30.04:54:03::SCWPlatform:: Platform Path C:/Users/Orion/Documents/GitHub/ece385/lab_7/workspace/mb_usb_hdmi_top/hw/mb_usb_hdmi_top.xsa
TRACE::2024-10-30.04:54:03::SCWPlatform:: Unique name xilinx:::0.0
TRACE::2024-10-30.04:54:03::SCWPlatform::Trying to set the existing hwdb with name mb_usb_hdmi_top_0
TRACE::2024-10-30.04:54:03::SCWPlatform::Opened existing hwdb mb_usb_hdmi_top_0
TRACE::2024-10-30.04:54:03::SCWPlatform::Found the Hw Db part of the input DSA
TRACE::2024-10-30.04:54:03::SCWMssOS::Checking the sw design at  C:/Users/Orion/Documents/GitHub/ece385/lab_7/workspace/mb_usb_hdmi_top/microblaze_0/standalone_microblaze_0/bsp/system.mss
TRACE::2024-10-30.04:54:03::SCWMssOS::DEBUG:  swdes dump  C:/Users/Orion/Documents/GitHub/ece385/lab_7/workspace/mb_usb_hdmi_top/microblaze_0/standalone_microblaze_0/bsp/system.mss|system||

TRACE::2024-10-30.04:54:03::SCWMssOS::Sw design exists and opened at  C:/Users/Orion/Documents/GitHub/ece385/lab_7/workspace/mb_usb_hdmi_top/microblaze_0/standalone_microblaze_0/bsp/system.mss
TRACE::2024-10-30.21:14:22::SCWPlatform::Trying to open the hw design at C:/Users/Orion/Documents/GitHub/ece385/lab_7/workspace/mb_usb_hdmi_top/hw/mb_usb_hdmi_top.xsa
TRACE::2024-10-30.21:14:22::SCWPlatform::DSA given C:/Users/Orion/Documents/GitHub/ece385/lab_7/workspace/mb_usb_hdmi_top/hw/mb_usb_hdmi_top.xsa
TRACE::2024-10-30.21:14:22::SCWPlatform::DSA absoulate path C:/Users/Orion/Documents/GitHub/ece385/lab_7/workspace/mb_usb_hdmi_top/hw/mb_usb_hdmi_top.xsa
TRACE::2024-10-30.21:14:22::SCWPlatform::DSA directory C:/Users/Orion/Documents/GitHub/ece385/lab_7/workspace/mb_usb_hdmi_top/hw
TRACE::2024-10-30.21:14:22::SCWPlatform:: Platform Path C:/Users/Orion/Documents/GitHub/ece385/lab_7/workspace/mb_usb_hdmi_top/hw/mb_usb_hdmi_top.xsa
TRACE::2024-10-30.21:14:22::SCWPlatform:: Unique name xilinx:::0.0
TRACE::2024-10-30.21:14:22::SCWPlatform::Do not have an existing db opened. 
TRACE::2024-10-30.21:14:22::SCWPlatform::Opened new HwDB with name mb_usb_hdmi_top
TRACE::2024-10-30.21:14:22::SCWReader::Active system found as  mb_usb_hdmi_top
TRACE::2024-10-30.21:14:22::SCWReader::Handling sysconfig mb_usb_hdmi_top
TRACE::2024-10-30.21:14:22::SCWDomain::checking for install qemu data   : 
TRACE::2024-10-30.21:14:22::SCWPlatform::Trying to open the hw design at C:/Users/Orion/Documents/GitHub/ece385/lab_7/workspace/mb_usb_hdmi_top/hw/mb_usb_hdmi_top.xsa
TRACE::2024-10-30.21:14:22::SCWPlatform::DSA given C:/Users/Orion/Documents/GitHub/ece385/lab_7/workspace/mb_usb_hdmi_top/hw/mb_usb_hdmi_top.xsa
TRACE::2024-10-30.21:14:22::SCWPlatform::DSA absoulate path C:/Users/Orion/Documents/GitHub/ece385/lab_7/workspace/mb_usb_hdmi_top/hw/mb_usb_hdmi_top.xsa
TRACE::2024-10-30.21:14:22::SCWPlatform::DSA directory C:/Users/Orion/Documents/GitHub/ece385/lab_7/workspace/mb_usb_hdmi_top/hw
TRACE::2024-10-30.21:14:22::SCWPlatform:: Platform Path C:/Users/Orion/Documents/GitHub/ece385/lab_7/workspace/mb_usb_hdmi_top/hw/mb_usb_hdmi_top.xsa
TRACE::2024-10-30.21:14:22::SCWPlatform:: Unique name xilinx:::0.0
TRACE::2024-10-30.21:14:22::SCWPlatform::Trying to set the existing hwdb with name mb_usb_hdmi_top
TRACE::2024-10-30.21:14:22::SCWPlatform::Opened existing hwdb mb_usb_hdmi_top
TRACE::2024-10-30.21:14:22::SCWPlatform::Found the Hw Db part of the input DSA
TRACE::2024-10-30.21:14:22::SCWPlatform::Trying to open the hw design at C:/Users/Orion/Documents/GitHub/ece385/lab_7/workspace/mb_usb_hdmi_top/hw/mb_usb_hdmi_top.xsa
TRACE::2024-10-30.21:14:22::SCWPlatform::DSA given C:/Users/Orion/Documents/GitHub/ece385/lab_7/workspace/mb_usb_hdmi_top/hw/mb_usb_hdmi_top.xsa
TRACE::2024-10-30.21:14:22::SCWPlatform::DSA absoulate path C:/Users/Orion/Documents/GitHub/ece385/lab_7/workspace/mb_usb_hdmi_top/hw/mb_usb_hdmi_top.xsa
TRACE::2024-10-30.21:14:22::SCWPlatform::DSA directory C:/Users/Orion/Documents/GitHub/ece385/lab_7/workspace/mb_usb_hdmi_top/hw
TRACE::2024-10-30.21:14:22::SCWPlatform:: Platform Path C:/Users/Orion/Documents/GitHub/ece385/lab_7/workspace/mb_usb_hdmi_top/hw/mb_usb_hdmi_top.xsa
TRACE::2024-10-30.21:14:22::SCWPlatform:: Unique name xilinx:::0.0
TRACE::2024-10-30.21:14:22::SCWPlatform::Trying to set the existing hwdb with name mb_usb_hdmi_top
TRACE::2024-10-30.21:14:22::SCWPlatform::Opened existing hwdb mb_usb_hdmi_top
TRACE::2024-10-30.21:14:22::SCWPlatform::Found the Hw Db part of the input DSA
TRACE::2024-10-30.21:14:22::SCWPlatform::Trying to open the hw design at C:/Users/Orion/Documents/GitHub/ece385/lab_7/workspace/mb_usb_hdmi_top/hw/mb_usb_hdmi_top.xsa
TRACE::2024-10-30.21:14:22::SCWPlatform::DSA given C:/Users/Orion/Documents/GitHub/ece385/lab_7/workspace/mb_usb_hdmi_top/hw/mb_usb_hdmi_top.xsa
TRACE::2024-10-30.21:14:22::SCWPlatform::DSA absoulate path C:/Users/Orion/Documents/GitHub/ece385/lab_7/workspace/mb_usb_hdmi_top/hw/mb_usb_hdmi_top.xsa
TRACE::2024-10-30.21:14:22::SCWPlatform::DSA directory C:/Users/Orion/Documents/GitHub/ece385/lab_7/workspace/mb_usb_hdmi_top/hw
TRACE::2024-10-30.21:14:22::SCWPlatform:: Platform Path C:/Users/Orion/Documents/GitHub/ece385/lab_7/workspace/mb_usb_hdmi_top/hw/mb_usb_hdmi_top.xsa
TRACE::2024-10-30.21:14:22::SCWPlatform:: Unique name xilinx:::0.0
TRACE::2024-10-30.21:14:22::SCWPlatform::Trying to set the existing hwdb with name mb_usb_hdmi_top
TRACE::2024-10-30.21:14:22::SCWPlatform::Opened existing hwdb mb_usb_hdmi_top
TRACE::2024-10-30.21:14:22::SCWPlatform::Found the Hw Db part of the input DSA
TRACE::2024-10-30.21:14:22::SCWPlatform::Trying to open the hw design at C:/Users/Orion/Documents/GitHub/ece385/lab_7/workspace/mb_usb_hdmi_top/hw/mb_usb_hdmi_top.xsa
TRACE::2024-10-30.21:14:22::SCWPlatform::DSA given C:/Users/Orion/Documents/GitHub/ece385/lab_7/workspace/mb_usb_hdmi_top/hw/mb_usb_hdmi_top.xsa
TRACE::2024-10-30.21:14:22::SCWPlatform::DSA absoulate path C:/Users/Orion/Documents/GitHub/ece385/lab_7/workspace/mb_usb_hdmi_top/hw/mb_usb_hdmi_top.xsa
TRACE::2024-10-30.21:14:22::SCWPlatform::DSA directory C:/Users/Orion/Documents/GitHub/ece385/lab_7/workspace/mb_usb_hdmi_top/hw
TRACE::2024-10-30.21:14:22::SCWPlatform:: Platform Path C:/Users/Orion/Documents/GitHub/ece385/lab_7/workspace/mb_usb_hdmi_top/hw/mb_usb_hdmi_top.xsa
TRACE::2024-10-30.21:14:22::SCWPlatform:: Unique name xilinx:::0.0
TRACE::2024-10-30.21:14:22::SCWPlatform::Trying to set the existing hwdb with name mb_usb_hdmi_top
TRACE::2024-10-30.21:14:22::SCWPlatform::Opened existing hwdb mb_usb_hdmi_top
TRACE::2024-10-30.21:14:22::SCWPlatform::Found the Hw Db part of the input DSA
TRACE::2024-10-30.21:14:22::SCWMssOS::Checking the sw design at  C:/Users/Orion/Documents/GitHub/ece385/lab_7/workspace/mb_usb_hdmi_top/microblaze_0/standalone_microblaze_0/bsp/system.mss
TRACE::2024-10-30.21:14:22::SCWMssOS::DEBUG:  swdes dump  
TRACE::2024-10-30.21:14:22::SCWMssOS::No sw design opened at  C:/Users/Orion/Documents/GitHub/ece385/lab_7/workspace/mb_usb_hdmi_top/microblaze_0/standalone_microblaze_0/bsp/system.mss
TRACE::2024-10-30.21:14:22::SCWMssOS::mss exists loading the mss file  C:/Users/Orion/Documents/GitHub/ece385/lab_7/workspace/mb_usb_hdmi_top/microblaze_0/standalone_microblaze_0/bsp/system.mss
TRACE::2024-10-30.21:14:22::SCWMssOS::Opened the sw design from mss  C:/Users/Orion/Documents/GitHub/ece385/lab_7/workspace/mb_usb_hdmi_top/microblaze_0/standalone_microblaze_0/bsp/system.mss
TRACE::2024-10-30.21:14:22::SCWMssOS::Adding the swdes entry C:/Users/Orion/Documents/GitHub/ece385/lab_7/workspace/mb_usb_hdmi_top/microblaze_0/standalone_microblaze_0/bsp/system.mss with des name system
TRACE::2024-10-30.21:14:22::SCWMssOS::updating the scw layer about changes
TRACE::2024-10-30.21:14:22::SCWMssOS::Opened the sw design.  C:/Users/Orion/Documents/GitHub/ece385/lab_7/workspace/mb_usb_hdmi_top/microblaze_0/standalone_microblaze_0/bsp/system.mss
TRACE::2024-10-30.21:14:22::SCWMssOS::Saving the mss changes C:/Users/Orion/Documents/GitHub/ece385/lab_7/workspace/mb_usb_hdmi_top/microblaze_0/standalone_microblaze_0/bsp/system.mss
TRACE::2024-10-30.21:14:22::SCWMssOS::Found a swdesign opened with the mssfile.
TRACE::2024-10-30.21:14:22::SCWMssOS::Completed writemss as part of save.
TRACE::2024-10-30.21:14:22::SCWMssOS::Commit changes completed.
TRACE::2024-10-30.21:14:22::SCWReader::Adding prebuilt librarypaths as   
TRACE::2024-10-30.21:14:22::SCWReader::Adding prebuilt incpaths  as   
TRACE::2024-10-30.21:14:23::SCWPlatform::Trying to open the hw design at C:/Users/Orion/Documents/GitHub/ece385/lab_7/workspace/mb_usb_hdmi_top/hw/mb_usb_hdmi_top.xsa
TRACE::2024-10-30.21:14:23::SCWPlatform::DSA given C:/Users/Orion/Documents/GitHub/ece385/lab_7/workspace/mb_usb_hdmi_top/hw/mb_usb_hdmi_top.xsa
TRACE::2024-10-30.21:14:23::SCWPlatform::DSA absoulate path C:/Users/Orion/Documents/GitHub/ece385/lab_7/workspace/mb_usb_hdmi_top/hw/mb_usb_hdmi_top.xsa
TRACE::2024-10-30.21:14:23::SCWPlatform::DSA directory C:/Users/Orion/Documents/GitHub/ece385/lab_7/workspace/mb_usb_hdmi_top/hw
TRACE::2024-10-30.21:14:23::SCWPlatform:: Platform Path C:/Users/Orion/Documents/GitHub/ece385/lab_7/workspace/mb_usb_hdmi_top/hw/mb_usb_hdmi_top.xsa
TRACE::2024-10-30.21:14:23::SCWPlatform:: Unique name xilinx:::0.0
TRACE::2024-10-30.21:14:23::SCWPlatform::Trying to set the existing hwdb with name mb_usb_hdmi_top
TRACE::2024-10-30.21:14:23::SCWPlatform::Opened existing hwdb mb_usb_hdmi_top
TRACE::2024-10-30.21:14:23::SCWPlatform::Found the Hw Db part of the input DSA
TRACE::2024-10-30.21:14:23::SCWMssOS::Checking the sw design at  C:/Users/Orion/Documents/GitHub/ece385/lab_7/workspace/mb_usb_hdmi_top/microblaze_0/standalone_microblaze_0/bsp/system.mss
TRACE::2024-10-30.21:14:23::SCWMssOS::DEBUG:  swdes dump  C:/Users/Orion/Documents/GitHub/ece385/lab_7/workspace/mb_usb_hdmi_top/microblaze_0/standalone_microblaze_0/bsp/system.mss|system||

TRACE::2024-10-30.21:14:23::SCWMssOS::Sw design exists and opened at  C:/Users/Orion/Documents/GitHub/ece385/lab_7/workspace/mb_usb_hdmi_top/microblaze_0/standalone_microblaze_0/bsp/system.mss
TRACE::2024-10-30.21:14:23::SCWReader::No isolation master present  
TRACE::2024-10-30.21:14:26::SCWPlatform::DSA given C:/Users/Orion/Documents/GitHub/ece385/lab_7/workspace/mb_usb_hdmi_top/tempdsa/mb_usb_hdmi_top.xsa
TRACE::2024-10-30.21:14:26::SCWPlatform::DSA absoulate path C:/Users/Orion/Documents/GitHub/ece385/lab_7/workspace/mb_usb_hdmi_top/tempdsa/mb_usb_hdmi_top.xsa
TRACE::2024-10-30.21:14:26::SCWPlatform:: Platform location is C:/Users/Orion/Documents/GitHub/ece385/lab_7/workspace/mb_usb_hdmi_top/tempdsa
TRACE::2024-10-30.21:14:26::SCWPlatform:: Platform Path C:/Users/Orion/Documents/GitHub/ece385/lab_7/workspace/mb_usb_hdmi_top/tempdsa/mb_usb_hdmi_top.xsa
TRACE::2024-10-30.21:14:26::SCWPlatform:: Unique name xilinx:::0.0
TRACE::2024-10-30.21:14:26::SCWPlatform::Found the Hw Db part of the input DSA
TRACE::2024-10-30.21:14:26::SCWMssOS::Doing hw sync for the mss in domain: standalone_microblaze_0
TRACE::2024-10-30.21:14:26::SCWPlatform::Trying to open the hw design at C:/Users/Orion/Documents/GitHub/ece385/lab_7/workspace/mb_usb_hdmi_top/hw/mb_usb_hdmi_top.xsa
TRACE::2024-10-30.21:14:26::SCWPlatform::DSA given C:/Users/Orion/Documents/GitHub/ece385/lab_7/workspace/mb_usb_hdmi_top/hw/mb_usb_hdmi_top.xsa
TRACE::2024-10-30.21:14:26::SCWPlatform::DSA absoulate path C:/Users/Orion/Documents/GitHub/ece385/lab_7/workspace/mb_usb_hdmi_top/hw/mb_usb_hdmi_top.xsa
TRACE::2024-10-30.21:14:27::SCWPlatform::DSA directory C:/Users/Orion/Documents/GitHub/ece385/lab_7/workspace/mb_usb_hdmi_top/hw
TRACE::2024-10-30.21:14:27::SCWPlatform:: Platform Path C:/Users/Orion/Documents/GitHub/ece385/lab_7/workspace/mb_usb_hdmi_top/hw/mb_usb_hdmi_top.xsa
TRACE::2024-10-30.21:14:27::SCWPlatform:: Unique name xilinx:::0.0
TRACE::2024-10-30.21:14:27::SCWPlatform::Trying to set the existing hwdb with name mb_usb_hdmi_top
TRACE::2024-10-30.21:14:27::SCWPlatform::Opened existing hwdb mb_usb_hdmi_top
TRACE::2024-10-30.21:14:27::SCWPlatform::Found the Hw Db part of the input DSA
TRACE::2024-10-30.21:14:27::SCWPlatform::Trying to open the hw design at C:/Users/Orion/Documents/GitHub/ece385/lab_7/workspace/mb_usb_hdmi_top/hw/mb_usb_hdmi_top.xsa
TRACE::2024-10-30.21:14:27::SCWPlatform::DSA given C:/Users/Orion/Documents/GitHub/ece385/lab_7/workspace/mb_usb_hdmi_top/hw/mb_usb_hdmi_top.xsa
TRACE::2024-10-30.21:14:27::SCWPlatform::DSA absoulate path C:/Users/Orion/Documents/GitHub/ece385/lab_7/workspace/mb_usb_hdmi_top/hw/mb_usb_hdmi_top.xsa
TRACE::2024-10-30.21:14:27::SCWPlatform::DSA directory C:/Users/Orion/Documents/GitHub/ece385/lab_7/workspace/mb_usb_hdmi_top/hw
TRACE::2024-10-30.21:14:27::SCWPlatform:: Platform Path C:/Users/Orion/Documents/GitHub/ece385/lab_7/workspace/mb_usb_hdmi_top/hw/mb_usb_hdmi_top.xsa
TRACE::2024-10-30.21:14:27::SCWPlatform:: Unique name xilinx:::0.0
TRACE::2024-10-30.21:14:27::SCWPlatform::Trying to set the existing hwdb with name mb_usb_hdmi_top
TRACE::2024-10-30.21:14:27::SCWPlatform::Opened existing hwdb mb_usb_hdmi_top
TRACE::2024-10-30.21:14:27::SCWPlatform::Found the Hw Db part of the input DSA
TRACE::2024-10-30.21:14:27::SCWMssOS::Checking the sw design at  C:/Users/Orion/Documents/GitHub/ece385/lab_7/workspace/mb_usb_hdmi_top/microblaze_0/standalone_microblaze_0/bsp/system.mss
TRACE::2024-10-30.21:14:27::SCWMssOS::DEBUG:  swdes dump  C:/Users/Orion/Documents/GitHub/ece385/lab_7/workspace/mb_usb_hdmi_top/microblaze_0/standalone_microblaze_0/bsp/system.mss|system||

TRACE::2024-10-30.21:14:27::SCWMssOS::Sw design exists and opened at  C:/Users/Orion/Documents/GitHub/ece385/lab_7/workspace/mb_usb_hdmi_top/microblaze_0/standalone_microblaze_0/bsp/system.mss
TRACE::2024-10-30.21:14:27::SCWPlatform::Trying to open the hw design at C:/Users/Orion/Documents/GitHub/ece385/lab_7/workspace/mb_usb_hdmi_top/tempdsa/mb_usb_hdmi_top.xsa
TRACE::2024-10-30.21:14:27::SCWPlatform::DSA given C:/Users/Orion/Documents/GitHub/ece385/lab_7/workspace/mb_usb_hdmi_top/tempdsa/mb_usb_hdmi_top.xsa
TRACE::2024-10-30.21:14:27::SCWPlatform::DSA absoulate path C:/Users/Orion/Documents/GitHub/ece385/lab_7/workspace/mb_usb_hdmi_top/tempdsa/mb_usb_hdmi_top.xsa
TRACE::2024-10-30.21:14:27::SCWPlatform::DSA directory C:/Users/Orion/Documents/GitHub/ece385/lab_7/workspace/mb_usb_hdmi_top/tempdsa
TRACE::2024-10-30.21:14:27::SCWPlatform:: Platform Path C:/Users/Orion/Documents/GitHub/ece385/lab_7/workspace/mb_usb_hdmi_top/tempdsa/mb_usb_hdmi_top.xsa
TRACE::2024-10-30.21:14:27::SCWPlatform:: Unique name xilinx:::0.0
TRACE::2024-10-30.21:14:27::SCWPlatform::update - Opened existing hwdb mb_usb_hdmi_top_0
TRACE::2024-10-30.21:14:27::SCWPlatform::Found the Hw Db part of the input DSA
TRACE::2024-10-30.21:14:27::SCWMssOS::Saving the mss changes C:/Users/Orion/Documents/GitHub/ece385/lab_7/workspace/mb_usb_hdmi_top/microblaze_0/standalone_microblaze_0/bsp/system.mss
TRACE::2024-10-30.21:14:27::SCWMssOS::Found a swdesign opened with the mssfile.
TRACE::2024-10-30.21:14:27::SCWMssOS::Completed writemss as part of save.
TRACE::2024-10-30.21:14:27::SCWMssOS::Commit changes completed.
TRACE::2024-10-30.21:14:27::SCWMssOS::Completed hw sync for the mss in domain: standalone_microblaze_0
TRACE::2024-10-30.21:14:27::SCWMssOS::Removing the swdes entry for  C:/Users/Orion/Documents/GitHub/ece385/lab_7/workspace/mb_usb_hdmi_top/microblaze_0/standalone_microblaze_0/bsp/system.mss
TRACE::2024-10-30.21:14:27::SCWPlatform::Trying to open the hw design at C:/Users/Orion/Documents/GitHub/ece385/lab_7/workspace/mb_usb_hdmi_top/hw/mb_usb_hdmi_top.xsa
TRACE::2024-10-30.21:14:27::SCWPlatform::DSA given C:/Users/Orion/Documents/GitHub/ece385/lab_7/workspace/mb_usb_hdmi_top/hw/mb_usb_hdmi_top.xsa
TRACE::2024-10-30.21:14:27::SCWPlatform::DSA absoulate path C:/Users/Orion/Documents/GitHub/ece385/lab_7/workspace/mb_usb_hdmi_top/hw/mb_usb_hdmi_top.xsa
TRACE::2024-10-30.21:14:27::SCWPlatform::DSA directory C:/Users/Orion/Documents/GitHub/ece385/lab_7/workspace/mb_usb_hdmi_top/hw
TRACE::2024-10-30.21:14:27::SCWPlatform:: Platform Path C:/Users/Orion/Documents/GitHub/ece385/lab_7/workspace/mb_usb_hdmi_top/hw/mb_usb_hdmi_top.xsa
TRACE::2024-10-30.21:14:27::SCWPlatform:: Unique name xilinx:::0.0
TRACE::2024-10-30.21:14:27::SCWPlatform::Do not have an existing db opened. 
TRACE::2024-10-30.21:14:27::SCWPlatform::Opened new HwDB with name mb_usb_hdmi_top_1
TRACE::2024-10-30.21:14:27::SCWMssOS::Saving the mss changes C:/Users/Orion/Documents/GitHub/ece385/lab_7/workspace/mb_usb_hdmi_top/microblaze_0/standalone_microblaze_0/bsp/system.mss
TRACE::2024-10-30.21:14:27::SCWMssOS::Adding the swdes entry, mss present, able to open swdb C:/Users/Orion/Documents/GitHub/ece385/lab_7/workspace/mb_usb_hdmi_top/microblaze_0/standalone_microblaze_0/bsp/system.mss with des name system
TRACE::2024-10-30.21:14:27::SCWMssOS::Writing the mss file completed C:/Users/Orion/Documents/GitHub/ece385/lab_7/workspace/mb_usb_hdmi_top/microblaze_0/standalone_microblaze_0/bsp/system.mss
TRACE::2024-10-30.21:14:27::SCWMssOS::Commit changes completed.
TRACE::2024-10-30.21:14:27::SCWPlatform::Trying to open the hw design at C:/Users/Orion/Documents/GitHub/ece385/lab_7/workspace/mb_usb_hdmi_top/hw/mb_usb_hdmi_top.xsa
TRACE::2024-10-30.21:14:27::SCWPlatform::DSA given C:/Users/Orion/Documents/GitHub/ece385/lab_7/workspace/mb_usb_hdmi_top/hw/mb_usb_hdmi_top.xsa
TRACE::2024-10-30.21:14:27::SCWPlatform::DSA absoulate path C:/Users/Orion/Documents/GitHub/ece385/lab_7/workspace/mb_usb_hdmi_top/hw/mb_usb_hdmi_top.xsa
TRACE::2024-10-30.21:14:27::SCWPlatform::DSA directory C:/Users/Orion/Documents/GitHub/ece385/lab_7/workspace/mb_usb_hdmi_top/hw
TRACE::2024-10-30.21:14:27::SCWPlatform:: Platform Path C:/Users/Orion/Documents/GitHub/ece385/lab_7/workspace/mb_usb_hdmi_top/hw/mb_usb_hdmi_top.xsa
TRACE::2024-10-30.21:14:27::SCWPlatform:: Unique name xilinx:::0.0
TRACE::2024-10-30.21:14:27::SCWPlatform::Trying to set the existing hwdb with name mb_usb_hdmi_top_1
TRACE::2024-10-30.21:14:27::SCWPlatform::Opened existing hwdb mb_usb_hdmi_top_1
TRACE::2024-10-30.21:14:27::SCWPlatform::Found the Hw Db part of the input DSA
TRACE::2024-10-30.21:14:27::SCWMssOS::Checking the sw design at  C:/Users/Orion/Documents/GitHub/ece385/lab_7/workspace/mb_usb_hdmi_top/microblaze_0/standalone_microblaze_0/bsp/system.mss
TRACE::2024-10-30.21:14:27::SCWMssOS::DEBUG:  swdes dump  C:/Users/Orion/Documents/GitHub/ece385/lab_7/workspace/mb_usb_hdmi_top/microblaze_0/standalone_microblaze_0/bsp/system.mss|system||

TRACE::2024-10-30.21:14:27::SCWMssOS::Sw design exists and opened at  C:/Users/Orion/Documents/GitHub/ece385/lab_7/workspace/mb_usb_hdmi_top/microblaze_0/standalone_microblaze_0/bsp/system.mss
TRACE::2024-10-30.21:14:27::SCWWriter::formatted JSON is {
	"platformName":	"mb_usb_hdmi_top",
	"sprVersion":	"2.0",
	"mode":	"gui",
	"dsaType":	"Fixed",
	"platformDesc":	"mb_usb_hdmi_top",
	"platHandOff":	"C:/Users/Orion/Documents/GitHub/ece385/lab_7/mb_usb_hdmi_top.xsa",
	"platIntHandOff":	"<platformDir>/hw/mb_usb_hdmi_top.xsa",
	"deviceType":	"FPGA",
	"platIsPrebuiltAutogen":	"false",
	"platIsNoBootBsp":	"false",
	"hasFsblMakeHasChanges":	"false",
	"hasPmufwMakeHasChanges":	"false",
	"platPreBuiltFlag":	false,
	"platformSamplesDir":	"",
	"platActiveSys":	"mb_usb_hdmi_top",
	"systems":	[{
			"systemName":	"mb_usb_hdmi_top",
			"systemDesc":	"mb_usb_hdmi_top",
			"sysIsBootAutoGen":	"true",
			"systemDispName":	"mb_usb_hdmi_top",
			"sysActiveDom":	"standalone_microblaze_0",
			"sysDefaultDom":	"standalone_microblaze_0",
			"domains":	[{
					"domainName":	"standalone_microblaze_0",
					"domainDispName":	"standalone_microblaze_0",
					"domainDesc":	"standalone_microblaze_0",
					"processors":	"microblaze_0",
					"os":	"standalone",
					"sdxOs":	"standalone",
					"debugEnable":	"False",
					"domRuntimes":	["cpp"],
					"swRepo":	"",
					"mssOsVer":	"8.0",
					"mssFile":	"",
					"md5Digest":	"5422c1e5be4ae93f4de8c50507402f2a1",
					"compatibleApp":	"",
					"domType":	"mssDomain",
					"arch":	"32-bit",
					"appSettings":	{
						"appCompilerFlags":	"",
						"appLinkerFlags":	""
					},
					"addedLibs":	[],
					"libOptions":	{
						"libsContainingOptions":	[]
					},
					"prebuiltLibs":	{
						"prebuiltIncPath":	[],
						"prebuiltLibPath":	[]
					},
					"isolation":	{
					}
				}]
		}]
}
LOG::2024-10-30.21:14:34::SCWPlatform::Started generating the artifacts platform mb_usb_hdmi_top
TRACE::2024-10-30.21:14:34::SCWPlatform::Sanity checking of platform is completed
LOG::2024-10-30.21:14:34::SCWPlatform::Started generating the artifacts for system configuration mb_usb_hdmi_top
LOG::2024-10-30.21:14:34::SCWSystem::Checking the domain standalone_microblaze_0
LOG::2024-10-30.21:14:34::SCWSystem::Not a boot domain 
LOG::2024-10-30.21:14:34::SCWSystem::Started Processing the domain standalone_microblaze_0
TRACE::2024-10-30.21:14:34::SCWDomain::Generating domain artifcats
TRACE::2024-10-30.21:14:34::SCWMssOS::Generating standalone artifcats
TRACE::2024-10-30.21:14:34::SCWMssOS:: Copying the user libraries. 
TRACE::2024-10-30.21:14:34::SCWPlatform::Trying to open the hw design at C:/Users/Orion/Documents/GitHub/ece385/lab_7/workspace/mb_usb_hdmi_top/hw/mb_usb_hdmi_top.xsa
TRACE::2024-10-30.21:14:34::SCWPlatform::DSA given C:/Users/Orion/Documents/GitHub/ece385/lab_7/workspace/mb_usb_hdmi_top/hw/mb_usb_hdmi_top.xsa
TRACE::2024-10-30.21:14:34::SCWPlatform::DSA absoulate path C:/Users/Orion/Documents/GitHub/ece385/lab_7/workspace/mb_usb_hdmi_top/hw/mb_usb_hdmi_top.xsa
TRACE::2024-10-30.21:14:34::SCWPlatform::DSA directory C:/Users/Orion/Documents/GitHub/ece385/lab_7/workspace/mb_usb_hdmi_top/hw
TRACE::2024-10-30.21:14:34::SCWPlatform:: Platform Path C:/Users/Orion/Documents/GitHub/ece385/lab_7/workspace/mb_usb_hdmi_top/hw/mb_usb_hdmi_top.xsa
TRACE::2024-10-30.21:14:34::SCWPlatform:: Unique name xilinx:::0.0
TRACE::2024-10-30.21:14:34::SCWPlatform::Trying to set the existing hwdb with name mb_usb_hdmi_top_1
TRACE::2024-10-30.21:14:34::SCWPlatform::Opened existing hwdb mb_usb_hdmi_top_1
TRACE::2024-10-30.21:14:34::SCWPlatform::Found the Hw Db part of the input DSA
TRACE::2024-10-30.21:14:34::SCWMssOS::Checking the sw design at  C:/Users/Orion/Documents/GitHub/ece385/lab_7/workspace/mb_usb_hdmi_top/microblaze_0/standalone_microblaze_0/bsp/system.mss
TRACE::2024-10-30.21:14:34::SCWMssOS::DEBUG:  swdes dump  C:/Users/Orion/Documents/GitHub/ece385/lab_7/workspace/mb_usb_hdmi_top/microblaze_0/standalone_microblaze_0/bsp/system.mss|system||

TRACE::2024-10-30.21:14:34::SCWMssOS::Sw design exists and opened at  C:/Users/Orion/Documents/GitHub/ece385/lab_7/workspace/mb_usb_hdmi_top/microblaze_0/standalone_microblaze_0/bsp/system.mss
TRACE::2024-10-30.21:14:34::SCWMssOS::Completed writing the mss file at C:/Users/Orion/Documents/GitHub/ece385/lab_7/workspace/mb_usb_hdmi_top/microblaze_0/standalone_microblaze_0/bsp
TRACE::2024-10-30.21:14:34::SCWMssOS::Mss edits present, copying mssfile into export location C:/Users/Orion/Documents/GitHub/ece385/lab_7/workspace/mb_usb_hdmi_top/microblaze_0/standalone_microblaze_0/bsp/system.mss
TRACE::2024-10-30.21:14:35::SCWMssOS::bsp generated is stale removing and regenerating. 
TRACE::2024-10-30.21:14:38::SCWMssOS::doing bsp build ... 
TRACE::2024-10-30.21:14:38::SCWMssOS::System Command Ran  C: & cd  C:/Users/Orion/Documents/GitHub/ece385/lab_7/workspace/mb_usb_hdmi_top/microblaze_0/standalone_microblaze_0/bsp & make 
TRACE::2024-10-30.21:14:38::SCWMssOS::make --no-print-directory seq_libs

TRACE::2024-10-30.21:14:38::SCWMssOS::'Finished building libraries sequentially.'

TRACE::2024-10-30.21:14:38::SCWMssOS::make -j 10 --no-print-directory par_libs

TRACE::2024-10-30.21:14:38::SCWMssOS::"Running Make include in microblaze_0/libsrc/bram_v4_8/src"

TRACE::2024-10-30.21:14:38::SCWMssOS::make -C microblaze_0/libsrc/bram_v4_8/src -s include  "SHELL=CMD" "COMPILER=mb-gcc" "ASSEMBLER=mb-as" "ARCHIVER=mb-ar" "COMPILE
TRACE::2024-10-30.21:14:38::SCWMssOS::R_FLAGS=  -O2 -c -mcpu=v11.0 -mlittle-endian -mno-xl-reorder -mno-xl-soft-mul -mxl-barrel-shift -mxl-pattern-compare" "EXTRA_CO
TRACE::2024-10-30.21:14:38::SCWMssOS::MPILER_FLAGS=-g -ffunction-sections -fdata-sections -Wall -Wextra -fno-tree-loop-distribute-patterns"

TRACE::2024-10-30.21:14:38::SCWMssOS::"Running Make include in microblaze_0/libsrc/cpu_v2_16/src"

TRACE::2024-10-30.21:14:38::SCWMssOS::make -C microblaze_0/libsrc/cpu_v2_16/src -s include  "SHELL=CMD" "COMPILER=mb-gcc" "ASSEMBLER=mb-as" "ARCHIVER=mb-ar" "COMPILE
TRACE::2024-10-30.21:14:38::SCWMssOS::R_FLAGS=  -O2 -c -mcpu=v11.0 -mlittle-endian -mno-xl-reorder -mno-xl-soft-mul -mxl-barrel-shift -mxl-pattern-compare" "EXTRA_CO
TRACE::2024-10-30.21:14:38::SCWMssOS::MPILER_FLAGS=-g -ffunction-sections -fdata-sections -Wall -Wextra -fno-tree-loop-distribute-patterns"

TRACE::2024-10-30.21:14:39::SCWMssOS::"Running Make include in microblaze_0/libsrc/intc_v3_15/src"

TRACE::2024-10-30.21:14:39::SCWMssOS::make -C microblaze_0/libsrc/intc_v3_15/src -s include  "SHELL=CMD" "COMPILER=mb-gcc" "ASSEMBLER=mb-as" "ARCHIVER=mb-ar" "COMPIL
TRACE::2024-10-30.21:14:39::SCWMssOS::ER_FLAGS=  -O2 -c -mcpu=v11.0 -mlittle-endian -mno-xl-reorder -mno-xl-soft-mul -mxl-barrel-shift -mxl-pattern-compare" "EXTRA_C
TRACE::2024-10-30.21:14:39::SCWMssOS::OMPILER_FLAGS=-g -ffunction-sections -fdata-sections -Wall -Wextra -fno-tree-loop-distribute-patterns"

TRACE::2024-10-30.21:14:39::SCWMssOS::"Running Make include in microblaze_0/libsrc/standalone_v8_0/src"

TRACE::2024-10-30.21:14:40::SCWMssOS::make -C microblaze_0/libsrc/standalone_v8_0/src -s include  "SHELL=CMD" "COMPILER=mb-gcc" "ASSEMBLER=mb-as" "ARCHIVER=mb-ar" "C
TRACE::2024-10-30.21:14:40::SCWMssOS::OMPILER_FLAGS=  -O2 -c -mcpu=v11.0 -mlittle-endian -mno-xl-reorder -mno-xl-soft-mul -mxl-barrel-shift -mxl-pattern-compare" "EX
TRACE::2024-10-30.21:14:40::SCWMssOS::TRA_COMPILER_FLAGS=-g -ffunction-sections -fdata-sections -Wall -Wextra -fno-tree-loop-distribute-patterns"

TRACE::2024-10-30.21:14:40::SCWMssOS::"Running Make include in microblaze_0/libsrc/uartlite_v3_7/src"

TRACE::2024-10-30.21:14:40::SCWMssOS::make -C microblaze_0/libsrc/uartlite_v3_7/src -s include  "SHELL=CMD" "COMPILER=mb-gcc" "ASSEMBLER=mb-as" "ARCHIVER=mb-ar" "COM
TRACE::2024-10-30.21:14:41::SCWMssOS::PILER_FLAGS=  -O2 -c -mcpu=v11.0 -mlittle-endian -mno-xl-reorder -mno-xl-soft-mul -mxl-barrel-shift -mxl-pattern-compare" "EXTR
TRACE::2024-10-30.21:14:41::SCWMssOS::A_COMPILER_FLAGS=-g -ffunction-sections -fdata-sections -Wall -Wextra -fno-tree-loop-distribute-patterns"

TRACE::2024-10-30.21:14:50::SCWMssOS::"Running Make libs in microblaze_0/libsrc/bram_v4_8/src"

TRACE::2024-10-30.21:14:50::SCWMssOS::make -C microblaze_0/libsrc/bram_v4_8/src -s libs  "SHELL=CMD" "COMPILER=mb-gcc" "ASSEMBLER=mb-as" "ARCHIVER=mb-ar" "COMPILER_F
TRACE::2024-10-30.21:14:51::SCWMssOS::LAGS=  -O2 -c -mcpu=v11.0 -mlittle-endian -mno-xl-reorder -mno-xl-soft-mul -mxl-barrel-shift -mxl-pattern-compare" "EXTRA_COMPI
TRACE::2024-10-30.21:14:51::SCWMssOS::LER_FLAGS=-g -ffunction-sections -fdata-sections -Wall -Wextra -fno-tree-loop-distribute-patterns"

TRACE::2024-10-30.21:14:51::SCWMssOS::"Running Make libs in microblaze_0/libsrc/cpu_v2_16/src"

TRACE::2024-10-30.21:14:51::SCWMssOS::make -C microblaze_0/libsrc/cpu_v2_16/src -s libs  "SHELL=CMD" "COMPILER=mb-gcc" "ASSEMBLER=mb-as" "ARCHIVER=mb-ar" "COMPILER_F
TRACE::2024-10-30.21:14:51::SCWMssOS::LAGS=  -O2 -c -mcpu=v11.0 -mlittle-endian -mno-xl-reorder -mno-xl-soft-mul -mxl-barrel-shift -mxl-pattern-compare" "EXTRA_COMPI
TRACE::2024-10-30.21:14:51::SCWMssOS::LER_FLAGS=-g -ffunction-sections -fdata-sections -Wall -Wextra -fno-tree-loop-distribute-patterns"

TRACE::2024-10-30.21:14:51::SCWMssOS::"Running Make libs in microblaze_0/libsrc/intc_v3_15/src"

TRACE::2024-10-30.21:14:51::SCWMssOS::make -C microblaze_0/libsrc/intc_v3_15/src -s libs  "SHELL=CMD" "COMPILER=mb-gcc" "ASSEMBLER=mb-as" "ARCHIVER=mb-ar" "COMPILER_
TRACE::2024-10-30.21:14:51::SCWMssOS::FLAGS=  -O2 -c -mcpu=v11.0 -mlittle-endian -mno-xl-reorder -mno-xl-soft-mul -mxl-barrel-shift -mxl-pattern-compare" "EXTRA_COMP
TRACE::2024-10-30.21:14:51::SCWMssOS::ILER_FLAGS=-g -ffunction-sections -fdata-sections -Wall -Wextra -fno-tree-loop-distribute-patterns"

TRACE::2024-10-30.21:14:52::SCWMssOS::"Running Make libs in microblaze_0/libsrc/standalone_v8_0/src"

TRACE::2024-10-30.21:14:52::SCWMssOS::make -C microblaze_0/libsrc/standalone_v8_0/src -s libs  "SHELL=CMD" "COMPILER=mb-gcc" "ASSEMBLER=mb-as" "ARCHIVER=mb-ar" "COMP
TRACE::2024-10-30.21:14:52::SCWMssOS::ILER_FLAGS=  -O2 -c -mcpu=v11.0 -mlittle-endian -mno-xl-reorder -mno-xl-soft-mul -mxl-barrel-shift -mxl-pattern-compare" "EXTRA
TRACE::2024-10-30.21:14:52::SCWMssOS::_COMPILER_FLAGS=-g -ffunction-sections -fdata-sections -Wall -Wextra -fno-tree-loop-distribute-patterns"

TRACE::2024-10-30.21:14:52::SCWMssOS::"Running Make libs in microblaze_0/libsrc/uartlite_v3_7/src"

TRACE::2024-10-30.21:14:53::SCWMssOS::make -C microblaze_0/libsrc/uartlite_v3_7/src -s libs  "SHELL=CMD" "COMPILER=mb-gcc" "ASSEMBLER=mb-as" "ARCHIVER=mb-ar" "COMPIL
TRACE::2024-10-30.21:14:53::SCWMssOS::ER_FLAGS=  -O2 -c -mcpu=v11.0 -mlittle-endian -mno-xl-reorder -mno-xl-soft-mul -mxl-barrel-shift -mxl-pattern-compare" "EXTRA_C
TRACE::2024-10-30.21:14:53::SCWMssOS::OMPILER_FLAGS=-g -ffunction-sections -fdata-sections -Wall -Wextra -fno-tree-loop-distribute-patterns"

TRACE::2024-10-30.21:15:10::SCWMssOS::"DEBUG NON_LTO_OBJECTS is ../../../lib/microblaze_interrupt_handler.o"

TRACE::2024-10-30.21:15:17::SCWMssOS::'Finished building libraries parallelly.'

TRACE::2024-10-30.21:15:17::SCWMssOS::make --no-print-directory archive

TRACE::2024-10-30.21:15:18::SCWMssOS::mb-ar -r  microblaze_0/lib/libxil.a microblaze_0/lib/_exit.o microblaze_0/lib/errno.o microblaze_0/lib/fcntl.o microblaze_0/lib
TRACE::2024-10-30.21:15:18::SCWMssOS::/hw_exception_handler.o microblaze_0/lib/inbyte.o microblaze_0/lib/microblaze_disable_dcache.o microblaze_0/lib/microblaze_disa
TRACE::2024-10-30.21:15:18::SCWMssOS::ble_exceptions.o microblaze_0/lib/microblaze_disable_icache.o microblaze_0/lib/microblaze_disable_interrupts.o microblaze_0/lib
TRACE::2024-10-30.21:15:18::SCWMssOS::/microblaze_enable_dcache.o microblaze_0/lib/microblaze_enable_exceptions.o microblaze_0/lib/microblaze_enable_icache.o microbl
TRACE::2024-10-30.21:15:18::SCWMssOS::aze_0/lib/microblaze_enable_interrupts.o microblaze_0/lib/microblaze_exception_handler.o microblaze_0/lib/microblaze_flush_cach
TRACE::2024-10-30.21:15:18::SCWMssOS::e_ext.o microblaze_0/lib/microblaze_flush_cache_ext_range.o microblaze_0/lib/microblaze_flush_dcache.o microblaze_0/lib/microbl
TRACE::2024-10-30.21:15:18::SCWMssOS::aze_flush_dcache_range.o microblaze_0/lib/microblaze_init_dcache_range.o microblaze_0/lib/microblaze_init_icache_range.o microb
TRACE::2024-10-30.21:15:18::SCWMssOS::laze_0/lib/microblaze_interrupt_handler.o microblaze_0/lib/microblaze_interrupts_g.o microblaze_0/lib/microblaze_invalidate_cac
TRACE::2024-10-30.21:15:18::SCWMssOS::he_ext.o microblaze_0/lib/microblaze_invalidate_cache_ext_range.o microblaze_0/lib/microblaze_invalidate_dcache.o microblaze_0/
TRACE::2024-10-30.21:15:18::SCWMssOS::lib/microblaze_invalidate_dcache_range.o microblaze_0/lib/microblaze_invalidate_icache.o microblaze_0/lib/microblaze_invalidate
TRACE::2024-10-30.21:15:18::SCWMssOS::_icache_range.o microblaze_0/lib/microblaze_scrub.o microblaze_0/lib/microblaze_selftest.o microblaze_0/lib/microblaze_sleep.o 
TRACE::2024-10-30.21:15:18::SCWMssOS::microblaze_0/lib/microblaze_update_dcache.o microblaze_0/lib/microblaze_update_icache.o microblaze_0/lib/outbyte.o microblaze_0
TRACE::2024-10-30.21:15:18::SCWMssOS::/lib/print.o microblaze_0/lib/pvr.o microblaze_0/lib/xbram.o microblaze_0/lib/xbram_g.o microblaze_0/lib/xbram_intr.o microblaz
TRACE::2024-10-30.21:15:18::SCWMssOS::e_0/lib/xbram_selftest.o microblaze_0/lib/xbram_sinit.o microblaze_0/lib/xil_assert.o microblaze_0/lib/xil_cache.o microblaze_0
TRACE::2024-10-30.21:15:18::SCWMssOS::/lib/xil_clocking.o microblaze_0/lib/xil_exception.o microblaze_0/lib/xil_mem.o microblaze_0/lib/xil_misc_psreset_api.o microbl
TRACE::2024-10-30.21:15:18::SCWMssOS::aze_0/lib/xil_printf.o microblaze_0/lib/xil_sleepcommon.o microblaze_0/lib/xil_testcache.o microblaze_0/lib/xil_testio.o microb
TRACE::2024-10-30.21:15:18::SCWMssOS::laze_0/lib/xil_testmem.o microblaze_0/lib/xil_util.o microblaze_0/lib/xintc.o microblaze_0/lib/xintc_g.o microblaze_0/lib/xintc
TRACE::2024-10-30.21:15:18::SCWMssOS::_intr.o microblaze_0/lib/xintc_l.o microblaze_0/lib/xintc_options.o microblaze_0/lib/xintc_selftest.o microblaze_0/lib/xinterru
TRACE::2024-10-30.21:15:18::SCWMssOS::pt_wrap.o microblaze_0/lib/xio.o microblaze_0/lib/xplatform_info.o microblaze_0/lib/xuartlite.o microblaze_0/lib/xuartlite_g.o 
TRACE::2024-10-30.21:15:18::SCWMssOS::microblaze_0/lib/xuartlite_intr.o microblaze_0/lib/xuartlite_l.o microblaze_0/lib/xuartlite_selftest.o microblaze_0/lib/xuartli
TRACE::2024-10-30.21:15:18::SCWMssOS::te_sinit.o microblaze_0/lib/xuartlite_stats.o

TRACE::2024-10-30.21:15:18::SCWMssOS::'Finished building libraries'

TRACE::2024-10-30.21:15:19::SCWMssOS:: Checking if to create the Supporting Applications
TRACE::2024-10-30.21:15:19::SCWMssOS:: No Linux domain exists, trying to generate FSBL 
LOG::2024-10-30.21:15:19::SCWSystem::Completed Processing the domain standalone_microblaze_0
LOG::2024-10-30.21:15:19::SCWSystem::Completed Processing the sysconfig mb_usb_hdmi_top
LOG::2024-10-30.21:15:19::SCWPlatform::Completed generating the artifacts for system configuration mb_usb_hdmi_top
TRACE::2024-10-30.21:15:19::SCWPlatform::Started preparing the platform 
TRACE::2024-10-30.21:15:19::SCWSystem::Writing the bif file for system config mb_usb_hdmi_top
TRACE::2024-10-30.21:15:19::SCWSystem::dir created 
TRACE::2024-10-30.21:15:19::SCWSystem::Writing the bif 
TRACE::2024-10-30.21:15:19::SCWPlatform::Started writing the spfm file 
TRACE::2024-10-30.21:15:19::SCWPlatform::Started writing the xpfm file 
TRACE::2024-10-30.21:15:19::SCWPlatform::Completed generating the platform
TRACE::2024-10-30.21:15:19::SCWMssOS::Saving the mss changes C:/Users/Orion/Documents/GitHub/ece385/lab_7/workspace/mb_usb_hdmi_top/microblaze_0/standalone_microblaze_0/bsp/system.mss
TRACE::2024-10-30.21:15:19::SCWMssOS::Adding the swdes entry, mss present, able to open swdb C:/Users/Orion/Documents/GitHub/ece385/lab_7/workspace/mb_usb_hdmi_top/microblaze_0/standalone_microblaze_0/bsp/system.mss with des name system
TRACE::2024-10-30.21:15:19::SCWMssOS::Writing the mss file completed C:/Users/Orion/Documents/GitHub/ece385/lab_7/workspace/mb_usb_hdmi_top/microblaze_0/standalone_microblaze_0/bsp/system.mss
TRACE::2024-10-30.21:15:19::SCWMssOS::Commit changes completed.
TRACE::2024-10-30.21:15:19::SCWPlatform::Trying to open the hw design at C:/Users/Orion/Documents/GitHub/ece385/lab_7/workspace/mb_usb_hdmi_top/hw/mb_usb_hdmi_top.xsa
TRACE::2024-10-30.21:15:19::SCWPlatform::DSA given C:/Users/Orion/Documents/GitHub/ece385/lab_7/workspace/mb_usb_hdmi_top/hw/mb_usb_hdmi_top.xsa
TRACE::2024-10-30.21:15:19::SCWPlatform::DSA absoulate path C:/Users/Orion/Documents/GitHub/ece385/lab_7/workspace/mb_usb_hdmi_top/hw/mb_usb_hdmi_top.xsa
TRACE::2024-10-30.21:15:19::SCWPlatform::DSA directory C:/Users/Orion/Documents/GitHub/ece385/lab_7/workspace/mb_usb_hdmi_top/hw
TRACE::2024-10-30.21:15:19::SCWPlatform:: Platform Path C:/Users/Orion/Documents/GitHub/ece385/lab_7/workspace/mb_usb_hdmi_top/hw/mb_usb_hdmi_top.xsa
TRACE::2024-10-30.21:15:19::SCWPlatform:: Unique name xilinx:::0.0
TRACE::2024-10-30.21:15:19::SCWPlatform::Trying to set the existing hwdb with name mb_usb_hdmi_top_1
TRACE::2024-10-30.21:15:19::SCWPlatform::Opened existing hwdb mb_usb_hdmi_top_1
TRACE::2024-10-30.21:15:19::SCWPlatform::Found the Hw Db part of the input DSA
TRACE::2024-10-30.21:15:19::SCWMssOS::Checking the sw design at  C:/Users/Orion/Documents/GitHub/ece385/lab_7/workspace/mb_usb_hdmi_top/microblaze_0/standalone_microblaze_0/bsp/system.mss
TRACE::2024-10-30.21:15:19::SCWMssOS::DEBUG:  swdes dump  C:/Users/Orion/Documents/GitHub/ece385/lab_7/workspace/mb_usb_hdmi_top/microblaze_0/standalone_microblaze_0/bsp/system.mss|system||

TRACE::2024-10-30.21:15:19::SCWMssOS::Sw design exists and opened at  C:/Users/Orion/Documents/GitHub/ece385/lab_7/workspace/mb_usb_hdmi_top/microblaze_0/standalone_microblaze_0/bsp/system.mss
TRACE::2024-10-30.21:15:19::SCWWriter::formatted JSON is {
	"platformName":	"mb_usb_hdmi_top",
	"sprVersion":	"2.0",
	"mode":	"gui",
	"dsaType":	"Fixed",
	"platformDesc":	"mb_usb_hdmi_top",
	"platHandOff":	"C:/Users/Orion/Documents/GitHub/ece385/lab_7/mb_usb_hdmi_top.xsa",
	"platIntHandOff":	"<platformDir>/hw/mb_usb_hdmi_top.xsa",
	"deviceType":	"FPGA",
	"platIsPrebuiltAutogen":	"false",
	"platIsNoBootBsp":	"false",
	"hasFsblMakeHasChanges":	"false",
	"hasPmufwMakeHasChanges":	"false",
	"platPreBuiltFlag":	false,
	"platformSamplesDir":	"",
	"platActiveSys":	"mb_usb_hdmi_top",
	"systems":	[{
			"systemName":	"mb_usb_hdmi_top",
			"systemDesc":	"mb_usb_hdmi_top",
			"sysIsBootAutoGen":	"true",
			"systemDispName":	"mb_usb_hdmi_top",
			"sysActiveDom":	"standalone_microblaze_0",
			"sysDefaultDom":	"standalone_microblaze_0",
			"domains":	[{
					"domainName":	"standalone_microblaze_0",
					"domainDispName":	"standalone_microblaze_0",
					"domainDesc":	"standalone_microblaze_0",
					"processors":	"microblaze_0",
					"os":	"standalone",
					"sdxOs":	"standalone",
					"debugEnable":	"False",
					"domRuntimes":	["cpp"],
					"swRepo":	"",
					"mssOsVer":	"8.0",
					"mssFile":	"",
					"md5Digest":	"5422c1e5be4ae93f4de8c50507402f2a",
					"compatibleApp":	"",
					"domType":	"mssDomain",
					"arch":	"32-bit",
					"appSettings":	{
						"appCompilerFlags":	"",
						"appLinkerFlags":	""
					},
					"addedLibs":	[],
					"libOptions":	{
						"libsContainingOptions":	[]
					},
					"prebuiltLibs":	{
						"prebuiltIncPath":	[],
						"prebuiltLibPath":	[]
					},
					"isolation":	{
					}
				}]
		}]
}
KEYINFO::2024-10-30.21:15:19::SCWPlatform::updated the xpfm file.
TRACE::2024-10-30.21:15:19::SCWPlatform::Trying to open the hw design at C:/Users/Orion/Documents/GitHub/ece385/lab_7/workspace/mb_usb_hdmi_top/hw/mb_usb_hdmi_top.xsa
TRACE::2024-10-30.21:15:19::SCWPlatform::DSA given C:/Users/Orion/Documents/GitHub/ece385/lab_7/workspace/mb_usb_hdmi_top/hw/mb_usb_hdmi_top.xsa
TRACE::2024-10-30.21:15:19::SCWPlatform::DSA absoulate path C:/Users/Orion/Documents/GitHub/ece385/lab_7/workspace/mb_usb_hdmi_top/hw/mb_usb_hdmi_top.xsa
TRACE::2024-10-30.21:15:19::SCWPlatform::DSA directory C:/Users/Orion/Documents/GitHub/ece385/lab_7/workspace/mb_usb_hdmi_top/hw
TRACE::2024-10-30.21:15:19::SCWPlatform:: Platform Path C:/Users/Orion/Documents/GitHub/ece385/lab_7/workspace/mb_usb_hdmi_top/hw/mb_usb_hdmi_top.xsa
TRACE::2024-10-30.21:15:19::SCWPlatform:: Unique name xilinx:::0.0
TRACE::2024-10-30.21:15:19::SCWPlatform::Trying to set the existing hwdb with name mb_usb_hdmi_top_1
TRACE::2024-10-30.21:15:19::SCWPlatform::Opened existing hwdb mb_usb_hdmi_top_1
TRACE::2024-10-30.21:15:19::SCWPlatform::Found the Hw Db part of the input DSA
TRACE::2024-10-30.21:15:19::SCWMssOS::Checking the sw design at  C:/Users/Orion/Documents/GitHub/ece385/lab_7/workspace/mb_usb_hdmi_top/microblaze_0/standalone_microblaze_0/bsp/system.mss
TRACE::2024-10-30.21:15:19::SCWMssOS::DEBUG:  swdes dump  C:/Users/Orion/Documents/GitHub/ece385/lab_7/workspace/mb_usb_hdmi_top/microblaze_0/standalone_microblaze_0/bsp/system.mss|system||

TRACE::2024-10-30.21:15:19::SCWMssOS::Sw design exists and opened at  C:/Users/Orion/Documents/GitHub/ece385/lab_7/workspace/mb_usb_hdmi_top/microblaze_0/standalone_microblaze_0/bsp/system.mss
TRACE::2024-10-30.21:17:16::SCWPlatform::Clearing the existing platform
TRACE::2024-10-30.21:17:16::SCWSystem::Clearing the existing sysconfig
TRACE::2024-10-30.21:17:16::SCWMssOS::Removing the swdes entry for  C:/Users/Orion/Documents/GitHub/ece385/lab_7/workspace/mb_usb_hdmi_top/microblaze_0/standalone_microblaze_0/bsp/system.mss
TRACE::2024-10-30.21:17:16::SCWSystem::Clearing the domains completed.
TRACE::2024-10-30.21:17:16::SCWPlatform::Clearing the opened hw db.
TRACE::2024-10-30.21:17:16::SCWPlatform::DSA given C:/Users/Orion/Documents/GitHub/ece385/lab_7/workspace/mb_usb_hdmi_top/hw/mb_usb_hdmi_top.xsa
TRACE::2024-10-30.21:17:16::SCWPlatform::DSA absoulate path C:/Users/Orion/Documents/GitHub/ece385/lab_7/workspace/mb_usb_hdmi_top/hw/mb_usb_hdmi_top.xsa
TRACE::2024-10-30.21:17:16::SCWPlatform:: Platform location is C:/Users/Orion/Documents/GitHub/ece385/lab_7/workspace/mb_usb_hdmi_top/hw
TRACE::2024-10-30.21:17:16::SCWPlatform:: Platform Path C:/Users/Orion/Documents/GitHub/ece385/lab_7/workspace/mb_usb_hdmi_top/hw/mb_usb_hdmi_top.xsa
TRACE::2024-10-30.21:17:16::SCWPlatform:: Unique name xilinx:::0.0
TRACE::2024-10-30.21:17:16::SCWPlatform::Removing the HwDB with name C:/Users/Orion/Documents/GitHub/ece385/lab_7/workspace/mb_usb_hdmi_top/hw/mb_usb_hdmi_top.xsa
TRACE::2024-10-30.21:17:16::SCWPlatform::Trying to open the hw design at C:/Users/Orion/Documents/GitHub/ece385/lab_7/workspace/mb_usb_hdmi_top/hw/mb_usb_hdmi_top.xsa
TRACE::2024-10-30.21:17:16::SCWPlatform::DSA given C:/Users/Orion/Documents/GitHub/ece385/lab_7/workspace/mb_usb_hdmi_top/hw/mb_usb_hdmi_top.xsa
TRACE::2024-10-30.21:17:16::SCWPlatform::DSA absoulate path C:/Users/Orion/Documents/GitHub/ece385/lab_7/workspace/mb_usb_hdmi_top/hw/mb_usb_hdmi_top.xsa
TRACE::2024-10-30.21:17:16::SCWPlatform::DSA directory C:/Users/Orion/Documents/GitHub/ece385/lab_7/workspace/mb_usb_hdmi_top/hw
TRACE::2024-10-30.21:17:16::SCWPlatform:: Platform Path C:/Users/Orion/Documents/GitHub/ece385/lab_7/workspace/mb_usb_hdmi_top/hw/mb_usb_hdmi_top.xsa
TRACE::2024-10-30.21:17:16::SCWPlatform:: Unique name xilinx:::0.0
TRACE::2024-10-30.21:17:16::SCWPlatform::Do not have an existing db opened. 
TRACE::2024-10-30.21:17:16::SCWPlatform::Opened new HwDB with name mb_usb_hdmi_top_3
TRACE::2024-10-30.21:17:16::SCWReader::Active system found as  mb_usb_hdmi_top
TRACE::2024-10-30.21:17:16::SCWReader::Handling sysconfig mb_usb_hdmi_top
TRACE::2024-10-30.21:17:16::SCWDomain::checking for install qemu data   : 
TRACE::2024-10-30.21:17:16::SCWPlatform::Trying to open the hw design at C:/Users/Orion/Documents/GitHub/ece385/lab_7/workspace/mb_usb_hdmi_top/hw/mb_usb_hdmi_top.xsa
TRACE::2024-10-30.21:17:16::SCWPlatform::DSA given C:/Users/Orion/Documents/GitHub/ece385/lab_7/workspace/mb_usb_hdmi_top/hw/mb_usb_hdmi_top.xsa
TRACE::2024-10-30.21:17:16::SCWPlatform::DSA absoulate path C:/Users/Orion/Documents/GitHub/ece385/lab_7/workspace/mb_usb_hdmi_top/hw/mb_usb_hdmi_top.xsa
TRACE::2024-10-30.21:17:16::SCWPlatform::DSA directory C:/Users/Orion/Documents/GitHub/ece385/lab_7/workspace/mb_usb_hdmi_top/hw
TRACE::2024-10-30.21:17:16::SCWPlatform:: Platform Path C:/Users/Orion/Documents/GitHub/ece385/lab_7/workspace/mb_usb_hdmi_top/hw/mb_usb_hdmi_top.xsa
TRACE::2024-10-30.21:17:16::SCWPlatform:: Unique name xilinx:::0.0
TRACE::2024-10-30.21:17:16::SCWPlatform::Trying to set the existing hwdb with name mb_usb_hdmi_top_3
TRACE::2024-10-30.21:17:16::SCWPlatform::Opened existing hwdb mb_usb_hdmi_top_3
TRACE::2024-10-30.21:17:16::SCWPlatform::Found the Hw Db part of the input DSA
TRACE::2024-10-30.21:17:16::SCWPlatform::Trying to open the hw design at C:/Users/Orion/Documents/GitHub/ece385/lab_7/workspace/mb_usb_hdmi_top/hw/mb_usb_hdmi_top.xsa
TRACE::2024-10-30.21:17:16::SCWPlatform::DSA given C:/Users/Orion/Documents/GitHub/ece385/lab_7/workspace/mb_usb_hdmi_top/hw/mb_usb_hdmi_top.xsa
TRACE::2024-10-30.21:17:16::SCWPlatform::DSA absoulate path C:/Users/Orion/Documents/GitHub/ece385/lab_7/workspace/mb_usb_hdmi_top/hw/mb_usb_hdmi_top.xsa
TRACE::2024-10-30.21:17:16::SCWPlatform::DSA directory C:/Users/Orion/Documents/GitHub/ece385/lab_7/workspace/mb_usb_hdmi_top/hw
TRACE::2024-10-30.21:17:16::SCWPlatform:: Platform Path C:/Users/Orion/Documents/GitHub/ece385/lab_7/workspace/mb_usb_hdmi_top/hw/mb_usb_hdmi_top.xsa
TRACE::2024-10-30.21:17:16::SCWPlatform:: Unique name xilinx:::0.0
TRACE::2024-10-30.21:17:16::SCWPlatform::Trying to set the existing hwdb with name mb_usb_hdmi_top_3
TRACE::2024-10-30.21:17:16::SCWPlatform::Opened existing hwdb mb_usb_hdmi_top_3
TRACE::2024-10-30.21:17:16::SCWPlatform::Found the Hw Db part of the input DSA
TRACE::2024-10-30.21:17:16::SCWPlatform::Trying to open the hw design at C:/Users/Orion/Documents/GitHub/ece385/lab_7/workspace/mb_usb_hdmi_top/hw/mb_usb_hdmi_top.xsa
TRACE::2024-10-30.21:17:16::SCWPlatform::DSA given C:/Users/Orion/Documents/GitHub/ece385/lab_7/workspace/mb_usb_hdmi_top/hw/mb_usb_hdmi_top.xsa
TRACE::2024-10-30.21:17:16::SCWPlatform::DSA absoulate path C:/Users/Orion/Documents/GitHub/ece385/lab_7/workspace/mb_usb_hdmi_top/hw/mb_usb_hdmi_top.xsa
TRACE::2024-10-30.21:17:16::SCWPlatform::DSA directory C:/Users/Orion/Documents/GitHub/ece385/lab_7/workspace/mb_usb_hdmi_top/hw
TRACE::2024-10-30.21:17:16::SCWPlatform:: Platform Path C:/Users/Orion/Documents/GitHub/ece385/lab_7/workspace/mb_usb_hdmi_top/hw/mb_usb_hdmi_top.xsa
TRACE::2024-10-30.21:17:16::SCWPlatform:: Unique name xilinx:::0.0
TRACE::2024-10-30.21:17:16::SCWPlatform::Trying to set the existing hwdb with name mb_usb_hdmi_top_3
TRACE::2024-10-30.21:17:16::SCWPlatform::Opened existing hwdb mb_usb_hdmi_top_3
TRACE::2024-10-30.21:17:16::SCWPlatform::Found the Hw Db part of the input DSA
TRACE::2024-10-30.21:17:16::SCWPlatform::Trying to open the hw design at C:/Users/Orion/Documents/GitHub/ece385/lab_7/workspace/mb_usb_hdmi_top/hw/mb_usb_hdmi_top.xsa
TRACE::2024-10-30.21:17:16::SCWPlatform::DSA given C:/Users/Orion/Documents/GitHub/ece385/lab_7/workspace/mb_usb_hdmi_top/hw/mb_usb_hdmi_top.xsa
TRACE::2024-10-30.21:17:16::SCWPlatform::DSA absoulate path C:/Users/Orion/Documents/GitHub/ece385/lab_7/workspace/mb_usb_hdmi_top/hw/mb_usb_hdmi_top.xsa
TRACE::2024-10-30.21:17:16::SCWPlatform::DSA directory C:/Users/Orion/Documents/GitHub/ece385/lab_7/workspace/mb_usb_hdmi_top/hw
TRACE::2024-10-30.21:17:16::SCWPlatform:: Platform Path C:/Users/Orion/Documents/GitHub/ece385/lab_7/workspace/mb_usb_hdmi_top/hw/mb_usb_hdmi_top.xsa
TRACE::2024-10-30.21:17:16::SCWPlatform:: Unique name xilinx:::0.0
TRACE::2024-10-30.21:17:16::SCWPlatform::Trying to set the existing hwdb with name mb_usb_hdmi_top_3
TRACE::2024-10-30.21:17:16::SCWPlatform::Opened existing hwdb mb_usb_hdmi_top_3
TRACE::2024-10-30.21:17:16::SCWPlatform::Found the Hw Db part of the input DSA
TRACE::2024-10-30.21:17:16::SCWMssOS::Checking the sw design at  C:/Users/Orion/Documents/GitHub/ece385/lab_7/workspace/mb_usb_hdmi_top/microblaze_0/standalone_microblaze_0/bsp/system.mss
TRACE::2024-10-30.21:17:16::SCWMssOS::DEBUG:  swdes dump  
TRACE::2024-10-30.21:17:16::SCWMssOS::No sw design opened at  C:/Users/Orion/Documents/GitHub/ece385/lab_7/workspace/mb_usb_hdmi_top/microblaze_0/standalone_microblaze_0/bsp/system.mss
TRACE::2024-10-30.21:17:16::SCWMssOS::mss exists loading the mss file  C:/Users/Orion/Documents/GitHub/ece385/lab_7/workspace/mb_usb_hdmi_top/microblaze_0/standalone_microblaze_0/bsp/system.mss
TRACE::2024-10-30.21:17:16::SCWMssOS::Opened the sw design from mss  C:/Users/Orion/Documents/GitHub/ece385/lab_7/workspace/mb_usb_hdmi_top/microblaze_0/standalone_microblaze_0/bsp/system.mss
TRACE::2024-10-30.21:17:16::SCWMssOS::Adding the swdes entry C:/Users/Orion/Documents/GitHub/ece385/lab_7/workspace/mb_usb_hdmi_top/microblaze_0/standalone_microblaze_0/bsp/system.mss with des name system
TRACE::2024-10-30.21:17:16::SCWMssOS::updating the scw layer about changes
TRACE::2024-10-30.21:17:16::SCWMssOS::Opened the sw design.  C:/Users/Orion/Documents/GitHub/ece385/lab_7/workspace/mb_usb_hdmi_top/microblaze_0/standalone_microblaze_0/bsp/system.mss
TRACE::2024-10-30.21:17:16::SCWMssOS::Saving the mss changes C:/Users/Orion/Documents/GitHub/ece385/lab_7/workspace/mb_usb_hdmi_top/microblaze_0/standalone_microblaze_0/bsp/system.mss
TRACE::2024-10-30.21:17:16::SCWMssOS::Found a swdesign opened with the mssfile.
TRACE::2024-10-30.21:17:16::SCWMssOS::Completed writemss as part of save.
TRACE::2024-10-30.21:17:16::SCWMssOS::Commit changes completed.
TRACE::2024-10-30.21:17:16::SCWReader::Adding prebuilt librarypaths as   
TRACE::2024-10-30.21:17:16::SCWReader::Adding prebuilt incpaths  as   
TRACE::2024-10-30.21:17:16::SCWPlatform::Trying to open the hw design at C:/Users/Orion/Documents/GitHub/ece385/lab_7/workspace/mb_usb_hdmi_top/hw/mb_usb_hdmi_top.xsa
TRACE::2024-10-30.21:17:16::SCWPlatform::DSA given C:/Users/Orion/Documents/GitHub/ece385/lab_7/workspace/mb_usb_hdmi_top/hw/mb_usb_hdmi_top.xsa
TRACE::2024-10-30.21:17:16::SCWPlatform::DSA absoulate path C:/Users/Orion/Documents/GitHub/ece385/lab_7/workspace/mb_usb_hdmi_top/hw/mb_usb_hdmi_top.xsa
TRACE::2024-10-30.21:17:16::SCWPlatform::DSA directory C:/Users/Orion/Documents/GitHub/ece385/lab_7/workspace/mb_usb_hdmi_top/hw
TRACE::2024-10-30.21:17:16::SCWPlatform:: Platform Path C:/Users/Orion/Documents/GitHub/ece385/lab_7/workspace/mb_usb_hdmi_top/hw/mb_usb_hdmi_top.xsa
TRACE::2024-10-30.21:17:16::SCWPlatform:: Unique name xilinx:::0.0
TRACE::2024-10-30.21:17:16::SCWPlatform::Trying to set the existing hwdb with name mb_usb_hdmi_top_3
TRACE::2024-10-30.21:17:16::SCWPlatform::Opened existing hwdb mb_usb_hdmi_top_3
TRACE::2024-10-30.21:17:16::SCWPlatform::Found the Hw Db part of the input DSA
TRACE::2024-10-30.21:17:16::SCWMssOS::Checking the sw design at  C:/Users/Orion/Documents/GitHub/ece385/lab_7/workspace/mb_usb_hdmi_top/microblaze_0/standalone_microblaze_0/bsp/system.mss
TRACE::2024-10-30.21:17:16::SCWMssOS::DEBUG:  swdes dump  C:/Users/Orion/Documents/GitHub/ece385/lab_7/workspace/mb_usb_hdmi_top/microblaze_0/standalone_microblaze_0/bsp/system.mss|system||

TRACE::2024-10-30.21:17:17::SCWMssOS::Sw design exists and opened at  C:/Users/Orion/Documents/GitHub/ece385/lab_7/workspace/mb_usb_hdmi_top/microblaze_0/standalone_microblaze_0/bsp/system.mss
TRACE::2024-10-30.21:17:17::SCWReader::No isolation master present  
TRACE::2024-10-30.21:17:30::SCWPlatform::DSA given C:/Users/Orion/Documents/GitHub/ece385/lab_7/workspace/mb_usb_hdmi_top/tempdsa/mb_usb_hdmi_top.xsa
TRACE::2024-10-30.21:17:30::SCWPlatform::DSA absoulate path C:/Users/Orion/Documents/GitHub/ece385/lab_7/workspace/mb_usb_hdmi_top/tempdsa/mb_usb_hdmi_top.xsa
TRACE::2024-10-30.21:17:30::SCWPlatform:: Platform location is C:/Users/Orion/Documents/GitHub/ece385/lab_7/workspace/mb_usb_hdmi_top/tempdsa
TRACE::2024-10-30.21:17:30::SCWPlatform:: Platform Path C:/Users/Orion/Documents/GitHub/ece385/lab_7/workspace/mb_usb_hdmi_top/tempdsa/mb_usb_hdmi_top.xsa
TRACE::2024-10-30.21:17:30::SCWPlatform:: Unique name xilinx:::0.0
TRACE::2024-10-30.21:17:31::SCWPlatform::Found the Hw Db part of the input DSA
TRACE::2024-10-30.21:17:31::SCWMssOS::Doing hw sync for the mss in domain: standalone_microblaze_0
TRACE::2024-10-30.21:17:31::SCWPlatform::Trying to open the hw design at C:/Users/Orion/Documents/GitHub/ece385/lab_7/workspace/mb_usb_hdmi_top/hw/mb_usb_hdmi_top.xsa
TRACE::2024-10-30.21:17:31::SCWPlatform::DSA given C:/Users/Orion/Documents/GitHub/ece385/lab_7/workspace/mb_usb_hdmi_top/hw/mb_usb_hdmi_top.xsa
TRACE::2024-10-30.21:17:31::SCWPlatform::DSA absoulate path C:/Users/Orion/Documents/GitHub/ece385/lab_7/workspace/mb_usb_hdmi_top/hw/mb_usb_hdmi_top.xsa
TRACE::2024-10-30.21:17:31::SCWPlatform::DSA directory C:/Users/Orion/Documents/GitHub/ece385/lab_7/workspace/mb_usb_hdmi_top/hw
TRACE::2024-10-30.21:17:31::SCWPlatform:: Platform Path C:/Users/Orion/Documents/GitHub/ece385/lab_7/workspace/mb_usb_hdmi_top/hw/mb_usb_hdmi_top.xsa
TRACE::2024-10-30.21:17:31::SCWPlatform:: Unique name xilinx:::0.0
TRACE::2024-10-30.21:17:31::SCWPlatform::Trying to set the existing hwdb with name mb_usb_hdmi_top_3
TRACE::2024-10-30.21:17:31::SCWPlatform::Opened existing hwdb mb_usb_hdmi_top_3
TRACE::2024-10-30.21:17:31::SCWPlatform::Found the Hw Db part of the input DSA
TRACE::2024-10-30.21:17:31::SCWPlatform::Trying to open the hw design at C:/Users/Orion/Documents/GitHub/ece385/lab_7/workspace/mb_usb_hdmi_top/hw/mb_usb_hdmi_top.xsa
TRACE::2024-10-30.21:17:31::SCWPlatform::DSA given C:/Users/Orion/Documents/GitHub/ece385/lab_7/workspace/mb_usb_hdmi_top/hw/mb_usb_hdmi_top.xsa
TRACE::2024-10-30.21:17:31::SCWPlatform::DSA absoulate path C:/Users/Orion/Documents/GitHub/ece385/lab_7/workspace/mb_usb_hdmi_top/hw/mb_usb_hdmi_top.xsa
TRACE::2024-10-30.21:17:31::SCWPlatform::DSA directory C:/Users/Orion/Documents/GitHub/ece385/lab_7/workspace/mb_usb_hdmi_top/hw
TRACE::2024-10-30.21:17:31::SCWPlatform:: Platform Path C:/Users/Orion/Documents/GitHub/ece385/lab_7/workspace/mb_usb_hdmi_top/hw/mb_usb_hdmi_top.xsa
TRACE::2024-10-30.21:17:31::SCWPlatform:: Unique name xilinx:::0.0
TRACE::2024-10-30.21:17:31::SCWPlatform::Trying to set the existing hwdb with name mb_usb_hdmi_top_3
TRACE::2024-10-30.21:17:31::SCWPlatform::Opened existing hwdb mb_usb_hdmi_top_3
TRACE::2024-10-30.21:17:31::SCWPlatform::Found the Hw Db part of the input DSA
TRACE::2024-10-30.21:17:31::SCWMssOS::Checking the sw design at  C:/Users/Orion/Documents/GitHub/ece385/lab_7/workspace/mb_usb_hdmi_top/microblaze_0/standalone_microblaze_0/bsp/system.mss
TRACE::2024-10-30.21:17:31::SCWMssOS::DEBUG:  swdes dump  C:/Users/Orion/Documents/GitHub/ece385/lab_7/workspace/mb_usb_hdmi_top/microblaze_0/standalone_microblaze_0/bsp/system.mss|system||

TRACE::2024-10-30.21:17:31::SCWMssOS::Sw design exists and opened at  C:/Users/Orion/Documents/GitHub/ece385/lab_7/workspace/mb_usb_hdmi_top/microblaze_0/standalone_microblaze_0/bsp/system.mss
TRACE::2024-10-30.21:17:31::SCWPlatform::Trying to open the hw design at C:/Users/Orion/Documents/GitHub/ece385/lab_7/workspace/mb_usb_hdmi_top/tempdsa/mb_usb_hdmi_top.xsa
TRACE::2024-10-30.21:17:31::SCWPlatform::DSA given C:/Users/Orion/Documents/GitHub/ece385/lab_7/workspace/mb_usb_hdmi_top/tempdsa/mb_usb_hdmi_top.xsa
TRACE::2024-10-30.21:17:31::SCWPlatform::DSA absoulate path C:/Users/Orion/Documents/GitHub/ece385/lab_7/workspace/mb_usb_hdmi_top/tempdsa/mb_usb_hdmi_top.xsa
TRACE::2024-10-30.21:17:31::SCWPlatform::DSA directory C:/Users/Orion/Documents/GitHub/ece385/lab_7/workspace/mb_usb_hdmi_top/tempdsa
TRACE::2024-10-30.21:17:31::SCWPlatform:: Platform Path C:/Users/Orion/Documents/GitHub/ece385/lab_7/workspace/mb_usb_hdmi_top/tempdsa/mb_usb_hdmi_top.xsa
TRACE::2024-10-30.21:17:31::SCWPlatform:: Unique name xilinx:::0.0
TRACE::2024-10-30.21:17:31::SCWPlatform::update - Opened existing hwdb mb_usb_hdmi_top_4
TRACE::2024-10-30.21:17:31::SCWPlatform::Found the Hw Db part of the input DSA
TRACE::2024-10-30.21:17:31::SCWMssOS::Saving the mss changes C:/Users/Orion/Documents/GitHub/ece385/lab_7/workspace/mb_usb_hdmi_top/microblaze_0/standalone_microblaze_0/bsp/system.mss
TRACE::2024-10-30.21:17:31::SCWMssOS::Found a swdesign opened with the mssfile.
TRACE::2024-10-30.21:17:31::SCWMssOS::Completed writemss as part of save.
TRACE::2024-10-30.21:17:31::SCWMssOS::Commit changes completed.
TRACE::2024-10-30.21:17:31::SCWMssOS::Completed hw sync for the mss in domain: standalone_microblaze_0
TRACE::2024-10-30.21:17:31::SCWMssOS::Removing the swdes entry for  C:/Users/Orion/Documents/GitHub/ece385/lab_7/workspace/mb_usb_hdmi_top/microblaze_0/standalone_microblaze_0/bsp/system.mss
TRACE::2024-10-30.21:17:31::SCWPlatform::Trying to open the hw design at C:/Users/Orion/Documents/GitHub/ece385/lab_7/workspace/mb_usb_hdmi_top/hw/mb_usb_hdmi_top.xsa
TRACE::2024-10-30.21:17:31::SCWPlatform::DSA given C:/Users/Orion/Documents/GitHub/ece385/lab_7/workspace/mb_usb_hdmi_top/hw/mb_usb_hdmi_top.xsa
TRACE::2024-10-30.21:17:31::SCWPlatform::DSA absoulate path C:/Users/Orion/Documents/GitHub/ece385/lab_7/workspace/mb_usb_hdmi_top/hw/mb_usb_hdmi_top.xsa
TRACE::2024-10-30.21:17:31::SCWPlatform::DSA directory C:/Users/Orion/Documents/GitHub/ece385/lab_7/workspace/mb_usb_hdmi_top/hw
TRACE::2024-10-30.21:17:31::SCWPlatform:: Platform Path C:/Users/Orion/Documents/GitHub/ece385/lab_7/workspace/mb_usb_hdmi_top/hw/mb_usb_hdmi_top.xsa
TRACE::2024-10-30.21:17:31::SCWPlatform:: Unique name xilinx:::0.0
TRACE::2024-10-30.21:17:31::SCWPlatform::Do not have an existing db opened. 
TRACE::2024-10-30.21:17:31::SCWPlatform::Opened new HwDB with name mb_usb_hdmi_top_5
TRACE::2024-10-30.21:17:31::SCWMssOS::Saving the mss changes C:/Users/Orion/Documents/GitHub/ece385/lab_7/workspace/mb_usb_hdmi_top/microblaze_0/standalone_microblaze_0/bsp/system.mss
TRACE::2024-10-30.21:17:31::SCWMssOS::Adding the swdes entry, mss present, able to open swdb C:/Users/Orion/Documents/GitHub/ece385/lab_7/workspace/mb_usb_hdmi_top/microblaze_0/standalone_microblaze_0/bsp/system.mss with des name system
TRACE::2024-10-30.21:17:31::SCWMssOS::Writing the mss file completed C:/Users/Orion/Documents/GitHub/ece385/lab_7/workspace/mb_usb_hdmi_top/microblaze_0/standalone_microblaze_0/bsp/system.mss
TRACE::2024-10-30.21:17:31::SCWMssOS::Commit changes completed.
TRACE::2024-10-30.21:17:31::SCWPlatform::Trying to open the hw design at C:/Users/Orion/Documents/GitHub/ece385/lab_7/workspace/mb_usb_hdmi_top/hw/mb_usb_hdmi_top.xsa
TRACE::2024-10-30.21:17:31::SCWPlatform::DSA given C:/Users/Orion/Documents/GitHub/ece385/lab_7/workspace/mb_usb_hdmi_top/hw/mb_usb_hdmi_top.xsa
TRACE::2024-10-30.21:17:31::SCWPlatform::DSA absoulate path C:/Users/Orion/Documents/GitHub/ece385/lab_7/workspace/mb_usb_hdmi_top/hw/mb_usb_hdmi_top.xsa
TRACE::2024-10-30.21:17:31::SCWPlatform::DSA directory C:/Users/Orion/Documents/GitHub/ece385/lab_7/workspace/mb_usb_hdmi_top/hw
TRACE::2024-10-30.21:17:31::SCWPlatform:: Platform Path C:/Users/Orion/Documents/GitHub/ece385/lab_7/workspace/mb_usb_hdmi_top/hw/mb_usb_hdmi_top.xsa
TRACE::2024-10-30.21:17:31::SCWPlatform:: Unique name xilinx:::0.0
TRACE::2024-10-30.21:17:31::SCWPlatform::Trying to set the existing hwdb with name mb_usb_hdmi_top_5
TRACE::2024-10-30.21:17:31::SCWPlatform::Opened existing hwdb mb_usb_hdmi_top_5
TRACE::2024-10-30.21:17:31::SCWPlatform::Found the Hw Db part of the input DSA
TRACE::2024-10-30.21:17:31::SCWMssOS::Checking the sw design at  C:/Users/Orion/Documents/GitHub/ece385/lab_7/workspace/mb_usb_hdmi_top/microblaze_0/standalone_microblaze_0/bsp/system.mss
TRACE::2024-10-30.21:17:31::SCWMssOS::DEBUG:  swdes dump  C:/Users/Orion/Documents/GitHub/ece385/lab_7/workspace/mb_usb_hdmi_top/microblaze_0/standalone_microblaze_0/bsp/system.mss|system||

TRACE::2024-10-30.21:17:31::SCWMssOS::Sw design exists and opened at  C:/Users/Orion/Documents/GitHub/ece385/lab_7/workspace/mb_usb_hdmi_top/microblaze_0/standalone_microblaze_0/bsp/system.mss
TRACE::2024-10-30.21:17:31::SCWWriter::formatted JSON is {
	"platformName":	"mb_usb_hdmi_top",
	"sprVersion":	"2.0",
	"mode":	"gui",
	"dsaType":	"Fixed",
	"platformDesc":	"mb_usb_hdmi_top",
	"platHandOff":	"C:/Users/Orion/Documents/GitHub/ece385/lab_7/mb_usb_hdmi_top.xsa",
	"platIntHandOff":	"<platformDir>/hw/mb_usb_hdmi_top.xsa",
	"deviceType":	"FPGA",
	"platIsPrebuiltAutogen":	"false",
	"platIsNoBootBsp":	"false",
	"hasFsblMakeHasChanges":	"false",
	"hasPmufwMakeHasChanges":	"false",
	"platPreBuiltFlag":	false,
	"platformSamplesDir":	"",
	"platActiveSys":	"mb_usb_hdmi_top",
	"systems":	[{
			"systemName":	"mb_usb_hdmi_top",
			"systemDesc":	"mb_usb_hdmi_top",
			"sysIsBootAutoGen":	"true",
			"systemDispName":	"mb_usb_hdmi_top",
			"sysActiveDom":	"standalone_microblaze_0",
			"sysDefaultDom":	"standalone_microblaze_0",
			"domains":	[{
					"domainName":	"standalone_microblaze_0",
					"domainDispName":	"standalone_microblaze_0",
					"domainDesc":	"standalone_microblaze_0",
					"processors":	"microblaze_0",
					"os":	"standalone",
					"sdxOs":	"standalone",
					"debugEnable":	"False",
					"domRuntimes":	["cpp"],
					"swRepo":	"",
					"mssOsVer":	"8.0",
					"mssFile":	"",
					"md5Digest":	"5422c1e5be4ae93f4de8c50507402f2a1",
					"compatibleApp":	"",
					"domType":	"mssDomain",
					"arch":	"32-bit",
					"appSettings":	{
						"appCompilerFlags":	"",
						"appLinkerFlags":	""
					},
					"addedLibs":	[],
					"libOptions":	{
						"libsContainingOptions":	[]
					},
					"prebuiltLibs":	{
						"prebuiltIncPath":	[],
						"prebuiltLibPath":	[]
					},
					"isolation":	{
					}
				}]
		}]
}
LOG::2024-10-30.21:17:42::SCWPlatform::Started generating the artifacts platform mb_usb_hdmi_top
TRACE::2024-10-30.21:17:42::SCWPlatform::Sanity checking of platform is completed
LOG::2024-10-30.21:17:42::SCWPlatform::Started generating the artifacts for system configuration mb_usb_hdmi_top
LOG::2024-10-30.21:17:42::SCWSystem::Checking the domain standalone_microblaze_0
LOG::2024-10-30.21:17:42::SCWSystem::Not a boot domain 
LOG::2024-10-30.21:17:42::SCWSystem::Started Processing the domain standalone_microblaze_0
TRACE::2024-10-30.21:17:42::SCWDomain::Generating domain artifcats
TRACE::2024-10-30.21:17:42::SCWMssOS::Generating standalone artifcats
TRACE::2024-10-30.21:17:42::SCWMssOS:: Copying the user libraries. 
TRACE::2024-10-30.21:17:42::SCWPlatform::Trying to open the hw design at C:/Users/Orion/Documents/GitHub/ece385/lab_7/workspace/mb_usb_hdmi_top/hw/mb_usb_hdmi_top.xsa
TRACE::2024-10-30.21:17:42::SCWPlatform::DSA given C:/Users/Orion/Documents/GitHub/ece385/lab_7/workspace/mb_usb_hdmi_top/hw/mb_usb_hdmi_top.xsa
TRACE::2024-10-30.21:17:42::SCWPlatform::DSA absoulate path C:/Users/Orion/Documents/GitHub/ece385/lab_7/workspace/mb_usb_hdmi_top/hw/mb_usb_hdmi_top.xsa
TRACE::2024-10-30.21:17:42::SCWPlatform::DSA directory C:/Users/Orion/Documents/GitHub/ece385/lab_7/workspace/mb_usb_hdmi_top/hw
TRACE::2024-10-30.21:17:42::SCWPlatform:: Platform Path C:/Users/Orion/Documents/GitHub/ece385/lab_7/workspace/mb_usb_hdmi_top/hw/mb_usb_hdmi_top.xsa
TRACE::2024-10-30.21:17:42::SCWPlatform:: Unique name xilinx:::0.0
TRACE::2024-10-30.21:17:42::SCWPlatform::Trying to set the existing hwdb with name mb_usb_hdmi_top_5
TRACE::2024-10-30.21:17:42::SCWPlatform::Opened existing hwdb mb_usb_hdmi_top_5
TRACE::2024-10-30.21:17:42::SCWPlatform::Found the Hw Db part of the input DSA
TRACE::2024-10-30.21:17:42::SCWMssOS::Checking the sw design at  C:/Users/Orion/Documents/GitHub/ece385/lab_7/workspace/mb_usb_hdmi_top/microblaze_0/standalone_microblaze_0/bsp/system.mss
TRACE::2024-10-30.21:17:42::SCWMssOS::DEBUG:  swdes dump  C:/Users/Orion/Documents/GitHub/ece385/lab_7/workspace/mb_usb_hdmi_top/microblaze_0/standalone_microblaze_0/bsp/system.mss|system||

TRACE::2024-10-30.21:17:42::SCWMssOS::Sw design exists and opened at  C:/Users/Orion/Documents/GitHub/ece385/lab_7/workspace/mb_usb_hdmi_top/microblaze_0/standalone_microblaze_0/bsp/system.mss
TRACE::2024-10-30.21:17:42::SCWMssOS::Completed writing the mss file at C:/Users/Orion/Documents/GitHub/ece385/lab_7/workspace/mb_usb_hdmi_top/microblaze_0/standalone_microblaze_0/bsp
TRACE::2024-10-30.21:17:42::SCWMssOS::Mss edits present, copying mssfile into export location C:/Users/Orion/Documents/GitHub/ece385/lab_7/workspace/mb_usb_hdmi_top/microblaze_0/standalone_microblaze_0/bsp/system.mss
TRACE::2024-10-30.21:17:43::SCWMssOS::bsp generated is stale removing and regenerating. 
TRACE::2024-10-30.21:17:45::SCWMssOS::doing bsp build ... 
TRACE::2024-10-30.21:17:45::SCWMssOS::System Command Ran  C: & cd  C:/Users/Orion/Documents/GitHub/ece385/lab_7/workspace/mb_usb_hdmi_top/microblaze_0/standalone_microblaze_0/bsp & make 
TRACE::2024-10-30.21:17:45::SCWMssOS::make --no-print-directory seq_libs

TRACE::2024-10-30.21:17:45::SCWMssOS::'Finished building libraries sequentially.'

TRACE::2024-10-30.21:17:45::SCWMssOS::make -j 10 --no-print-directory par_libs

TRACE::2024-10-30.21:17:45::SCWMssOS::"Running Make include in microblaze_0/libsrc/bram_v4_8/src"

TRACE::2024-10-30.21:17:45::SCWMssOS::"Running Make include in microblaze_0/libsrc/cpu_v2_16/src"

TRACE::2024-10-30.21:17:45::SCWMssOS::make -C microblaze_0/libsrc/bram_v4_8/src -s include  "SHELL=CMD" "COMPILER=mb-gcc" "ASSEMBLER=mb-as" "ARCHIVER=mb-ar" "COMPILE
TRACE::2024-10-30.21:17:45::SCWMssOS::R_FLAGS=  -O2 -c -mcpu=v11.0 -mlittle-endian -mno-xl-reorder -mno-xl-soft-mul -mxl-barrel-shift -mxl-pattern-compare" "EXTRA_CO
TRACE::2024-10-30.21:17:45::SCWMssOS::MPILER_FLAGS=-g -ffunction-sections -fdata-sections -Wall -Wextra -fno-tree-loop-distribute-patterns"

TRACE::2024-10-30.21:17:45::SCWMssOS::make -C microblaze_0/libsrc/cpu_v2_16/src -s include  "SHELL=CMD" "COMPILER=mb-gcc" "ASSEMBLER=mb-as" "ARCHIVER=mb-ar" "COMPILE
TRACE::2024-10-30.21:17:45::SCWMssOS::R_FLAGS=  -O2 -c -mcpu=v11.0 -mlittle-endian -mno-xl-reorder -mno-xl-soft-mul -mxl-barrel-shift -mxl-pattern-compare" "EXTRA_CO
TRACE::2024-10-30.21:17:45::SCWMssOS::MPILER_FLAGS=-g -ffunction-sections -fdata-sections -Wall -Wextra -fno-tree-loop-distribute-patterns"

TRACE::2024-10-30.21:17:45::SCWMssOS::"Running Make include in microblaze_0/libsrc/intc_v3_15/src"

TRACE::2024-10-30.21:17:45::SCWMssOS::make -C microblaze_0/libsrc/intc_v3_15/src -s include  "SHELL=CMD" "COMPILER=mb-gcc" "ASSEMBLER=mb-as" "ARCHIVER=mb-ar" "COMPIL
TRACE::2024-10-30.21:17:45::SCWMssOS::ER_FLAGS=  -O2 -c -mcpu=v11.0 -mlittle-endian -mno-xl-reorder -mno-xl-soft-mul -mxl-barrel-shift -mxl-pattern-compare" "EXTRA_C
TRACE::2024-10-30.21:17:45::SCWMssOS::OMPILER_FLAGS=-g -ffunction-sections -fdata-sections -Wall -Wextra -fno-tree-loop-distribute-patterns"

TRACE::2024-10-30.21:17:45::SCWMssOS::"Running Make include in microblaze_0/libsrc/standalone_v8_0/src"

TRACE::2024-10-30.21:17:45::SCWMssOS::make -C microblaze_0/libsrc/standalone_v8_0/src -s include  "SHELL=CMD" "COMPILER=mb-gcc" "ASSEMBLER=mb-as" "ARCHIVER=mb-ar" "C
TRACE::2024-10-30.21:17:45::SCWMssOS::OMPILER_FLAGS=  -O2 -c -mcpu=v11.0 -mlittle-endian -mno-xl-reorder -mno-xl-soft-mul -mxl-barrel-shift -mxl-pattern-compare" "EX
TRACE::2024-10-30.21:17:45::SCWMssOS::TRA_COMPILER_FLAGS=-g -ffunction-sections -fdata-sections -Wall -Wextra -fno-tree-loop-distribute-patterns"

TRACE::2024-10-30.21:17:46::SCWMssOS::"Running Make include in microblaze_0/libsrc/uartlite_v3_7/src"

TRACE::2024-10-30.21:17:46::SCWMssOS::make -C microblaze_0/libsrc/uartlite_v3_7/src -s include  "SHELL=CMD" "COMPILER=mb-gcc" "ASSEMBLER=mb-as" "ARCHIVER=mb-ar" "COM
TRACE::2024-10-30.21:17:46::SCWMssOS::PILER_FLAGS=  -O2 -c -mcpu=v11.0 -mlittle-endian -mno-xl-reorder -mno-xl-soft-mul -mxl-barrel-shift -mxl-pattern-compare" "EXTR
TRACE::2024-10-30.21:17:46::SCWMssOS::A_COMPILER_FLAGS=-g -ffunction-sections -fdata-sections -Wall -Wextra -fno-tree-loop-distribute-patterns"

TRACE::2024-10-30.21:17:46::SCWMssOS::"Running Make libs in microblaze_0/libsrc/bram_v4_8/src"

TRACE::2024-10-30.21:17:46::SCWMssOS::"Running Make libs in microblaze_0/libsrc/cpu_v2_16/src"

TRACE::2024-10-30.21:17:47::SCWMssOS::make -C microblaze_0/libsrc/bram_v4_8/src -s libs  "SHELL=CMD" "COMPILER=mb-gcc" "ASSEMBLER=mb-as" "ARCHIVER=mb-ar" "COMPILER_F
TRACE::2024-10-30.21:17:47::SCWMssOS::LAGS=  -O2 -c -mcpu=v11.0 -mlittle-endian -mno-xl-reorder -mno-xl-soft-mul -mxl-barrel-shift -mxl-pattern-compare" "EXTRA_COMPI
TRACE::2024-10-30.21:17:47::SCWMssOS::LER_FLAGS=-g -ffunction-sections -fdata-sections -Wall -Wextra -fno-tree-loop-distribute-patterns"

TRACE::2024-10-30.21:17:47::SCWMssOS::make -C microblaze_0/libsrc/cpu_v2_16/src -s libs  "SHELL=CMD" "COMPILER=mb-gcc" "ASSEMBLER=mb-as" "ARCHIVER=mb-ar" "COMPILER_F
TRACE::2024-10-30.21:17:47::SCWMssOS::LAGS=  -O2 -c -mcpu=v11.0 -mlittle-endian -mno-xl-reorder -mno-xl-soft-mul -mxl-barrel-shift -mxl-pattern-compare" "EXTRA_COMPI
TRACE::2024-10-30.21:17:47::SCWMssOS::LER_FLAGS=-g -ffunction-sections -fdata-sections -Wall -Wextra -fno-tree-loop-distribute-patterns"

TRACE::2024-10-30.21:17:47::SCWMssOS::"Running Make libs in microblaze_0/libsrc/intc_v3_15/src"

TRACE::2024-10-30.21:17:47::SCWMssOS::make -C microblaze_0/libsrc/intc_v3_15/src -s libs  "SHELL=CMD" "COMPILER=mb-gcc" "ASSEMBLER=mb-as" "ARCHIVER=mb-ar" "COMPILER_
TRACE::2024-10-30.21:17:47::SCWMssOS::FLAGS=  -O2 -c -mcpu=v11.0 -mlittle-endian -mno-xl-reorder -mno-xl-soft-mul -mxl-barrel-shift -mxl-pattern-compare" "EXTRA_COMP
TRACE::2024-10-30.21:17:47::SCWMssOS::ILER_FLAGS=-g -ffunction-sections -fdata-sections -Wall -Wextra -fno-tree-loop-distribute-patterns"

TRACE::2024-10-30.21:17:47::SCWMssOS::"Running Make libs in microblaze_0/libsrc/standalone_v8_0/src"

TRACE::2024-10-30.21:17:47::SCWMssOS::make -C microblaze_0/libsrc/standalone_v8_0/src -s libs  "SHELL=CMD" "COMPILER=mb-gcc" "ASSEMBLER=mb-as" "ARCHIVER=mb-ar" "COMP
TRACE::2024-10-30.21:17:47::SCWMssOS::ILER_FLAGS=  -O2 -c -mcpu=v11.0 -mlittle-endian -mno-xl-reorder -mno-xl-soft-mul -mxl-barrel-shift -mxl-pattern-compare" "EXTRA
TRACE::2024-10-30.21:17:47::SCWMssOS::_COMPILER_FLAGS=-g -ffunction-sections -fdata-sections -Wall -Wextra -fno-tree-loop-distribute-patterns"

TRACE::2024-10-30.21:17:47::SCWMssOS::"Running Make libs in microblaze_0/libsrc/uartlite_v3_7/src"

TRACE::2024-10-30.21:17:47::SCWMssOS::make -C microblaze_0/libsrc/uartlite_v3_7/src -s libs  "SHELL=CMD" "COMPILER=mb-gcc" "ASSEMBLER=mb-as" "ARCHIVER=mb-ar" "COMPIL
TRACE::2024-10-30.21:17:47::SCWMssOS::ER_FLAGS=  -O2 -c -mcpu=v11.0 -mlittle-endian -mno-xl-reorder -mno-xl-soft-mul -mxl-barrel-shift -mxl-pattern-compare" "EXTRA_C
TRACE::2024-10-30.21:17:47::SCWMssOS::OMPILER_FLAGS=-g -ffunction-sections -fdata-sections -Wall -Wextra -fno-tree-loop-distribute-patterns"

TRACE::2024-10-30.21:18:02::SCWMssOS::"DEBUG NON_LTO_OBJECTS is ../../../lib/microblaze_interrupt_handler.o"

TRACE::2024-10-30.21:18:03::SCWMssOS::'Finished building libraries parallelly.'

TRACE::2024-10-30.21:18:03::SCWMssOS::make --no-print-directory archive

TRACE::2024-10-30.21:18:03::SCWMssOS::mb-ar -r  microblaze_0/lib/libxil.a microblaze_0/lib/_exit.o microblaze_0/lib/errno.o microblaze_0/lib/fcntl.o microblaze_0/lib
TRACE::2024-10-30.21:18:03::SCWMssOS::/hw_exception_handler.o microblaze_0/lib/inbyte.o microblaze_0/lib/microblaze_disable_dcache.o microblaze_0/lib/microblaze_disa
TRACE::2024-10-30.21:18:03::SCWMssOS::ble_exceptions.o microblaze_0/lib/microblaze_disable_icache.o microblaze_0/lib/microblaze_disable_interrupts.o microblaze_0/lib
TRACE::2024-10-30.21:18:03::SCWMssOS::/microblaze_enable_dcache.o microblaze_0/lib/microblaze_enable_exceptions.o microblaze_0/lib/microblaze_enable_icache.o microbl
TRACE::2024-10-30.21:18:03::SCWMssOS::aze_0/lib/microblaze_enable_interrupts.o microblaze_0/lib/microblaze_exception_handler.o microblaze_0/lib/microblaze_flush_cach
TRACE::2024-10-30.21:18:03::SCWMssOS::e_ext.o microblaze_0/lib/microblaze_flush_cache_ext_range.o microblaze_0/lib/microblaze_flush_dcache.o microblaze_0/lib/microbl
TRACE::2024-10-30.21:18:03::SCWMssOS::aze_flush_dcache_range.o microblaze_0/lib/microblaze_init_dcache_range.o microblaze_0/lib/microblaze_init_icache_range.o microb
TRACE::2024-10-30.21:18:03::SCWMssOS::laze_0/lib/microblaze_interrupt_handler.o microblaze_0/lib/microblaze_interrupts_g.o microblaze_0/lib/microblaze_invalidate_cac
TRACE::2024-10-30.21:18:03::SCWMssOS::he_ext.o microblaze_0/lib/microblaze_invalidate_cache_ext_range.o microblaze_0/lib/microblaze_invalidate_dcache.o microblaze_0/
TRACE::2024-10-30.21:18:03::SCWMssOS::lib/microblaze_invalidate_dcache_range.o microblaze_0/lib/microblaze_invalidate_icache.o microblaze_0/lib/microblaze_invalidate
TRACE::2024-10-30.21:18:03::SCWMssOS::_icache_range.o microblaze_0/lib/microblaze_scrub.o microblaze_0/lib/microblaze_selftest.o microblaze_0/lib/microblaze_sleep.o 
TRACE::2024-10-30.21:18:03::SCWMssOS::microblaze_0/lib/microblaze_update_dcache.o microblaze_0/lib/microblaze_update_icache.o microblaze_0/lib/outbyte.o microblaze_0
TRACE::2024-10-30.21:18:03::SCWMssOS::/lib/print.o microblaze_0/lib/pvr.o microblaze_0/lib/xbram.o microblaze_0/lib/xbram_g.o microblaze_0/lib/xbram_intr.o microblaz
TRACE::2024-10-30.21:18:03::SCWMssOS::e_0/lib/xbram_selftest.o microblaze_0/lib/xbram_sinit.o microblaze_0/lib/xil_assert.o microblaze_0/lib/xil_cache.o microblaze_0
TRACE::2024-10-30.21:18:03::SCWMssOS::/lib/xil_clocking.o microblaze_0/lib/xil_exception.o microblaze_0/lib/xil_mem.o microblaze_0/lib/xil_misc_psreset_api.o microbl
TRACE::2024-10-30.21:18:03::SCWMssOS::aze_0/lib/xil_printf.o microblaze_0/lib/xil_sleepcommon.o microblaze_0/lib/xil_testcache.o microblaze_0/lib/xil_testio.o microb
TRACE::2024-10-30.21:18:03::SCWMssOS::laze_0/lib/xil_testmem.o microblaze_0/lib/xil_util.o microblaze_0/lib/xintc.o microblaze_0/lib/xintc_g.o microblaze_0/lib/xintc
TRACE::2024-10-30.21:18:03::SCWMssOS::_intr.o microblaze_0/lib/xintc_l.o microblaze_0/lib/xintc_options.o microblaze_0/lib/xintc_selftest.o microblaze_0/lib/xinterru
TRACE::2024-10-30.21:18:03::SCWMssOS::pt_wrap.o microblaze_0/lib/xio.o microblaze_0/lib/xplatform_info.o microblaze_0/lib/xuartlite.o microblaze_0/lib/xuartlite_g.o 
TRACE::2024-10-30.21:18:03::SCWMssOS::microblaze_0/lib/xuartlite_intr.o microblaze_0/lib/xuartlite_l.o microblaze_0/lib/xuartlite_selftest.o microblaze_0/lib/xuartli
TRACE::2024-10-30.21:18:03::SCWMssOS::te_sinit.o microblaze_0/lib/xuartlite_stats.o

TRACE::2024-10-30.21:18:03::SCWMssOS::'Finished building libraries'

TRACE::2024-10-30.21:18:03::SCWMssOS:: Checking if to create the Supporting Applications
TRACE::2024-10-30.21:18:03::SCWMssOS:: No Linux domain exists, trying to generate FSBL 
LOG::2024-10-30.21:18:03::SCWSystem::Completed Processing the domain standalone_microblaze_0
LOG::2024-10-30.21:18:03::SCWSystem::Completed Processing the sysconfig mb_usb_hdmi_top
LOG::2024-10-30.21:18:03::SCWPlatform::Completed generating the artifacts for system configuration mb_usb_hdmi_top
TRACE::2024-10-30.21:18:03::SCWPlatform::Started preparing the platform 
TRACE::2024-10-30.21:18:03::SCWSystem::Writing the bif file for system config mb_usb_hdmi_top
TRACE::2024-10-30.21:18:03::SCWSystem::dir created 
TRACE::2024-10-30.21:18:03::SCWSystem::Writing the bif 
TRACE::2024-10-30.21:18:03::SCWPlatform::Started writing the spfm file 
TRACE::2024-10-30.21:18:03::SCWPlatform::Started writing the xpfm file 
TRACE::2024-10-30.21:18:03::SCWPlatform::Completed generating the platform
TRACE::2024-10-30.21:18:03::SCWMssOS::Saving the mss changes C:/Users/Orion/Documents/GitHub/ece385/lab_7/workspace/mb_usb_hdmi_top/microblaze_0/standalone_microblaze_0/bsp/system.mss
TRACE::2024-10-30.21:18:03::SCWMssOS::Adding the swdes entry, mss present, able to open swdb C:/Users/Orion/Documents/GitHub/ece385/lab_7/workspace/mb_usb_hdmi_top/microblaze_0/standalone_microblaze_0/bsp/system.mss with des name system
TRACE::2024-10-30.21:18:03::SCWMssOS::Writing the mss file completed C:/Users/Orion/Documents/GitHub/ece385/lab_7/workspace/mb_usb_hdmi_top/microblaze_0/standalone_microblaze_0/bsp/system.mss
TRACE::2024-10-30.21:18:03::SCWMssOS::Commit changes completed.
TRACE::2024-10-30.21:18:03::SCWPlatform::Trying to open the hw design at C:/Users/Orion/Documents/GitHub/ece385/lab_7/workspace/mb_usb_hdmi_top/hw/mb_usb_hdmi_top.xsa
TRACE::2024-10-30.21:18:03::SCWPlatform::DSA given C:/Users/Orion/Documents/GitHub/ece385/lab_7/workspace/mb_usb_hdmi_top/hw/mb_usb_hdmi_top.xsa
TRACE::2024-10-30.21:18:03::SCWPlatform::DSA absoulate path C:/Users/Orion/Documents/GitHub/ece385/lab_7/workspace/mb_usb_hdmi_top/hw/mb_usb_hdmi_top.xsa
TRACE::2024-10-30.21:18:03::SCWPlatform::DSA directory C:/Users/Orion/Documents/GitHub/ece385/lab_7/workspace/mb_usb_hdmi_top/hw
TRACE::2024-10-30.21:18:03::SCWPlatform:: Platform Path C:/Users/Orion/Documents/GitHub/ece385/lab_7/workspace/mb_usb_hdmi_top/hw/mb_usb_hdmi_top.xsa
TRACE::2024-10-30.21:18:03::SCWPlatform:: Unique name xilinx:::0.0
TRACE::2024-10-30.21:18:03::SCWPlatform::Trying to set the existing hwdb with name mb_usb_hdmi_top_5
TRACE::2024-10-30.21:18:03::SCWPlatform::Opened existing hwdb mb_usb_hdmi_top_5
TRACE::2024-10-30.21:18:03::SCWPlatform::Found the Hw Db part of the input DSA
TRACE::2024-10-30.21:18:03::SCWMssOS::Checking the sw design at  C:/Users/Orion/Documents/GitHub/ece385/lab_7/workspace/mb_usb_hdmi_top/microblaze_0/standalone_microblaze_0/bsp/system.mss
TRACE::2024-10-30.21:18:03::SCWMssOS::DEBUG:  swdes dump  C:/Users/Orion/Documents/GitHub/ece385/lab_7/workspace/mb_usb_hdmi_top/microblaze_0/standalone_microblaze_0/bsp/system.mss|system||

TRACE::2024-10-30.21:18:03::SCWMssOS::Sw design exists and opened at  C:/Users/Orion/Documents/GitHub/ece385/lab_7/workspace/mb_usb_hdmi_top/microblaze_0/standalone_microblaze_0/bsp/system.mss
TRACE::2024-10-30.21:18:03::SCWWriter::formatted JSON is {
	"platformName":	"mb_usb_hdmi_top",
	"sprVersion":	"2.0",
	"mode":	"gui",
	"dsaType":	"Fixed",
	"platformDesc":	"mb_usb_hdmi_top",
	"platHandOff":	"C:/Users/Orion/Documents/GitHub/ece385/lab_7/mb_usb_hdmi_top.xsa",
	"platIntHandOff":	"<platformDir>/hw/mb_usb_hdmi_top.xsa",
	"deviceType":	"FPGA",
	"platIsPrebuiltAutogen":	"false",
	"platIsNoBootBsp":	"false",
	"hasFsblMakeHasChanges":	"false",
	"hasPmufwMakeHasChanges":	"false",
	"platPreBuiltFlag":	false,
	"platformSamplesDir":	"",
	"platActiveSys":	"mb_usb_hdmi_top",
	"systems":	[{
			"systemName":	"mb_usb_hdmi_top",
			"systemDesc":	"mb_usb_hdmi_top",
			"sysIsBootAutoGen":	"true",
			"systemDispName":	"mb_usb_hdmi_top",
			"sysActiveDom":	"standalone_microblaze_0",
			"sysDefaultDom":	"standalone_microblaze_0",
			"domains":	[{
					"domainName":	"standalone_microblaze_0",
					"domainDispName":	"standalone_microblaze_0",
					"domainDesc":	"standalone_microblaze_0",
					"processors":	"microblaze_0",
					"os":	"standalone",
					"sdxOs":	"standalone",
					"debugEnable":	"False",
					"domRuntimes":	["cpp"],
					"swRepo":	"",
					"mssOsVer":	"8.0",
					"mssFile":	"",
					"md5Digest":	"5422c1e5be4ae93f4de8c50507402f2a",
					"compatibleApp":	"",
					"domType":	"mssDomain",
					"arch":	"32-bit",
					"appSettings":	{
						"appCompilerFlags":	"",
						"appLinkerFlags":	""
					},
					"addedLibs":	[],
					"libOptions":	{
						"libsContainingOptions":	[]
					},
					"prebuiltLibs":	{
						"prebuiltIncPath":	[],
						"prebuiltLibPath":	[]
					},
					"isolation":	{
					}
				}]
		}]
}
KEYINFO::2024-10-30.21:18:03::SCWPlatform::updated the xpfm file.
TRACE::2024-10-30.21:18:03::SCWPlatform::Trying to open the hw design at C:/Users/Orion/Documents/GitHub/ece385/lab_7/workspace/mb_usb_hdmi_top/hw/mb_usb_hdmi_top.xsa
TRACE::2024-10-30.21:18:03::SCWPlatform::DSA given C:/Users/Orion/Documents/GitHub/ece385/lab_7/workspace/mb_usb_hdmi_top/hw/mb_usb_hdmi_top.xsa
TRACE::2024-10-30.21:18:03::SCWPlatform::DSA absoulate path C:/Users/Orion/Documents/GitHub/ece385/lab_7/workspace/mb_usb_hdmi_top/hw/mb_usb_hdmi_top.xsa
TRACE::2024-10-30.21:18:03::SCWPlatform::DSA directory C:/Users/Orion/Documents/GitHub/ece385/lab_7/workspace/mb_usb_hdmi_top/hw
TRACE::2024-10-30.21:18:03::SCWPlatform:: Platform Path C:/Users/Orion/Documents/GitHub/ece385/lab_7/workspace/mb_usb_hdmi_top/hw/mb_usb_hdmi_top.xsa
TRACE::2024-10-30.21:18:03::SCWPlatform:: Unique name xilinx:::0.0
TRACE::2024-10-30.21:18:03::SCWPlatform::Trying to set the existing hwdb with name mb_usb_hdmi_top_5
TRACE::2024-10-30.21:18:03::SCWPlatform::Opened existing hwdb mb_usb_hdmi_top_5
TRACE::2024-10-30.21:18:03::SCWPlatform::Found the Hw Db part of the input DSA
TRACE::2024-10-30.21:18:03::SCWMssOS::Checking the sw design at  C:/Users/Orion/Documents/GitHub/ece385/lab_7/workspace/mb_usb_hdmi_top/microblaze_0/standalone_microblaze_0/bsp/system.mss
TRACE::2024-10-30.21:18:03::SCWMssOS::DEBUG:  swdes dump  C:/Users/Orion/Documents/GitHub/ece385/lab_7/workspace/mb_usb_hdmi_top/microblaze_0/standalone_microblaze_0/bsp/system.mss|system||

TRACE::2024-10-30.21:18:03::SCWMssOS::Sw design exists and opened at  C:/Users/Orion/Documents/GitHub/ece385/lab_7/workspace/mb_usb_hdmi_top/microblaze_0/standalone_microblaze_0/bsp/system.mss
