TRACE::2024-10-18.11:24:23::SCWPlatform::Trying to open the hw design at C:/Users/Shane/Documents/Classes/ECE_385/Lab_6/lab6/workspace_2/mb_6_1_top/hw/mb_6_1_top.xsa
TRACE::2024-10-18.11:24:23::SCWPlatform::DSA given C:/Users/Shane/Documents/Classes/ECE_385/Lab_6/lab6/workspace_2/mb_6_1_top/hw/mb_6_1_top.xsa
TRACE::2024-10-18.11:24:23::SCWPlatform::DSA absoulate path C:/Users/Shane/Documents/Classes/ECE_385/Lab_6/lab6/workspace_2/mb_6_1_top/hw/mb_6_1_top.xsa
TRACE::2024-10-18.11:24:23::SCWPlatform::DSA directory C:/Users/Shane/Documents/Classes/ECE_385/Lab_6/lab6/workspace_2/mb_6_1_top/hw
TRACE::2024-10-18.11:24:23::SCWPlatform:: Platform Path C:/Users/Shane/Documents/Classes/ECE_385/Lab_6/lab6/workspace_2/mb_6_1_top/hw/mb_6_1_top.xsa
TRACE::2024-10-18.11:24:23::SCWPlatform:: Unique name xilinx:::0.0
TRACE::2024-10-18.11:24:23::SCWPlatform::Do not have an existing db opened. 
TRACE::2024-10-18.11:24:23::SCWPlatform::Opened new HwDB with name mb_intro_top_0
TRACE::2024-10-18.11:24:23::SCWWriter::formatted JSON is {
	"platformName":	"mb_6_1_top",
	"sprVersion":	"2.0",
	"mode":	"gui",
	"dsaType":	"Fixed",
	"platformDesc":	"mb_6_1_top",
	"platHandOff":	"C:/Users/Shane/Documents/Classes/ECE_385/Lab_6/lab6/mb_6_1_top.xsa",
	"platIntHandOff":	"<platformDir>/hw/mb_6_1_top.xsa",
	"deviceType":	"FPGA",
	"platIsPrebuiltAutogen":	"false",
	"platIsNoBootBsp":	"false",
	"hasFsblMakeHasChanges":	"false",
	"hasPmufwMakeHasChanges":	"false",
	"platPreBuiltFlag":	false,
	"platformSamplesDir":	""
}
TRACE::2024-10-18.11:24:23::SCWWriter::formatted JSON is {
	"platformName":	"mb_6_1_top",
	"sprVersion":	"2.0",
	"mode":	"gui",
	"dsaType":	"Fixed",
	"platformDesc":	"mb_6_1_top",
	"platHandOff":	"C:/Users/Shane/Documents/Classes/ECE_385/Lab_6/lab6/mb_6_1_top.xsa",
	"platIntHandOff":	"<platformDir>/hw/mb_6_1_top.xsa",
	"deviceType":	"FPGA",
	"platIsPrebuiltAutogen":	"false",
	"platIsNoBootBsp":	"false",
	"hasFsblMakeHasChanges":	"false",
	"hasPmufwMakeHasChanges":	"false",
	"platPreBuiltFlag":	false,
	"platformSamplesDir":	"",
	"platActiveSys":	"mb_6_1_top",
	"systems":	[{
			"systemName":	"mb_6_1_top",
			"systemDesc":	"mb_6_1_top",
			"sysIsBootAutoGen":	"true",
			"systemDispName":	"mb_6_1_top"
		}]
}
TRACE::2024-10-18.11:24:23::SCWPlatform::Boot application domains not present, creating them
TRACE::2024-10-18.11:24:23::SCWPlatform::Pure FPGA device, no boot application will be created.
TRACE::2024-10-18.11:24:23::SCWWriter::formatted JSON is {
	"platformName":	"mb_6_1_top",
	"sprVersion":	"2.0",
	"mode":	"gui",
	"dsaType":	"Fixed",
	"platformDesc":	"mb_6_1_top",
	"platHandOff":	"C:/Users/Shane/Documents/Classes/ECE_385/Lab_6/lab6/mb_6_1_top.xsa",
	"platIntHandOff":	"<platformDir>/hw/mb_6_1_top.xsa",
	"deviceType":	"FPGA",
	"platIsPrebuiltAutogen":	"false",
	"platIsNoBootBsp":	"false",
	"hasFsblMakeHasChanges":	"false",
	"hasPmufwMakeHasChanges":	"false",
	"platPreBuiltFlag":	false,
	"platformSamplesDir":	"",
	"platActiveSys":	"mb_6_1_top",
	"systems":	[{
			"systemName":	"mb_6_1_top",
			"systemDesc":	"mb_6_1_top",
			"sysIsBootAutoGen":	"true",
			"systemDispName":	"mb_6_1_top"
		}]
}
TRACE::2024-10-18.11:24:23::SCWWriter::formatted JSON is {
	"platformName":	"mb_6_1_top",
	"sprVersion":	"2.0",
	"mode":	"gui",
	"dsaType":	"Fixed",
	"platformDesc":	"mb_6_1_top",
	"platHandOff":	"C:/Users/Shane/Documents/Classes/ECE_385/Lab_6/lab6/mb_6_1_top.xsa",
	"platIntHandOff":	"<platformDir>/hw/mb_6_1_top.xsa",
	"deviceType":	"FPGA",
	"platIsPrebuiltAutogen":	"false",
	"platIsNoBootBsp":	"false",
	"hasFsblMakeHasChanges":	"false",
	"hasPmufwMakeHasChanges":	"false",
	"platPreBuiltFlag":	false,
	"platformSamplesDir":	"",
	"platActiveSys":	"mb_6_1_top",
	"systems":	[{
			"systemName":	"mb_6_1_top",
			"systemDesc":	"mb_6_1_top",
			"sysIsBootAutoGen":	"true",
			"systemDispName":	"mb_6_1_top"
		}]
}
TRACE::2024-10-18.11:24:23::SCWPlatform::Trying to open the hw design at C:/Users/Shane/Documents/Classes/ECE_385/Lab_6/lab6/workspace_2/mb_6_1_top/hw/mb_6_1_top.xsa
TRACE::2024-10-18.11:24:23::SCWPlatform::DSA given C:/Users/Shane/Documents/Classes/ECE_385/Lab_6/lab6/workspace_2/mb_6_1_top/hw/mb_6_1_top.xsa
TRACE::2024-10-18.11:24:23::SCWPlatform::DSA absoulate path C:/Users/Shane/Documents/Classes/ECE_385/Lab_6/lab6/workspace_2/mb_6_1_top/hw/mb_6_1_top.xsa
TRACE::2024-10-18.11:24:23::SCWPlatform::DSA directory C:/Users/Shane/Documents/Classes/ECE_385/Lab_6/lab6/workspace_2/mb_6_1_top/hw
TRACE::2024-10-18.11:24:23::SCWPlatform:: Platform Path C:/Users/Shane/Documents/Classes/ECE_385/Lab_6/lab6/workspace_2/mb_6_1_top/hw/mb_6_1_top.xsa
TRACE::2024-10-18.11:24:23::SCWPlatform:: Unique name xilinx:::0.0
TRACE::2024-10-18.11:24:23::SCWPlatform::Trying to set the existing hwdb with name mb_intro_top_0
TRACE::2024-10-18.11:24:23::SCWPlatform::Opened existing hwdb mb_intro_top_0
TRACE::2024-10-18.11:24:23::SCWPlatform::Found the Hw Db part of the input DSA
TRACE::2024-10-18.11:24:23::SCWPlatform::Trying to open the hw design at C:/Users/Shane/Documents/Classes/ECE_385/Lab_6/lab6/workspace_2/mb_6_1_top/hw/mb_6_1_top.xsa
TRACE::2024-10-18.11:24:23::SCWPlatform::DSA given C:/Users/Shane/Documents/Classes/ECE_385/Lab_6/lab6/workspace_2/mb_6_1_top/hw/mb_6_1_top.xsa
TRACE::2024-10-18.11:24:23::SCWPlatform::DSA absoulate path C:/Users/Shane/Documents/Classes/ECE_385/Lab_6/lab6/workspace_2/mb_6_1_top/hw/mb_6_1_top.xsa
TRACE::2024-10-18.11:24:23::SCWPlatform::DSA directory C:/Users/Shane/Documents/Classes/ECE_385/Lab_6/lab6/workspace_2/mb_6_1_top/hw
TRACE::2024-10-18.11:24:23::SCWPlatform:: Platform Path C:/Users/Shane/Documents/Classes/ECE_385/Lab_6/lab6/workspace_2/mb_6_1_top/hw/mb_6_1_top.xsa
TRACE::2024-10-18.11:24:23::SCWPlatform:: Unique name xilinx:::0.0
TRACE::2024-10-18.11:24:23::SCWPlatform::Trying to set the existing hwdb with name mb_intro_top_0
TRACE::2024-10-18.11:24:23::SCWPlatform::Opened existing hwdb mb_intro_top_0
TRACE::2024-10-18.11:24:23::SCWPlatform::Found the Hw Db part of the input DSA
TRACE::2024-10-18.11:24:23::SCWDomain::checking for install qemu data   : 
TRACE::2024-10-18.11:24:23::SCWPlatform::Trying to open the hw design at C:/Users/Shane/Documents/Classes/ECE_385/Lab_6/lab6/workspace_2/mb_6_1_top/hw/mb_6_1_top.xsa
TRACE::2024-10-18.11:24:23::SCWPlatform::DSA given C:/Users/Shane/Documents/Classes/ECE_385/Lab_6/lab6/workspace_2/mb_6_1_top/hw/mb_6_1_top.xsa
TRACE::2024-10-18.11:24:23::SCWPlatform::DSA absoulate path C:/Users/Shane/Documents/Classes/ECE_385/Lab_6/lab6/workspace_2/mb_6_1_top/hw/mb_6_1_top.xsa
TRACE::2024-10-18.11:24:23::SCWPlatform::DSA directory C:/Users/Shane/Documents/Classes/ECE_385/Lab_6/lab6/workspace_2/mb_6_1_top/hw
TRACE::2024-10-18.11:24:23::SCWPlatform:: Platform Path C:/Users/Shane/Documents/Classes/ECE_385/Lab_6/lab6/workspace_2/mb_6_1_top/hw/mb_6_1_top.xsa
TRACE::2024-10-18.11:24:23::SCWPlatform:: Unique name xilinx:::0.0
TRACE::2024-10-18.11:24:23::SCWPlatform::Trying to set the existing hwdb with name mb_intro_top_0
TRACE::2024-10-18.11:24:23::SCWPlatform::Opened existing hwdb mb_intro_top_0
TRACE::2024-10-18.11:24:23::SCWPlatform::Found the Hw Db part of the input DSA
TRACE::2024-10-18.11:24:23::SCWPlatform::Trying to open the hw design at C:/Users/Shane/Documents/Classes/ECE_385/Lab_6/lab6/workspace_2/mb_6_1_top/hw/mb_6_1_top.xsa
TRACE::2024-10-18.11:24:23::SCWPlatform::DSA given C:/Users/Shane/Documents/Classes/ECE_385/Lab_6/lab6/workspace_2/mb_6_1_top/hw/mb_6_1_top.xsa
TRACE::2024-10-18.11:24:23::SCWPlatform::DSA absoulate path C:/Users/Shane/Documents/Classes/ECE_385/Lab_6/lab6/workspace_2/mb_6_1_top/hw/mb_6_1_top.xsa
TRACE::2024-10-18.11:24:23::SCWPlatform::DSA directory C:/Users/Shane/Documents/Classes/ECE_385/Lab_6/lab6/workspace_2/mb_6_1_top/hw
TRACE::2024-10-18.11:24:23::SCWPlatform:: Platform Path C:/Users/Shane/Documents/Classes/ECE_385/Lab_6/lab6/workspace_2/mb_6_1_top/hw/mb_6_1_top.xsa
TRACE::2024-10-18.11:24:23::SCWPlatform:: Unique name xilinx:::0.0
TRACE::2024-10-18.11:24:23::SCWPlatform::Trying to set the existing hwdb with name mb_intro_top_0
TRACE::2024-10-18.11:24:23::SCWPlatform::Opened existing hwdb mb_intro_top_0
TRACE::2024-10-18.11:24:23::SCWPlatform::Found the Hw Db part of the input DSA
TRACE::2024-10-18.11:24:23::SCWPlatform::Trying to open the hw design at C:/Users/Shane/Documents/Classes/ECE_385/Lab_6/lab6/workspace_2/mb_6_1_top/hw/mb_6_1_top.xsa
TRACE::2024-10-18.11:24:23::SCWPlatform::DSA given C:/Users/Shane/Documents/Classes/ECE_385/Lab_6/lab6/workspace_2/mb_6_1_top/hw/mb_6_1_top.xsa
TRACE::2024-10-18.11:24:23::SCWPlatform::DSA absoulate path C:/Users/Shane/Documents/Classes/ECE_385/Lab_6/lab6/workspace_2/mb_6_1_top/hw/mb_6_1_top.xsa
TRACE::2024-10-18.11:24:23::SCWPlatform::DSA directory C:/Users/Shane/Documents/Classes/ECE_385/Lab_6/lab6/workspace_2/mb_6_1_top/hw
TRACE::2024-10-18.11:24:23::SCWPlatform:: Platform Path C:/Users/Shane/Documents/Classes/ECE_385/Lab_6/lab6/workspace_2/mb_6_1_top/hw/mb_6_1_top.xsa
TRACE::2024-10-18.11:24:23::SCWPlatform:: Unique name xilinx:::0.0
TRACE::2024-10-18.11:24:23::SCWPlatform::Trying to set the existing hwdb with name mb_intro_top_0
TRACE::2024-10-18.11:24:23::SCWPlatform::Opened existing hwdb mb_intro_top_0
TRACE::2024-10-18.11:24:23::SCWPlatform::Found the Hw Db part of the input DSA
TRACE::2024-10-18.11:24:23::SCWMssOS::Checking the sw design at  C:/Users/Shane/Documents/Classes/ECE_385/Lab_6/lab6/workspace_2/mb_6_1_top/microblaze_0/standalone_microblaze_0/bsp/system.mss
TRACE::2024-10-18.11:24:23::SCWMssOS::DEBUG:  swdes dump  
TRACE::2024-10-18.11:24:23::SCWMssOS::No sw design opened at  C:/Users/Shane/Documents/Classes/ECE_385/Lab_6/lab6/workspace_2/mb_6_1_top/microblaze_0/standalone_microblaze_0/bsp/system.mss
TRACE::2024-10-18.11:24:23::SCWMssOS::mss does not exists at C:/Users/Shane/Documents/Classes/ECE_385/Lab_6/lab6/workspace_2/mb_6_1_top/microblaze_0/standalone_microblaze_0/bsp/system.mss
TRACE::2024-10-18.11:24:23::SCWMssOS::Creating sw design at  C:/Users/Shane/Documents/Classes/ECE_385/Lab_6/lab6/workspace_2/mb_6_1_top/microblaze_0/standalone_microblaze_0/bsp/system.mss
TRACE::2024-10-18.11:24:23::SCWMssOS::Adding the swdes entry, created swdb C:/Users/Shane/Documents/Classes/ECE_385/Lab_6/lab6/workspace_2/mb_6_1_top/microblaze_0/standalone_microblaze_0/bsp/system.mss with des name C:/Users/Shane/Documents/Classes/ECE_385/Lab_6/lab6/workspace_2/mb_6_1_top/microblaze_0/standalone_microblaze_0/bsp/system.mss
TRACE::2024-10-18.11:24:23::SCWMssOS::updating the scw layer changes to swdes at   C:/Users/Shane/Documents/Classes/ECE_385/Lab_6/lab6/workspace_2/mb_6_1_top/microblaze_0/standalone_microblaze_0/bsp/system.mss
TRACE::2024-10-18.11:24:23::SCWMssOS::Writing mss at C:/Users/Shane/Documents/Classes/ECE_385/Lab_6/lab6/workspace_2/mb_6_1_top/microblaze_0/standalone_microblaze_0/bsp/system.mss
TRACE::2024-10-18.11:24:23::SCWMssOS::Completed writing the mss file at C:/Users/Shane/Documents/Classes/ECE_385/Lab_6/lab6/workspace_2/mb_6_1_top/microblaze_0/standalone_microblaze_0/bsp
TRACE::2024-10-18.11:24:23::SCWMssOS::Picking up changes from newly written mss file into SCW Layer. 
TRACE::2024-10-18.11:24:23::SCWMssOS::Updated the changes from newly written mss file into SCW Layer. 
TRACE::2024-10-18.11:24:23::SCWMssOS::Completed writing the mss file at C:/Users/Shane/Documents/Classes/ECE_385/Lab_6/lab6/workspace_2/mb_6_1_top/microblaze_0/standalone_microblaze_0/bsp
TRACE::2024-10-18.11:24:23::SCWMssOS::Forcing BSP Sources regeneration.
TRACE::2024-10-18.11:24:28::SCWMssOS::Saving the mss changes C:/Users/Shane/Documents/Classes/ECE_385/Lab_6/lab6/workspace_2/mb_6_1_top/microblaze_0/standalone_microblaze_0/bsp/system.mss
TRACE::2024-10-18.11:24:28::SCWMssOS::Adding the swdes entry, mss present, able to open swdb C:/Users/Shane/Documents/Classes/ECE_385/Lab_6/lab6/workspace_2/mb_6_1_top/microblaze_0/standalone_microblaze_0/bsp/system.mss with des name system
TRACE::2024-10-18.11:24:28::SCWMssOS::Writing the mss file completed C:/Users/Shane/Documents/Classes/ECE_385/Lab_6/lab6/workspace_2/mb_6_1_top/microblaze_0/standalone_microblaze_0/bsp/system.mss
TRACE::2024-10-18.11:24:28::SCWMssOS::Commit changes completed.
TRACE::2024-10-18.11:24:28::SCWPlatform::Trying to open the hw design at C:/Users/Shane/Documents/Classes/ECE_385/Lab_6/lab6/workspace_2/mb_6_1_top/hw/mb_6_1_top.xsa
TRACE::2024-10-18.11:24:28::SCWPlatform::DSA given C:/Users/Shane/Documents/Classes/ECE_385/Lab_6/lab6/workspace_2/mb_6_1_top/hw/mb_6_1_top.xsa
TRACE::2024-10-18.11:24:28::SCWPlatform::DSA absoulate path C:/Users/Shane/Documents/Classes/ECE_385/Lab_6/lab6/workspace_2/mb_6_1_top/hw/mb_6_1_top.xsa
TRACE::2024-10-18.11:24:28::SCWPlatform::DSA directory C:/Users/Shane/Documents/Classes/ECE_385/Lab_6/lab6/workspace_2/mb_6_1_top/hw
TRACE::2024-10-18.11:24:28::SCWPlatform:: Platform Path C:/Users/Shane/Documents/Classes/ECE_385/Lab_6/lab6/workspace_2/mb_6_1_top/hw/mb_6_1_top.xsa
TRACE::2024-10-18.11:24:28::SCWPlatform:: Unique name xilinx:::0.0
TRACE::2024-10-18.11:24:28::SCWPlatform::Trying to set the existing hwdb with name mb_intro_top_0
TRACE::2024-10-18.11:24:28::SCWPlatform::Opened existing hwdb mb_intro_top_0
TRACE::2024-10-18.11:24:28::SCWPlatform::Found the Hw Db part of the input DSA
TRACE::2024-10-18.11:24:28::SCWMssOS::Checking the sw design at  C:/Users/Shane/Documents/Classes/ECE_385/Lab_6/lab6/workspace_2/mb_6_1_top/microblaze_0/standalone_microblaze_0/bsp/system.mss
TRACE::2024-10-18.11:24:28::SCWMssOS::DEBUG:  swdes dump  C:/Users/Shane/Documents/Classes/ECE_385/Lab_6/lab6/workspace_2/mb_6_1_top/microblaze_0/standalone_microblaze_0/bsp/system.mss|system||

TRACE::2024-10-18.11:24:28::SCWMssOS::Sw design exists and opened at  C:/Users/Shane/Documents/Classes/ECE_385/Lab_6/lab6/workspace_2/mb_6_1_top/microblaze_0/standalone_microblaze_0/bsp/system.mss
TRACE::2024-10-18.11:24:28::SCWPlatform::Trying to open the hw design at C:/Users/Shane/Documents/Classes/ECE_385/Lab_6/lab6/workspace_2/mb_6_1_top/hw/mb_6_1_top.xsa
TRACE::2024-10-18.11:24:28::SCWPlatform::DSA given C:/Users/Shane/Documents/Classes/ECE_385/Lab_6/lab6/workspace_2/mb_6_1_top/hw/mb_6_1_top.xsa
TRACE::2024-10-18.11:24:28::SCWPlatform::DSA absoulate path C:/Users/Shane/Documents/Classes/ECE_385/Lab_6/lab6/workspace_2/mb_6_1_top/hw/mb_6_1_top.xsa
TRACE::2024-10-18.11:24:28::SCWPlatform::DSA directory C:/Users/Shane/Documents/Classes/ECE_385/Lab_6/lab6/workspace_2/mb_6_1_top/hw
TRACE::2024-10-18.11:24:28::SCWPlatform:: Platform Path C:/Users/Shane/Documents/Classes/ECE_385/Lab_6/lab6/workspace_2/mb_6_1_top/hw/mb_6_1_top.xsa
TRACE::2024-10-18.11:24:28::SCWPlatform:: Unique name xilinx:::0.0
TRACE::2024-10-18.11:24:28::SCWPlatform::Trying to set the existing hwdb with name mb_intro_top_0
TRACE::2024-10-18.11:24:28::SCWPlatform::Opened existing hwdb mb_intro_top_0
TRACE::2024-10-18.11:24:28::SCWPlatform::Found the Hw Db part of the input DSA
TRACE::2024-10-18.11:24:28::SCWMssOS::Checking the sw design at  C:/Users/Shane/Documents/Classes/ECE_385/Lab_6/lab6/workspace_2/mb_6_1_top/microblaze_0/standalone_microblaze_0/bsp/system.mss
TRACE::2024-10-18.11:24:28::SCWMssOS::DEBUG:  swdes dump  C:/Users/Shane/Documents/Classes/ECE_385/Lab_6/lab6/workspace_2/mb_6_1_top/microblaze_0/standalone_microblaze_0/bsp/system.mss|system||

TRACE::2024-10-18.11:24:28::SCWMssOS::Sw design exists and opened at  C:/Users/Shane/Documents/Classes/ECE_385/Lab_6/lab6/workspace_2/mb_6_1_top/microblaze_0/standalone_microblaze_0/bsp/system.mss
TRACE::2024-10-18.11:24:28::SCWPlatform::Trying to open the hw design at C:/Users/Shane/Documents/Classes/ECE_385/Lab_6/lab6/workspace_2/mb_6_1_top/hw/mb_6_1_top.xsa
TRACE::2024-10-18.11:24:28::SCWPlatform::DSA given C:/Users/Shane/Documents/Classes/ECE_385/Lab_6/lab6/workspace_2/mb_6_1_top/hw/mb_6_1_top.xsa
TRACE::2024-10-18.11:24:28::SCWPlatform::DSA absoulate path C:/Users/Shane/Documents/Classes/ECE_385/Lab_6/lab6/workspace_2/mb_6_1_top/hw/mb_6_1_top.xsa
TRACE::2024-10-18.11:24:28::SCWPlatform::DSA directory C:/Users/Shane/Documents/Classes/ECE_385/Lab_6/lab6/workspace_2/mb_6_1_top/hw
TRACE::2024-10-18.11:24:28::SCWPlatform:: Platform Path C:/Users/Shane/Documents/Classes/ECE_385/Lab_6/lab6/workspace_2/mb_6_1_top/hw/mb_6_1_top.xsa
TRACE::2024-10-18.11:24:28::SCWPlatform:: Unique name xilinx:::0.0
TRACE::2024-10-18.11:24:28::SCWPlatform::Trying to set the existing hwdb with name mb_intro_top_0
TRACE::2024-10-18.11:24:28::SCWPlatform::Opened existing hwdb mb_intro_top_0
TRACE::2024-10-18.11:24:28::SCWPlatform::Found the Hw Db part of the input DSA
TRACE::2024-10-18.11:24:28::SCWMssOS::Checking the sw design at  C:/Users/Shane/Documents/Classes/ECE_385/Lab_6/lab6/workspace_2/mb_6_1_top/microblaze_0/standalone_microblaze_0/bsp/system.mss
TRACE::2024-10-18.11:24:28::SCWMssOS::DEBUG:  swdes dump  C:/Users/Shane/Documents/Classes/ECE_385/Lab_6/lab6/workspace_2/mb_6_1_top/microblaze_0/standalone_microblaze_0/bsp/system.mss|system||

TRACE::2024-10-18.11:24:28::SCWMssOS::Sw design exists and opened at  C:/Users/Shane/Documents/Classes/ECE_385/Lab_6/lab6/workspace_2/mb_6_1_top/microblaze_0/standalone_microblaze_0/bsp/system.mss
TRACE::2024-10-18.11:24:28::SCWWriter::formatted JSON is {
	"platformName":	"mb_6_1_top",
	"sprVersion":	"2.0",
	"mode":	"gui",
	"dsaType":	"Fixed",
	"platformDesc":	"mb_6_1_top",
	"platHandOff":	"C:/Users/Shane/Documents/Classes/ECE_385/Lab_6/lab6/mb_6_1_top.xsa",
	"platIntHandOff":	"<platformDir>/hw/mb_6_1_top.xsa",
	"deviceType":	"FPGA",
	"platIsPrebuiltAutogen":	"false",
	"platIsNoBootBsp":	"false",
	"hasFsblMakeHasChanges":	"false",
	"hasPmufwMakeHasChanges":	"false",
	"platPreBuiltFlag":	false,
	"platformSamplesDir":	"",
	"platActiveSys":	"mb_6_1_top",
	"systems":	[{
			"systemName":	"mb_6_1_top",
			"systemDesc":	"mb_6_1_top",
			"sysIsBootAutoGen":	"true",
			"systemDispName":	"mb_6_1_top",
			"sysActiveDom":	"standalone_microblaze_0",
			"sysDefaultDom":	"standalone_microblaze_0",
			"domains":	[{
					"domainName":	"standalone_microblaze_0",
					"domainDispName":	"standalone_microblaze_0",
					"domainDesc":	"standalone_microblaze_0",
					"processors":	"microblaze_0",
					"os":	"standalone",
					"sdxOs":	"standalone",
					"debugEnable":	"False",
					"domRuntimes":	["cpp"],
					"swRepo":	"",
					"mssOsVer":	"8.0",
					"mssFile":	"",
					"md5Digest":	"8414691236a0f7af7448c7d1b4826943",
					"compatibleApp":	"hello_world",
					"domType":	"mssDomain",
					"arch":	"32-bit",
					"appSettings":	{
						"appCompilerFlags":	"",
						"appLinkerFlags":	""
					},
					"addedLibs":	[],
					"libOptions":	{
						"libsContainingOptions":	[]
					},
					"prebuiltLibs":	{
						"prebuiltIncPath":	[],
						"prebuiltLibPath":	[]
					},
					"isolation":	{
					}
				}]
		}]
}
LOG::2024-10-18.11:24:28::SCWPlatform::Started generating the artifacts platform mb_6_1_top
TRACE::2024-10-18.11:24:28::SCWPlatform::Sanity checking of platform is completed
LOG::2024-10-18.11:24:28::SCWPlatform::Started generating the artifacts for system configuration mb_6_1_top
LOG::2024-10-18.11:24:28::SCWSystem::Checking the domain standalone_microblaze_0
LOG::2024-10-18.11:24:28::SCWSystem::Not a boot domain 
LOG::2024-10-18.11:24:28::SCWSystem::Started Processing the domain standalone_microblaze_0
TRACE::2024-10-18.11:24:28::SCWDomain::Generating domain artifcats
TRACE::2024-10-18.11:24:28::SCWMssOS::Generating standalone artifcats
TRACE::2024-10-18.11:24:28::SCWMssOS:: Copying the user libraries. 
TRACE::2024-10-18.11:24:28::SCWPlatform::Trying to open the hw design at C:/Users/Shane/Documents/Classes/ECE_385/Lab_6/lab6/workspace_2/mb_6_1_top/hw/mb_6_1_top.xsa
TRACE::2024-10-18.11:24:28::SCWPlatform::DSA given C:/Users/Shane/Documents/Classes/ECE_385/Lab_6/lab6/workspace_2/mb_6_1_top/hw/mb_6_1_top.xsa
TRACE::2024-10-18.11:24:28::SCWPlatform::DSA absoulate path C:/Users/Shane/Documents/Classes/ECE_385/Lab_6/lab6/workspace_2/mb_6_1_top/hw/mb_6_1_top.xsa
TRACE::2024-10-18.11:24:28::SCWPlatform::DSA directory C:/Users/Shane/Documents/Classes/ECE_385/Lab_6/lab6/workspace_2/mb_6_1_top/hw
TRACE::2024-10-18.11:24:28::SCWPlatform:: Platform Path C:/Users/Shane/Documents/Classes/ECE_385/Lab_6/lab6/workspace_2/mb_6_1_top/hw/mb_6_1_top.xsa
TRACE::2024-10-18.11:24:28::SCWPlatform:: Unique name xilinx:::0.0
TRACE::2024-10-18.11:24:28::SCWPlatform::Trying to set the existing hwdb with name mb_intro_top_0
TRACE::2024-10-18.11:24:28::SCWPlatform::Opened existing hwdb mb_intro_top_0
TRACE::2024-10-18.11:24:28::SCWPlatform::Found the Hw Db part of the input DSA
TRACE::2024-10-18.11:24:28::SCWMssOS::Checking the sw design at  C:/Users/Shane/Documents/Classes/ECE_385/Lab_6/lab6/workspace_2/mb_6_1_top/microblaze_0/standalone_microblaze_0/bsp/system.mss
TRACE::2024-10-18.11:24:28::SCWMssOS::DEBUG:  swdes dump  C:/Users/Shane/Documents/Classes/ECE_385/Lab_6/lab6/workspace_2/mb_6_1_top/microblaze_0/standalone_microblaze_0/bsp/system.mss|system||

TRACE::2024-10-18.11:24:28::SCWMssOS::Sw design exists and opened at  C:/Users/Shane/Documents/Classes/ECE_385/Lab_6/lab6/workspace_2/mb_6_1_top/microblaze_0/standalone_microblaze_0/bsp/system.mss
TRACE::2024-10-18.11:24:28::SCWMssOS::Completed writing the mss file at C:/Users/Shane/Documents/Classes/ECE_385/Lab_6/lab6/workspace_2/mb_6_1_top/microblaze_0/standalone_microblaze_0/bsp
TRACE::2024-10-18.11:24:28::SCWMssOS::Mss edits present, copying mssfile into export location C:/Users/Shane/Documents/Classes/ECE_385/Lab_6/lab6/workspace_2/mb_6_1_top/microblaze_0/standalone_microblaze_0/bsp/system.mss
TRACE::2024-10-18.11:24:28::SCWMssOS::bsp generated is upto date with the mss file. Skipping bsp generation.
TRACE::2024-10-18.11:24:28::SCWMssOS::BSP is already built. skipping the bsp build ... 
TRACE::2024-10-18.11:24:28::SCWDomain::Skipping the build for domain :  standalone_microblaze_0
TRACE::2024-10-18.11:24:28::SCWMssOS::skipping the bsp build ... 
TRACE::2024-10-18.11:24:28::SCWMssOS::Copying to export directory.
TRACE::2024-10-18.11:24:28::SCWMssOS:: Checking if to create the Supporting Applications
TRACE::2024-10-18.11:24:28::SCWMssOS:: No Linux domain exists, trying to generate FSBL 
LOG::2024-10-18.11:24:28::SCWSystem::Completed Processing the domain standalone_microblaze_0
LOG::2024-10-18.11:24:28::SCWSystem::Completed Processing the sysconfig mb_6_1_top
LOG::2024-10-18.11:24:28::SCWPlatform::Completed generating the artifacts for system configuration mb_6_1_top
TRACE::2024-10-18.11:24:28::SCWPlatform::Started preparing the platform 
TRACE::2024-10-18.11:24:28::SCWSystem::Writing the bif file for system config mb_6_1_top
TRACE::2024-10-18.11:24:28::SCWSystem::dir created 
TRACE::2024-10-18.11:24:28::SCWSystem::Writing the bif 
TRACE::2024-10-18.11:24:28::SCWPlatform::Started writing the spfm file 
TRACE::2024-10-18.11:24:28::SCWPlatform::Started writing the xpfm file 
TRACE::2024-10-18.11:24:28::SCWPlatform::Completed generating the platform
TRACE::2024-10-18.11:24:28::SCWMssOS::Saving the mss changes C:/Users/Shane/Documents/Classes/ECE_385/Lab_6/lab6/workspace_2/mb_6_1_top/microblaze_0/standalone_microblaze_0/bsp/system.mss
TRACE::2024-10-18.11:24:28::SCWMssOS::Found a swdesign opened with the mssfile.
TRACE::2024-10-18.11:24:28::SCWMssOS::Completed writemss as part of save.
TRACE::2024-10-18.11:24:28::SCWMssOS::Commit changes completed.
TRACE::2024-10-18.11:24:28::SCWPlatform::Trying to open the hw design at C:/Users/Shane/Documents/Classes/ECE_385/Lab_6/lab6/workspace_2/mb_6_1_top/hw/mb_6_1_top.xsa
TRACE::2024-10-18.11:24:28::SCWPlatform::DSA given C:/Users/Shane/Documents/Classes/ECE_385/Lab_6/lab6/workspace_2/mb_6_1_top/hw/mb_6_1_top.xsa
TRACE::2024-10-18.11:24:28::SCWPlatform::DSA absoulate path C:/Users/Shane/Documents/Classes/ECE_385/Lab_6/lab6/workspace_2/mb_6_1_top/hw/mb_6_1_top.xsa
TRACE::2024-10-18.11:24:28::SCWPlatform::DSA directory C:/Users/Shane/Documents/Classes/ECE_385/Lab_6/lab6/workspace_2/mb_6_1_top/hw
TRACE::2024-10-18.11:24:28::SCWPlatform:: Platform Path C:/Users/Shane/Documents/Classes/ECE_385/Lab_6/lab6/workspace_2/mb_6_1_top/hw/mb_6_1_top.xsa
TRACE::2024-10-18.11:24:28::SCWPlatform:: Unique name xilinx:::0.0
TRACE::2024-10-18.11:24:28::SCWPlatform::Trying to set the existing hwdb with name mb_intro_top_0
TRACE::2024-10-18.11:24:28::SCWPlatform::Opened existing hwdb mb_intro_top_0
TRACE::2024-10-18.11:24:28::SCWPlatform::Found the Hw Db part of the input DSA
TRACE::2024-10-18.11:24:28::SCWMssOS::Checking the sw design at  C:/Users/Shane/Documents/Classes/ECE_385/Lab_6/lab6/workspace_2/mb_6_1_top/microblaze_0/standalone_microblaze_0/bsp/system.mss
TRACE::2024-10-18.11:24:28::SCWMssOS::DEBUG:  swdes dump  C:/Users/Shane/Documents/Classes/ECE_385/Lab_6/lab6/workspace_2/mb_6_1_top/microblaze_0/standalone_microblaze_0/bsp/system.mss|system||

TRACE::2024-10-18.11:24:28::SCWMssOS::Sw design exists and opened at  C:/Users/Shane/Documents/Classes/ECE_385/Lab_6/lab6/workspace_2/mb_6_1_top/microblaze_0/standalone_microblaze_0/bsp/system.mss
TRACE::2024-10-18.11:24:28::SCWPlatform::Trying to open the hw design at C:/Users/Shane/Documents/Classes/ECE_385/Lab_6/lab6/workspace_2/mb_6_1_top/hw/mb_6_1_top.xsa
TRACE::2024-10-18.11:24:28::SCWPlatform::DSA given C:/Users/Shane/Documents/Classes/ECE_385/Lab_6/lab6/workspace_2/mb_6_1_top/hw/mb_6_1_top.xsa
TRACE::2024-10-18.11:24:28::SCWPlatform::DSA absoulate path C:/Users/Shane/Documents/Classes/ECE_385/Lab_6/lab6/workspace_2/mb_6_1_top/hw/mb_6_1_top.xsa
TRACE::2024-10-18.11:24:28::SCWPlatform::DSA directory C:/Users/Shane/Documents/Classes/ECE_385/Lab_6/lab6/workspace_2/mb_6_1_top/hw
TRACE::2024-10-18.11:24:28::SCWPlatform:: Platform Path C:/Users/Shane/Documents/Classes/ECE_385/Lab_6/lab6/workspace_2/mb_6_1_top/hw/mb_6_1_top.xsa
TRACE::2024-10-18.11:24:28::SCWPlatform:: Unique name xilinx:::0.0
TRACE::2024-10-18.11:24:28::SCWPlatform::Trying to set the existing hwdb with name mb_intro_top_0
TRACE::2024-10-18.11:24:28::SCWPlatform::Opened existing hwdb mb_intro_top_0
TRACE::2024-10-18.11:24:28::SCWPlatform::Found the Hw Db part of the input DSA
TRACE::2024-10-18.11:24:28::SCWMssOS::Checking the sw design at  C:/Users/Shane/Documents/Classes/ECE_385/Lab_6/lab6/workspace_2/mb_6_1_top/microblaze_0/standalone_microblaze_0/bsp/system.mss
TRACE::2024-10-18.11:24:28::SCWMssOS::DEBUG:  swdes dump  C:/Users/Shane/Documents/Classes/ECE_385/Lab_6/lab6/workspace_2/mb_6_1_top/microblaze_0/standalone_microblaze_0/bsp/system.mss|system||

TRACE::2024-10-18.11:24:28::SCWMssOS::Sw design exists and opened at  C:/Users/Shane/Documents/Classes/ECE_385/Lab_6/lab6/workspace_2/mb_6_1_top/microblaze_0/standalone_microblaze_0/bsp/system.mss
TRACE::2024-10-18.11:24:28::SCWPlatform::Trying to open the hw design at C:/Users/Shane/Documents/Classes/ECE_385/Lab_6/lab6/workspace_2/mb_6_1_top/hw/mb_6_1_top.xsa
TRACE::2024-10-18.11:24:28::SCWPlatform::DSA given C:/Users/Shane/Documents/Classes/ECE_385/Lab_6/lab6/workspace_2/mb_6_1_top/hw/mb_6_1_top.xsa
TRACE::2024-10-18.11:24:28::SCWPlatform::DSA absoulate path C:/Users/Shane/Documents/Classes/ECE_385/Lab_6/lab6/workspace_2/mb_6_1_top/hw/mb_6_1_top.xsa
TRACE::2024-10-18.11:24:28::SCWPlatform::DSA directory C:/Users/Shane/Documents/Classes/ECE_385/Lab_6/lab6/workspace_2/mb_6_1_top/hw
TRACE::2024-10-18.11:24:28::SCWPlatform:: Platform Path C:/Users/Shane/Documents/Classes/ECE_385/Lab_6/lab6/workspace_2/mb_6_1_top/hw/mb_6_1_top.xsa
TRACE::2024-10-18.11:24:28::SCWPlatform:: Unique name xilinx:::0.0
TRACE::2024-10-18.11:24:28::SCWPlatform::Trying to set the existing hwdb with name mb_intro_top_0
TRACE::2024-10-18.11:24:28::SCWPlatform::Opened existing hwdb mb_intro_top_0
TRACE::2024-10-18.11:24:28::SCWPlatform::Found the Hw Db part of the input DSA
TRACE::2024-10-18.11:24:28::SCWMssOS::Checking the sw design at  C:/Users/Shane/Documents/Classes/ECE_385/Lab_6/lab6/workspace_2/mb_6_1_top/microblaze_0/standalone_microblaze_0/bsp/system.mss
TRACE::2024-10-18.11:24:28::SCWMssOS::DEBUG:  swdes dump  C:/Users/Shane/Documents/Classes/ECE_385/Lab_6/lab6/workspace_2/mb_6_1_top/microblaze_0/standalone_microblaze_0/bsp/system.mss|system||

TRACE::2024-10-18.11:24:28::SCWMssOS::Sw design exists and opened at  C:/Users/Shane/Documents/Classes/ECE_385/Lab_6/lab6/workspace_2/mb_6_1_top/microblaze_0/standalone_microblaze_0/bsp/system.mss
TRACE::2024-10-18.11:24:28::SCWWriter::formatted JSON is {
	"platformName":	"mb_6_1_top",
	"sprVersion":	"2.0",
	"mode":	"gui",
	"dsaType":	"Fixed",
	"platformDesc":	"mb_6_1_top",
	"platHandOff":	"C:/Users/Shane/Documents/Classes/ECE_385/Lab_6/lab6/mb_6_1_top.xsa",
	"platIntHandOff":	"<platformDir>/hw/mb_6_1_top.xsa",
	"deviceType":	"FPGA",
	"platIsPrebuiltAutogen":	"false",
	"platIsNoBootBsp":	"false",
	"hasFsblMakeHasChanges":	"false",
	"hasPmufwMakeHasChanges":	"false",
	"platPreBuiltFlag":	false,
	"platformSamplesDir":	"",
	"platActiveSys":	"mb_6_1_top",
	"systems":	[{
			"systemName":	"mb_6_1_top",
			"systemDesc":	"mb_6_1_top",
			"sysIsBootAutoGen":	"true",
			"systemDispName":	"mb_6_1_top",
			"sysActiveDom":	"standalone_microblaze_0",
			"sysDefaultDom":	"standalone_microblaze_0",
			"domains":	[{
					"domainName":	"standalone_microblaze_0",
					"domainDispName":	"standalone_microblaze_0",
					"domainDesc":	"standalone_microblaze_0",
					"processors":	"microblaze_0",
					"os":	"standalone",
					"sdxOs":	"standalone",
					"debugEnable":	"False",
					"domRuntimes":	["cpp"],
					"swRepo":	"",
					"mssOsVer":	"8.0",
					"mssFile":	"",
					"md5Digest":	"8414691236a0f7af7448c7d1b4826943",
					"compatibleApp":	"hello_world",
					"domType":	"mssDomain",
					"arch":	"32-bit",
					"appSettings":	{
						"appCompilerFlags":	"",
						"appLinkerFlags":	""
					},
					"addedLibs":	[],
					"libOptions":	{
						"libsContainingOptions":	[]
					},
					"prebuiltLibs":	{
						"prebuiltIncPath":	[],
						"prebuiltLibPath":	[]
					},
					"isolation":	{
					}
				}]
		}]
}
KEYINFO::2024-10-18.11:24:28::SCWPlatform::updated the xpfm file.
TRACE::2024-10-18.11:24:28::SCWPlatform::Trying to open the hw design at C:/Users/Shane/Documents/Classes/ECE_385/Lab_6/lab6/workspace_2/mb_6_1_top/hw/mb_6_1_top.xsa
TRACE::2024-10-18.11:24:28::SCWPlatform::DSA given C:/Users/Shane/Documents/Classes/ECE_385/Lab_6/lab6/workspace_2/mb_6_1_top/hw/mb_6_1_top.xsa
TRACE::2024-10-18.11:24:28::SCWPlatform::DSA absoulate path C:/Users/Shane/Documents/Classes/ECE_385/Lab_6/lab6/workspace_2/mb_6_1_top/hw/mb_6_1_top.xsa
TRACE::2024-10-18.11:24:28::SCWPlatform::DSA directory C:/Users/Shane/Documents/Classes/ECE_385/Lab_6/lab6/workspace_2/mb_6_1_top/hw
TRACE::2024-10-18.11:24:28::SCWPlatform:: Platform Path C:/Users/Shane/Documents/Classes/ECE_385/Lab_6/lab6/workspace_2/mb_6_1_top/hw/mb_6_1_top.xsa
TRACE::2024-10-18.11:24:28::SCWPlatform:: Unique name xilinx:::0.0
TRACE::2024-10-18.11:24:28::SCWPlatform::Trying to set the existing hwdb with name mb_intro_top_0
TRACE::2024-10-18.11:24:28::SCWPlatform::Opened existing hwdb mb_intro_top_0
TRACE::2024-10-18.11:24:28::SCWPlatform::Found the Hw Db part of the input DSA
TRACE::2024-10-18.11:24:28::SCWMssOS::Checking the sw design at  C:/Users/Shane/Documents/Classes/ECE_385/Lab_6/lab6/workspace_2/mb_6_1_top/microblaze_0/standalone_microblaze_0/bsp/system.mss
TRACE::2024-10-18.11:24:28::SCWMssOS::DEBUG:  swdes dump  C:/Users/Shane/Documents/Classes/ECE_385/Lab_6/lab6/workspace_2/mb_6_1_top/microblaze_0/standalone_microblaze_0/bsp/system.mss|system||

TRACE::2024-10-18.11:24:28::SCWMssOS::Sw design exists and opened at  C:/Users/Shane/Documents/Classes/ECE_385/Lab_6/lab6/workspace_2/mb_6_1_top/microblaze_0/standalone_microblaze_0/bsp/system.mss
TRACE::2024-10-18.11:24:28::SCWMssOS::Saving the mss changes C:/Users/Shane/Documents/Classes/ECE_385/Lab_6/lab6/workspace_2/mb_6_1_top/microblaze_0/standalone_microblaze_0/bsp/system.mss
TRACE::2024-10-18.11:24:28::SCWMssOS::Found a swdesign opened with the mssfile.
TRACE::2024-10-18.11:24:28::SCWMssOS::Completed writemss as part of save.
TRACE::2024-10-18.11:24:28::SCWMssOS::Commit changes completed.
TRACE::2024-10-18.11:24:28::SCWPlatform::Trying to open the hw design at C:/Users/Shane/Documents/Classes/ECE_385/Lab_6/lab6/workspace_2/mb_6_1_top/hw/mb_6_1_top.xsa
TRACE::2024-10-18.11:24:28::SCWPlatform::DSA given C:/Users/Shane/Documents/Classes/ECE_385/Lab_6/lab6/workspace_2/mb_6_1_top/hw/mb_6_1_top.xsa
TRACE::2024-10-18.11:24:28::SCWPlatform::DSA absoulate path C:/Users/Shane/Documents/Classes/ECE_385/Lab_6/lab6/workspace_2/mb_6_1_top/hw/mb_6_1_top.xsa
TRACE::2024-10-18.11:24:28::SCWPlatform::DSA directory C:/Users/Shane/Documents/Classes/ECE_385/Lab_6/lab6/workspace_2/mb_6_1_top/hw
TRACE::2024-10-18.11:24:28::SCWPlatform:: Platform Path C:/Users/Shane/Documents/Classes/ECE_385/Lab_6/lab6/workspace_2/mb_6_1_top/hw/mb_6_1_top.xsa
TRACE::2024-10-18.11:24:28::SCWPlatform:: Unique name xilinx:::0.0
TRACE::2024-10-18.11:24:28::SCWPlatform::Trying to set the existing hwdb with name mb_intro_top_0
TRACE::2024-10-18.11:24:28::SCWPlatform::Opened existing hwdb mb_intro_top_0
TRACE::2024-10-18.11:24:28::SCWPlatform::Found the Hw Db part of the input DSA
TRACE::2024-10-18.11:24:28::SCWMssOS::Checking the sw design at  C:/Users/Shane/Documents/Classes/ECE_385/Lab_6/lab6/workspace_2/mb_6_1_top/microblaze_0/standalone_microblaze_0/bsp/system.mss
TRACE::2024-10-18.11:24:28::SCWMssOS::DEBUG:  swdes dump  C:/Users/Shane/Documents/Classes/ECE_385/Lab_6/lab6/workspace_2/mb_6_1_top/microblaze_0/standalone_microblaze_0/bsp/system.mss|system||

TRACE::2024-10-18.11:24:28::SCWMssOS::Sw design exists and opened at  C:/Users/Shane/Documents/Classes/ECE_385/Lab_6/lab6/workspace_2/mb_6_1_top/microblaze_0/standalone_microblaze_0/bsp/system.mss
TRACE::2024-10-18.11:24:28::SCWPlatform::Trying to open the hw design at C:/Users/Shane/Documents/Classes/ECE_385/Lab_6/lab6/workspace_2/mb_6_1_top/hw/mb_6_1_top.xsa
TRACE::2024-10-18.11:24:28::SCWPlatform::DSA given C:/Users/Shane/Documents/Classes/ECE_385/Lab_6/lab6/workspace_2/mb_6_1_top/hw/mb_6_1_top.xsa
TRACE::2024-10-18.11:24:28::SCWPlatform::DSA absoulate path C:/Users/Shane/Documents/Classes/ECE_385/Lab_6/lab6/workspace_2/mb_6_1_top/hw/mb_6_1_top.xsa
TRACE::2024-10-18.11:24:28::SCWPlatform::DSA directory C:/Users/Shane/Documents/Classes/ECE_385/Lab_6/lab6/workspace_2/mb_6_1_top/hw
TRACE::2024-10-18.11:24:28::SCWPlatform:: Platform Path C:/Users/Shane/Documents/Classes/ECE_385/Lab_6/lab6/workspace_2/mb_6_1_top/hw/mb_6_1_top.xsa
TRACE::2024-10-18.11:24:28::SCWPlatform:: Unique name xilinx:::0.0
TRACE::2024-10-18.11:24:28::SCWPlatform::Trying to set the existing hwdb with name mb_intro_top_0
TRACE::2024-10-18.11:24:28::SCWPlatform::Opened existing hwdb mb_intro_top_0
TRACE::2024-10-18.11:24:28::SCWPlatform::Found the Hw Db part of the input DSA
TRACE::2024-10-18.11:24:28::SCWMssOS::Checking the sw design at  C:/Users/Shane/Documents/Classes/ECE_385/Lab_6/lab6/workspace_2/mb_6_1_top/microblaze_0/standalone_microblaze_0/bsp/system.mss
TRACE::2024-10-18.11:24:28::SCWMssOS::DEBUG:  swdes dump  C:/Users/Shane/Documents/Classes/ECE_385/Lab_6/lab6/workspace_2/mb_6_1_top/microblaze_0/standalone_microblaze_0/bsp/system.mss|system||

TRACE::2024-10-18.11:24:28::SCWMssOS::Sw design exists and opened at  C:/Users/Shane/Documents/Classes/ECE_385/Lab_6/lab6/workspace_2/mb_6_1_top/microblaze_0/standalone_microblaze_0/bsp/system.mss
TRACE::2024-10-18.11:24:28::SCWPlatform::Trying to open the hw design at C:/Users/Shane/Documents/Classes/ECE_385/Lab_6/lab6/workspace_2/mb_6_1_top/hw/mb_6_1_top.xsa
TRACE::2024-10-18.11:24:28::SCWPlatform::DSA given C:/Users/Shane/Documents/Classes/ECE_385/Lab_6/lab6/workspace_2/mb_6_1_top/hw/mb_6_1_top.xsa
TRACE::2024-10-18.11:24:28::SCWPlatform::DSA absoulate path C:/Users/Shane/Documents/Classes/ECE_385/Lab_6/lab6/workspace_2/mb_6_1_top/hw/mb_6_1_top.xsa
TRACE::2024-10-18.11:24:28::SCWPlatform::DSA directory C:/Users/Shane/Documents/Classes/ECE_385/Lab_6/lab6/workspace_2/mb_6_1_top/hw
TRACE::2024-10-18.11:24:28::SCWPlatform:: Platform Path C:/Users/Shane/Documents/Classes/ECE_385/Lab_6/lab6/workspace_2/mb_6_1_top/hw/mb_6_1_top.xsa
TRACE::2024-10-18.11:24:28::SCWPlatform:: Unique name xilinx:::0.0
TRACE::2024-10-18.11:24:28::SCWPlatform::Trying to set the existing hwdb with name mb_intro_top_0
TRACE::2024-10-18.11:24:28::SCWPlatform::Opened existing hwdb mb_intro_top_0
TRACE::2024-10-18.11:24:28::SCWPlatform::Found the Hw Db part of the input DSA
TRACE::2024-10-18.11:24:28::SCWMssOS::Checking the sw design at  C:/Users/Shane/Documents/Classes/ECE_385/Lab_6/lab6/workspace_2/mb_6_1_top/microblaze_0/standalone_microblaze_0/bsp/system.mss
TRACE::2024-10-18.11:24:28::SCWMssOS::DEBUG:  swdes dump  C:/Users/Shane/Documents/Classes/ECE_385/Lab_6/lab6/workspace_2/mb_6_1_top/microblaze_0/standalone_microblaze_0/bsp/system.mss|system||

TRACE::2024-10-18.11:24:28::SCWMssOS::Sw design exists and opened at  C:/Users/Shane/Documents/Classes/ECE_385/Lab_6/lab6/workspace_2/mb_6_1_top/microblaze_0/standalone_microblaze_0/bsp/system.mss
TRACE::2024-10-18.11:24:28::SCWWriter::formatted JSON is {
	"platformName":	"mb_6_1_top",
	"sprVersion":	"2.0",
	"mode":	"gui",
	"dsaType":	"Fixed",
	"platformDesc":	"mb_6_1_top",
	"platHandOff":	"C:/Users/Shane/Documents/Classes/ECE_385/Lab_6/lab6/mb_6_1_top.xsa",
	"platIntHandOff":	"<platformDir>/hw/mb_6_1_top.xsa",
	"deviceType":	"FPGA",
	"platIsPrebuiltAutogen":	"false",
	"platIsNoBootBsp":	"false",
	"hasFsblMakeHasChanges":	"false",
	"hasPmufwMakeHasChanges":	"false",
	"platPreBuiltFlag":	false,
	"platformSamplesDir":	"",
	"platActiveSys":	"mb_6_1_top",
	"systems":	[{
			"systemName":	"mb_6_1_top",
			"systemDesc":	"mb_6_1_top",
			"sysIsBootAutoGen":	"true",
			"systemDispName":	"mb_6_1_top",
			"sysActiveDom":	"standalone_microblaze_0",
			"sysDefaultDom":	"standalone_microblaze_0",
			"domains":	[{
					"domainName":	"standalone_microblaze_0",
					"domainDispName":	"standalone_microblaze_0",
					"domainDesc":	"standalone_microblaze_0",
					"processors":	"microblaze_0",
					"os":	"standalone",
					"sdxOs":	"standalone",
					"debugEnable":	"False",
					"domRuntimes":	["cpp"],
					"swRepo":	"",
					"mssOsVer":	"8.0",
					"mssFile":	"",
					"md5Digest":	"8414691236a0f7af7448c7d1b4826943",
					"compatibleApp":	"hello_world",
					"domType":	"mssDomain",
					"arch":	"32-bit",
					"appSettings":	{
						"appCompilerFlags":	"",
						"appLinkerFlags":	""
					},
					"addedLibs":	[],
					"libOptions":	{
						"libsContainingOptions":	[]
					},
					"prebuiltLibs":	{
						"prebuiltIncPath":	[],
						"prebuiltLibPath":	[]
					},
					"isolation":	{
					}
				}]
		}]
}
TRACE::2024-10-18.11:24:28::SCWPlatform::Trying to open the hw design at C:/Users/Shane/Documents/Classes/ECE_385/Lab_6/lab6/workspace_2/mb_6_1_top/hw/mb_6_1_top.xsa
TRACE::2024-10-18.11:24:28::SCWPlatform::DSA given C:/Users/Shane/Documents/Classes/ECE_385/Lab_6/lab6/workspace_2/mb_6_1_top/hw/mb_6_1_top.xsa
TRACE::2024-10-18.11:24:28::SCWPlatform::DSA absoulate path C:/Users/Shane/Documents/Classes/ECE_385/Lab_6/lab6/workspace_2/mb_6_1_top/hw/mb_6_1_top.xsa
TRACE::2024-10-18.11:24:28::SCWPlatform::DSA directory C:/Users/Shane/Documents/Classes/ECE_385/Lab_6/lab6/workspace_2/mb_6_1_top/hw
TRACE::2024-10-18.11:24:28::SCWPlatform:: Platform Path C:/Users/Shane/Documents/Classes/ECE_385/Lab_6/lab6/workspace_2/mb_6_1_top/hw/mb_6_1_top.xsa
TRACE::2024-10-18.11:24:28::SCWPlatform:: Unique name xilinx:::0.0
TRACE::2024-10-18.11:24:28::SCWPlatform::Trying to set the existing hwdb with name mb_intro_top_0
TRACE::2024-10-18.11:24:28::SCWPlatform::Opened existing hwdb mb_intro_top_0
TRACE::2024-10-18.11:24:28::SCWPlatform::Found the Hw Db part of the input DSA
TRACE::2024-10-18.11:24:28::SCWMssOS::Checking the sw design at  C:/Users/Shane/Documents/Classes/ECE_385/Lab_6/lab6/workspace_2/mb_6_1_top/microblaze_0/standalone_microblaze_0/bsp/system.mss
TRACE::2024-10-18.11:24:28::SCWMssOS::DEBUG:  swdes dump  C:/Users/Shane/Documents/Classes/ECE_385/Lab_6/lab6/workspace_2/mb_6_1_top/microblaze_0/standalone_microblaze_0/bsp/system.mss|system||

TRACE::2024-10-18.11:24:28::SCWMssOS::Sw design exists and opened at  C:/Users/Shane/Documents/Classes/ECE_385/Lab_6/lab6/workspace_2/mb_6_1_top/microblaze_0/standalone_microblaze_0/bsp/system.mss
TRACE::2024-10-18.11:24:28::SCWPlatform::Trying to open the hw design at C:/Users/Shane/Documents/Classes/ECE_385/Lab_6/lab6/workspace_2/mb_6_1_top/hw/mb_6_1_top.xsa
TRACE::2024-10-18.11:24:28::SCWPlatform::DSA given C:/Users/Shane/Documents/Classes/ECE_385/Lab_6/lab6/workspace_2/mb_6_1_top/hw/mb_6_1_top.xsa
TRACE::2024-10-18.11:24:28::SCWPlatform::DSA absoulate path C:/Users/Shane/Documents/Classes/ECE_385/Lab_6/lab6/workspace_2/mb_6_1_top/hw/mb_6_1_top.xsa
TRACE::2024-10-18.11:24:28::SCWPlatform::DSA directory C:/Users/Shane/Documents/Classes/ECE_385/Lab_6/lab6/workspace_2/mb_6_1_top/hw
TRACE::2024-10-18.11:24:28::SCWPlatform:: Platform Path C:/Users/Shane/Documents/Classes/ECE_385/Lab_6/lab6/workspace_2/mb_6_1_top/hw/mb_6_1_top.xsa
TRACE::2024-10-18.11:24:28::SCWPlatform:: Unique name xilinx:::0.0
TRACE::2024-10-18.11:24:28::SCWPlatform::Trying to set the existing hwdb with name mb_intro_top_0
TRACE::2024-10-18.11:24:28::SCWPlatform::Opened existing hwdb mb_intro_top_0
TRACE::2024-10-18.11:24:28::SCWPlatform::Found the Hw Db part of the input DSA
TRACE::2024-10-18.11:24:28::SCWMssOS::Checking the sw design at  C:/Users/Shane/Documents/Classes/ECE_385/Lab_6/lab6/workspace_2/mb_6_1_top/microblaze_0/standalone_microblaze_0/bsp/system.mss
TRACE::2024-10-18.11:24:28::SCWMssOS::DEBUG:  swdes dump  C:/Users/Shane/Documents/Classes/ECE_385/Lab_6/lab6/workspace_2/mb_6_1_top/microblaze_0/standalone_microblaze_0/bsp/system.mss|system||

TRACE::2024-10-18.11:24:28::SCWMssOS::Sw design exists and opened at  C:/Users/Shane/Documents/Classes/ECE_385/Lab_6/lab6/workspace_2/mb_6_1_top/microblaze_0/standalone_microblaze_0/bsp/system.mss
TRACE::2024-10-18.11:24:28::SCWMssOS::Saving the mss changes C:/Users/Shane/Documents/Classes/ECE_385/Lab_6/lab6/workspace_2/mb_6_1_top/microblaze_0/standalone_microblaze_0/bsp/system.mss
TRACE::2024-10-18.11:24:28::SCWMssOS::Found a swdesign opened with the mssfile.
TRACE::2024-10-18.11:24:28::SCWMssOS::Completed writemss as part of save.
TRACE::2024-10-18.11:24:28::SCWMssOS::Commit changes completed.
TRACE::2024-10-18.11:24:28::SCWPlatform::Trying to open the hw design at C:/Users/Shane/Documents/Classes/ECE_385/Lab_6/lab6/workspace_2/mb_6_1_top/hw/mb_6_1_top.xsa
TRACE::2024-10-18.11:24:28::SCWPlatform::DSA given C:/Users/Shane/Documents/Classes/ECE_385/Lab_6/lab6/workspace_2/mb_6_1_top/hw/mb_6_1_top.xsa
TRACE::2024-10-18.11:24:28::SCWPlatform::DSA absoulate path C:/Users/Shane/Documents/Classes/ECE_385/Lab_6/lab6/workspace_2/mb_6_1_top/hw/mb_6_1_top.xsa
TRACE::2024-10-18.11:24:28::SCWPlatform::DSA directory C:/Users/Shane/Documents/Classes/ECE_385/Lab_6/lab6/workspace_2/mb_6_1_top/hw
TRACE::2024-10-18.11:24:28::SCWPlatform:: Platform Path C:/Users/Shane/Documents/Classes/ECE_385/Lab_6/lab6/workspace_2/mb_6_1_top/hw/mb_6_1_top.xsa
TRACE::2024-10-18.11:24:28::SCWPlatform:: Unique name xilinx:::0.0
TRACE::2024-10-18.11:24:28::SCWPlatform::Trying to set the existing hwdb with name mb_intro_top_0
TRACE::2024-10-18.11:24:28::SCWPlatform::Opened existing hwdb mb_intro_top_0
TRACE::2024-10-18.11:24:28::SCWPlatform::Found the Hw Db part of the input DSA
TRACE::2024-10-18.11:24:28::SCWMssOS::Checking the sw design at  C:/Users/Shane/Documents/Classes/ECE_385/Lab_6/lab6/workspace_2/mb_6_1_top/microblaze_0/standalone_microblaze_0/bsp/system.mss
TRACE::2024-10-18.11:24:28::SCWMssOS::DEBUG:  swdes dump  C:/Users/Shane/Documents/Classes/ECE_385/Lab_6/lab6/workspace_2/mb_6_1_top/microblaze_0/standalone_microblaze_0/bsp/system.mss|system||

TRACE::2024-10-18.11:24:28::SCWMssOS::Sw design exists and opened at  C:/Users/Shane/Documents/Classes/ECE_385/Lab_6/lab6/workspace_2/mb_6_1_top/microblaze_0/standalone_microblaze_0/bsp/system.mss
TRACE::2024-10-18.11:24:28::SCWPlatform::Trying to open the hw design at C:/Users/Shane/Documents/Classes/ECE_385/Lab_6/lab6/workspace_2/mb_6_1_top/hw/mb_6_1_top.xsa
TRACE::2024-10-18.11:24:28::SCWPlatform::DSA given C:/Users/Shane/Documents/Classes/ECE_385/Lab_6/lab6/workspace_2/mb_6_1_top/hw/mb_6_1_top.xsa
TRACE::2024-10-18.11:24:28::SCWPlatform::DSA absoulate path C:/Users/Shane/Documents/Classes/ECE_385/Lab_6/lab6/workspace_2/mb_6_1_top/hw/mb_6_1_top.xsa
TRACE::2024-10-18.11:24:28::SCWPlatform::DSA directory C:/Users/Shane/Documents/Classes/ECE_385/Lab_6/lab6/workspace_2/mb_6_1_top/hw
TRACE::2024-10-18.11:24:28::SCWPlatform:: Platform Path C:/Users/Shane/Documents/Classes/ECE_385/Lab_6/lab6/workspace_2/mb_6_1_top/hw/mb_6_1_top.xsa
TRACE::2024-10-18.11:24:28::SCWPlatform:: Unique name xilinx:::0.0
TRACE::2024-10-18.11:24:28::SCWPlatform::Trying to set the existing hwdb with name mb_intro_top_0
TRACE::2024-10-18.11:24:28::SCWPlatform::Opened existing hwdb mb_intro_top_0
TRACE::2024-10-18.11:24:28::SCWPlatform::Found the Hw Db part of the input DSA
TRACE::2024-10-18.11:24:28::SCWMssOS::Checking the sw design at  C:/Users/Shane/Documents/Classes/ECE_385/Lab_6/lab6/workspace_2/mb_6_1_top/microblaze_0/standalone_microblaze_0/bsp/system.mss
TRACE::2024-10-18.11:24:28::SCWMssOS::DEBUG:  swdes dump  C:/Users/Shane/Documents/Classes/ECE_385/Lab_6/lab6/workspace_2/mb_6_1_top/microblaze_0/standalone_microblaze_0/bsp/system.mss|system||

TRACE::2024-10-18.11:24:28::SCWMssOS::Sw design exists and opened at  C:/Users/Shane/Documents/Classes/ECE_385/Lab_6/lab6/workspace_2/mb_6_1_top/microblaze_0/standalone_microblaze_0/bsp/system.mss
TRACE::2024-10-18.11:24:28::SCWPlatform::Trying to open the hw design at C:/Users/Shane/Documents/Classes/ECE_385/Lab_6/lab6/workspace_2/mb_6_1_top/hw/mb_6_1_top.xsa
TRACE::2024-10-18.11:24:28::SCWPlatform::DSA given C:/Users/Shane/Documents/Classes/ECE_385/Lab_6/lab6/workspace_2/mb_6_1_top/hw/mb_6_1_top.xsa
TRACE::2024-10-18.11:24:28::SCWPlatform::DSA absoulate path C:/Users/Shane/Documents/Classes/ECE_385/Lab_6/lab6/workspace_2/mb_6_1_top/hw/mb_6_1_top.xsa
TRACE::2024-10-18.11:24:28::SCWPlatform::DSA directory C:/Users/Shane/Documents/Classes/ECE_385/Lab_6/lab6/workspace_2/mb_6_1_top/hw
TRACE::2024-10-18.11:24:28::SCWPlatform:: Platform Path C:/Users/Shane/Documents/Classes/ECE_385/Lab_6/lab6/workspace_2/mb_6_1_top/hw/mb_6_1_top.xsa
TRACE::2024-10-18.11:24:28::SCWPlatform:: Unique name xilinx:::0.0
TRACE::2024-10-18.11:24:28::SCWPlatform::Trying to set the existing hwdb with name mb_intro_top_0
TRACE::2024-10-18.11:24:28::SCWPlatform::Opened existing hwdb mb_intro_top_0
TRACE::2024-10-18.11:24:28::SCWPlatform::Found the Hw Db part of the input DSA
TRACE::2024-10-18.11:24:28::SCWMssOS::Checking the sw design at  C:/Users/Shane/Documents/Classes/ECE_385/Lab_6/lab6/workspace_2/mb_6_1_top/microblaze_0/standalone_microblaze_0/bsp/system.mss
TRACE::2024-10-18.11:24:28::SCWMssOS::DEBUG:  swdes dump  C:/Users/Shane/Documents/Classes/ECE_385/Lab_6/lab6/workspace_2/mb_6_1_top/microblaze_0/standalone_microblaze_0/bsp/system.mss|system||

TRACE::2024-10-18.11:24:28::SCWMssOS::Sw design exists and opened at  C:/Users/Shane/Documents/Classes/ECE_385/Lab_6/lab6/workspace_2/mb_6_1_top/microblaze_0/standalone_microblaze_0/bsp/system.mss
TRACE::2024-10-18.11:24:28::SCWWriter::formatted JSON is {
	"platformName":	"mb_6_1_top",
	"sprVersion":	"2.0",
	"mode":	"gui",
	"dsaType":	"Fixed",
	"platformDesc":	"mb_6_1_top",
	"platHandOff":	"C:/Users/Shane/Documents/Classes/ECE_385/Lab_6/lab6/mb_6_1_top.xsa",
	"platIntHandOff":	"<platformDir>/hw/mb_6_1_top.xsa",
	"deviceType":	"FPGA",
	"platIsPrebuiltAutogen":	"false",
	"platIsNoBootBsp":	"false",
	"hasFsblMakeHasChanges":	"false",
	"hasPmufwMakeHasChanges":	"false",
	"platPreBuiltFlag":	false,
	"platformSamplesDir":	"",
	"platActiveSys":	"mb_6_1_top",
	"systems":	[{
			"systemName":	"mb_6_1_top",
			"systemDesc":	"mb_6_1_top",
			"sysIsBootAutoGen":	"true",
			"systemDispName":	"mb_6_1_top",
			"sysActiveDom":	"standalone_microblaze_0",
			"sysDefaultDom":	"standalone_microblaze_0",
			"domains":	[{
					"domainName":	"standalone_microblaze_0",
					"domainDispName":	"standalone_microblaze_0",
					"domainDesc":	"standalone_microblaze_0",
					"processors":	"microblaze_0",
					"os":	"standalone",
					"sdxOs":	"standalone",
					"debugEnable":	"False",
					"domRuntimes":	["cpp"],
					"swRepo":	"",
					"mssOsVer":	"8.0",
					"mssFile":	"",
					"md5Digest":	"8414691236a0f7af7448c7d1b4826943",
					"compatibleApp":	"hello_world",
					"domType":	"mssDomain",
					"arch":	"32-bit",
					"appSettings":	{
						"appCompilerFlags":	"",
						"appLinkerFlags":	""
					},
					"addedLibs":	[],
					"libOptions":	{
						"libsContainingOptions":	[]
					},
					"prebuiltLibs":	{
						"prebuiltIncPath":	[],
						"prebuiltLibPath":	[]
					},
					"isolation":	{
					}
				}]
		}]
}
LOG::2024-10-18.11:24:28::SCWPlatform::Started generating the artifacts platform mb_6_1_top
TRACE::2024-10-18.11:24:28::SCWPlatform::Sanity checking of platform is completed
LOG::2024-10-18.11:24:28::SCWPlatform::Started generating the artifacts for system configuration mb_6_1_top
LOG::2024-10-18.11:24:28::SCWSystem::Started Processing the domain standalone_microblaze_0
TRACE::2024-10-18.11:24:28::SCWDomain::Generating domain artifcats
TRACE::2024-10-18.11:24:28::SCWMssOS::Generating standalone artifcats
TRACE::2024-10-18.11:24:28::SCWMssOS:: Copying the user libraries. 
TRACE::2024-10-18.11:24:28::SCWPlatform::Trying to open the hw design at C:/Users/Shane/Documents/Classes/ECE_385/Lab_6/lab6/workspace_2/mb_6_1_top/hw/mb_6_1_top.xsa
TRACE::2024-10-18.11:24:28::SCWPlatform::DSA given C:/Users/Shane/Documents/Classes/ECE_385/Lab_6/lab6/workspace_2/mb_6_1_top/hw/mb_6_1_top.xsa
TRACE::2024-10-18.11:24:28::SCWPlatform::DSA absoulate path C:/Users/Shane/Documents/Classes/ECE_385/Lab_6/lab6/workspace_2/mb_6_1_top/hw/mb_6_1_top.xsa
TRACE::2024-10-18.11:24:28::SCWPlatform::DSA directory C:/Users/Shane/Documents/Classes/ECE_385/Lab_6/lab6/workspace_2/mb_6_1_top/hw
TRACE::2024-10-18.11:24:28::SCWPlatform:: Platform Path C:/Users/Shane/Documents/Classes/ECE_385/Lab_6/lab6/workspace_2/mb_6_1_top/hw/mb_6_1_top.xsa
TRACE::2024-10-18.11:24:28::SCWPlatform:: Unique name xilinx:::0.0
TRACE::2024-10-18.11:24:28::SCWPlatform::Trying to set the existing hwdb with name mb_intro_top_0
TRACE::2024-10-18.11:24:28::SCWPlatform::Opened existing hwdb mb_intro_top_0
TRACE::2024-10-18.11:24:28::SCWPlatform::Found the Hw Db part of the input DSA
TRACE::2024-10-18.11:24:28::SCWMssOS::Checking the sw design at  C:/Users/Shane/Documents/Classes/ECE_385/Lab_6/lab6/workspace_2/mb_6_1_top/microblaze_0/standalone_microblaze_0/bsp/system.mss
TRACE::2024-10-18.11:24:28::SCWMssOS::DEBUG:  swdes dump  C:/Users/Shane/Documents/Classes/ECE_385/Lab_6/lab6/workspace_2/mb_6_1_top/microblaze_0/standalone_microblaze_0/bsp/system.mss|system||

TRACE::2024-10-18.11:24:28::SCWMssOS::Sw design exists and opened at  C:/Users/Shane/Documents/Classes/ECE_385/Lab_6/lab6/workspace_2/mb_6_1_top/microblaze_0/standalone_microblaze_0/bsp/system.mss
TRACE::2024-10-18.11:24:28::SCWMssOS::Completed writing the mss file at C:/Users/Shane/Documents/Classes/ECE_385/Lab_6/lab6/workspace_2/mb_6_1_top/microblaze_0/standalone_microblaze_0/bsp
TRACE::2024-10-18.11:24:28::SCWMssOS::Mss edits present, copying mssfile into export location C:/Users/Shane/Documents/Classes/ECE_385/Lab_6/lab6/workspace_2/mb_6_1_top/microblaze_0/standalone_microblaze_0/bsp/system.mss
TRACE::2024-10-18.11:24:28::SCWMssOS::bsp generated is upto date with the mss file. Skipping bsp generation.
TRACE::2024-10-18.11:24:28::SCWMssOS::BSP is already built. skipping the bsp build ... 
TRACE::2024-10-18.11:24:28::SCWDomain::Building the domain as part of full build :  standalone_microblaze_0
TRACE::2024-10-18.11:24:28::SCWMssOS::skipping the bsp build ... 
TRACE::2024-10-18.11:24:28::SCWMssOS::Copying to export directory.
TRACE::2024-10-18.11:24:28::SCWMssOS:: Checking if to create the Supporting Applications
TRACE::2024-10-18.11:24:28::SCWMssOS:: No Linux domain exists, trying to generate FSBL 
LOG::2024-10-18.11:24:28::SCWSystem::Completed Processing the domain standalone_microblaze_0
LOG::2024-10-18.11:24:28::SCWSystem::Completed Processing the sysconfig mb_6_1_top
LOG::2024-10-18.11:24:28::SCWPlatform::Completed generating the artifacts for system configuration mb_6_1_top
TRACE::2024-10-18.11:24:28::SCWPlatform::Started preparing the platform 
TRACE::2024-10-18.11:24:28::SCWSystem::Writing the bif file for system config mb_6_1_top
TRACE::2024-10-18.11:24:28::SCWSystem::dir created 
TRACE::2024-10-18.11:24:28::SCWSystem::Writing the bif 
TRACE::2024-10-18.11:24:28::SCWPlatform::Started writing the spfm file 
TRACE::2024-10-18.11:24:28::SCWPlatform::Started writing the xpfm file 
TRACE::2024-10-18.11:24:28::SCWPlatform::Completed generating the platform
TRACE::2024-10-18.11:24:28::SCWMssOS::Saving the mss changes C:/Users/Shane/Documents/Classes/ECE_385/Lab_6/lab6/workspace_2/mb_6_1_top/microblaze_0/standalone_microblaze_0/bsp/system.mss
TRACE::2024-10-18.11:24:28::SCWMssOS::Found a swdesign opened with the mssfile.
TRACE::2024-10-18.11:24:28::SCWMssOS::Completed writemss as part of save.
TRACE::2024-10-18.11:24:28::SCWMssOS::Commit changes completed.
TRACE::2024-10-18.11:24:28::SCWPlatform::Trying to open the hw design at C:/Users/Shane/Documents/Classes/ECE_385/Lab_6/lab6/workspace_2/mb_6_1_top/hw/mb_6_1_top.xsa
TRACE::2024-10-18.11:24:28::SCWPlatform::DSA given C:/Users/Shane/Documents/Classes/ECE_385/Lab_6/lab6/workspace_2/mb_6_1_top/hw/mb_6_1_top.xsa
TRACE::2024-10-18.11:24:28::SCWPlatform::DSA absoulate path C:/Users/Shane/Documents/Classes/ECE_385/Lab_6/lab6/workspace_2/mb_6_1_top/hw/mb_6_1_top.xsa
TRACE::2024-10-18.11:24:28::SCWPlatform::DSA directory C:/Users/Shane/Documents/Classes/ECE_385/Lab_6/lab6/workspace_2/mb_6_1_top/hw
TRACE::2024-10-18.11:24:28::SCWPlatform:: Platform Path C:/Users/Shane/Documents/Classes/ECE_385/Lab_6/lab6/workspace_2/mb_6_1_top/hw/mb_6_1_top.xsa
TRACE::2024-10-18.11:24:28::SCWPlatform:: Unique name xilinx:::0.0
TRACE::2024-10-18.11:24:28::SCWPlatform::Trying to set the existing hwdb with name mb_intro_top_0
TRACE::2024-10-18.11:24:28::SCWPlatform::Opened existing hwdb mb_intro_top_0
TRACE::2024-10-18.11:24:28::SCWPlatform::Found the Hw Db part of the input DSA
TRACE::2024-10-18.11:24:28::SCWMssOS::Checking the sw design at  C:/Users/Shane/Documents/Classes/ECE_385/Lab_6/lab6/workspace_2/mb_6_1_top/microblaze_0/standalone_microblaze_0/bsp/system.mss
TRACE::2024-10-18.11:24:28::SCWMssOS::DEBUG:  swdes dump  C:/Users/Shane/Documents/Classes/ECE_385/Lab_6/lab6/workspace_2/mb_6_1_top/microblaze_0/standalone_microblaze_0/bsp/system.mss|system||

TRACE::2024-10-18.11:24:28::SCWMssOS::Sw design exists and opened at  C:/Users/Shane/Documents/Classes/ECE_385/Lab_6/lab6/workspace_2/mb_6_1_top/microblaze_0/standalone_microblaze_0/bsp/system.mss
TRACE::2024-10-18.11:24:28::SCWPlatform::Trying to open the hw design at C:/Users/Shane/Documents/Classes/ECE_385/Lab_6/lab6/workspace_2/mb_6_1_top/hw/mb_6_1_top.xsa
TRACE::2024-10-18.11:24:28::SCWPlatform::DSA given C:/Users/Shane/Documents/Classes/ECE_385/Lab_6/lab6/workspace_2/mb_6_1_top/hw/mb_6_1_top.xsa
TRACE::2024-10-18.11:24:28::SCWPlatform::DSA absoulate path C:/Users/Shane/Documents/Classes/ECE_385/Lab_6/lab6/workspace_2/mb_6_1_top/hw/mb_6_1_top.xsa
TRACE::2024-10-18.11:24:28::SCWPlatform::DSA directory C:/Users/Shane/Documents/Classes/ECE_385/Lab_6/lab6/workspace_2/mb_6_1_top/hw
TRACE::2024-10-18.11:24:28::SCWPlatform:: Platform Path C:/Users/Shane/Documents/Classes/ECE_385/Lab_6/lab6/workspace_2/mb_6_1_top/hw/mb_6_1_top.xsa
TRACE::2024-10-18.11:24:28::SCWPlatform:: Unique name xilinx:::0.0
TRACE::2024-10-18.11:24:28::SCWPlatform::Trying to set the existing hwdb with name mb_intro_top_0
TRACE::2024-10-18.11:24:28::SCWPlatform::Opened existing hwdb mb_intro_top_0
TRACE::2024-10-18.11:24:28::SCWPlatform::Found the Hw Db part of the input DSA
TRACE::2024-10-18.11:24:28::SCWMssOS::Checking the sw design at  C:/Users/Shane/Documents/Classes/ECE_385/Lab_6/lab6/workspace_2/mb_6_1_top/microblaze_0/standalone_microblaze_0/bsp/system.mss
TRACE::2024-10-18.11:24:28::SCWMssOS::DEBUG:  swdes dump  C:/Users/Shane/Documents/Classes/ECE_385/Lab_6/lab6/workspace_2/mb_6_1_top/microblaze_0/standalone_microblaze_0/bsp/system.mss|system||

TRACE::2024-10-18.11:24:28::SCWMssOS::Sw design exists and opened at  C:/Users/Shane/Documents/Classes/ECE_385/Lab_6/lab6/workspace_2/mb_6_1_top/microblaze_0/standalone_microblaze_0/bsp/system.mss
TRACE::2024-10-18.11:24:28::SCWPlatform::Trying to open the hw design at C:/Users/Shane/Documents/Classes/ECE_385/Lab_6/lab6/workspace_2/mb_6_1_top/hw/mb_6_1_top.xsa
TRACE::2024-10-18.11:24:28::SCWPlatform::DSA given C:/Users/Shane/Documents/Classes/ECE_385/Lab_6/lab6/workspace_2/mb_6_1_top/hw/mb_6_1_top.xsa
TRACE::2024-10-18.11:24:28::SCWPlatform::DSA absoulate path C:/Users/Shane/Documents/Classes/ECE_385/Lab_6/lab6/workspace_2/mb_6_1_top/hw/mb_6_1_top.xsa
TRACE::2024-10-18.11:24:28::SCWPlatform::DSA directory C:/Users/Shane/Documents/Classes/ECE_385/Lab_6/lab6/workspace_2/mb_6_1_top/hw
TRACE::2024-10-18.11:24:28::SCWPlatform:: Platform Path C:/Users/Shane/Documents/Classes/ECE_385/Lab_6/lab6/workspace_2/mb_6_1_top/hw/mb_6_1_top.xsa
TRACE::2024-10-18.11:24:28::SCWPlatform:: Unique name xilinx:::0.0
TRACE::2024-10-18.11:24:28::SCWPlatform::Trying to set the existing hwdb with name mb_intro_top_0
TRACE::2024-10-18.11:24:28::SCWPlatform::Opened existing hwdb mb_intro_top_0
TRACE::2024-10-18.11:24:28::SCWPlatform::Found the Hw Db part of the input DSA
TRACE::2024-10-18.11:24:28::SCWMssOS::Checking the sw design at  C:/Users/Shane/Documents/Classes/ECE_385/Lab_6/lab6/workspace_2/mb_6_1_top/microblaze_0/standalone_microblaze_0/bsp/system.mss
TRACE::2024-10-18.11:24:28::SCWMssOS::DEBUG:  swdes dump  C:/Users/Shane/Documents/Classes/ECE_385/Lab_6/lab6/workspace_2/mb_6_1_top/microblaze_0/standalone_microblaze_0/bsp/system.mss|system||

TRACE::2024-10-18.11:24:28::SCWMssOS::Sw design exists and opened at  C:/Users/Shane/Documents/Classes/ECE_385/Lab_6/lab6/workspace_2/mb_6_1_top/microblaze_0/standalone_microblaze_0/bsp/system.mss
TRACE::2024-10-18.11:24:28::SCWWriter::formatted JSON is {
	"platformName":	"mb_6_1_top",
	"sprVersion":	"2.0",
	"mode":	"gui",
	"dsaType":	"Fixed",
	"platformDesc":	"mb_6_1_top",
	"platHandOff":	"C:/Users/Shane/Documents/Classes/ECE_385/Lab_6/lab6/mb_6_1_top.xsa",
	"platIntHandOff":	"<platformDir>/hw/mb_6_1_top.xsa",
	"deviceType":	"FPGA",
	"platIsPrebuiltAutogen":	"false",
	"platIsNoBootBsp":	"false",
	"hasFsblMakeHasChanges":	"false",
	"hasPmufwMakeHasChanges":	"false",
	"platPreBuiltFlag":	false,
	"platformSamplesDir":	"",
	"platActiveSys":	"mb_6_1_top",
	"systems":	[{
			"systemName":	"mb_6_1_top",
			"systemDesc":	"mb_6_1_top",
			"sysIsBootAutoGen":	"true",
			"systemDispName":	"mb_6_1_top",
			"sysActiveDom":	"standalone_microblaze_0",
			"sysDefaultDom":	"standalone_microblaze_0",
			"domains":	[{
					"domainName":	"standalone_microblaze_0",
					"domainDispName":	"standalone_microblaze_0",
					"domainDesc":	"standalone_microblaze_0",
					"processors":	"microblaze_0",
					"os":	"standalone",
					"sdxOs":	"standalone",
					"debugEnable":	"False",
					"domRuntimes":	["cpp"],
					"swRepo":	"",
					"mssOsVer":	"8.0",
					"mssFile":	"",
					"md5Digest":	"8414691236a0f7af7448c7d1b4826943",
					"compatibleApp":	"hello_world",
					"domType":	"mssDomain",
					"arch":	"32-bit",
					"appSettings":	{
						"appCompilerFlags":	"",
						"appLinkerFlags":	""
					},
					"addedLibs":	[],
					"libOptions":	{
						"libsContainingOptions":	[]
					},
					"prebuiltLibs":	{
						"prebuiltIncPath":	[],
						"prebuiltLibPath":	[]
					},
					"isolation":	{
					}
				}]
		}]
}
KEYINFO::2024-10-18.11:24:28::SCWPlatform::updated the xpfm file.
LOG::2024-10-18.11:30:40::SCWPlatform::Started generating the artifacts platform mb_6_1_top
TRACE::2024-10-18.11:30:40::SCWPlatform::Sanity checking of platform is completed
LOG::2024-10-18.11:30:40::SCWPlatform::Started generating the artifacts for system configuration mb_6_1_top
LOG::2024-10-18.11:30:40::SCWSystem::Checking the domain standalone_microblaze_0
LOG::2024-10-18.11:30:40::SCWSystem::Not a boot domain 
LOG::2024-10-18.11:30:40::SCWSystem::Started Processing the domain standalone_microblaze_0
TRACE::2024-10-18.11:30:40::SCWDomain::Generating domain artifcats
TRACE::2024-10-18.11:30:40::SCWMssOS::Generating standalone artifcats
TRACE::2024-10-18.11:30:40::SCWMssOS:: Copying the user libraries. 
TRACE::2024-10-18.11:30:40::SCWPlatform::Trying to open the hw design at C:/Users/Shane/Documents/Classes/ECE_385/Lab_6/lab6/workspace_2/mb_6_1_top/hw/mb_6_1_top.xsa
TRACE::2024-10-18.11:30:40::SCWPlatform::DSA given C:/Users/Shane/Documents/Classes/ECE_385/Lab_6/lab6/workspace_2/mb_6_1_top/hw/mb_6_1_top.xsa
TRACE::2024-10-18.11:30:40::SCWPlatform::DSA absoulate path C:/Users/Shane/Documents/Classes/ECE_385/Lab_6/lab6/workspace_2/mb_6_1_top/hw/mb_6_1_top.xsa
TRACE::2024-10-18.11:30:40::SCWPlatform::DSA directory C:/Users/Shane/Documents/Classes/ECE_385/Lab_6/lab6/workspace_2/mb_6_1_top/hw
TRACE::2024-10-18.11:30:40::SCWPlatform:: Platform Path C:/Users/Shane/Documents/Classes/ECE_385/Lab_6/lab6/workspace_2/mb_6_1_top/hw/mb_6_1_top.xsa
TRACE::2024-10-18.11:30:40::SCWPlatform:: Unique name xilinx:::0.0
TRACE::2024-10-18.11:30:40::SCWPlatform::Trying to set the existing hwdb with name mb_intro_top_0
TRACE::2024-10-18.11:30:40::SCWPlatform::Opened existing hwdb mb_intro_top_0
TRACE::2024-10-18.11:30:40::SCWPlatform::Found the Hw Db part of the input DSA
TRACE::2024-10-18.11:30:40::SCWMssOS::Checking the sw design at  C:/Users/Shane/Documents/Classes/ECE_385/Lab_6/lab6/workspace_2/mb_6_1_top/microblaze_0/standalone_microblaze_0/bsp/system.mss
TRACE::2024-10-18.11:30:40::SCWMssOS::DEBUG:  swdes dump  C:/Users/Shane/Documents/Classes/ECE_385/Lab_6/lab6/workspace_2/mb_6_1_top/microblaze_0/standalone_microblaze_0/bsp/system.mss|system||

TRACE::2024-10-18.11:30:40::SCWMssOS::Sw design exists and opened at  C:/Users/Shane/Documents/Classes/ECE_385/Lab_6/lab6/workspace_2/mb_6_1_top/microblaze_0/standalone_microblaze_0/bsp/system.mss
TRACE::2024-10-18.11:30:40::SCWMssOS::Completed writing the mss file at C:/Users/Shane/Documents/Classes/ECE_385/Lab_6/lab6/workspace_2/mb_6_1_top/microblaze_0/standalone_microblaze_0/bsp
TRACE::2024-10-18.11:30:40::SCWMssOS::Mss edits present, copying mssfile into export location C:/Users/Shane/Documents/Classes/ECE_385/Lab_6/lab6/workspace_2/mb_6_1_top/microblaze_0/standalone_microblaze_0/bsp/system.mss
TRACE::2024-10-18.11:30:40::SCWMssOS::bsp generated is upto date with the mss file. Skipping bsp generation.
TRACE::2024-10-18.11:30:40::SCWMssOS::BSP is already built. skipping the bsp build ... 
TRACE::2024-10-18.11:30:40::SCWDomain::Building the domain as part of full build :  standalone_microblaze_0
TRACE::2024-10-18.11:30:40::SCWMssOS::doing bsp build ... 
TRACE::2024-10-18.11:30:40::SCWMssOS::System Command Ran  C: & cd  C:/Users/Shane/Documents/Classes/ECE_385/Lab_6/lab6/workspace_2/mb_6_1_top/microblaze_0/standalone_microblaze_0/bsp & make 
TRACE::2024-10-18.11:30:40::SCWMssOS::make --no-print-directory seq_libs

TRACE::2024-10-18.11:30:40::SCWMssOS::'Finished building libraries sequentially.'

TRACE::2024-10-18.11:30:40::SCWMssOS::make -j 6 --no-print-directory par_libs

TRACE::2024-10-18.11:30:41::SCWMssOS::"Running Make include in microblaze_0/libsrc/bram_v4_8/src"

TRACE::2024-10-18.11:30:41::SCWMssOS::make -C microblaze_0/libsrc/bram_v4_8/src -s include  "SHELL=CMD" "COMPILER=mb-gcc" "ASSEMBLER=mb-as" "ARCHIVER=mb-ar" "COMPILE
TRACE::2024-10-18.11:30:41::SCWMssOS::R_FLAGS=  -O2 -c -mcpu=v11.0 -mlittle-endian -mno-xl-reorder -mno-xl-soft-mul -mxl-barrel-shift -mxl-pattern-compare" "EXTRA_CO
TRACE::2024-10-18.11:30:41::SCWMssOS::MPILER_FLAGS=-g -ffunction-sections -fdata-sections -Wall -Wextra -fno-tree-loop-distribute-patterns"

TRACE::2024-10-18.11:30:41::SCWMssOS::"Running Make include in microblaze_0/libsrc/cpu_v2_16/src"

TRACE::2024-10-18.11:30:41::SCWMssOS::make -C microblaze_0/libsrc/cpu_v2_16/src -s include  "SHELL=CMD" "COMPILER=mb-gcc" "ASSEMBLER=mb-as" "ARCHIVER=mb-ar" "COMPILE
TRACE::2024-10-18.11:30:41::SCWMssOS::R_FLAGS=  -O2 -c -mcpu=v11.0 -mlittle-endian -mno-xl-reorder -mno-xl-soft-mul -mxl-barrel-shift -mxl-pattern-compare" "EXTRA_CO
TRACE::2024-10-18.11:30:41::SCWMssOS::MPILER_FLAGS=-g -ffunction-sections -fdata-sections -Wall -Wextra -fno-tree-loop-distribute-patterns"

TRACE::2024-10-18.11:30:41::SCWMssOS::"Running Make include in microblaze_0/libsrc/gpio_v4_9/src"

TRACE::2024-10-18.11:30:41::SCWMssOS::make -C microblaze_0/libsrc/gpio_v4_9/src -s include  "SHELL=CMD" "COMPILER=mb-gcc" "ASSEMBLER=mb-as" "ARCHIVER=mb-ar" "COMPILE
TRACE::2024-10-18.11:30:41::SCWMssOS::R_FLAGS=  -O2 -c -mcpu=v11.0 -mlittle-endian -mno-xl-reorder -mno-xl-soft-mul -mxl-barrel-shift -mxl-pattern-compare" "EXTRA_CO
TRACE::2024-10-18.11:30:41::SCWMssOS::MPILER_FLAGS=-g -ffunction-sections -fdata-sections -Wall -Wextra -fno-tree-loop-distribute-patterns"

TRACE::2024-10-18.11:30:41::SCWMssOS::"Running Make include in microblaze_0/libsrc/intc_v3_15/src"

TRACE::2024-10-18.11:30:41::SCWMssOS::make -C microblaze_0/libsrc/intc_v3_15/src -s include  "SHELL=CMD" "COMPILER=mb-gcc" "ASSEMBLER=mb-as" "ARCHIVER=mb-ar" "COMPIL
TRACE::2024-10-18.11:30:41::SCWMssOS::ER_FLAGS=  -O2 -c -mcpu=v11.0 -mlittle-endian -mno-xl-reorder -mno-xl-soft-mul -mxl-barrel-shift -mxl-pattern-compare" "EXTRA_C
TRACE::2024-10-18.11:30:41::SCWMssOS::OMPILER_FLAGS=-g -ffunction-sections -fdata-sections -Wall -Wextra -fno-tree-loop-distribute-patterns"

TRACE::2024-10-18.11:30:41::SCWMssOS::"Running Make include in microblaze_0/libsrc/standalone_v8_0/src"

TRACE::2024-10-18.11:30:41::SCWMssOS::make -C microblaze_0/libsrc/standalone_v8_0/src -s include  "SHELL=CMD" "COMPILER=mb-gcc" "ASSEMBLER=mb-as" "ARCHIVER=mb-ar" "C
TRACE::2024-10-18.11:30:41::SCWMssOS::OMPILER_FLAGS=  -O2 -c -mcpu=v11.0 -mlittle-endian -mno-xl-reorder -mno-xl-soft-mul -mxl-barrel-shift -mxl-pattern-compare" "EX
TRACE::2024-10-18.11:30:41::SCWMssOS::TRA_COMPILER_FLAGS=-g -ffunction-sections -fdata-sections -Wall -Wextra -fno-tree-loop-distribute-patterns"

TRACE::2024-10-18.11:30:41::SCWMssOS::"Running Make include in microblaze_0/libsrc/uartlite_v3_7/src"

TRACE::2024-10-18.11:30:41::SCWMssOS::make -C microblaze_0/libsrc/uartlite_v3_7/src -s include  "SHELL=CMD" "COMPILER=mb-gcc" "ASSEMBLER=mb-as" "ARCHIVER=mb-ar" "COM
TRACE::2024-10-18.11:30:41::SCWMssOS::PILER_FLAGS=  -O2 -c -mcpu=v11.0 -mlittle-endian -mno-xl-reorder -mno-xl-soft-mul -mxl-barrel-shift -mxl-pattern-compare" "EXTR
TRACE::2024-10-18.11:30:41::SCWMssOS::A_COMPILER_FLAGS=-g -ffunction-sections -fdata-sections -Wall -Wextra -fno-tree-loop-distribute-patterns"

TRACE::2024-10-18.11:30:42::SCWMssOS::"Running Make libs in microblaze_0/libsrc/bram_v4_8/src"

TRACE::2024-10-18.11:30:42::SCWMssOS::make -C microblaze_0/libsrc/bram_v4_8/src -s libs  "SHELL=CMD" "COMPILER=mb-gcc" "ASSEMBLER=mb-as" "ARCHIVER=mb-ar" "COMPILER_F
TRACE::2024-10-18.11:30:42::SCWMssOS::LAGS=  -O2 -c -mcpu=v11.0 -mlittle-endian -mno-xl-reorder -mno-xl-soft-mul -mxl-barrel-shift -mxl-pattern-compare" "EXTRA_COMPI
TRACE::2024-10-18.11:30:42::SCWMssOS::LER_FLAGS=-g -ffunction-sections -fdata-sections -Wall -Wextra -fno-tree-loop-distribute-patterns"

TRACE::2024-10-18.11:30:42::SCWMssOS::"Running Make libs in microblaze_0/libsrc/cpu_v2_16/src"

TRACE::2024-10-18.11:30:42::SCWMssOS::make -C microblaze_0/libsrc/cpu_v2_16/src -s libs  "SHELL=CMD" "COMPILER=mb-gcc" "ASSEMBLER=mb-as" "ARCHIVER=mb-ar" "COMPILER_F
TRACE::2024-10-18.11:30:42::SCWMssOS::LAGS=  -O2 -c -mcpu=v11.0 -mlittle-endian -mno-xl-reorder -mno-xl-soft-mul -mxl-barrel-shift -mxl-pattern-compare" "EXTRA_COMPI
TRACE::2024-10-18.11:30:42::SCWMssOS::LER_FLAGS=-g -ffunction-sections -fdata-sections -Wall -Wextra -fno-tree-loop-distribute-patterns"

TRACE::2024-10-18.11:30:42::SCWMssOS::"Running Make libs in microblaze_0/libsrc/gpio_v4_9/src"

TRACE::2024-10-18.11:30:42::SCWMssOS::make -C microblaze_0/libsrc/gpio_v4_9/src -s libs  "SHELL=CMD" "COMPILER=mb-gcc" "ASSEMBLER=mb-as" "ARCHIVER=mb-ar" "COMPILER_F
TRACE::2024-10-18.11:30:42::SCWMssOS::LAGS=  -O2 -c -mcpu=v11.0 -mlittle-endian -mno-xl-reorder -mno-xl-soft-mul -mxl-barrel-shift -mxl-pattern-compare" "EXTRA_COMPI
TRACE::2024-10-18.11:30:42::SCWMssOS::LER_FLAGS=-g -ffunction-sections -fdata-sections -Wall -Wextra -fno-tree-loop-distribute-patterns"

TRACE::2024-10-18.11:30:43::SCWMssOS::"Running Make libs in microblaze_0/libsrc/intc_v3_15/src"

TRACE::2024-10-18.11:30:43::SCWMssOS::make -C microblaze_0/libsrc/intc_v3_15/src -s libs  "SHELL=CMD" "COMPILER=mb-gcc" "ASSEMBLER=mb-as" "ARCHIVER=mb-ar" "COMPILER_
TRACE::2024-10-18.11:30:43::SCWMssOS::FLAGS=  -O2 -c -mcpu=v11.0 -mlittle-endian -mno-xl-reorder -mno-xl-soft-mul -mxl-barrel-shift -mxl-pattern-compare" "EXTRA_COMP
TRACE::2024-10-18.11:30:43::SCWMssOS::ILER_FLAGS=-g -ffunction-sections -fdata-sections -Wall -Wextra -fno-tree-loop-distribute-patterns"

TRACE::2024-10-18.11:30:43::SCWMssOS::"Running Make libs in microblaze_0/libsrc/standalone_v8_0/src"

TRACE::2024-10-18.11:30:43::SCWMssOS::make -C microblaze_0/libsrc/standalone_v8_0/src -s libs  "SHELL=CMD" "COMPILER=mb-gcc" "ASSEMBLER=mb-as" "ARCHIVER=mb-ar" "COMP
TRACE::2024-10-18.11:30:43::SCWMssOS::ILER_FLAGS=  -O2 -c -mcpu=v11.0 -mlittle-endian -mno-xl-reorder -mno-xl-soft-mul -mxl-barrel-shift -mxl-pattern-compare" "EXTRA
TRACE::2024-10-18.11:30:43::SCWMssOS::_COMPILER_FLAGS=-g -ffunction-sections -fdata-sections -Wall -Wextra -fno-tree-loop-distribute-patterns"

TRACE::2024-10-18.11:30:43::SCWMssOS::"Running Make libs in microblaze_0/libsrc/uartlite_v3_7/src"

TRACE::2024-10-18.11:30:43::SCWMssOS::make -C microblaze_0/libsrc/uartlite_v3_7/src -s libs  "SHELL=CMD" "COMPILER=mb-gcc" "ASSEMBLER=mb-as" "ARCHIVER=mb-ar" "COMPIL
TRACE::2024-10-18.11:30:43::SCWMssOS::ER_FLAGS=  -O2 -c -mcpu=v11.0 -mlittle-endian -mno-xl-reorder -mno-xl-soft-mul -mxl-barrel-shift -mxl-pattern-compare" "EXTRA_C
TRACE::2024-10-18.11:30:43::SCWMssOS::OMPILER_FLAGS=-g -ffunction-sections -fdata-sections -Wall -Wextra -fno-tree-loop-distribute-patterns"

TRACE::2024-10-18.11:30:45::SCWMssOS::"DEBUG NON_LTO_OBJECTS is ../../../lib/microblaze_interrupt_handler.o"

TRACE::2024-10-18.11:30:45::SCWMssOS::'Finished building libraries parallelly.'

TRACE::2024-10-18.11:30:45::SCWMssOS::make --no-print-directory archive

TRACE::2024-10-18.11:30:45::SCWMssOS::mb-ar -r  microblaze_0/lib/libxil.a microblaze_0/lib/_exit.o microblaze_0/lib/errno.o microblaze_0/lib/fcntl.o microblaze_0/lib
TRACE::2024-10-18.11:30:45::SCWMssOS::/hw_exception_handler.o microblaze_0/lib/inbyte.o microblaze_0/lib/microblaze_disable_dcache.o microblaze_0/lib/microblaze_disa
TRACE::2024-10-18.11:30:45::SCWMssOS::ble_exceptions.o microblaze_0/lib/microblaze_disable_icache.o microblaze_0/lib/microblaze_disable_interrupts.o microblaze_0/lib
TRACE::2024-10-18.11:30:45::SCWMssOS::/microblaze_enable_dcache.o microblaze_0/lib/microblaze_enable_exceptions.o microblaze_0/lib/microblaze_enable_icache.o microbl
TRACE::2024-10-18.11:30:45::SCWMssOS::aze_0/lib/microblaze_enable_interrupts.o microblaze_0/lib/microblaze_exception_handler.o microblaze_0/lib/microblaze_flush_cach
TRACE::2024-10-18.11:30:45::SCWMssOS::e_ext.o microblaze_0/lib/microblaze_flush_cache_ext_range.o microblaze_0/lib/microblaze_flush_dcache.o microblaze_0/lib/microbl
TRACE::2024-10-18.11:30:45::SCWMssOS::aze_flush_dcache_range.o microblaze_0/lib/microblaze_init_dcache_range.o microblaze_0/lib/microblaze_init_icache_range.o microb
TRACE::2024-10-18.11:30:45::SCWMssOS::laze_0/lib/microblaze_interrupt_handler.o microblaze_0/lib/microblaze_interrupts_g.o microblaze_0/lib/microblaze_invalidate_cac
TRACE::2024-10-18.11:30:45::SCWMssOS::he_ext.o microblaze_0/lib/microblaze_invalidate_cache_ext_range.o microblaze_0/lib/microblaze_invalidate_dcache.o microblaze_0/
TRACE::2024-10-18.11:30:45::SCWMssOS::lib/microblaze_invalidate_dcache_range.o microblaze_0/lib/microblaze_invalidate_icache.o microblaze_0/lib/microblaze_invalidate
TRACE::2024-10-18.11:30:45::SCWMssOS::_icache_range.o microblaze_0/lib/microblaze_scrub.o microblaze_0/lib/microblaze_selftest.o microblaze_0/lib/microblaze_sleep.o 
TRACE::2024-10-18.11:30:45::SCWMssOS::microblaze_0/lib/microblaze_update_dcache.o microblaze_0/lib/microblaze_update_icache.o microblaze_0/lib/outbyte.o microblaze_0
TRACE::2024-10-18.11:30:45::SCWMssOS::/lib/print.o microblaze_0/lib/pvr.o microblaze_0/lib/xbram.o microblaze_0/lib/xbram_g.o microblaze_0/lib/xbram_intr.o microblaz
TRACE::2024-10-18.11:30:45::SCWMssOS::e_0/lib/xbram_selftest.o microblaze_0/lib/xbram_sinit.o microblaze_0/lib/xgpio.o microblaze_0/lib/xgpio_extra.o microblaze_0/li
TRACE::2024-10-18.11:30:45::SCWMssOS::b/xgpio_g.o microblaze_0/lib/xgpio_intr.o microblaze_0/lib/xgpio_selftest.o microblaze_0/lib/xgpio_sinit.o microblaze_0/lib/xil
TRACE::2024-10-18.11:30:45::SCWMssOS::_assert.o microblaze_0/lib/xil_cache.o microblaze_0/lib/xil_clocking.o microblaze_0/lib/xil_exception.o microblaze_0/lib/xil_me
TRACE::2024-10-18.11:30:45::SCWMssOS::m.o microblaze_0/lib/xil_misc_psreset_api.o microblaze_0/lib/xil_printf.o microblaze_0/lib/xil_sleepcommon.o microblaze_0/lib/x
TRACE::2024-10-18.11:30:45::SCWMssOS::il_testcache.o microblaze_0/lib/xil_testio.o microblaze_0/lib/xil_testmem.o microblaze_0/lib/xil_util.o microblaze_0/lib/xintc.
TRACE::2024-10-18.11:30:45::SCWMssOS::o microblaze_0/lib/xintc_g.o microblaze_0/lib/xintc_intr.o microblaze_0/lib/xintc_l.o microblaze_0/lib/xintc_options.o microbla
TRACE::2024-10-18.11:30:45::SCWMssOS::ze_0/lib/xintc_selftest.o microblaze_0/lib/xinterrupt_wrap.o microblaze_0/lib/xio.o microblaze_0/lib/xplatform_info.o microblaz
TRACE::2024-10-18.11:30:45::SCWMssOS::e_0/lib/xuartlite.o microblaze_0/lib/xuartlite_g.o microblaze_0/lib/xuartlite_intr.o microblaze_0/lib/xuartlite_l.o microblaze_
TRACE::2024-10-18.11:30:45::SCWMssOS::0/lib/xuartlite_selftest.o microblaze_0/lib/xuartlite_sinit.o microblaze_0/lib/xuartlite_stats.o

TRACE::2024-10-18.11:30:45::SCWMssOS::'Finished building libraries'

TRACE::2024-10-18.11:30:46::SCWMssOS::Copying to export directory.
TRACE::2024-10-18.11:30:46::SCWMssOS:: Checking if to create the Supporting Applications
TRACE::2024-10-18.11:30:46::SCWMssOS:: No Linux domain exists, trying to generate FSBL 
LOG::2024-10-18.11:30:46::SCWSystem::Completed Processing the domain standalone_microblaze_0
LOG::2024-10-18.11:30:46::SCWSystem::Completed Processing the sysconfig mb_6_1_top
LOG::2024-10-18.11:30:46::SCWPlatform::Completed generating the artifacts for system configuration mb_6_1_top
TRACE::2024-10-18.11:30:46::SCWPlatform::Started preparing the platform 
TRACE::2024-10-18.11:30:47::SCWSystem::Writing the bif file for system config mb_6_1_top
TRACE::2024-10-18.11:30:47::SCWSystem::dir created 
TRACE::2024-10-18.11:30:47::SCWSystem::Writing the bif 
TRACE::2024-10-18.11:30:47::SCWPlatform::Started writing the spfm file 
TRACE::2024-10-18.11:30:47::SCWPlatform::Started writing the xpfm file 
TRACE::2024-10-18.11:30:47::SCWPlatform::Completed generating the platform
TRACE::2024-10-18.11:30:47::SCWMssOS::Saving the mss changes C:/Users/Shane/Documents/Classes/ECE_385/Lab_6/lab6/workspace_2/mb_6_1_top/microblaze_0/standalone_microblaze_0/bsp/system.mss
TRACE::2024-10-18.11:30:47::SCWMssOS::Found a swdesign opened with the mssfile.
TRACE::2024-10-18.11:30:47::SCWMssOS::Completed writemss as part of save.
TRACE::2024-10-18.11:30:47::SCWMssOS::Commit changes completed.
TRACE::2024-10-18.11:30:47::SCWPlatform::Trying to open the hw design at C:/Users/Shane/Documents/Classes/ECE_385/Lab_6/lab6/workspace_2/mb_6_1_top/hw/mb_6_1_top.xsa
TRACE::2024-10-18.11:30:47::SCWPlatform::DSA given C:/Users/Shane/Documents/Classes/ECE_385/Lab_6/lab6/workspace_2/mb_6_1_top/hw/mb_6_1_top.xsa
TRACE::2024-10-18.11:30:47::SCWPlatform::DSA absoulate path C:/Users/Shane/Documents/Classes/ECE_385/Lab_6/lab6/workspace_2/mb_6_1_top/hw/mb_6_1_top.xsa
TRACE::2024-10-18.11:30:47::SCWPlatform::DSA directory C:/Users/Shane/Documents/Classes/ECE_385/Lab_6/lab6/workspace_2/mb_6_1_top/hw
TRACE::2024-10-18.11:30:47::SCWPlatform:: Platform Path C:/Users/Shane/Documents/Classes/ECE_385/Lab_6/lab6/workspace_2/mb_6_1_top/hw/mb_6_1_top.xsa
TRACE::2024-10-18.11:30:47::SCWPlatform:: Unique name xilinx:::0.0
TRACE::2024-10-18.11:30:47::SCWPlatform::Trying to set the existing hwdb with name mb_intro_top_0
TRACE::2024-10-18.11:30:47::SCWPlatform::Opened existing hwdb mb_intro_top_0
TRACE::2024-10-18.11:30:47::SCWPlatform::Found the Hw Db part of the input DSA
TRACE::2024-10-18.11:30:47::SCWMssOS::Checking the sw design at  C:/Users/Shane/Documents/Classes/ECE_385/Lab_6/lab6/workspace_2/mb_6_1_top/microblaze_0/standalone_microblaze_0/bsp/system.mss
TRACE::2024-10-18.11:30:47::SCWMssOS::DEBUG:  swdes dump  C:/Users/Shane/Documents/Classes/ECE_385/Lab_6/lab6/workspace_2/mb_6_1_top/microblaze_0/standalone_microblaze_0/bsp/system.mss|system||

TRACE::2024-10-18.11:30:47::SCWMssOS::Sw design exists and opened at  C:/Users/Shane/Documents/Classes/ECE_385/Lab_6/lab6/workspace_2/mb_6_1_top/microblaze_0/standalone_microblaze_0/bsp/system.mss
TRACE::2024-10-18.11:30:47::SCWPlatform::Trying to open the hw design at C:/Users/Shane/Documents/Classes/ECE_385/Lab_6/lab6/workspace_2/mb_6_1_top/hw/mb_6_1_top.xsa
TRACE::2024-10-18.11:30:47::SCWPlatform::DSA given C:/Users/Shane/Documents/Classes/ECE_385/Lab_6/lab6/workspace_2/mb_6_1_top/hw/mb_6_1_top.xsa
TRACE::2024-10-18.11:30:47::SCWPlatform::DSA absoulate path C:/Users/Shane/Documents/Classes/ECE_385/Lab_6/lab6/workspace_2/mb_6_1_top/hw/mb_6_1_top.xsa
TRACE::2024-10-18.11:30:47::SCWPlatform::DSA directory C:/Users/Shane/Documents/Classes/ECE_385/Lab_6/lab6/workspace_2/mb_6_1_top/hw
TRACE::2024-10-18.11:30:47::SCWPlatform:: Platform Path C:/Users/Shane/Documents/Classes/ECE_385/Lab_6/lab6/workspace_2/mb_6_1_top/hw/mb_6_1_top.xsa
TRACE::2024-10-18.11:30:47::SCWPlatform:: Unique name xilinx:::0.0
TRACE::2024-10-18.11:30:47::SCWPlatform::Trying to set the existing hwdb with name mb_intro_top_0
TRACE::2024-10-18.11:30:47::SCWPlatform::Opened existing hwdb mb_intro_top_0
TRACE::2024-10-18.11:30:47::SCWPlatform::Found the Hw Db part of the input DSA
TRACE::2024-10-18.11:30:47::SCWMssOS::Checking the sw design at  C:/Users/Shane/Documents/Classes/ECE_385/Lab_6/lab6/workspace_2/mb_6_1_top/microblaze_0/standalone_microblaze_0/bsp/system.mss
TRACE::2024-10-18.11:30:47::SCWMssOS::DEBUG:  swdes dump  C:/Users/Shane/Documents/Classes/ECE_385/Lab_6/lab6/workspace_2/mb_6_1_top/microblaze_0/standalone_microblaze_0/bsp/system.mss|system||

TRACE::2024-10-18.11:30:47::SCWMssOS::Sw design exists and opened at  C:/Users/Shane/Documents/Classes/ECE_385/Lab_6/lab6/workspace_2/mb_6_1_top/microblaze_0/standalone_microblaze_0/bsp/system.mss
TRACE::2024-10-18.11:30:47::SCWPlatform::Trying to open the hw design at C:/Users/Shane/Documents/Classes/ECE_385/Lab_6/lab6/workspace_2/mb_6_1_top/hw/mb_6_1_top.xsa
TRACE::2024-10-18.11:30:47::SCWPlatform::DSA given C:/Users/Shane/Documents/Classes/ECE_385/Lab_6/lab6/workspace_2/mb_6_1_top/hw/mb_6_1_top.xsa
TRACE::2024-10-18.11:30:47::SCWPlatform::DSA absoulate path C:/Users/Shane/Documents/Classes/ECE_385/Lab_6/lab6/workspace_2/mb_6_1_top/hw/mb_6_1_top.xsa
TRACE::2024-10-18.11:30:47::SCWPlatform::DSA directory C:/Users/Shane/Documents/Classes/ECE_385/Lab_6/lab6/workspace_2/mb_6_1_top/hw
TRACE::2024-10-18.11:30:47::SCWPlatform:: Platform Path C:/Users/Shane/Documents/Classes/ECE_385/Lab_6/lab6/workspace_2/mb_6_1_top/hw/mb_6_1_top.xsa
TRACE::2024-10-18.11:30:47::SCWPlatform:: Unique name xilinx:::0.0
TRACE::2024-10-18.11:30:47::SCWPlatform::Trying to set the existing hwdb with name mb_intro_top_0
TRACE::2024-10-18.11:30:47::SCWPlatform::Opened existing hwdb mb_intro_top_0
TRACE::2024-10-18.11:30:47::SCWPlatform::Found the Hw Db part of the input DSA
TRACE::2024-10-18.11:30:47::SCWMssOS::Checking the sw design at  C:/Users/Shane/Documents/Classes/ECE_385/Lab_6/lab6/workspace_2/mb_6_1_top/microblaze_0/standalone_microblaze_0/bsp/system.mss
TRACE::2024-10-18.11:30:47::SCWMssOS::DEBUG:  swdes dump  C:/Users/Shane/Documents/Classes/ECE_385/Lab_6/lab6/workspace_2/mb_6_1_top/microblaze_0/standalone_microblaze_0/bsp/system.mss|system||

TRACE::2024-10-18.11:30:47::SCWMssOS::Sw design exists and opened at  C:/Users/Shane/Documents/Classes/ECE_385/Lab_6/lab6/workspace_2/mb_6_1_top/microblaze_0/standalone_microblaze_0/bsp/system.mss
TRACE::2024-10-18.11:30:47::SCWWriter::formatted JSON is {
	"platformName":	"mb_6_1_top",
	"sprVersion":	"2.0",
	"mode":	"gui",
	"dsaType":	"Fixed",
	"platformDesc":	"mb_6_1_top",
	"platHandOff":	"C:/Users/Shane/Documents/Classes/ECE_385/Lab_6/lab6/mb_6_1_top.xsa",
	"platIntHandOff":	"<platformDir>/hw/mb_6_1_top.xsa",
	"deviceType":	"FPGA",
	"platIsPrebuiltAutogen":	"false",
	"platIsNoBootBsp":	"false",
	"hasFsblMakeHasChanges":	"false",
	"hasPmufwMakeHasChanges":	"false",
	"platPreBuiltFlag":	false,
	"platformSamplesDir":	"",
	"platActiveSys":	"mb_6_1_top",
	"systems":	[{
			"systemName":	"mb_6_1_top",
			"systemDesc":	"mb_6_1_top",
			"sysIsBootAutoGen":	"true",
			"systemDispName":	"mb_6_1_top",
			"sysActiveDom":	"standalone_microblaze_0",
			"sysDefaultDom":	"standalone_microblaze_0",
			"domains":	[{
					"domainName":	"standalone_microblaze_0",
					"domainDispName":	"standalone_microblaze_0",
					"domainDesc":	"standalone_microblaze_0",
					"processors":	"microblaze_0",
					"os":	"standalone",
					"sdxOs":	"standalone",
					"debugEnable":	"False",
					"domRuntimes":	["cpp"],
					"swRepo":	"",
					"mssOsVer":	"8.0",
					"mssFile":	"",
					"md5Digest":	"8414691236a0f7af7448c7d1b4826943",
					"compatibleApp":	"hello_world",
					"domType":	"mssDomain",
					"arch":	"32-bit",
					"appSettings":	{
						"appCompilerFlags":	"",
						"appLinkerFlags":	""
					},
					"addedLibs":	[],
					"libOptions":	{
						"libsContainingOptions":	[]
					},
					"prebuiltLibs":	{
						"prebuiltIncPath":	[],
						"prebuiltLibPath":	[]
					},
					"isolation":	{
					}
				}]
		}]
}
KEYINFO::2024-10-18.11:30:47::SCWPlatform::updated the xpfm file.
TRACE::2024-10-18.11:30:47::SCWPlatform::Trying to open the hw design at C:/Users/Shane/Documents/Classes/ECE_385/Lab_6/lab6/workspace_2/mb_6_1_top/hw/mb_6_1_top.xsa
TRACE::2024-10-18.11:30:47::SCWPlatform::DSA given C:/Users/Shane/Documents/Classes/ECE_385/Lab_6/lab6/workspace_2/mb_6_1_top/hw/mb_6_1_top.xsa
TRACE::2024-10-18.11:30:47::SCWPlatform::DSA absoulate path C:/Users/Shane/Documents/Classes/ECE_385/Lab_6/lab6/workspace_2/mb_6_1_top/hw/mb_6_1_top.xsa
TRACE::2024-10-18.11:30:47::SCWPlatform::DSA directory C:/Users/Shane/Documents/Classes/ECE_385/Lab_6/lab6/workspace_2/mb_6_1_top/hw
TRACE::2024-10-18.11:30:47::SCWPlatform:: Platform Path C:/Users/Shane/Documents/Classes/ECE_385/Lab_6/lab6/workspace_2/mb_6_1_top/hw/mb_6_1_top.xsa
TRACE::2024-10-18.11:30:47::SCWPlatform:: Unique name xilinx:::0.0
TRACE::2024-10-18.11:30:47::SCWPlatform::Trying to set the existing hwdb with name mb_intro_top_0
TRACE::2024-10-18.11:30:47::SCWPlatform::Opened existing hwdb mb_intro_top_0
TRACE::2024-10-18.11:30:47::SCWPlatform::Found the Hw Db part of the input DSA
TRACE::2024-10-18.11:30:47::SCWMssOS::Checking the sw design at  C:/Users/Shane/Documents/Classes/ECE_385/Lab_6/lab6/workspace_2/mb_6_1_top/microblaze_0/standalone_microblaze_0/bsp/system.mss
TRACE::2024-10-18.11:30:47::SCWMssOS::DEBUG:  swdes dump  C:/Users/Shane/Documents/Classes/ECE_385/Lab_6/lab6/workspace_2/mb_6_1_top/microblaze_0/standalone_microblaze_0/bsp/system.mss|system||

TRACE::2024-10-18.11:30:47::SCWMssOS::Sw design exists and opened at  C:/Users/Shane/Documents/Classes/ECE_385/Lab_6/lab6/workspace_2/mb_6_1_top/microblaze_0/standalone_microblaze_0/bsp/system.mss
TRACE::2024-10-18.11:50:02::SCWMssOS::cleaning the bsp 
TRACE::2024-10-18.11:50:02::SCWMssOS::System Command Ran  C: & cd  C:/Users/Shane/Documents/Classes/ECE_385/Lab_6/lab6/workspace_2/mb_6_1_top/microblaze_0/standalone_microblaze_0/bsp & make clean 
TRACE::2024-10-18.11:50:02::SCWMssOS::make -C microblaze_0/libsrc/bram_v4_8/src -s clean 

TRACE::2024-10-18.11:50:02::SCWMssOS::make -C microblaze_0/libsrc/cpu_v2_16/src -s clean 

TRACE::2024-10-18.11:50:03::SCWMssOS::make -C microblaze_0/libsrc/gpio_v4_9/src -s clean 

TRACE::2024-10-18.11:50:03::SCWMssOS::make -C microblaze_0/libsrc/intc_v3_15/src -s clean 

TRACE::2024-10-18.11:50:03::SCWMssOS::make -C microblaze_0/libsrc/standalone_v8_0/src -s clean 

TRACE::2024-10-18.11:50:04::SCWMssOS::make -C microblaze_0/libsrc/uartlite_v3_7/src -s clean 

TRACE::2024-10-18.11:50:04::SCWMssOS::rm -f microblaze_0/lib/libxil.a

LOG::2024-10-18.11:50:16::SCWPlatform::Started generating the artifacts platform mb_6_1_top
TRACE::2024-10-18.11:50:16::SCWPlatform::Sanity checking of platform is completed
LOG::2024-10-18.11:50:16::SCWPlatform::Started generating the artifacts for system configuration mb_6_1_top
LOG::2024-10-18.11:50:16::SCWSystem::Checking the domain standalone_microblaze_0
LOG::2024-10-18.11:50:16::SCWSystem::Not a boot domain 
LOG::2024-10-18.11:50:16::SCWSystem::Started Processing the domain standalone_microblaze_0
TRACE::2024-10-18.11:50:16::SCWDomain::Generating domain artifcats
TRACE::2024-10-18.11:50:16::SCWMssOS::Generating standalone artifcats
TRACE::2024-10-18.11:50:16::SCWMssOS:: Copying the user libraries. 
TRACE::2024-10-18.11:50:16::SCWPlatform::Trying to open the hw design at C:/Users/Shane/Documents/Classes/ECE_385/Lab_6/lab6/workspace_2/mb_6_1_top/hw/mb_6_1_top.xsa
TRACE::2024-10-18.11:50:16::SCWPlatform::DSA given C:/Users/Shane/Documents/Classes/ECE_385/Lab_6/lab6/workspace_2/mb_6_1_top/hw/mb_6_1_top.xsa
TRACE::2024-10-18.11:50:16::SCWPlatform::DSA absoulate path C:/Users/Shane/Documents/Classes/ECE_385/Lab_6/lab6/workspace_2/mb_6_1_top/hw/mb_6_1_top.xsa
TRACE::2024-10-18.11:50:16::SCWPlatform::DSA directory C:/Users/Shane/Documents/Classes/ECE_385/Lab_6/lab6/workspace_2/mb_6_1_top/hw
TRACE::2024-10-18.11:50:16::SCWPlatform:: Platform Path C:/Users/Shane/Documents/Classes/ECE_385/Lab_6/lab6/workspace_2/mb_6_1_top/hw/mb_6_1_top.xsa
TRACE::2024-10-18.11:50:16::SCWPlatform:: Unique name xilinx:::0.0
TRACE::2024-10-18.11:50:16::SCWPlatform::Trying to set the existing hwdb with name mb_intro_top_0
TRACE::2024-10-18.11:50:16::SCWPlatform::Opened existing hwdb mb_intro_top_0
TRACE::2024-10-18.11:50:16::SCWPlatform::Found the Hw Db part of the input DSA
TRACE::2024-10-18.11:50:16::SCWMssOS::Checking the sw design at  C:/Users/Shane/Documents/Classes/ECE_385/Lab_6/lab6/workspace_2/mb_6_1_top/microblaze_0/standalone_microblaze_0/bsp/system.mss
TRACE::2024-10-18.11:50:16::SCWMssOS::DEBUG:  swdes dump  C:/Users/Shane/Documents/Classes/ECE_385/Lab_6/lab6/workspace_2/mb_6_1_top/microblaze_0/standalone_microblaze_0/bsp/system.mss|system||

TRACE::2024-10-18.11:50:16::SCWMssOS::Sw design exists and opened at  C:/Users/Shane/Documents/Classes/ECE_385/Lab_6/lab6/workspace_2/mb_6_1_top/microblaze_0/standalone_microblaze_0/bsp/system.mss
TRACE::2024-10-18.11:50:16::SCWMssOS::Completed writing the mss file at C:/Users/Shane/Documents/Classes/ECE_385/Lab_6/lab6/workspace_2/mb_6_1_top/microblaze_0/standalone_microblaze_0/bsp
TRACE::2024-10-18.11:50:16::SCWMssOS::Mss edits present, copying mssfile into export location C:/Users/Shane/Documents/Classes/ECE_385/Lab_6/lab6/workspace_2/mb_6_1_top/microblaze_0/standalone_microblaze_0/bsp/system.mss
TRACE::2024-10-18.11:50:16::SCWMssOS::bsp generated is upto date with the mss file. Skipping bsp generation.
TRACE::2024-10-18.11:50:16::SCWMssOS::BSP is already built. skipping the bsp build ... 
TRACE::2024-10-18.11:50:16::SCWDomain::Building the domain as part of full build :  standalone_microblaze_0
TRACE::2024-10-18.11:50:16::SCWMssOS::doing bsp build ... 
TRACE::2024-10-18.11:50:16::SCWMssOS::System Command Ran  C: & cd  C:/Users/Shane/Documents/Classes/ECE_385/Lab_6/lab6/workspace_2/mb_6_1_top/microblaze_0/standalone_microblaze_0/bsp & make 
TRACE::2024-10-18.11:50:16::SCWMssOS::make --no-print-directory seq_libs

TRACE::2024-10-18.11:50:16::SCWMssOS::'Finished building libraries sequentially.'

TRACE::2024-10-18.11:50:16::SCWMssOS::make -j 6 --no-print-directory par_libs

TRACE::2024-10-18.11:50:16::SCWMssOS::"Running Make include in microblaze_0/libsrc/bram_v4_8/src"

TRACE::2024-10-18.11:50:16::SCWMssOS::make -C microblaze_0/libsrc/bram_v4_8/src -s include  "SHELL=CMD" "COMPILER=mb-gcc" "ASSEMBLER=mb-as" "ARCHIVER=mb-ar" "COMPILE
TRACE::2024-10-18.11:50:16::SCWMssOS::R_FLAGS=  -O2 -c -mcpu=v11.0 -mlittle-endian -mno-xl-reorder -mno-xl-soft-mul -mxl-barrel-shift -mxl-pattern-compare" "EXTRA_CO
TRACE::2024-10-18.11:50:16::SCWMssOS::MPILER_FLAGS=-g -ffunction-sections -fdata-sections -Wall -Wextra -fno-tree-loop-distribute-patterns"

TRACE::2024-10-18.11:50:16::SCWMssOS::"Running Make include in microblaze_0/libsrc/cpu_v2_16/src"

TRACE::2024-10-18.11:50:16::SCWMssOS::make -C microblaze_0/libsrc/cpu_v2_16/src -s include  "SHELL=CMD" "COMPILER=mb-gcc" "ASSEMBLER=mb-as" "ARCHIVER=mb-ar" "COMPILE
TRACE::2024-10-18.11:50:16::SCWMssOS::R_FLAGS=  -O2 -c -mcpu=v11.0 -mlittle-endian -mno-xl-reorder -mno-xl-soft-mul -mxl-barrel-shift -mxl-pattern-compare" "EXTRA_CO
TRACE::2024-10-18.11:50:16::SCWMssOS::MPILER_FLAGS=-g -ffunction-sections -fdata-sections -Wall -Wextra -fno-tree-loop-distribute-patterns"

TRACE::2024-10-18.11:50:16::SCWMssOS::"Running Make include in microblaze_0/libsrc/gpio_v4_9/src"

TRACE::2024-10-18.11:50:16::SCWMssOS::make -C microblaze_0/libsrc/gpio_v4_9/src -s include  "SHELL=CMD" "COMPILER=mb-gcc" "ASSEMBLER=mb-as" "ARCHIVER=mb-ar" "COMPILE
TRACE::2024-10-18.11:50:16::SCWMssOS::R_FLAGS=  -O2 -c -mcpu=v11.0 -mlittle-endian -mno-xl-reorder -mno-xl-soft-mul -mxl-barrel-shift -mxl-pattern-compare" "EXTRA_CO
TRACE::2024-10-18.11:50:16::SCWMssOS::MPILER_FLAGS=-g -ffunction-sections -fdata-sections -Wall -Wextra -fno-tree-loop-distribute-patterns"

TRACE::2024-10-18.11:50:16::SCWMssOS::"Running Make include in microblaze_0/libsrc/intc_v3_15/src"

TRACE::2024-10-18.11:50:16::SCWMssOS::make -C microblaze_0/libsrc/intc_v3_15/src -s include  "SHELL=CMD" "COMPILER=mb-gcc" "ASSEMBLER=mb-as" "ARCHIVER=mb-ar" "COMPIL
TRACE::2024-10-18.11:50:16::SCWMssOS::ER_FLAGS=  -O2 -c -mcpu=v11.0 -mlittle-endian -mno-xl-reorder -mno-xl-soft-mul -mxl-barrel-shift -mxl-pattern-compare" "EXTRA_C
TRACE::2024-10-18.11:50:16::SCWMssOS::OMPILER_FLAGS=-g -ffunction-sections -fdata-sections -Wall -Wextra -fno-tree-loop-distribute-patterns"

TRACE::2024-10-18.11:50:16::SCWMssOS::"Running Make include in microblaze_0/libsrc/standalone_v8_0/src"

TRACE::2024-10-18.11:50:16::SCWMssOS::make -C microblaze_0/libsrc/standalone_v8_0/src -s include  "SHELL=CMD" "COMPILER=mb-gcc" "ASSEMBLER=mb-as" "ARCHIVER=mb-ar" "C
TRACE::2024-10-18.11:50:16::SCWMssOS::OMPILER_FLAGS=  -O2 -c -mcpu=v11.0 -mlittle-endian -mno-xl-reorder -mno-xl-soft-mul -mxl-barrel-shift -mxl-pattern-compare" "EX
TRACE::2024-10-18.11:50:16::SCWMssOS::TRA_COMPILER_FLAGS=-g -ffunction-sections -fdata-sections -Wall -Wextra -fno-tree-loop-distribute-patterns"

TRACE::2024-10-18.11:50:16::SCWMssOS::"Running Make include in microblaze_0/libsrc/uartlite_v3_7/src"

TRACE::2024-10-18.11:50:16::SCWMssOS::make -C microblaze_0/libsrc/uartlite_v3_7/src -s include  "SHELL=CMD" "COMPILER=mb-gcc" "ASSEMBLER=mb-as" "ARCHIVER=mb-ar" "COM
TRACE::2024-10-18.11:50:16::SCWMssOS::PILER_FLAGS=  -O2 -c -mcpu=v11.0 -mlittle-endian -mno-xl-reorder -mno-xl-soft-mul -mxl-barrel-shift -mxl-pattern-compare" "EXTR
TRACE::2024-10-18.11:50:16::SCWMssOS::A_COMPILER_FLAGS=-g -ffunction-sections -fdata-sections -Wall -Wextra -fno-tree-loop-distribute-patterns"

TRACE::2024-10-18.11:50:17::SCWMssOS::"Running Make libs in microblaze_0/libsrc/bram_v4_8/src"

TRACE::2024-10-18.11:50:17::SCWMssOS::make -C microblaze_0/libsrc/bram_v4_8/src -s libs  "SHELL=CMD" "COMPILER=mb-gcc" "ASSEMBLER=mb-as" "ARCHIVER=mb-ar" "COMPILER_F
TRACE::2024-10-18.11:50:17::SCWMssOS::LAGS=  -O2 -c -mcpu=v11.0 -mlittle-endian -mno-xl-reorder -mno-xl-soft-mul -mxl-barrel-shift -mxl-pattern-compare" "EXTRA_COMPI
TRACE::2024-10-18.11:50:17::SCWMssOS::LER_FLAGS=-g -ffunction-sections -fdata-sections -Wall -Wextra -fno-tree-loop-distribute-patterns"

TRACE::2024-10-18.11:50:17::SCWMssOS::"Running Make libs in microblaze_0/libsrc/cpu_v2_16/src"

TRACE::2024-10-18.11:50:17::SCWMssOS::make -C microblaze_0/libsrc/cpu_v2_16/src -s libs  "SHELL=CMD" "COMPILER=mb-gcc" "ASSEMBLER=mb-as" "ARCHIVER=mb-ar" "COMPILER_F
TRACE::2024-10-18.11:50:17::SCWMssOS::LAGS=  -O2 -c -mcpu=v11.0 -mlittle-endian -mno-xl-reorder -mno-xl-soft-mul -mxl-barrel-shift -mxl-pattern-compare" "EXTRA_COMPI
TRACE::2024-10-18.11:50:17::SCWMssOS::LER_FLAGS=-g -ffunction-sections -fdata-sections -Wall -Wextra -fno-tree-loop-distribute-patterns"

TRACE::2024-10-18.11:50:17::SCWMssOS::"Running Make libs in microblaze_0/libsrc/gpio_v4_9/src"

TRACE::2024-10-18.11:50:17::SCWMssOS::make -C microblaze_0/libsrc/gpio_v4_9/src -s libs  "SHELL=CMD" "COMPILER=mb-gcc" "ASSEMBLER=mb-as" "ARCHIVER=mb-ar" "COMPILER_F
TRACE::2024-10-18.11:50:17::SCWMssOS::LAGS=  -O2 -c -mcpu=v11.0 -mlittle-endian -mno-xl-reorder -mno-xl-soft-mul -mxl-barrel-shift -mxl-pattern-compare" "EXTRA_COMPI
TRACE::2024-10-18.11:50:17::SCWMssOS::LER_FLAGS=-g -ffunction-sections -fdata-sections -Wall -Wextra -fno-tree-loop-distribute-patterns"

TRACE::2024-10-18.11:50:17::SCWMssOS::"Running Make libs in microblaze_0/libsrc/intc_v3_15/src"

TRACE::2024-10-18.11:50:17::SCWMssOS::make -C microblaze_0/libsrc/intc_v3_15/src -s libs  "SHELL=CMD" "COMPILER=mb-gcc" "ASSEMBLER=mb-as" "ARCHIVER=mb-ar" "COMPILER_
TRACE::2024-10-18.11:50:17::SCWMssOS::FLAGS=  -O2 -c -mcpu=v11.0 -mlittle-endian -mno-xl-reorder -mno-xl-soft-mul -mxl-barrel-shift -mxl-pattern-compare" "EXTRA_COMP
TRACE::2024-10-18.11:50:17::SCWMssOS::ILER_FLAGS=-g -ffunction-sections -fdata-sections -Wall -Wextra -fno-tree-loop-distribute-patterns"

TRACE::2024-10-18.11:50:17::SCWMssOS::"Running Make libs in microblaze_0/libsrc/standalone_v8_0/src"

TRACE::2024-10-18.11:50:17::SCWMssOS::make -C microblaze_0/libsrc/standalone_v8_0/src -s libs  "SHELL=CMD" "COMPILER=mb-gcc" "ASSEMBLER=mb-as" "ARCHIVER=mb-ar" "COMP
TRACE::2024-10-18.11:50:17::SCWMssOS::ILER_FLAGS=  -O2 -c -mcpu=v11.0 -mlittle-endian -mno-xl-reorder -mno-xl-soft-mul -mxl-barrel-shift -mxl-pattern-compare" "EXTRA
TRACE::2024-10-18.11:50:17::SCWMssOS::_COMPILER_FLAGS=-g -ffunction-sections -fdata-sections -Wall -Wextra -fno-tree-loop-distribute-patterns"

TRACE::2024-10-18.11:50:17::SCWMssOS::"Running Make libs in microblaze_0/libsrc/uartlite_v3_7/src"

TRACE::2024-10-18.11:50:17::SCWMssOS::make -C microblaze_0/libsrc/uartlite_v3_7/src -s libs  "SHELL=CMD" "COMPILER=mb-gcc" "ASSEMBLER=mb-as" "ARCHIVER=mb-ar" "COMPIL
TRACE::2024-10-18.11:50:17::SCWMssOS::ER_FLAGS=  -O2 -c -mcpu=v11.0 -mlittle-endian -mno-xl-reorder -mno-xl-soft-mul -mxl-barrel-shift -mxl-pattern-compare" "EXTRA_C
TRACE::2024-10-18.11:50:17::SCWMssOS::OMPILER_FLAGS=-g -ffunction-sections -fdata-sections -Wall -Wextra -fno-tree-loop-distribute-patterns"

TRACE::2024-10-18.11:50:19::SCWMssOS::"DEBUG NON_LTO_OBJECTS is ../../../lib/microblaze_interrupt_handler.o"

TRACE::2024-10-18.11:50:19::SCWMssOS::'Finished building libraries parallelly.'

TRACE::2024-10-18.11:50:19::SCWMssOS::make --no-print-directory archive

TRACE::2024-10-18.11:50:20::SCWMssOS::mb-ar -r  microblaze_0/lib/libxil.a microblaze_0/lib/_exit.o microblaze_0/lib/errno.o microblaze_0/lib/fcntl.o microblaze_0/lib
TRACE::2024-10-18.11:50:20::SCWMssOS::/hw_exception_handler.o microblaze_0/lib/inbyte.o microblaze_0/lib/microblaze_disable_dcache.o microblaze_0/lib/microblaze_disa
TRACE::2024-10-18.11:50:20::SCWMssOS::ble_exceptions.o microblaze_0/lib/microblaze_disable_icache.o microblaze_0/lib/microblaze_disable_interrupts.o microblaze_0/lib
TRACE::2024-10-18.11:50:20::SCWMssOS::/microblaze_enable_dcache.o microblaze_0/lib/microblaze_enable_exceptions.o microblaze_0/lib/microblaze_enable_icache.o microbl
TRACE::2024-10-18.11:50:20::SCWMssOS::aze_0/lib/microblaze_enable_interrupts.o microblaze_0/lib/microblaze_exception_handler.o microblaze_0/lib/microblaze_flush_cach
TRACE::2024-10-18.11:50:20::SCWMssOS::e_ext.o microblaze_0/lib/microblaze_flush_cache_ext_range.o microblaze_0/lib/microblaze_flush_dcache.o microblaze_0/lib/microbl
TRACE::2024-10-18.11:50:20::SCWMssOS::aze_flush_dcache_range.o microblaze_0/lib/microblaze_init_dcache_range.o microblaze_0/lib/microblaze_init_icache_range.o microb
TRACE::2024-10-18.11:50:20::SCWMssOS::laze_0/lib/microblaze_interrupt_handler.o microblaze_0/lib/microblaze_interrupts_g.o microblaze_0/lib/microblaze_invalidate_cac
TRACE::2024-10-18.11:50:20::SCWMssOS::he_ext.o microblaze_0/lib/microblaze_invalidate_cache_ext_range.o microblaze_0/lib/microblaze_invalidate_dcache.o microblaze_0/
TRACE::2024-10-18.11:50:20::SCWMssOS::lib/microblaze_invalidate_dcache_range.o microblaze_0/lib/microblaze_invalidate_icache.o microblaze_0/lib/microblaze_invalidate
TRACE::2024-10-18.11:50:20::SCWMssOS::_icache_range.o microblaze_0/lib/microblaze_scrub.o microblaze_0/lib/microblaze_selftest.o microblaze_0/lib/microblaze_sleep.o 
TRACE::2024-10-18.11:50:20::SCWMssOS::microblaze_0/lib/microblaze_update_dcache.o microblaze_0/lib/microblaze_update_icache.o microblaze_0/lib/outbyte.o microblaze_0
TRACE::2024-10-18.11:50:20::SCWMssOS::/lib/print.o microblaze_0/lib/pvr.o microblaze_0/lib/xbram.o microblaze_0/lib/xbram_g.o microblaze_0/lib/xbram_intr.o microblaz
TRACE::2024-10-18.11:50:20::SCWMssOS::e_0/lib/xbram_selftest.o microblaze_0/lib/xbram_sinit.o microblaze_0/lib/xgpio.o microblaze_0/lib/xgpio_extra.o microblaze_0/li
TRACE::2024-10-18.11:50:20::SCWMssOS::b/xgpio_g.o microblaze_0/lib/xgpio_intr.o microblaze_0/lib/xgpio_selftest.o microblaze_0/lib/xgpio_sinit.o microblaze_0/lib/xil
TRACE::2024-10-18.11:50:20::SCWMssOS::_assert.o microblaze_0/lib/xil_cache.o microblaze_0/lib/xil_clocking.o microblaze_0/lib/xil_exception.o microblaze_0/lib/xil_me
TRACE::2024-10-18.11:50:20::SCWMssOS::m.o microblaze_0/lib/xil_misc_psreset_api.o microblaze_0/lib/xil_printf.o microblaze_0/lib/xil_sleepcommon.o microblaze_0/lib/x
TRACE::2024-10-18.11:50:20::SCWMssOS::il_testcache.o microblaze_0/lib/xil_testio.o microblaze_0/lib/xil_testmem.o microblaze_0/lib/xil_util.o microblaze_0/lib/xintc.
TRACE::2024-10-18.11:50:20::SCWMssOS::o microblaze_0/lib/xintc_g.o microblaze_0/lib/xintc_intr.o microblaze_0/lib/xintc_l.o microblaze_0/lib/xintc_options.o microbla
TRACE::2024-10-18.11:50:20::SCWMssOS::ze_0/lib/xintc_selftest.o microblaze_0/lib/xinterrupt_wrap.o microblaze_0/lib/xio.o microblaze_0/lib/xplatform_info.o microblaz
TRACE::2024-10-18.11:50:20::SCWMssOS::e_0/lib/xuartlite.o microblaze_0/lib/xuartlite_g.o microblaze_0/lib/xuartlite_intr.o microblaze_0/lib/xuartlite_l.o microblaze_
TRACE::2024-10-18.11:50:20::SCWMssOS::0/lib/xuartlite_selftest.o microblaze_0/lib/xuartlite_sinit.o microblaze_0/lib/xuartlite_stats.o

TRACE::2024-10-18.11:50:20::SCWMssOS::'Finished building libraries'

TRACE::2024-10-18.11:50:20::SCWMssOS::Copying to export directory.
TRACE::2024-10-18.11:50:20::SCWMssOS:: Checking if to create the Supporting Applications
TRACE::2024-10-18.11:50:20::SCWMssOS:: No Linux domain exists, trying to generate FSBL 
LOG::2024-10-18.11:50:20::SCWSystem::Completed Processing the domain standalone_microblaze_0
LOG::2024-10-18.11:50:20::SCWSystem::Completed Processing the sysconfig mb_6_1_top
LOG::2024-10-18.11:50:20::SCWPlatform::Completed generating the artifacts for system configuration mb_6_1_top
TRACE::2024-10-18.11:50:20::SCWPlatform::Started preparing the platform 
TRACE::2024-10-18.11:50:20::SCWSystem::Writing the bif file for system config mb_6_1_top
TRACE::2024-10-18.11:50:20::SCWSystem::dir created 
TRACE::2024-10-18.11:50:20::SCWSystem::Writing the bif 
TRACE::2024-10-18.11:50:20::SCWPlatform::Started writing the spfm file 
TRACE::2024-10-18.11:50:20::SCWPlatform::Started writing the xpfm file 
TRACE::2024-10-18.11:50:20::SCWPlatform::Completed generating the platform
TRACE::2024-10-18.11:50:20::SCWMssOS::Saving the mss changes C:/Users/Shane/Documents/Classes/ECE_385/Lab_6/lab6/workspace_2/mb_6_1_top/microblaze_0/standalone_microblaze_0/bsp/system.mss
TRACE::2024-10-18.11:50:20::SCWMssOS::Found a swdesign opened with the mssfile.
TRACE::2024-10-18.11:50:20::SCWMssOS::Completed writemss as part of save.
TRACE::2024-10-18.11:50:20::SCWMssOS::Commit changes completed.
TRACE::2024-10-18.11:50:20::SCWPlatform::Trying to open the hw design at C:/Users/Shane/Documents/Classes/ECE_385/Lab_6/lab6/workspace_2/mb_6_1_top/hw/mb_6_1_top.xsa
TRACE::2024-10-18.11:50:20::SCWPlatform::DSA given C:/Users/Shane/Documents/Classes/ECE_385/Lab_6/lab6/workspace_2/mb_6_1_top/hw/mb_6_1_top.xsa
TRACE::2024-10-18.11:50:20::SCWPlatform::DSA absoulate path C:/Users/Shane/Documents/Classes/ECE_385/Lab_6/lab6/workspace_2/mb_6_1_top/hw/mb_6_1_top.xsa
TRACE::2024-10-18.11:50:20::SCWPlatform::DSA directory C:/Users/Shane/Documents/Classes/ECE_385/Lab_6/lab6/workspace_2/mb_6_1_top/hw
TRACE::2024-10-18.11:50:20::SCWPlatform:: Platform Path C:/Users/Shane/Documents/Classes/ECE_385/Lab_6/lab6/workspace_2/mb_6_1_top/hw/mb_6_1_top.xsa
TRACE::2024-10-18.11:50:20::SCWPlatform:: Unique name xilinx:::0.0
TRACE::2024-10-18.11:50:20::SCWPlatform::Trying to set the existing hwdb with name mb_intro_top_0
TRACE::2024-10-18.11:50:20::SCWPlatform::Opened existing hwdb mb_intro_top_0
TRACE::2024-10-18.11:50:20::SCWPlatform::Found the Hw Db part of the input DSA
TRACE::2024-10-18.11:50:20::SCWMssOS::Checking the sw design at  C:/Users/Shane/Documents/Classes/ECE_385/Lab_6/lab6/workspace_2/mb_6_1_top/microblaze_0/standalone_microblaze_0/bsp/system.mss
TRACE::2024-10-18.11:50:20::SCWMssOS::DEBUG:  swdes dump  C:/Users/Shane/Documents/Classes/ECE_385/Lab_6/lab6/workspace_2/mb_6_1_top/microblaze_0/standalone_microblaze_0/bsp/system.mss|system||

TRACE::2024-10-18.11:50:20::SCWMssOS::Sw design exists and opened at  C:/Users/Shane/Documents/Classes/ECE_385/Lab_6/lab6/workspace_2/mb_6_1_top/microblaze_0/standalone_microblaze_0/bsp/system.mss
TRACE::2024-10-18.11:50:20::SCWPlatform::Trying to open the hw design at C:/Users/Shane/Documents/Classes/ECE_385/Lab_6/lab6/workspace_2/mb_6_1_top/hw/mb_6_1_top.xsa
TRACE::2024-10-18.11:50:20::SCWPlatform::DSA given C:/Users/Shane/Documents/Classes/ECE_385/Lab_6/lab6/workspace_2/mb_6_1_top/hw/mb_6_1_top.xsa
TRACE::2024-10-18.11:50:20::SCWPlatform::DSA absoulate path C:/Users/Shane/Documents/Classes/ECE_385/Lab_6/lab6/workspace_2/mb_6_1_top/hw/mb_6_1_top.xsa
TRACE::2024-10-18.11:50:20::SCWPlatform::DSA directory C:/Users/Shane/Documents/Classes/ECE_385/Lab_6/lab6/workspace_2/mb_6_1_top/hw
TRACE::2024-10-18.11:50:20::SCWPlatform:: Platform Path C:/Users/Shane/Documents/Classes/ECE_385/Lab_6/lab6/workspace_2/mb_6_1_top/hw/mb_6_1_top.xsa
TRACE::2024-10-18.11:50:20::SCWPlatform:: Unique name xilinx:::0.0
TRACE::2024-10-18.11:50:20::SCWPlatform::Trying to set the existing hwdb with name mb_intro_top_0
TRACE::2024-10-18.11:50:20::SCWPlatform::Opened existing hwdb mb_intro_top_0
TRACE::2024-10-18.11:50:20::SCWPlatform::Found the Hw Db part of the input DSA
TRACE::2024-10-18.11:50:20::SCWMssOS::Checking the sw design at  C:/Users/Shane/Documents/Classes/ECE_385/Lab_6/lab6/workspace_2/mb_6_1_top/microblaze_0/standalone_microblaze_0/bsp/system.mss
TRACE::2024-10-18.11:50:20::SCWMssOS::DEBUG:  swdes dump  C:/Users/Shane/Documents/Classes/ECE_385/Lab_6/lab6/workspace_2/mb_6_1_top/microblaze_0/standalone_microblaze_0/bsp/system.mss|system||

TRACE::2024-10-18.11:50:20::SCWMssOS::Sw design exists and opened at  C:/Users/Shane/Documents/Classes/ECE_385/Lab_6/lab6/workspace_2/mb_6_1_top/microblaze_0/standalone_microblaze_0/bsp/system.mss
TRACE::2024-10-18.11:50:20::SCWPlatform::Trying to open the hw design at C:/Users/Shane/Documents/Classes/ECE_385/Lab_6/lab6/workspace_2/mb_6_1_top/hw/mb_6_1_top.xsa
TRACE::2024-10-18.11:50:20::SCWPlatform::DSA given C:/Users/Shane/Documents/Classes/ECE_385/Lab_6/lab6/workspace_2/mb_6_1_top/hw/mb_6_1_top.xsa
TRACE::2024-10-18.11:50:20::SCWPlatform::DSA absoulate path C:/Users/Shane/Documents/Classes/ECE_385/Lab_6/lab6/workspace_2/mb_6_1_top/hw/mb_6_1_top.xsa
TRACE::2024-10-18.11:50:20::SCWPlatform::DSA directory C:/Users/Shane/Documents/Classes/ECE_385/Lab_6/lab6/workspace_2/mb_6_1_top/hw
TRACE::2024-10-18.11:50:20::SCWPlatform:: Platform Path C:/Users/Shane/Documents/Classes/ECE_385/Lab_6/lab6/workspace_2/mb_6_1_top/hw/mb_6_1_top.xsa
TRACE::2024-10-18.11:50:20::SCWPlatform:: Unique name xilinx:::0.0
TRACE::2024-10-18.11:50:20::SCWPlatform::Trying to set the existing hwdb with name mb_intro_top_0
TRACE::2024-10-18.11:50:20::SCWPlatform::Opened existing hwdb mb_intro_top_0
TRACE::2024-10-18.11:50:20::SCWPlatform::Found the Hw Db part of the input DSA
TRACE::2024-10-18.11:50:20::SCWMssOS::Checking the sw design at  C:/Users/Shane/Documents/Classes/ECE_385/Lab_6/lab6/workspace_2/mb_6_1_top/microblaze_0/standalone_microblaze_0/bsp/system.mss
TRACE::2024-10-18.11:50:20::SCWMssOS::DEBUG:  swdes dump  C:/Users/Shane/Documents/Classes/ECE_385/Lab_6/lab6/workspace_2/mb_6_1_top/microblaze_0/standalone_microblaze_0/bsp/system.mss|system||

TRACE::2024-10-18.11:50:20::SCWMssOS::Sw design exists and opened at  C:/Users/Shane/Documents/Classes/ECE_385/Lab_6/lab6/workspace_2/mb_6_1_top/microblaze_0/standalone_microblaze_0/bsp/system.mss
TRACE::2024-10-18.11:50:20::SCWWriter::formatted JSON is {
	"platformName":	"mb_6_1_top",
	"sprVersion":	"2.0",
	"mode":	"gui",
	"dsaType":	"Fixed",
	"platformDesc":	"mb_6_1_top",
	"platHandOff":	"C:/Users/Shane/Documents/Classes/ECE_385/Lab_6/lab6/mb_6_1_top.xsa",
	"platIntHandOff":	"<platformDir>/hw/mb_6_1_top.xsa",
	"deviceType":	"FPGA",
	"platIsPrebuiltAutogen":	"false",
	"platIsNoBootBsp":	"false",
	"hasFsblMakeHasChanges":	"false",
	"hasPmufwMakeHasChanges":	"false",
	"platPreBuiltFlag":	false,
	"platformSamplesDir":	"",
	"platActiveSys":	"mb_6_1_top",
	"systems":	[{
			"systemName":	"mb_6_1_top",
			"systemDesc":	"mb_6_1_top",
			"sysIsBootAutoGen":	"true",
			"systemDispName":	"mb_6_1_top",
			"sysActiveDom":	"standalone_microblaze_0",
			"sysDefaultDom":	"standalone_microblaze_0",
			"domains":	[{
					"domainName":	"standalone_microblaze_0",
					"domainDispName":	"standalone_microblaze_0",
					"domainDesc":	"standalone_microblaze_0",
					"processors":	"microblaze_0",
					"os":	"standalone",
					"sdxOs":	"standalone",
					"debugEnable":	"False",
					"domRuntimes":	["cpp"],
					"swRepo":	"",
					"mssOsVer":	"8.0",
					"mssFile":	"",
					"md5Digest":	"8414691236a0f7af7448c7d1b4826943",
					"compatibleApp":	"hello_world",
					"domType":	"mssDomain",
					"arch":	"32-bit",
					"appSettings":	{
						"appCompilerFlags":	"",
						"appLinkerFlags":	""
					},
					"addedLibs":	[],
					"libOptions":	{
						"libsContainingOptions":	[]
					},
					"prebuiltLibs":	{
						"prebuiltIncPath":	[],
						"prebuiltLibPath":	[]
					},
					"isolation":	{
					}
				}]
		}]
}
KEYINFO::2024-10-18.11:50:20::SCWPlatform::updated the xpfm file.
TRACE::2024-10-18.11:50:20::SCWPlatform::Trying to open the hw design at C:/Users/Shane/Documents/Classes/ECE_385/Lab_6/lab6/workspace_2/mb_6_1_top/hw/mb_6_1_top.xsa
TRACE::2024-10-18.11:50:20::SCWPlatform::DSA given C:/Users/Shane/Documents/Classes/ECE_385/Lab_6/lab6/workspace_2/mb_6_1_top/hw/mb_6_1_top.xsa
TRACE::2024-10-18.11:50:20::SCWPlatform::DSA absoulate path C:/Users/Shane/Documents/Classes/ECE_385/Lab_6/lab6/workspace_2/mb_6_1_top/hw/mb_6_1_top.xsa
TRACE::2024-10-18.11:50:20::SCWPlatform::DSA directory C:/Users/Shane/Documents/Classes/ECE_385/Lab_6/lab6/workspace_2/mb_6_1_top/hw
TRACE::2024-10-18.11:50:20::SCWPlatform:: Platform Path C:/Users/Shane/Documents/Classes/ECE_385/Lab_6/lab6/workspace_2/mb_6_1_top/hw/mb_6_1_top.xsa
TRACE::2024-10-18.11:50:20::SCWPlatform:: Unique name xilinx:::0.0
TRACE::2024-10-18.11:50:20::SCWPlatform::Trying to set the existing hwdb with name mb_intro_top_0
TRACE::2024-10-18.11:50:20::SCWPlatform::Opened existing hwdb mb_intro_top_0
TRACE::2024-10-18.11:50:20::SCWPlatform::Found the Hw Db part of the input DSA
TRACE::2024-10-18.11:50:20::SCWMssOS::Checking the sw design at  C:/Users/Shane/Documents/Classes/ECE_385/Lab_6/lab6/workspace_2/mb_6_1_top/microblaze_0/standalone_microblaze_0/bsp/system.mss
TRACE::2024-10-18.11:50:20::SCWMssOS::DEBUG:  swdes dump  C:/Users/Shane/Documents/Classes/ECE_385/Lab_6/lab6/workspace_2/mb_6_1_top/microblaze_0/standalone_microblaze_0/bsp/system.mss|system||

TRACE::2024-10-18.11:50:20::SCWMssOS::Sw design exists and opened at  C:/Users/Shane/Documents/Classes/ECE_385/Lab_6/lab6/workspace_2/mb_6_1_top/microblaze_0/standalone_microblaze_0/bsp/system.mss
TRACE::2024-10-18.11:52:24::SCWMssOS::cleaning the bsp 
TRACE::2024-10-18.11:52:24::SCWMssOS::System Command Ran  C: & cd  C:/Users/Shane/Documents/Classes/ECE_385/Lab_6/lab6/workspace_2/mb_6_1_top/microblaze_0/standalone_microblaze_0/bsp & make clean 
TRACE::2024-10-18.11:52:24::SCWMssOS::make -C microblaze_0/libsrc/bram_v4_8/src -s clean 

TRACE::2024-10-18.11:52:24::SCWMssOS::make -C microblaze_0/libsrc/cpu_v2_16/src -s clean 

TRACE::2024-10-18.11:52:24::SCWMssOS::make -C microblaze_0/libsrc/gpio_v4_9/src -s clean 

TRACE::2024-10-18.11:52:24::SCWMssOS::make -C microblaze_0/libsrc/intc_v3_15/src -s clean 

TRACE::2024-10-18.11:52:24::SCWMssOS::make -C microblaze_0/libsrc/standalone_v8_0/src -s clean 

TRACE::2024-10-18.11:52:24::SCWMssOS::make -C microblaze_0/libsrc/uartlite_v3_7/src -s clean 

TRACE::2024-10-18.11:52:24::SCWMssOS::rm -f microblaze_0/lib/libxil.a

LOG::2024-10-18.11:52:50::SCWPlatform::Started generating the artifacts platform mb_6_1_top
TRACE::2024-10-18.11:52:50::SCWPlatform::Sanity checking of platform is completed
LOG::2024-10-18.11:52:50::SCWPlatform::Started generating the artifacts for system configuration mb_6_1_top
LOG::2024-10-18.11:52:50::SCWSystem::Checking the domain standalone_microblaze_0
LOG::2024-10-18.11:52:50::SCWSystem::Not a boot domain 
LOG::2024-10-18.11:52:50::SCWSystem::Started Processing the domain standalone_microblaze_0
TRACE::2024-10-18.11:52:50::SCWDomain::Generating domain artifcats
TRACE::2024-10-18.11:52:50::SCWMssOS::Generating standalone artifcats
TRACE::2024-10-18.11:52:50::SCWMssOS:: Copying the user libraries. 
TRACE::2024-10-18.11:52:50::SCWPlatform::Trying to open the hw design at C:/Users/Shane/Documents/Classes/ECE_385/Lab_6/lab6/workspace_2/mb_6_1_top/hw/mb_6_1_top.xsa
TRACE::2024-10-18.11:52:50::SCWPlatform::DSA given C:/Users/Shane/Documents/Classes/ECE_385/Lab_6/lab6/workspace_2/mb_6_1_top/hw/mb_6_1_top.xsa
TRACE::2024-10-18.11:52:50::SCWPlatform::DSA absoulate path C:/Users/Shane/Documents/Classes/ECE_385/Lab_6/lab6/workspace_2/mb_6_1_top/hw/mb_6_1_top.xsa
TRACE::2024-10-18.11:52:50::SCWPlatform::DSA directory C:/Users/Shane/Documents/Classes/ECE_385/Lab_6/lab6/workspace_2/mb_6_1_top/hw
TRACE::2024-10-18.11:52:50::SCWPlatform:: Platform Path C:/Users/Shane/Documents/Classes/ECE_385/Lab_6/lab6/workspace_2/mb_6_1_top/hw/mb_6_1_top.xsa
TRACE::2024-10-18.11:52:50::SCWPlatform:: Unique name xilinx:::0.0
TRACE::2024-10-18.11:52:50::SCWPlatform::Trying to set the existing hwdb with name mb_intro_top_0
TRACE::2024-10-18.11:52:50::SCWPlatform::Opened existing hwdb mb_intro_top_0
TRACE::2024-10-18.11:52:50::SCWPlatform::Found the Hw Db part of the input DSA
TRACE::2024-10-18.11:52:50::SCWMssOS::Checking the sw design at  C:/Users/Shane/Documents/Classes/ECE_385/Lab_6/lab6/workspace_2/mb_6_1_top/microblaze_0/standalone_microblaze_0/bsp/system.mss
TRACE::2024-10-18.11:52:50::SCWMssOS::DEBUG:  swdes dump  C:/Users/Shane/Documents/Classes/ECE_385/Lab_6/lab6/workspace_2/mb_6_1_top/microblaze_0/standalone_microblaze_0/bsp/system.mss|system||

TRACE::2024-10-18.11:52:50::SCWMssOS::Sw design exists and opened at  C:/Users/Shane/Documents/Classes/ECE_385/Lab_6/lab6/workspace_2/mb_6_1_top/microblaze_0/standalone_microblaze_0/bsp/system.mss
TRACE::2024-10-18.11:52:50::SCWMssOS::Completed writing the mss file at C:/Users/Shane/Documents/Classes/ECE_385/Lab_6/lab6/workspace_2/mb_6_1_top/microblaze_0/standalone_microblaze_0/bsp
TRACE::2024-10-18.11:52:50::SCWMssOS::Mss edits present, copying mssfile into export location C:/Users/Shane/Documents/Classes/ECE_385/Lab_6/lab6/workspace_2/mb_6_1_top/microblaze_0/standalone_microblaze_0/bsp/system.mss
TRACE::2024-10-18.11:52:50::SCWMssOS::bsp generated is upto date with the mss file. Skipping bsp generation.
TRACE::2024-10-18.11:52:50::SCWMssOS::BSP is already built. skipping the bsp build ... 
TRACE::2024-10-18.11:52:50::SCWDomain::Building the domain as part of full build :  standalone_microblaze_0
TRACE::2024-10-18.11:52:50::SCWMssOS::doing bsp build ... 
TRACE::2024-10-18.11:52:50::SCWMssOS::System Command Ran  C: & cd  C:/Users/Shane/Documents/Classes/ECE_385/Lab_6/lab6/workspace_2/mb_6_1_top/microblaze_0/standalone_microblaze_0/bsp & make 
TRACE::2024-10-18.11:52:50::SCWMssOS::make --no-print-directory seq_libs

TRACE::2024-10-18.11:52:50::SCWMssOS::'Finished building libraries sequentially.'

TRACE::2024-10-18.11:52:50::SCWMssOS::make -j 6 --no-print-directory par_libs

TRACE::2024-10-18.11:52:50::SCWMssOS::"Running Make include in microblaze_0/libsrc/bram_v4_8/src"

TRACE::2024-10-18.11:52:50::SCWMssOS::make -C microblaze_0/libsrc/bram_v4_8/src -s include  "SHELL=CMD" "COMPILER=mb-gcc" "ASSEMBLER=mb-as" "ARCHIVER=mb-ar" "COMPILE
TRACE::2024-10-18.11:52:50::SCWMssOS::R_FLAGS=  -O2 -c -mcpu=v11.0 -mlittle-endian -mno-xl-reorder -mno-xl-soft-mul -mxl-barrel-shift -mxl-pattern-compare" "EXTRA_CO
TRACE::2024-10-18.11:52:50::SCWMssOS::MPILER_FLAGS=-g -ffunction-sections -fdata-sections -Wall -Wextra -fno-tree-loop-distribute-patterns"

TRACE::2024-10-18.11:52:50::SCWMssOS::"Running Make include in microblaze_0/libsrc/cpu_v2_16/src"

TRACE::2024-10-18.11:52:50::SCWMssOS::make -C microblaze_0/libsrc/cpu_v2_16/src -s include  "SHELL=CMD" "COMPILER=mb-gcc" "ASSEMBLER=mb-as" "ARCHIVER=mb-ar" "COMPILE
TRACE::2024-10-18.11:52:50::SCWMssOS::R_FLAGS=  -O2 -c -mcpu=v11.0 -mlittle-endian -mno-xl-reorder -mno-xl-soft-mul -mxl-barrel-shift -mxl-pattern-compare" "EXTRA_CO
TRACE::2024-10-18.11:52:50::SCWMssOS::MPILER_FLAGS=-g -ffunction-sections -fdata-sections -Wall -Wextra -fno-tree-loop-distribute-patterns"

TRACE::2024-10-18.11:52:50::SCWMssOS::"Running Make include in microblaze_0/libsrc/gpio_v4_9/src"

TRACE::2024-10-18.11:52:51::SCWMssOS::make -C microblaze_0/libsrc/gpio_v4_9/src -s include  "SHELL=CMD" "COMPILER=mb-gcc" "ASSEMBLER=mb-as" "ARCHIVER=mb-ar" "COMPILE
TRACE::2024-10-18.11:52:51::SCWMssOS::R_FLAGS=  -O2 -c -mcpu=v11.0 -mlittle-endian -mno-xl-reorder -mno-xl-soft-mul -mxl-barrel-shift -mxl-pattern-compare" "EXTRA_CO
TRACE::2024-10-18.11:52:51::SCWMssOS::MPILER_FLAGS=-g -ffunction-sections -fdata-sections -Wall -Wextra -fno-tree-loop-distribute-patterns"

TRACE::2024-10-18.11:52:51::SCWMssOS::"Running Make include in microblaze_0/libsrc/intc_v3_15/src"

TRACE::2024-10-18.11:52:51::SCWMssOS::make -C microblaze_0/libsrc/intc_v3_15/src -s include  "SHELL=CMD" "COMPILER=mb-gcc" "ASSEMBLER=mb-as" "ARCHIVER=mb-ar" "COMPIL
TRACE::2024-10-18.11:52:51::SCWMssOS::ER_FLAGS=  -O2 -c -mcpu=v11.0 -mlittle-endian -mno-xl-reorder -mno-xl-soft-mul -mxl-barrel-shift -mxl-pattern-compare" "EXTRA_C
TRACE::2024-10-18.11:52:51::SCWMssOS::OMPILER_FLAGS=-g -ffunction-sections -fdata-sections -Wall -Wextra -fno-tree-loop-distribute-patterns"

TRACE::2024-10-18.11:52:51::SCWMssOS::"Running Make include in microblaze_0/libsrc/standalone_v8_0/src"

TRACE::2024-10-18.11:52:51::SCWMssOS::make -C microblaze_0/libsrc/standalone_v8_0/src -s include  "SHELL=CMD" "COMPILER=mb-gcc" "ASSEMBLER=mb-as" "ARCHIVER=mb-ar" "C
TRACE::2024-10-18.11:52:51::SCWMssOS::OMPILER_FLAGS=  -O2 -c -mcpu=v11.0 -mlittle-endian -mno-xl-reorder -mno-xl-soft-mul -mxl-barrel-shift -mxl-pattern-compare" "EX
TRACE::2024-10-18.11:52:51::SCWMssOS::TRA_COMPILER_FLAGS=-g -ffunction-sections -fdata-sections -Wall -Wextra -fno-tree-loop-distribute-patterns"

TRACE::2024-10-18.11:52:51::SCWMssOS::"Running Make include in microblaze_0/libsrc/uartlite_v3_7/src"

TRACE::2024-10-18.11:52:51::SCWMssOS::make -C microblaze_0/libsrc/uartlite_v3_7/src -s include  "SHELL=CMD" "COMPILER=mb-gcc" "ASSEMBLER=mb-as" "ARCHIVER=mb-ar" "COM
TRACE::2024-10-18.11:52:51::SCWMssOS::PILER_FLAGS=  -O2 -c -mcpu=v11.0 -mlittle-endian -mno-xl-reorder -mno-xl-soft-mul -mxl-barrel-shift -mxl-pattern-compare" "EXTR
TRACE::2024-10-18.11:52:51::SCWMssOS::A_COMPILER_FLAGS=-g -ffunction-sections -fdata-sections -Wall -Wextra -fno-tree-loop-distribute-patterns"

TRACE::2024-10-18.11:52:51::SCWMssOS::"Running Make libs in microblaze_0/libsrc/bram_v4_8/src"

TRACE::2024-10-18.11:52:51::SCWMssOS::make -C microblaze_0/libsrc/bram_v4_8/src -s libs  "SHELL=CMD" "COMPILER=mb-gcc" "ASSEMBLER=mb-as" "ARCHIVER=mb-ar" "COMPILER_F
TRACE::2024-10-18.11:52:51::SCWMssOS::LAGS=  -O2 -c -mcpu=v11.0 -mlittle-endian -mno-xl-reorder -mno-xl-soft-mul -mxl-barrel-shift -mxl-pattern-compare" "EXTRA_COMPI
TRACE::2024-10-18.11:52:51::SCWMssOS::LER_FLAGS=-g -ffunction-sections -fdata-sections -Wall -Wextra -fno-tree-loop-distribute-patterns"

TRACE::2024-10-18.11:52:51::SCWMssOS::"Running Make libs in microblaze_0/libsrc/cpu_v2_16/src"

TRACE::2024-10-18.11:52:51::SCWMssOS::make -C microblaze_0/libsrc/cpu_v2_16/src -s libs  "SHELL=CMD" "COMPILER=mb-gcc" "ASSEMBLER=mb-as" "ARCHIVER=mb-ar" "COMPILER_F
TRACE::2024-10-18.11:52:51::SCWMssOS::LAGS=  -O2 -c -mcpu=v11.0 -mlittle-endian -mno-xl-reorder -mno-xl-soft-mul -mxl-barrel-shift -mxl-pattern-compare" "EXTRA_COMPI
TRACE::2024-10-18.11:52:51::SCWMssOS::LER_FLAGS=-g -ffunction-sections -fdata-sections -Wall -Wextra -fno-tree-loop-distribute-patterns"

TRACE::2024-10-18.11:52:51::SCWMssOS::"Running Make libs in microblaze_0/libsrc/gpio_v4_9/src"

TRACE::2024-10-18.11:52:51::SCWMssOS::make -C microblaze_0/libsrc/gpio_v4_9/src -s libs  "SHELL=CMD" "COMPILER=mb-gcc" "ASSEMBLER=mb-as" "ARCHIVER=mb-ar" "COMPILER_F
TRACE::2024-10-18.11:52:51::SCWMssOS::LAGS=  -O2 -c -mcpu=v11.0 -mlittle-endian -mno-xl-reorder -mno-xl-soft-mul -mxl-barrel-shift -mxl-pattern-compare" "EXTRA_COMPI
TRACE::2024-10-18.11:52:51::SCWMssOS::LER_FLAGS=-g -ffunction-sections -fdata-sections -Wall -Wextra -fno-tree-loop-distribute-patterns"

TRACE::2024-10-18.11:52:51::SCWMssOS::"Running Make libs in microblaze_0/libsrc/intc_v3_15/src"

TRACE::2024-10-18.11:52:51::SCWMssOS::make -C microblaze_0/libsrc/intc_v3_15/src -s libs  "SHELL=CMD" "COMPILER=mb-gcc" "ASSEMBLER=mb-as" "ARCHIVER=mb-ar" "COMPILER_
TRACE::2024-10-18.11:52:51::SCWMssOS::FLAGS=  -O2 -c -mcpu=v11.0 -mlittle-endian -mno-xl-reorder -mno-xl-soft-mul -mxl-barrel-shift -mxl-pattern-compare" "EXTRA_COMP
TRACE::2024-10-18.11:52:51::SCWMssOS::ILER_FLAGS=-g -ffunction-sections -fdata-sections -Wall -Wextra -fno-tree-loop-distribute-patterns"

TRACE::2024-10-18.11:52:52::SCWMssOS::"Running Make libs in microblaze_0/libsrc/standalone_v8_0/src"

TRACE::2024-10-18.11:52:52::SCWMssOS::make -C microblaze_0/libsrc/standalone_v8_0/src -s libs  "SHELL=CMD" "COMPILER=mb-gcc" "ASSEMBLER=mb-as" "ARCHIVER=mb-ar" "COMP
TRACE::2024-10-18.11:52:52::SCWMssOS::ILER_FLAGS=  -O2 -c -mcpu=v11.0 -mlittle-endian -mno-xl-reorder -mno-xl-soft-mul -mxl-barrel-shift -mxl-pattern-compare" "EXTRA
TRACE::2024-10-18.11:52:52::SCWMssOS::_COMPILER_FLAGS=-g -ffunction-sections -fdata-sections -Wall -Wextra -fno-tree-loop-distribute-patterns"

TRACE::2024-10-18.11:52:52::SCWMssOS::"Running Make libs in microblaze_0/libsrc/uartlite_v3_7/src"

TRACE::2024-10-18.11:52:52::SCWMssOS::make -C microblaze_0/libsrc/uartlite_v3_7/src -s libs  "SHELL=CMD" "COMPILER=mb-gcc" "ASSEMBLER=mb-as" "ARCHIVER=mb-ar" "COMPIL
TRACE::2024-10-18.11:52:52::SCWMssOS::ER_FLAGS=  -O2 -c -mcpu=v11.0 -mlittle-endian -mno-xl-reorder -mno-xl-soft-mul -mxl-barrel-shift -mxl-pattern-compare" "EXTRA_C
TRACE::2024-10-18.11:52:52::SCWMssOS::OMPILER_FLAGS=-g -ffunction-sections -fdata-sections -Wall -Wextra -fno-tree-loop-distribute-patterns"

TRACE::2024-10-18.11:52:54::SCWMssOS::"DEBUG NON_LTO_OBJECTS is ../../../lib/microblaze_interrupt_handler.o"

TRACE::2024-10-18.11:52:54::SCWMssOS::'Finished building libraries parallelly.'

TRACE::2024-10-18.11:52:54::SCWMssOS::make --no-print-directory archive

TRACE::2024-10-18.11:52:54::SCWMssOS::mb-ar -r  microblaze_0/lib/libxil.a microblaze_0/lib/_exit.o microblaze_0/lib/errno.o microblaze_0/lib/fcntl.o microblaze_0/lib
TRACE::2024-10-18.11:52:54::SCWMssOS::/hw_exception_handler.o microblaze_0/lib/inbyte.o microblaze_0/lib/microblaze_disable_dcache.o microblaze_0/lib/microblaze_disa
TRACE::2024-10-18.11:52:54::SCWMssOS::ble_exceptions.o microblaze_0/lib/microblaze_disable_icache.o microblaze_0/lib/microblaze_disable_interrupts.o microblaze_0/lib
TRACE::2024-10-18.11:52:54::SCWMssOS::/microblaze_enable_dcache.o microblaze_0/lib/microblaze_enable_exceptions.o microblaze_0/lib/microblaze_enable_icache.o microbl
TRACE::2024-10-18.11:52:54::SCWMssOS::aze_0/lib/microblaze_enable_interrupts.o microblaze_0/lib/microblaze_exception_handler.o microblaze_0/lib/microblaze_flush_cach
TRACE::2024-10-18.11:52:54::SCWMssOS::e_ext.o microblaze_0/lib/microblaze_flush_cache_ext_range.o microblaze_0/lib/microblaze_flush_dcache.o microblaze_0/lib/microbl
TRACE::2024-10-18.11:52:54::SCWMssOS::aze_flush_dcache_range.o microblaze_0/lib/microblaze_init_dcache_range.o microblaze_0/lib/microblaze_init_icache_range.o microb
TRACE::2024-10-18.11:52:54::SCWMssOS::laze_0/lib/microblaze_interrupt_handler.o microblaze_0/lib/microblaze_interrupts_g.o microblaze_0/lib/microblaze_invalidate_cac
TRACE::2024-10-18.11:52:54::SCWMssOS::he_ext.o microblaze_0/lib/microblaze_invalidate_cache_ext_range.o microblaze_0/lib/microblaze_invalidate_dcache.o microblaze_0/
TRACE::2024-10-18.11:52:54::SCWMssOS::lib/microblaze_invalidate_dcache_range.o microblaze_0/lib/microblaze_invalidate_icache.o microblaze_0/lib/microblaze_invalidate
TRACE::2024-10-18.11:52:54::SCWMssOS::_icache_range.o microblaze_0/lib/microblaze_scrub.o microblaze_0/lib/microblaze_selftest.o microblaze_0/lib/microblaze_sleep.o 
TRACE::2024-10-18.11:52:54::SCWMssOS::microblaze_0/lib/microblaze_update_dcache.o microblaze_0/lib/microblaze_update_icache.o microblaze_0/lib/outbyte.o microblaze_0
TRACE::2024-10-18.11:52:54::SCWMssOS::/lib/print.o microblaze_0/lib/pvr.o microblaze_0/lib/xbram.o microblaze_0/lib/xbram_g.o microblaze_0/lib/xbram_intr.o microblaz
TRACE::2024-10-18.11:52:54::SCWMssOS::e_0/lib/xbram_selftest.o microblaze_0/lib/xbram_sinit.o microblaze_0/lib/xgpio.o microblaze_0/lib/xgpio_extra.o microblaze_0/li
TRACE::2024-10-18.11:52:54::SCWMssOS::b/xgpio_g.o microblaze_0/lib/xgpio_intr.o microblaze_0/lib/xgpio_selftest.o microblaze_0/lib/xgpio_sinit.o microblaze_0/lib/xil
TRACE::2024-10-18.11:52:54::SCWMssOS::_assert.o microblaze_0/lib/xil_cache.o microblaze_0/lib/xil_clocking.o microblaze_0/lib/xil_exception.o microblaze_0/lib/xil_me
TRACE::2024-10-18.11:52:54::SCWMssOS::m.o microblaze_0/lib/xil_misc_psreset_api.o microblaze_0/lib/xil_printf.o microblaze_0/lib/xil_sleepcommon.o microblaze_0/lib/x
TRACE::2024-10-18.11:52:54::SCWMssOS::il_testcache.o microblaze_0/lib/xil_testio.o microblaze_0/lib/xil_testmem.o microblaze_0/lib/xil_util.o microblaze_0/lib/xintc.
TRACE::2024-10-18.11:52:54::SCWMssOS::o microblaze_0/lib/xintc_g.o microblaze_0/lib/xintc_intr.o microblaze_0/lib/xintc_l.o microblaze_0/lib/xintc_options.o microbla
TRACE::2024-10-18.11:52:54::SCWMssOS::ze_0/lib/xintc_selftest.o microblaze_0/lib/xinterrupt_wrap.o microblaze_0/lib/xio.o microblaze_0/lib/xplatform_info.o microblaz
TRACE::2024-10-18.11:52:54::SCWMssOS::e_0/lib/xuartlite.o microblaze_0/lib/xuartlite_g.o microblaze_0/lib/xuartlite_intr.o microblaze_0/lib/xuartlite_l.o microblaze_
TRACE::2024-10-18.11:52:54::SCWMssOS::0/lib/xuartlite_selftest.o microblaze_0/lib/xuartlite_sinit.o microblaze_0/lib/xuartlite_stats.o

TRACE::2024-10-18.11:52:54::SCWMssOS::'Finished building libraries'

TRACE::2024-10-18.11:52:54::SCWMssOS::Copying to export directory.
TRACE::2024-10-18.11:52:54::SCWMssOS:: Checking if to create the Supporting Applications
TRACE::2024-10-18.11:52:54::SCWMssOS:: No Linux domain exists, trying to generate FSBL 
LOG::2024-10-18.11:52:54::SCWSystem::Completed Processing the domain standalone_microblaze_0
LOG::2024-10-18.11:52:54::SCWSystem::Completed Processing the sysconfig mb_6_1_top
LOG::2024-10-18.11:52:54::SCWPlatform::Completed generating the artifacts for system configuration mb_6_1_top
TRACE::2024-10-18.11:52:54::SCWPlatform::Started preparing the platform 
TRACE::2024-10-18.11:52:54::SCWSystem::Writing the bif file for system config mb_6_1_top
TRACE::2024-10-18.11:52:54::SCWSystem::dir created 
TRACE::2024-10-18.11:52:54::SCWSystem::Writing the bif 
TRACE::2024-10-18.11:52:54::SCWPlatform::Started writing the spfm file 
TRACE::2024-10-18.11:52:54::SCWPlatform::Started writing the xpfm file 
TRACE::2024-10-18.11:52:54::SCWPlatform::Completed generating the platform
TRACE::2024-10-18.11:52:54::SCWMssOS::Saving the mss changes C:/Users/Shane/Documents/Classes/ECE_385/Lab_6/lab6/workspace_2/mb_6_1_top/microblaze_0/standalone_microblaze_0/bsp/system.mss
TRACE::2024-10-18.11:52:54::SCWMssOS::Found a swdesign opened with the mssfile.
TRACE::2024-10-18.11:52:54::SCWMssOS::Completed writemss as part of save.
TRACE::2024-10-18.11:52:54::SCWMssOS::Commit changes completed.
TRACE::2024-10-18.11:52:54::SCWPlatform::Trying to open the hw design at C:/Users/Shane/Documents/Classes/ECE_385/Lab_6/lab6/workspace_2/mb_6_1_top/hw/mb_6_1_top.xsa
TRACE::2024-10-18.11:52:54::SCWPlatform::DSA given C:/Users/Shane/Documents/Classes/ECE_385/Lab_6/lab6/workspace_2/mb_6_1_top/hw/mb_6_1_top.xsa
TRACE::2024-10-18.11:52:54::SCWPlatform::DSA absoulate path C:/Users/Shane/Documents/Classes/ECE_385/Lab_6/lab6/workspace_2/mb_6_1_top/hw/mb_6_1_top.xsa
TRACE::2024-10-18.11:52:54::SCWPlatform::DSA directory C:/Users/Shane/Documents/Classes/ECE_385/Lab_6/lab6/workspace_2/mb_6_1_top/hw
TRACE::2024-10-18.11:52:54::SCWPlatform:: Platform Path C:/Users/Shane/Documents/Classes/ECE_385/Lab_6/lab6/workspace_2/mb_6_1_top/hw/mb_6_1_top.xsa
TRACE::2024-10-18.11:52:54::SCWPlatform:: Unique name xilinx:::0.0
TRACE::2024-10-18.11:52:54::SCWPlatform::Trying to set the existing hwdb with name mb_intro_top_0
TRACE::2024-10-18.11:52:54::SCWPlatform::Opened existing hwdb mb_intro_top_0
TRACE::2024-10-18.11:52:54::SCWPlatform::Found the Hw Db part of the input DSA
TRACE::2024-10-18.11:52:54::SCWMssOS::Checking the sw design at  C:/Users/Shane/Documents/Classes/ECE_385/Lab_6/lab6/workspace_2/mb_6_1_top/microblaze_0/standalone_microblaze_0/bsp/system.mss
TRACE::2024-10-18.11:52:54::SCWMssOS::DEBUG:  swdes dump  C:/Users/Shane/Documents/Classes/ECE_385/Lab_6/lab6/workspace_2/mb_6_1_top/microblaze_0/standalone_microblaze_0/bsp/system.mss|system||

TRACE::2024-10-18.11:52:54::SCWMssOS::Sw design exists and opened at  C:/Users/Shane/Documents/Classes/ECE_385/Lab_6/lab6/workspace_2/mb_6_1_top/microblaze_0/standalone_microblaze_0/bsp/system.mss
TRACE::2024-10-18.11:52:54::SCWPlatform::Trying to open the hw design at C:/Users/Shane/Documents/Classes/ECE_385/Lab_6/lab6/workspace_2/mb_6_1_top/hw/mb_6_1_top.xsa
TRACE::2024-10-18.11:52:54::SCWPlatform::DSA given C:/Users/Shane/Documents/Classes/ECE_385/Lab_6/lab6/workspace_2/mb_6_1_top/hw/mb_6_1_top.xsa
TRACE::2024-10-18.11:52:54::SCWPlatform::DSA absoulate path C:/Users/Shane/Documents/Classes/ECE_385/Lab_6/lab6/workspace_2/mb_6_1_top/hw/mb_6_1_top.xsa
TRACE::2024-10-18.11:52:54::SCWPlatform::DSA directory C:/Users/Shane/Documents/Classes/ECE_385/Lab_6/lab6/workspace_2/mb_6_1_top/hw
TRACE::2024-10-18.11:52:54::SCWPlatform:: Platform Path C:/Users/Shane/Documents/Classes/ECE_385/Lab_6/lab6/workspace_2/mb_6_1_top/hw/mb_6_1_top.xsa
TRACE::2024-10-18.11:52:54::SCWPlatform:: Unique name xilinx:::0.0
TRACE::2024-10-18.11:52:54::SCWPlatform::Trying to set the existing hwdb with name mb_intro_top_0
TRACE::2024-10-18.11:52:54::SCWPlatform::Opened existing hwdb mb_intro_top_0
TRACE::2024-10-18.11:52:54::SCWPlatform::Found the Hw Db part of the input DSA
TRACE::2024-10-18.11:52:54::SCWMssOS::Checking the sw design at  C:/Users/Shane/Documents/Classes/ECE_385/Lab_6/lab6/workspace_2/mb_6_1_top/microblaze_0/standalone_microblaze_0/bsp/system.mss
TRACE::2024-10-18.11:52:54::SCWMssOS::DEBUG:  swdes dump  C:/Users/Shane/Documents/Classes/ECE_385/Lab_6/lab6/workspace_2/mb_6_1_top/microblaze_0/standalone_microblaze_0/bsp/system.mss|system||

TRACE::2024-10-18.11:52:54::SCWMssOS::Sw design exists and opened at  C:/Users/Shane/Documents/Classes/ECE_385/Lab_6/lab6/workspace_2/mb_6_1_top/microblaze_0/standalone_microblaze_0/bsp/system.mss
TRACE::2024-10-18.11:52:54::SCWPlatform::Trying to open the hw design at C:/Users/Shane/Documents/Classes/ECE_385/Lab_6/lab6/workspace_2/mb_6_1_top/hw/mb_6_1_top.xsa
TRACE::2024-10-18.11:52:54::SCWPlatform::DSA given C:/Users/Shane/Documents/Classes/ECE_385/Lab_6/lab6/workspace_2/mb_6_1_top/hw/mb_6_1_top.xsa
TRACE::2024-10-18.11:52:54::SCWPlatform::DSA absoulate path C:/Users/Shane/Documents/Classes/ECE_385/Lab_6/lab6/workspace_2/mb_6_1_top/hw/mb_6_1_top.xsa
TRACE::2024-10-18.11:52:54::SCWPlatform::DSA directory C:/Users/Shane/Documents/Classes/ECE_385/Lab_6/lab6/workspace_2/mb_6_1_top/hw
TRACE::2024-10-18.11:52:54::SCWPlatform:: Platform Path C:/Users/Shane/Documents/Classes/ECE_385/Lab_6/lab6/workspace_2/mb_6_1_top/hw/mb_6_1_top.xsa
TRACE::2024-10-18.11:52:54::SCWPlatform:: Unique name xilinx:::0.0
TRACE::2024-10-18.11:52:54::SCWPlatform::Trying to set the existing hwdb with name mb_intro_top_0
TRACE::2024-10-18.11:52:54::SCWPlatform::Opened existing hwdb mb_intro_top_0
TRACE::2024-10-18.11:52:54::SCWPlatform::Found the Hw Db part of the input DSA
TRACE::2024-10-18.11:52:54::SCWMssOS::Checking the sw design at  C:/Users/Shane/Documents/Classes/ECE_385/Lab_6/lab6/workspace_2/mb_6_1_top/microblaze_0/standalone_microblaze_0/bsp/system.mss
TRACE::2024-10-18.11:52:54::SCWMssOS::DEBUG:  swdes dump  C:/Users/Shane/Documents/Classes/ECE_385/Lab_6/lab6/workspace_2/mb_6_1_top/microblaze_0/standalone_microblaze_0/bsp/system.mss|system||

TRACE::2024-10-18.11:52:54::SCWMssOS::Sw design exists and opened at  C:/Users/Shane/Documents/Classes/ECE_385/Lab_6/lab6/workspace_2/mb_6_1_top/microblaze_0/standalone_microblaze_0/bsp/system.mss
TRACE::2024-10-18.11:52:54::SCWWriter::formatted JSON is {
	"platformName":	"mb_6_1_top",
	"sprVersion":	"2.0",
	"mode":	"gui",
	"dsaType":	"Fixed",
	"platformDesc":	"mb_6_1_top",
	"platHandOff":	"C:/Users/Shane/Documents/Classes/ECE_385/Lab_6/lab6/mb_6_1_top.xsa",
	"platIntHandOff":	"<platformDir>/hw/mb_6_1_top.xsa",
	"deviceType":	"FPGA",
	"platIsPrebuiltAutogen":	"false",
	"platIsNoBootBsp":	"false",
	"hasFsblMakeHasChanges":	"false",
	"hasPmufwMakeHasChanges":	"false",
	"platPreBuiltFlag":	false,
	"platformSamplesDir":	"",
	"platActiveSys":	"mb_6_1_top",
	"systems":	[{
			"systemName":	"mb_6_1_top",
			"systemDesc":	"mb_6_1_top",
			"sysIsBootAutoGen":	"true",
			"systemDispName":	"mb_6_1_top",
			"sysActiveDom":	"standalone_microblaze_0",
			"sysDefaultDom":	"standalone_microblaze_0",
			"domains":	[{
					"domainName":	"standalone_microblaze_0",
					"domainDispName":	"standalone_microblaze_0",
					"domainDesc":	"standalone_microblaze_0",
					"processors":	"microblaze_0",
					"os":	"standalone",
					"sdxOs":	"standalone",
					"debugEnable":	"False",
					"domRuntimes":	["cpp"],
					"swRepo":	"",
					"mssOsVer":	"8.0",
					"mssFile":	"",
					"md5Digest":	"8414691236a0f7af7448c7d1b4826943",
					"compatibleApp":	"hello_world",
					"domType":	"mssDomain",
					"arch":	"32-bit",
					"appSettings":	{
						"appCompilerFlags":	"",
						"appLinkerFlags":	""
					},
					"addedLibs":	[],
					"libOptions":	{
						"libsContainingOptions":	[]
					},
					"prebuiltLibs":	{
						"prebuiltIncPath":	[],
						"prebuiltLibPath":	[]
					},
					"isolation":	{
					}
				}]
		}]
}
KEYINFO::2024-10-18.11:52:54::SCWPlatform::updated the xpfm file.
TRACE::2024-10-18.11:52:55::SCWPlatform::Trying to open the hw design at C:/Users/Shane/Documents/Classes/ECE_385/Lab_6/lab6/workspace_2/mb_6_1_top/hw/mb_6_1_top.xsa
TRACE::2024-10-18.11:52:55::SCWPlatform::DSA given C:/Users/Shane/Documents/Classes/ECE_385/Lab_6/lab6/workspace_2/mb_6_1_top/hw/mb_6_1_top.xsa
TRACE::2024-10-18.11:52:55::SCWPlatform::DSA absoulate path C:/Users/Shane/Documents/Classes/ECE_385/Lab_6/lab6/workspace_2/mb_6_1_top/hw/mb_6_1_top.xsa
TRACE::2024-10-18.11:52:55::SCWPlatform::DSA directory C:/Users/Shane/Documents/Classes/ECE_385/Lab_6/lab6/workspace_2/mb_6_1_top/hw
TRACE::2024-10-18.11:52:55::SCWPlatform:: Platform Path C:/Users/Shane/Documents/Classes/ECE_385/Lab_6/lab6/workspace_2/mb_6_1_top/hw/mb_6_1_top.xsa
TRACE::2024-10-18.11:52:55::SCWPlatform:: Unique name xilinx:::0.0
TRACE::2024-10-18.11:52:55::SCWPlatform::Trying to set the existing hwdb with name mb_intro_top_0
TRACE::2024-10-18.11:52:55::SCWPlatform::Opened existing hwdb mb_intro_top_0
TRACE::2024-10-18.11:52:55::SCWPlatform::Found the Hw Db part of the input DSA
TRACE::2024-10-18.11:52:55::SCWMssOS::Checking the sw design at  C:/Users/Shane/Documents/Classes/ECE_385/Lab_6/lab6/workspace_2/mb_6_1_top/microblaze_0/standalone_microblaze_0/bsp/system.mss
TRACE::2024-10-18.11:52:55::SCWMssOS::DEBUG:  swdes dump  C:/Users/Shane/Documents/Classes/ECE_385/Lab_6/lab6/workspace_2/mb_6_1_top/microblaze_0/standalone_microblaze_0/bsp/system.mss|system||

TRACE::2024-10-18.11:52:55::SCWMssOS::Sw design exists and opened at  C:/Users/Shane/Documents/Classes/ECE_385/Lab_6/lab6/workspace_2/mb_6_1_top/microblaze_0/standalone_microblaze_0/bsp/system.mss
